file,top_codes,top_counts
TCGA-A1-A0SP-DX1_xmin6798_ymin53719_MPP-0.2500+0[0100].png,3836,216,7880,4911,1297,1836,932,4436,3356,1203,7,6,6,6,5,5,5,5,5,4
TCGA-A1-A0SP-DX1_xmin6798_ymin53719_MPP-0.2500+109[0100].png,331,3127,6226,3026,4817,5810,4143,2588,958,4924,7,6,6,5,5,5,5,4,4,4
TCGA-A1-A0SP-DX1_xmin6798_ymin53719_MPP-0.2500+10[0100].png,6657,2756,7880,5100,1312,6226,1775,8148,4817,5007,6,6,6,5,5,5,5,5,5,5
TCGA-A1-A0SP-DX1_xmin6798_ymin53719_MPP-0.2500+110[0100].png,3526,3030,3088,5780,1836,8013,335,2278,4524,3527,7,6,6,5,5,5,5,4,4,4
TCGA-A1-A0SP-DX1_xmin6798_ymin53719_MPP-0.2500+11[0100].png,1836,8126,7357,5007,6219,2320,2756,4322,3088,5912,10,5,5,5,5,5,5,5,5,5
TCGA-A1-A0SP-DX1_xmin6798_ymin53719_MPP-0.2500+124[0100].png,3088,7589,2308,6902,8148,215,4112,1836,162,7694,7,6,6,6,6,6,5,5,5,5
TCGA-A1-A0SP-DX1_xmin6798_ymin53719_MPP-0.2500+12[0100].png,7175,958,6226,331,5419,8110,5912,6045,5386,6657,6,6,5,4,4,4,4,4,4,4
TCGA-A1-A0SP-DX1_xmin6798_ymin53719_MPP-0.2500+138[0100].png,3088,3836,7694,7134,1836,131,958,6902,2308,1967,10,8,7,6,6,6,5,5,5,5
TCGA-A1-A0SP-DX1_xmin6798_ymin53719_MPP-0.2500+13[0100].png,7694,7880,335,4311,3356,6217,4436,5780,958,5100,8,8,5,4,4,4,4,4,4,4
TCGA-A1-A0SP-DX1_xmin6798_ymin53719_MPP-0.2500+152[0100].png,335,5671,5428,5834,3088,7694,3619,8110,2766,7869,9,8,8,8,7,6,6,6,6,6
TCGA-A1-A0SP-DX1_xmin6798_ymin53719_MPP-0.2500+166[0100].png,7694,3836,1836,4322,1877,3088,5392,594,3928,6795,9,8,6,6,6,6,6,6,5,5
TCGA-A1-A0SP-DX1_xmin6798_ymin53719_MPP-0.2500+180[0100].png,2308,4817,3209,1297,3836,8148,5038,7024,3526,7694,7,6,6,6,6,6,5,5,5,5
TCGA-A1-A0SP-DX1_xmin6798_ymin53719_MPP-0.2500+181[0100].png,3088,1836,3526,5797,4711,2226,7175,3026,935,7400,9,8,7,7,6,5,5,5,4,4
TCGA-A1-A0SP-DX1_xmin6798_ymin53719_MPP-0.2500+195[0100].png,3088,2308,5344,6902,7694,5834,2756,4492,1836,4322,10,7,6,6,6,6,6,5,5,5
TCGA-A1-A0SP-DX1_xmin6798_ymin53719_MPP-0.2500+1[0100].png,6321,3230,3356,2766,632,781,7899,5235,124,4250,7,5,5,5,5,5,4,4,4,4
TCGA-A1-A0SP-DX1_xmin6798_ymin53719_MPP-0.2500+209[0100].png,3088,5834,7337,5392,2756,1508,7957,7400,131,6795,11,7,6,6,5,5,5,5,5,5
TCGA-A1-A0SP-DX1_xmin6798_ymin53719_MPP-0.2500+20[0100].png,1508,44,781,1836,1842,3011,2336,516,3195,4250,7,6,6,5,5,5,5,4,4,4
TCGA-A1-A0SP-DX1_xmin6798_ymin53719_MPP-0.2500+21[0100].png,2756,7733,915,7089,21,516,3526,8095,6226,2766,6,6,5,5,4,4,4,4,4,4
TCGA-A1-A0SP-DX1_xmin6798_ymin53719_MPP-0.2500+22[0100].png,7599,1008,915,6226,3892,6795,2990,1652,6657,5797,6,6,6,6,5,5,5,5,5,5
TCGA-A1-A0SP-DX1_xmin6798_ymin53719_MPP-0.2500+236[0100].png,3526,3088,4322,4492,5392,2308,7880,3836,8014,335,7,7,7,6,5,5,5,5,5,5
TCGA-A1-A0SP-DX1_xmin6798_ymin53719_MPP-0.2500+23[0100].png,2226,1652,4430,4322,162,675,6269,4143,1842,6321,9,8,6,6,5,5,5,5,4,4
TCGA-A1-A0SP-DX1_xmin6798_ymin53719_MPP-0.2500+24[0100].png,2226,6045,5671,4250,4911,2308,915,5780,808,6226,6,6,5,5,5,5,5,5,4,4
TCGA-A1-A0SP-DX1_xmin6798_ymin53719_MPP-0.2500+25[0100].png,1836,8148,44,3526,2226,2756,6321,3889,4711,1508,9,6,6,5,5,5,5,5,5,4
TCGA-A1-A0SP-DX1_xmin6798_ymin53719_MPP-0.2500+26[0100].png,7134,2308,3204,4817,4112,7948,915,7129,3889,4259,6,6,5,5,5,5,4,4,4,4
TCGA-A1-A0SP-DX1_xmin6798_ymin53719_MPP-0.2500+2[0100].png,6480,781,335,632,693,4261,453,3836,2235,1508,6,5,5,5,5,5,5,5,4,4
TCGA-A1-A0SP-DX1_xmin6798_ymin53719_MPP-0.2500+35[0100].png,1476,3088,7089,3204,2320,1897,808,4322,3442,2194,7,6,6,5,5,5,5,4,4,4
TCGA-A1-A0SP-DX1_xmin6798_ymin53719_MPP-0.2500+36[0100].png,2967,632,582,7249,6869,1652,4711,5203,6902,5795,7,6,5,5,4,4,4,4,4,4
TCGA-A1-A0SP-DX1_xmin6798_ymin53719_MPP-0.2500+37[0100].png,3836,6226,1836,594,1652,3088,1203,5213,1476,2482,6,6,6,5,5,5,4,4,4,4
TCGA-A1-A0SP-DX1_xmin6798_ymin53719_MPP-0.2500+38[0100].png,7275,1297,7357,21,4143,7091,1652,2226,297,1836,8,6,5,5,5,5,5,5,5,4
TCGA-A1-A0SP-DX1_xmin6798_ymin53719_MPP-0.2500+39[0100].png,6045,1652,3889,582,1836,3526,1008,4711,1476,632,6,6,6,6,6,5,5,4,4,4
TCGA-A1-A0SP-DX1_xmin6798_ymin53719_MPP-0.2500+3[0100].png,2235,8148,4693,915,7589,2977,5797,4911,5913,4259,7,7,6,5,5,5,4,4,4,4
TCGA-A1-A0SP-DX1_xmin6798_ymin53719_MPP-0.2500+4[0100].png,2062,3088,6226,3526,8013,7089,1836,3892,932,4817,7,5,5,5,5,5,5,4,4,4
TCGA-A1-A0SP-DX1_xmin6798_ymin53719_MPP-0.2500+52[0100].png,2140,7024,5207,331,6226,2540,5872,3088,6045,8016,7,7,6,5,5,5,5,5,5,4
TCGA-A1-A0SP-DX1_xmin6798_ymin53719_MPP-0.2500+53[0100].png,5097,1008,3836,4711,4430,5810,6048,2756,2716,5780,7,5,5,5,5,5,4,4,4,4
TCGA-A1-A0SP-DX1_xmin6798_ymin53719_MPP-0.2500+6[0100].png,7089,8165,389,3527,725,6321,898,3870,2308,5937,6,5,5,5,5,5,5,4,4,4
TCGA-A1-A0SP-DX1_xmin6798_ymin53719_MPP-0.2500+7[0100].png,5603,4001,3356,7733,778,7119,1476,915,6226,7808,6,6,6,5,5,5,5,5,5,5
TCGA-A1-A0SP-DX1_xmin6798_ymin53719_MPP-0.2500+81[0100].png,4143,4322,5780,5797,632,3870,7189,5419,2226,4311,6,6,6,6,5,5,4,4,4,4
TCGA-A1-A0SP-DX1_xmin6798_ymin53719_MPP-0.2500+8[0100].png,5780,1150,2967,632,6227,4112,3088,4436,794,3836,8,7,6,5,5,5,5,5,4,4
TCGA-A1-A0SP-DX1_xmin6798_ymin53719_MPP-0.2500+95[0100].png,4322,958,5872,6045,7024,915,4436,965,1833,4199,7,6,6,5,5,5,4,4,4,4
TCGA-A1-A0SP-DX1_xmin6798_ymin53719_MPP-0.2500+9[0100].png,1836,2308,5780,1008,5937,162,1652,778,5302,1312,8,7,6,6,5,5,5,4,4,4
TCGA-A2-A04P-DX1_xmin104246_ymin48517_MPP-0.2500+117[0100].png,1836,7880,7357,5235,4430,1682,7089,781,2967,4911,6,5,5,5,5,5,4,4,4,4
TCGA-A2-A04P-DX1_xmin104246_ymin48517_MPP-0.2500+132[0100].png,1836,3088,7555,4322,6045,8091,7589,3981,1772,7392,7,6,5,5,4,4,4,4,4,4
TCGA-A2-A04P-DX1_xmin104246_ymin48517_MPP-0.2500+133[0100].png,4377,1508,2308,7189,4250,1569,3088,7808,4990,4311,6,5,5,5,5,5,4,4,4,4
TCGA-A2-A04P-DX1_xmin104246_ymin48517_MPP-0.2500+134[0100].png,352,3088,2226,3296,4160,1842,4311,1549,4080,1631,6,5,5,4,4,4,4,4,4,4
TCGA-A2-A04P-DX1_xmin104246_ymin48517_MPP-0.2500+135[0100].png,1476,5834,2766,958,1836,4160,3849,1460,3024,781,6,6,6,6,5,5,5,5,5,5
TCGA-A2-A04P-DX1_xmin104246_ymin48517_MPP-0.2500+136[0100].png,7589,5810,7357,1836,5702,6045,4160,3088,2018,1842,7,6,6,5,5,5,5,5,5,5
TCGA-A2-A04P-DX1_xmin104246_ymin48517_MPP-0.2500+146[0100].png,693,3500,958,7899,8095,7957,7628,331,5515,4685,6,5,5,5,4,4,4,4,4,4
TCGA-A2-A04P-DX1_xmin104246_ymin48517_MPP-0.2500+148[0100].png,8101,4250,1389,4843,9,4259,2686,3437,5344,632,7,6,5,5,4,4,4,4,4,4
TCGA-A2-A04P-DX1_xmin104246_ymin48517_MPP-0.2500+15[0100].png,3088,4376,7589,4250,4436,4259,3526,5716,1836,7024,6,5,5,5,5,5,5,5,5,4
TCGA-A2-A04P-DX1_xmin104246_ymin48517_MPP-0.2500+160[0100].png,2308,3088,6045,6226,4911,131,237,5047,1836,982,7,6,5,5,5,5,5,4,4,4
TCGA-A2-A04P-DX1_xmin104246_ymin48517_MPP-0.2500+16[0100].png,632,5424,5741,7134,2308,6157,3526,4259,839,6702,6,6,5,5,4,4,4,4,4,4
TCGA-A2-A04P-DX1_xmin104246_ymin48517_MPP-0.2500+17[0100].png,6321,335,2903,4410,4112,3296,3088,6807,4160,7442,6,6,5,5,5,5,5,4,4,4
TCGA-A2-A04P-DX1_xmin104246_ymin48517_MPP-0.2500+18[0100].png,2308,6388,4711,3889,4322,1813,1297,6960,4143,516,6,6,5,5,5,5,4,4,4,4
TCGA-A2-A04P-DX1_xmin104246_ymin48517_MPP-0.2500+28[0100].png,1836,3189,2308,4642,3088,5038,958,7589,4376,4947,9,7,7,5,4,4,4,4,4,4
TCGA-A2-A04P-DX1_xmin104246_ymin48517_MPP-0.2500+29[0100].png,2308,1836,5834,3889,6192,697,4160,3836,6702,3619,10,6,5,5,4,4,4,4,4,4
TCGA-A2-A04P-DX1_xmin104246_ymin48517_MPP-0.2500+40[0100].png,7175,2967,6795,7589,3209,5834,3088,7357,6657,6045,7,6,5,5,5,5,5,5,5,4
TCGA-A2-A04P-DX1_xmin104246_ymin48517_MPP-0.2500+41[0100].png,4817,335,5834,7880,3254,5708,3176,3044,3526,389,6,5,5,4,4,4,4,4,4,4
TCGA-A2-A04P-DX1_xmin104246_ymin48517_MPP-0.2500+4[0100].png,7134,4322,2235,4711,958,5912,5834,5344,4150,1298,6,5,5,5,5,5,5,4,4,4
TCGA-A2-A04P-DX1_xmin104246_ymin48517_MPP-0.2500+52[0100].png,131,5392,840,6931,7134,5047,6045,8126,6702,1297,9,8,7,5,5,5,5,4,4,4
TCGA-A2-A04P-DX1_xmin104246_ymin48517_MPP-0.2500+5[0100].png,7134,1652,1842,3029,5419,2308,4194,3088,778,4311,10,7,6,5,5,5,4,4,4,4
TCGA-A2-A04P-DX1_xmin104246_ymin48517_MPP-0.2500+6[0100].png,1836,7134,2493,1312,2308,4968,6905,5780,1842,3986,7,6,5,5,5,5,5,5,4,4
TCGA-A2-A04P-DX1_xmin104246_ymin48517_MPP-0.2500+7[0100].png,2018,2308,3209,1654,4322,8013,6902,7032,4711,3088,6,5,5,4,4,4,4,4,4,4
TCGA-A2-A04P-DX1_xmin104246_ymin48517_MPP-0.2500+8[0100].png,7134,6226,7916,3356,1836,3088,5424,2990,4160,4817,6,5,5,5,5,4,4,4,4,4
TCGA-A2-A04P-DX1_xmin104246_ymin48517_MPP-0.2500+9[0100].png,4711,1842,8148,4559,3836,335,6678,8013,5428,5106,5,5,5,4,4,4,4,4,4,4
TCGA-A2-A04T-DX1_xmin72145_ymin39078_MPP-0.2500+10[0100].png,7134,2766,6795,4080,5834,6227,1654,7948,1389,6657,8,7,6,5,5,5,5,5,5,5
TCGA-A2-A04T-DX1_xmin72145_ymin39078_MPP-0.2500+183[0100].png,1842,1460,2815,216,5094,958,3296,5797,6045,4377,6,5,5,4,4,4,4,4,4,4
TCGA-A2-A04T-DX1_xmin72145_ymin39078_MPP-0.2500+22[0100].png,2226,6702,6869,7589,5717,468,1682,4642,4322,515,7,6,5,5,5,5,5,5,4,4
TCGA-A2-A04T-DX1_xmin72145_ymin39078_MPP-0.2500+247[0100].png,5780,1682,7694,3088,5834,2308,3296,2018,4311,4072,7,6,5,5,5,5,5,4,4,4
TCGA-A2-A04T-DX1_xmin72145_ymin39078_MPP-0.2500+248[0100].png,5098,6045,2308,5603,4711,1977,4189,958,5203,131,6,5,5,5,5,4,4,4,4,4
TCGA-A2-A04T-DX1_xmin72145_ymin39078_MPP-0.2500+260[0100].png,7134,2766,6809,3088,4817,3901,898,3526,4436,145,7,6,6,5,5,5,4,4,4,4
TCGA-A2-A04T-DX1_xmin72145_ymin39078_MPP-0.2500+261[0100].png,2083,2967,2780,7604,7392,7880,6979,1842,1001,7091,6,5,5,5,5,5,4,4,4,4
TCGA-A2-A04T-DX1_xmin72145_ymin39078_MPP-0.2500+273[0100].png,958,3088,4817,2308,7189,516,4911,6121,3024,6702,6,6,5,5,5,5,5,4,4,4
TCGA-A2-A04T-DX1_xmin72145_ymin39078_MPP-0.2500+274[0100].png,4376,1842,1716,2903,5203,2054,7484,5428,215,2686,6,5,5,5,4,4,4,4,4,4
TCGA-A2-A04T-DX1_xmin72145_ymin39078_MPP-0.2500+286[0100].png,6137,2336,389,4817,131,7808,1297,162,3088,5094,5,5,4,4,4,4,4,4,4,4
TCGA-A2-A04T-DX1_xmin72145_ymin39078_MPP-0.2500+287[0100].png,2308,3088,516,6809,4194,1842,3901,5716,3356,3823,6,5,5,4,4,4,4,4,4,4
TCGA-A2-A04T-DX1_xmin72145_ymin39078_MPP-0.2500+299[0100].png,131,1977,3088,5912,1476,7065,2308,2756,4436,7880,6,5,5,5,5,4,4,4,4,4
TCGA-A2-A04T-DX1_xmin72145_ymin39078_MPP-0.2500+300[0100].png,5023,7880,4160,5433,6045,6754,1775,3000,2967,4311,6,5,5,5,4,4,4,4,4,4
TCGA-A2-A04T-DX1_xmin72145_ymin39078_MPP-0.2500+301[0100].png,2766,4377,1911,6809,6321,1652,404,2094,5780,7948,5,5,4,4,4,4,4,4,4,4
TCGA-A2-A04T-DX1_xmin72145_ymin39078_MPP-0.2500+318[0100].png,1682,6902,2686,1897,7899,3889,131,1977,2308,5834,8,6,6,5,5,5,4,4,4,4
TCGA-A2-A04T-DX1_xmin72145_ymin39078_MPP-0.2500+329[0100].png,5344,2766,5780,7430,4685,4968,4711,2110,7134,44,7,5,5,4,4,4,4,4,4,4
TCGA-A2-A04T-DX1_xmin72145_ymin39078_MPP-0.2500+65[0100].png,2308,3088,7134,2588,2766,5428,8126,4436,5392,5780,11,9,7,6,6,6,5,5,5,5
TCGA-A2-A04T-DX1_xmin72145_ymin39078_MPP-0.2500+66[0100].png,3088,6045,5834,7134,6702,335,7880,7694,1682,4112,8,8,6,6,5,5,5,5,5,5
TCGA-A2-A04T-DX1_xmin72145_ymin39078_MPP-0.2500+77[0100].png,2308,6795,1836,6502,1772,3189,5937,1356,44,4112,7,7,6,5,5,5,4,4,4,4
TCGA-A2-A04T-DX1_xmin72145_ymin39078_MPP-0.2500+78[0100].png,6657,1836,5735,6388,8013,5047,6321,5428,5357,594,6,6,5,4,4,4,4,4,4,4
TCGA-A2-A04T-DX1_xmin72145_ymin39078_MPP-0.2500+88[0100].png,5780,2308,3189,267,4711,7134,4100,3889,1569,7880,7,6,6,5,5,5,4,4,4,4
TCGA-A2-A0CM-DX1_xmin18562_ymin56852_MPP-0.2500+100[0100].png,7357,2751,7222,6782,5203,4436,1157,5392,4261,5999,5,5,4,4,4,4,4,4,4,4
TCGA-A2-A0CM-DX1_xmin18562_ymin56852_MPP-0.2500+111[0100].png,3088,7695,5834,1836,3900,404,2903,8148,5097,3438,8,6,5,5,4,4,4,4,4,4
TCGA-A2-A0CM-DX1_xmin18562_ymin56852_MPP-0.2500+112[0100].png,3088,693,1297,8081,6547,1842,2430,5047,8126,4968,6,5,5,5,4,4,4,4,4,4
TCGA-A2-A0CM-DX1_xmin18562_ymin56852_MPP-0.2500+122[0100].png,3487,3088,5780,145,1813,7589,5007,1842,4711,5101,7,6,6,6,6,5,5,4,4,4
TCGA-A2-A0CM-DX1_xmin18562_ymin56852_MPP-0.2500+123[0100].png,3088,4711,4430,331,131,3619,3728,4817,7895,6045,6,5,5,5,4,4,4,4,4,4
TCGA-A2-A0CM-DX1_xmin18562_ymin56852_MPP-0.2500+124[0100].png,3088,2308,4693,1652,3477,1297,1001,3024,594,6219,8,6,6,6,5,5,4,4,4,4
TCGA-A2-A0CM-DX1_xmin18562_ymin56852_MPP-0.2500+137[0100].png,2326,6702,3088,1311,4080,7175,3836,1682,1586,4278,6,5,5,4,4,4,4,4,4,4
TCGA-A2-A0CM-DX1_xmin18562_ymin56852_MPP-0.2500+138[0100].png,879,1586,1508,5913,5235,5780,3230,3500,4725,332,5,5,5,5,4,4,4,4,4,4
TCGA-A2-A0CM-DX1_xmin18562_ymin56852_MPP-0.2500+21[0100].png,2308,3088,5780,7089,1320,4711,7134,5392,7189,2194,9,8,7,6,6,5,5,5,5,5
TCGA-A2-A0CM-DX1_xmin18562_ymin56852_MPP-0.2500+49[0100].png,131,3526,3088,7134,1297,6902,4711,2308,1682,5047,8,7,6,6,5,5,5,5,5,5
TCGA-A2-A0CM-DX1_xmin18562_ymin56852_MPP-0.2500+65[0100].png,6782,4817,1842,7134,4711,5611,5671,2903,5913,7612,7,6,6,5,5,4,4,4,4,4
TCGA-A2-A0CM-DX1_xmin18562_ymin56852_MPP-0.2500+78[0100].png,7695,7189,2903,2666,5498,1977,898,6306,2336,6960,5,5,5,5,5,5,5,5,4,4
TCGA-A2-A0CM-DX1_xmin18562_ymin56852_MPP-0.2500+79[0100].png,6702,3088,781,3836,2666,1297,7869,7101,2430,3526,6,5,5,5,5,4,4,4,4,4
TCGA-A2-A0CM-DX1_xmin18562_ymin56852_MPP-0.2500+80[0100].png,5810,4711,1842,4436,5999,3088,145,4817,5039,5203,7,6,5,5,5,5,5,4,4,4
TCGA-A2-A0CM-DX1_xmin18562_ymin56852_MPP-0.2500+81[0100].png,4711,267,1842,4430,6905,7895,2977,4419,1157,8081,8,6,5,5,5,4,4,4,4,4
TCGA-A2-A0CM-DX1_xmin18562_ymin56852_MPP-0.2500+82[0100].png,2430,3088,3836,6702,4711,6964,2903,2666,7430,5780,9,6,5,5,5,4,4,4,4,4
TCGA-A2-A0CM-DX1_xmin18562_ymin56852_MPP-0.2500+87[0100].png,3088,2751,5780,7957,1297,5910,6702,1350,3024,1716,7,7,7,6,6,5,5,5,5,5
TCGA-A2-A0CM-DX1_xmin18562_ymin56852_MPP-0.2500+8[0100].png,7134,1001,3000,4711,7694,3836,3088,5235,7032,5810,6,5,5,5,5,5,5,4,4,4
TCGA-A2-A0CM-DX1_xmin18562_ymin56852_MPP-0.2500+92[0100].png,1297,4711,7189,7695,3230,3836,4160,5203,6960,2903,6,6,6,6,6,5,5,5,4,4
TCGA-A2-A0CM-DX1_xmin18562_ymin56852_MPP-0.2500+93[0100].png,2666,1682,2308,5235,1297,7895,7392,5023,5999,3021,8,5,5,5,5,4,4,4,4,4
TCGA-A2-A0CM-DX1_xmin18562_ymin56852_MPP-0.2500+98[0100].png,4711,2766,7869,3088,496,7175,5717,2967,7957,6502,7,6,6,5,5,5,5,5,5,5
TCGA-A2-A0CM-DX1_xmin18562_ymin56852_MPP-0.2500+99[0100].png,1682,7880,335,2226,7392,3433,3021,267,131,5392,7,5,5,5,5,4,4,4,4,4
TCGA-A2-A0D0-DX1_xmin68482_ymin39071_MPP-0.2500+0[0100].png,3637,6702,7501,5047,8081,4436,3088,1470,3209,7134,6,6,6,5,5,5,5,5,5,5
TCGA-A2-A0D0-DX1_xmin68482_ymin39071_MPP-0.2500+107[0100].png,5235,3088,7733,267,6966,4622,4711,1682,4080,5392,7,6,5,5,5,5,5,4,4,4
TCGA-A2-A0D0-DX1_xmin68482_ymin39071_MPP-0.2500+10[0100].png,4861,4436,5780,5094,3189,6720,836,1624,2083,1813,6,4,4,4,4,4,4,4,4,4
TCGA-A2-A0D0-DX1_xmin68482_ymin39071_MPP-0.2500+11[0100].png,840,4250,4080,3247,6179,7400,2477,2870,6808,3729,6,5,5,5,4,4,4,4,4,4
TCGA-A2-A0D0-DX1_xmin68482_ymin39071_MPP-0.2500+124[0100].png,3088,352,7134,2308,1297,3209,5047,5780,4311,237,7,6,6,6,5,5,5,5,4,4
TCGA-A2-A0D0-DX1_xmin68482_ymin39071_MPP-0.2500+12[0100].png,331,7450,4250,4817,8066,3044,3088,3024,5937,335,5,5,5,5,5,5,5,4,4,4
TCGA-A2-A0D0-DX1_xmin68482_ymin39071_MPP-0.2500+133[0100].png,1413,267,4711,3030,7880,5047,1836,840,7165,915,6,5,4,4,4,4,4,4,4,4
TCGA-A2-A0D0-DX1_xmin68482_ymin39071_MPP-0.2500+134[0100].png,3088,1297,7733,7895,4711,7954,3836,1842,145,3144,9,7,6,5,5,5,5,5,4,4
TCGA-A2-A0D0-DX1_xmin68482_ymin39071_MPP-0.2500+135[0100].png,3088,3619,1682,5203,958,2308,1836,2228,2766,1350,7,6,5,5,5,5,5,4,4,4
TCGA-A2-A0D0-DX1_xmin68482_ymin39071_MPP-0.2500+136[0100].png,2965,1836,3637,1008,4817,3836,2766,4100,6766,4430,6,6,5,5,4,4,4,4,4,4
TCGA-A2-A0D0-DX1_xmin68482_ymin39071_MPP-0.2500+137[0100].png,1836,332,2226,1842,4377,144,7604,5702,7869,4436,6,5,5,5,5,4,4,4,4,4
TCGA-A2-A0D0-DX1_xmin68482_ymin39071_MPP-0.2500+138[0100].png,5047,6054,3889,1297,1716,1813,5235,475,1911,3536,6,5,5,5,4,4,4,4,4,4
TCGA-A2-A0D0-DX1_xmin68482_ymin39071_MPP-0.2500+139[0100].png,935,7694,4430,7869,2140,267,7880,5872,1813,6480,5,5,4,4,4,4,4,4,4,4
TCGA-A2-A0D0-DX1_xmin68482_ymin39071_MPP-0.2500+13[0100].png,2903,7880,3459,4100,7134,5780,3189,186,1280,7937,7,6,5,5,5,5,5,4,4,4
TCGA-A2-A0D0-DX1_xmin68482_ymin39071_MPP-0.2500+14[0100].png,7694,2226,5780,7695,3626,3088,6219,2493,216,1150,7,5,5,5,4,4,4,4,4,4
TCGA-A2-A0D0-DX1_xmin68482_ymin39071_MPP-0.2500+15[0100].png,2766,3088,1652,1842,2476,145,7007,3021,2000,5717,4,4,4,4,4,4,3,3,3,3
TCGA-A2-A0D0-DX1_xmin68482_ymin39071_MPP-0.2500+162[0100].png,131,6192,3088,267,5454,7337,3836,4100,915,7899,8,6,6,6,5,5,5,4,4,4
TCGA-A2-A0D0-DX1_xmin68482_ymin39071_MPP-0.2500+163[0100].png,1813,3200,5913,1270,8148,1203,4817,6702,982,215,6,4,4,4,4,4,4,4,4,4
TCGA-A2-A0D0-DX1_xmin68482_ymin39071_MPP-0.2500+165[0100].png,6192,267,1652,1813,5179,725,1357,6809,6048,2977,6,6,5,5,5,4,4,4,4,4
TCGA-A2-A0D0-DX1_xmin68482_ymin39071_MPP-0.2500+16[0100].png,3841,1842,3836,2531,1813,5454,2265,5717,3858,7032,5,5,5,5,5,4,4,4,4,4
TCGA-A2-A0D0-DX1_xmin68482_ymin39071_MPP-0.2500+1[0100].png,1682,7957,4080,6702,2308,216,4100,4160,2278,131,7,7,6,6,6,5,5,5,5,5
TCGA-A2-A0D0-DX1_xmin68482_ymin39071_MPP-0.2500+20[0100].png,1652,7880,7189,1203,8013,3209,5392,5671,5428,7957,6,6,6,5,5,5,5,4,4,4
TCGA-A2-A0D0-DX1_xmin68482_ymin39071_MPP-0.2500+21[0100].png,7694,3021,7591,7400,5611,3207,3230,2531,2870,4817,6,5,5,4,4,4,4,4,4,4
TCGA-A2-A0D0-DX1_xmin68482_ymin39071_MPP-0.2500+22[0100].png,3088,7694,4711,267,2540,124,1682,6388,5999,5797,8,6,6,6,5,5,5,4,4,4
TCGA-A2-A0D0-DX1_xmin68482_ymin39071_MPP-0.2500+23[0100].png,4711,1297,6902,686,836,7024,7694,4247,5702,1203,8,6,6,6,5,5,5,4,4,4
TCGA-A2-A0D0-DX1_xmin68482_ymin39071_MPP-0.2500+255[0100].png,1813,215,958,2766,1836,237,5834,6226,5047,4377,8,6,6,5,5,5,5,4,4,4
TCGA-A2-A0D0-DX1_xmin68482_ymin39071_MPP-0.2500+284[0100].png,3088,6054,2903,1813,2308,6869,778,5392,4965,7134,7,6,6,6,6,5,5,4,4,4
TCGA-A2-A0D0-DX1_xmin68482_ymin39071_MPP-0.2500+29[0100].png,7880,3088,5392,4100,131,2308,1836,2903,5097,7134,9,9,6,5,5,5,5,5,4,4
TCGA-A2-A0D0-DX1_xmin68482_ymin39071_MPP-0.2500+2[0100].png,3088,840,7501,5047,267,6354,1813,7808,693,1897,7,6,5,5,5,4,4,4,4,4
TCGA-A2-A0D0-DX1_xmin68482_ymin39071_MPP-0.2500+30[0100].png,3088,3889,6192,5344,6902,781,2903,2018,2326,7134,6,6,6,5,5,5,4,4,4,4
TCGA-A2-A0D0-DX1_xmin68482_ymin39071_MPP-0.2500+329[0100].png,2226,2028,6814,1652,7189,53,958,5392,8013,1476,5,5,5,5,5,4,4,4,4,4
TCGA-A2-A0D0-DX1_xmin68482_ymin39071_MPP-0.2500+330[0100].png,4817,6219,5133,581,2336,2136,1312,4968,804,5094,5,5,4,4,4,4,4,4,4,4
TCGA-A2-A0D0-DX1_xmin68482_ymin39071_MPP-0.2500+383[0100].png,6045,2967,2903,6702,1297,2666,840,4259,3908,725,5,5,5,4,4,4,4,4,4,4
TCGA-A2-A0D0-DX1_xmin68482_ymin39071_MPP-0.2500+385[0100].png,254,3088,389,5741,8081,2319,1280,131,2226,6655,5,5,5,4,4,4,4,4,4,4
TCGA-A2-A0D0-DX1_xmin68482_ymin39071_MPP-0.2500+386[0100].png,7450,124,958,3088,5213,4711,4725,390,4947,7119,5,5,5,4,4,4,4,4,4,4
TCGA-A2-A0D0-DX1_xmin68482_ymin39071_MPP-0.2500+38[0100].png,7459,2903,2666,1297,162,4693,2650,2766,3088,4436,8,7,6,5,5,5,4,4,4,4
TCGA-A2-A0D0-DX1_xmin68482_ymin39071_MPP-0.2500+39[0100].png,1842,7895,5717,1977,5499,237,4711,2502,2903,216,7,6,5,5,4,4,4,4,4,4
TCGA-A2-A0D0-DX1_xmin68482_ymin39071_MPP-0.2500+40[0100].png,4436,7189,5872,693,4376,1297,2502,1463,1356,3901,5,5,5,5,4,4,4,4,4,4
TCGA-A2-A0D0-DX1_xmin68482_ymin39071_MPP-0.2500+414[0100].png,215,3088,7189,2903,3209,2031,2751,162,6814,6931,6,5,5,4,4,4,4,4,4,4
TCGA-A2-A0D0-DX1_xmin68482_ymin39071_MPP-0.2500+41[0100].png,335,109,4947,3626,2140,5999,3326,7089,2031,196,5,4,4,4,4,4,4,4,4,4
TCGA-A2-A0D0-DX1_xmin68482_ymin39071_MPP-0.2500+43[0100].png,3088,6964,2977,2780,5910,2194,3986,215,6292,131,5,5,4,4,4,4,4,4,4,4
TCGA-A2-A0D0-DX1_xmin68482_ymin39071_MPP-0.2500+440[0100].png,7869,5913,915,697,2226,371,6905,1842,6744,6226,5,4,4,4,4,4,4,4,4,3
TCGA-A2-A0D0-DX1_xmin68482_ymin39071_MPP-0.2500+441[0100].png,6054,582,6814,3088,144,4100,1813,5166,7112,5735,7,6,5,5,5,5,4,4,4,4
TCGA-A2-A0D0-DX1_xmin68482_ymin39071_MPP-0.2500+442[0100].png,4711,1652,5392,4430,3728,594,4911,3586,3088,6720,8,7,5,4,4,4,4,4,4,4
TCGA-A2-A0D0-DX1_xmin68482_ymin39071_MPP-0.2500+44[0100].png,131,7957,5999,6678,7134,3088,1297,3637,352,216,5,5,5,5,5,5,5,4,4,4
TCGA-A2-A0D0-DX1_xmin68482_ymin39071_MPP-0.2500+450[0100].png,836,3088,1813,2588,7899,2967,3836,4100,958,3896,7,6,5,5,4,4,4,4,4,4
TCGA-A2-A0D0-DX1_xmin68482_ymin39071_MPP-0.2500+472[0100].png,3836,6931,215,6702,7694,2226,7948,5780,7189,4436,6,6,5,5,5,4,4,4,4,4
TCGA-A2-A0D0-DX1_xmin68482_ymin39071_MPP-0.2500+473[0100].png,2226,6702,6931,3526,5701,7450,1654,4911,3030,332,8,7,5,5,5,4,4,4,4,4
TCGA-A2-A0D0-DX1_xmin68482_ymin39071_MPP-0.2500+48[0100].png,3230,131,2308,1842,1775,2028,5023,1298,795,5702,5,5,5,5,4,4,4,4,4,4
TCGA-A2-A0D0-DX1_xmin68482_ymin39071_MPP-0.2500+498[0100].png,2226,2308,6809,6724,5100,7694,2180,3526,7134,7189,6,5,5,5,4,4,4,4,4,4
TCGA-A2-A0D0-DX1_xmin68482_ymin39071_MPP-0.2500+49[0100].png,7089,6702,5428,6376,840,2967,8013,7134,5203,2903,6,5,5,4,4,4,4,4,4,4
TCGA-A2-A0D0-DX1_xmin68482_ymin39071_MPP-0.2500+521[0100].png,4711,7165,335,7249,2770,4160,1297,215,1429,144,6,6,5,5,5,5,5,4,4,4
TCGA-A2-A0D0-DX1_xmin68482_ymin39071_MPP-0.2500+57[0100].png,7501,3088,2308,5392,1836,3044,4250,693,2766,5047,6,6,5,5,5,5,5,5,5,4
TCGA-A2-A0D0-DX1_xmin68482_ymin39071_MPP-0.2500+58[0100].png,7134,7880,3836,2780,3908,2083,4112,5735,6702,6054,10,6,5,5,5,5,5,4,4,4
TCGA-A2-A0D0-DX1_xmin68482_ymin39071_MPP-0.2500+603[0100].png,131,4711,3088,2482,1373,7869,1624,2751,2184,6931,8,6,6,5,5,5,5,5,4,4
TCGA-A2-A0D0-DX1_xmin68482_ymin39071_MPP-0.2500+612[0100].png,2308,3088,2903,1652,5999,5392,7400,1842,5599,3208,7,6,6,5,5,4,4,4,4,4
TCGA-A2-A0D0-DX1_xmin68482_ymin39071_MPP-0.2500+632[0100].png,1813,2226,5603,4160,131,2308,1842,5039,915,5834,9,8,5,5,5,5,4,4,4,4
TCGA-A2-A0D0-DX1_xmin68482_ymin39071_MPP-0.2500+633[0100].png,5834,1297,2226,778,5780,6702,1652,1813,7249,3088,7,5,5,5,4,4,4,4,4,4
TCGA-A2-A0D0-DX1_xmin68482_ymin39071_MPP-0.2500+640[0100].png,840,7694,131,6868,2903,836,3088,4100,516,697,5,5,5,5,5,5,4,4,4,4
TCGA-A2-A0D0-DX1_xmin68482_ymin39071_MPP-0.2500+641[0100].png,3209,7189,7589,6480,5259,1297,6814,2482,1357,7694,5,5,5,4,4,4,4,4,4,4
TCGA-A2-A0D0-DX1_xmin68482_ymin39071_MPP-0.2500+669[0100].png,4711,6321,7134,3204,1682,8013,8014,7695,5735,130,7,6,5,4,4,4,4,4,4,4
TCGA-A2-A0D0-DX1_xmin68482_ymin39071_MPP-0.2500+66[0100].png,675,4250,4742,6610,144,7733,2356,6809,4322,7555,5,4,4,4,4,4,4,4,4,4
TCGA-A2-A0D0-DX1_xmin68482_ymin39071_MPP-0.2500+670[0100].png,1813,3526,267,4100,2977,3858,5392,6809,6048,7880,6,6,5,4,4,4,4,4,4,4
TCGA-A2-A0D0-DX1_xmin68482_ymin39071_MPP-0.2500+671[0100].png,1813,1652,2226,216,215,4501,5834,6807,515,1836,6,5,5,5,5,4,4,4,4,4
TCGA-A2-A0D0-DX1_xmin68482_ymin39071_MPP-0.2500+67[0100].png,5392,3088,3189,162,1008,1297,8013,4947,5999,5203,6,6,5,5,5,4,4,4,4,4
TCGA-A2-A0D0-DX1_xmin68482_ymin39071_MPP-0.2500+68[0100].png,5797,131,3088,5392,3230,7612,2967,5810,4711,5999,5,5,4,4,4,4,4,4,4,4
TCGA-A2-A0D0-DX1_xmin68482_ymin39071_MPP-0.2500+697[0100].png,3088,7249,1652,3597,332,8013,594,1842,898,3565,7,5,4,4,4,4,4,4,4,4
TCGA-A2-A0D0-DX1_xmin68482_ymin39071_MPP-0.2500+698[0100].png,7134,1836,3088,2766,124,5999,4711,2308,836,215,9,6,5,4,4,4,4,4,4,4
TCGA-A2-A0D0-DX1_xmin68482_ymin39071_MPP-0.2500+699[0100].png,5701,4436,7694,3088,389,6190,335,840,7134,7149,6,6,5,5,4,4,4,4,4,4
TCGA-A2-A0D0-DX1_xmin68482_ymin39071_MPP-0.2500+71[0100].png,3088,4711,5097,781,267,1682,1312,3021,216,693,8,5,4,4,4,4,4,4,4,4
TCGA-A2-A0D0-DX1_xmin68482_ymin39071_MPP-0.2500+726[0100].png,215,1682,7880,3526,3088,131,8081,7835,4711,1813,8,5,5,5,5,5,4,4,4,4
TCGA-A2-A0D0-DX1_xmin68482_ymin39071_MPP-0.2500+72[0100].png,3209,7612,5097,2903,5213,6702,3804,1869,7694,3088,5,5,5,5,4,4,4,4,4,4
TCGA-A2-A0D0-DX1_xmin68482_ymin39071_MPP-0.2500+73[0100].png,5999,4711,2815,4725,5392,267,3209,3230,5047,4100,7,6,5,5,4,4,4,4,4,4
TCGA-A2-A0D0-DX1_xmin68482_ymin39071_MPP-0.2500+76[0100].png,5999,4693,8185,3901,7189,546,3000,1836,3088,9,6,5,5,5,4,4,4,4,4,4
TCGA-A2-A0D0-DX1_xmin68482_ymin39071_MPP-0.2500+784[0100].png,7134,44,2990,371,5428,4711,1252,7189,8081,131,6,5,5,5,5,5,4,4,4,4
TCGA-A2-A0D0-DX1_xmin68482_ymin39071_MPP-0.2500+812[0100].png,2308,4436,2903,7694,5741,144,5094,7895,6702,3629,6,5,4,4,4,4,4,4,4,4
TCGA-A2-A0D0-DX1_xmin68482_ymin39071_MPP-0.2500+813[0100].png,7694,5834,4309,1977,5780,4480,2770,2766,3088,237,5,5,4,4,4,4,4,4,4,4
TCGA-A2-A0D0-DX1_xmin68482_ymin39071_MPP-0.2500+841[0100].png,2308,215,1389,6702,5477,2437,1813,3526,7353,4691,6,5,5,4,4,4,4,4,4,4
TCGA-A2-A0D0-DX1_xmin68482_ymin39071_MPP-0.2500+842[0100].png,7694,3088,2766,7565,1682,6022,6321,2967,8081,2990,5,5,5,5,4,4,4,4,4,4
TCGA-A2-A0D0-DX1_xmin68482_ymin39071_MPP-0.2500+85[0100].png,215,1977,1836,2903,693,6856,3088,7828,7807,8013,6,6,5,4,4,4,4,4,4,4
TCGA-A2-A0D0-DX1_xmin68482_ymin39071_MPP-0.2500+870[0100].png,3088,1682,7134,5428,7165,7189,6192,5834,7853,2903,9,7,6,5,5,5,5,5,4,4
TCGA-A2-A0D0-DX1_xmin68482_ymin39071_MPP-0.2500+8[0100].png,1652,6931,2326,5611,6321,44,3908,215,3625,6306,5,5,4,4,4,4,4,4,4,4
TCGA-A2-A0D0-DX1_xmin68482_ymin39071_MPP-0.2500+96[0100].png,3088,1297,3836,6702,6045,3209,6960,1682,5999,2903,9,8,8,8,7,6,6,5,5,5
TCGA-A2-A0D0-DX1_xmin68482_ymin39071_MPP-0.2500+99[0100].png,3088,8081,131,2666,6702,7134,7695,1842,237,5392,11,6,6,5,5,5,5,5,5,5
TCGA-A2-A0D0-DX1_xmin68482_ymin39071_MPP-0.2500+9[0100].png,958,1652,6321,1869,6306,2766,2448,5881,6960,7165,6,5,5,5,4,4,4,4,4,4
TCGA-A2-A0ST-DX1_xmin109446_ymin18274_MPP-0.2500+0[0100].png,3088,7134,6192,2308,1652,3836,1001,3209,5671,3637,11,8,7,7,7,6,6,6,5,5
TCGA-A2-A0ST-DX1_xmin109446_ymin18274_MPP-0.2500+100[0100].png,4817,1836,1297,3088,5097,7089,1311,131,6795,594,6,6,5,5,5,5,5,5,5,4
TCGA-A2-A0ST-DX1_xmin109446_ymin18274_MPP-0.2500+114[0100].png,4430,3088,1682,4250,1842,6652,4080,7189,2226,4693,6,6,6,6,5,5,5,5,5,5
TCGA-A2-A0ST-DX1_xmin109446_ymin18274_MPP-0.2500+115[0100].png,2308,4259,3088,1682,2235,5834,131,3961,3526,331,7,6,6,6,6,5,5,5,5,5
TCGA-A2-A0ST-DX1_xmin109446_ymin18274_MPP-0.2500+116[0100].png,5834,1508,7134,7671,3836,2308,7869,5671,3000,4160,6,6,6,5,5,5,5,5,5,5
TCGA-A2-A0ST-DX1_xmin109446_ymin18274_MPP-0.2500+119[0100].png,693,1652,1836,5834,4693,2226,4654,5603,4311,4199,7,5,5,5,4,4,4,4,4,4
TCGA-A2-A0ST-DX1_xmin109446_ymin18274_MPP-0.2500+136[0100].png,2531,7134,1794,2967,216,335,4250,4259,6446,352,7,6,5,5,5,4,4,4,4,4
TCGA-A2-A0ST-DX1_xmin109446_ymin18274_MPP-0.2500+17[0100].png,5780,1836,3088,389,3526,7880,830,7275,1775,7212,6,6,6,5,5,5,4,4,4,4
TCGA-A2-A0ST-DX1_xmin109446_ymin18274_MPP-0.2500+18[0100].png,4711,3088,1357,7694,2666,6902,2756,4817,335,3500,7,7,6,6,6,6,6,6,5,5
TCGA-A2-A0ST-DX1_xmin109446_ymin18274_MPP-0.2500+19[0100].png,3088,1682,7880,4436,3637,5834,3526,6321,8081,1836,10,7,7,6,6,6,6,6,6,5
TCGA-A2-A0ST-DX1_xmin109446_ymin18274_MPP-0.2500+1[0100].png,3088,4112,7134,1836,6702,2226,5344,1652,5023,7948,13,8,7,7,6,6,6,5,5,5
TCGA-A2-A0ST-DX1_xmin109446_ymin18274_MPP-0.2500+20[0100].png,3088,5392,7134,6702,1842,7694,1682,1654,162,1508,8,8,7,6,6,5,5,5,5,5
TCGA-A2-A0ST-DX1_xmin109446_ymin18274_MPP-0.2500+247[0100].png,1297,3088,7024,7895,4112,6902,4322,7510,4711,5203,9,8,7,7,7,6,5,5,5,5
TCGA-A2-A0ST-DX1_xmin109446_ymin18274_MPP-0.2500+266[0100].png,3088,1652,5797,5392,5671,5344,162,1297,2903,5860,11,10,9,7,7,7,7,7,6,6
TCGA-A2-A0ST-DX1_xmin109446_ymin18274_MPP-0.2500+267[0100].png,3088,1297,2226,4492,7024,2885,5741,6045,7175,4691,11,7,6,6,6,5,5,4,4,4
TCGA-A2-A0ST-DX1_xmin109446_ymin18274_MPP-0.2500+285[0100].png,1652,6226,5671,5344,6902,5797,632,1297,7129,3088,16,13,11,11,11,10,10,10,10,8
TCGA-A2-A0ST-DX1_xmin109446_ymin18274_MPP-0.2500+286[0100].png,3088,4711,1682,1652,6905,1297,632,6226,6045,5007,16,9,8,7,7,7,7,6,6,6
TCGA-A2-A0ST-DX1_xmin109446_ymin18274_MPP-0.2500+287[0100].png,1297,3088,2235,6702,4711,5763,7694,4160,267,6902,7,6,6,5,5,5,4,4,4,4
TCGA-A2-A0ST-DX1_xmin109446_ymin18274_MPP-0.2500+2[0100].png,3088,7694,3836,1682,1775,6702,6045,5797,5392,2308,11,10,8,6,6,5,5,5,5,5
TCGA-A2-A0ST-DX1_xmin109446_ymin18274_MPP-0.2500+304[0100].png,1652,6226,3088,5344,7129,958,6902,6054,2226,4112,22,17,13,11,9,8,8,8,8,8
TCGA-A2-A0ST-DX1_xmin109446_ymin18274_MPP-0.2500+305[0100].png,6226,5344,632,4311,958,5797,2756,7129,5498,3088,15,12,11,11,11,10,9,9,9,8
TCGA-A2-A0ST-DX1_xmin109446_ymin18274_MPP-0.2500+306[0100].png,1652,3088,162,1682,1842,6902,7869,2588,830,3836,10,7,7,5,5,5,5,5,5,5
TCGA-A2-A0ST-DX1_xmin109446_ymin18274_MPP-0.2500+323[0100].png,7129,6226,3088,958,1297,4112,5344,1652,632,5860,13,13,11,11,10,9,9,9,9,8
TCGA-A2-A0ST-DX1_xmin109446_ymin18274_MPP-0.2500+324[0100].png,7129,6226,3088,5344,3870,958,5671,4311,6045,5860,17,12,11,11,9,8,8,8,8,7
TCGA-A2-A0ST-DX1_xmin109446_ymin18274_MPP-0.2500+325[0100].png,6226,2756,5392,7129,6137,1652,2235,3088,6902,4160,12,10,8,7,7,7,6,6,6,6
TCGA-A2-A0ST-DX1_xmin109446_ymin18274_MPP-0.2500+342[0100].png,6226,7129,1652,4112,3088,5860,3870,1297,5834,2756,18,10,10,9,9,9,8,8,7,7
TCGA-A2-A0ST-DX1_xmin109446_ymin18274_MPP-0.2500+343[0100].png,6226,958,7129,1652,3889,601,5344,3870,3088,3526,23,14,13,12,10,10,9,9,8,8
TCGA-A2-A0ST-DX1_xmin109446_ymin18274_MPP-0.2500+344[0100].png,3088,6226,1508,958,1297,5671,6902,7129,5834,5344,16,14,10,9,9,9,8,8,8,8
TCGA-A2-A0ST-DX1_xmin109446_ymin18274_MPP-0.2500+361[0100].png,6226,6902,8148,3088,958,7129,162,632,5344,5509,23,16,12,11,11,10,8,8,8,8
TCGA-A2-A0ST-DX1_xmin109446_ymin18274_MPP-0.2500+362[0100].png,6226,7129,1652,4309,335,2756,1877,131,5498,3889,13,11,10,8,8,8,8,8,7,7
TCGA-A2-A0ST-DX1_xmin109446_ymin18274_MPP-0.2500+363[0100].png,6226,162,3889,3088,5007,7129,4160,5344,2756,5780,13,12,12,11,10,8,8,7,7,7
TCGA-A2-A0ST-DX1_xmin109446_ymin18274_MPP-0.2500+364[0100].png,6226,3088,5344,958,4112,4160,5392,3504,5834,632,12,10,8,8,8,8,7,7,7,7
TCGA-A2-A0ST-DX1_xmin109446_ymin18274_MPP-0.2500+37[0100].png,3088,5428,1297,3230,7450,4250,1836,162,5834,5392,11,8,8,7,6,6,6,5,5,5
TCGA-A2-A0ST-DX1_xmin109446_ymin18274_MPP-0.2500+380[0100].png,6226,2756,3088,7129,5860,5344,1508,3870,6045,4325,15,13,13,11,9,9,8,8,7,7
TCGA-A2-A0ST-DX1_xmin109446_ymin18274_MPP-0.2500+381[0100].png,6226,3526,162,3088,5344,7129,1297,632,2588,4654,21,13,13,12,10,9,9,8,8,7
TCGA-A2-A0ST-DX1_xmin109446_ymin18274_MPP-0.2500+382[0100].png,6226,5344,3870,4311,958,3889,4112,3088,162,5671,18,15,12,12,10,9,9,9,9,8
TCGA-A2-A0ST-DX1_xmin109446_ymin18274_MPP-0.2500+383[0100].png,6226,7129,8148,3088,5834,6902,2756,335,965,3504,15,14,10,9,9,8,8,8,8,8
TCGA-A2-A0ST-DX1_xmin109446_ymin18274_MPP-0.2500+384[0100].png,6226,632,3088,7129,5797,5344,3504,4654,5007,1877,16,12,11,9,8,8,7,7,7,6
TCGA-A2-A0ST-DX1_xmin109446_ymin18274_MPP-0.2500+38[0100].png,7134,2320,215,6702,3088,5392,4247,6795,1682,7957,10,8,7,7,7,6,5,5,5,5
TCGA-A2-A0ST-DX1_xmin109446_ymin18274_MPP-0.2500+399[0100].png,6226,7129,3870,958,5797,1297,5860,4311,3637,3088,16,14,10,10,9,9,8,8,7,7
TCGA-A2-A0ST-DX1_xmin109446_ymin18274_MPP-0.2500+39[0100].png,3836,5872,7694,1297,1897,162,3204,7134,4160,4817,9,6,6,6,5,5,5,5,5,5
TCGA-A2-A0ST-DX1_xmin109446_ymin18274_MPP-0.2500+400[0100].png,6226,7129,5344,958,2308,4112,5498,1297,3088,6045,27,16,12,12,11,10,9,9,9,8
TCGA-A2-A0ST-DX1_xmin109446_ymin18274_MPP-0.2500+401[0100].png,6226,8013,958,6902,1877,4311,1652,3088,3889,1508,18,12,12,10,10,9,9,8,6,6
TCGA-A2-A0ST-DX1_xmin109446_ymin18274_MPP-0.2500+402[0100].png,6226,958,4364,1652,5007,5344,4112,3088,7129,5671,14,14,11,11,10,10,10,9,9,9
TCGA-A2-A0ST-DX1_xmin109446_ymin18274_MPP-0.2500+403[0100].png,6902,5344,7129,958,3088,6226,4143,4112,4311,5797,11,10,10,9,9,9,8,8,8,8
TCGA-A2-A0ST-DX1_xmin109446_ymin18274_MPP-0.2500+404[0100].png,6226,3088,2903,3836,335,4322,601,3870,958,7733,22,9,8,7,7,7,6,6,6,6
TCGA-A2-A0ST-DX1_xmin109446_ymin18274_MPP-0.2500+40[0100].png,3088,7869,1001,7166,5428,7129,216,5834,6902,131,9,5,5,5,5,5,5,5,5,4
TCGA-A2-A0ST-DX1_xmin109446_ymin18274_MPP-0.2500+418[0100].png,6226,4290,4311,3504,5344,2756,1652,601,5797,1042,17,12,10,10,10,9,9,9,8,8
TCGA-A2-A0ST-DX1_xmin109446_ymin18274_MPP-0.2500+419[0100].png,6226,6045,3088,7129,3870,5344,1297,1652,958,6833,16,12,11,10,10,10,10,9,8,7
TCGA-A2-A0ST-DX1_xmin109446_ymin18274_MPP-0.2500+41[0100].png,5834,7129,1842,6045,5498,5937,3836,1682,3088,1297,8,6,6,6,5,5,5,5,5,4
TCGA-A2-A0ST-DX1_xmin109446_ymin18274_MPP-0.2500+420[0100].png,6226,6902,3088,2320,3870,3504,4311,7129,5344,2756,19,14,10,10,9,9,8,8,8,8
TCGA-A2-A0ST-DX1_xmin109446_ymin18274_MPP-0.2500+421[0100].png,6226,5344,5007,601,7129,1877,4364,3332,5235,5860,21,13,12,9,9,9,9,8,8,8
TCGA-A2-A0ST-DX1_xmin109446_ymin18274_MPP-0.2500+422[0100].png,7129,3088,4112,3504,6226,958,2756,6902,5834,3870,19,14,11,10,10,8,8,7,7,7
TCGA-A2-A0ST-DX1_xmin109446_ymin18274_MPP-0.2500+423[0100].png,958,1652,3088,6226,3889,3836,5007,2226,6045,5344,15,15,14,11,9,7,7,7,7,7
TCGA-A2-A0ST-DX1_xmin109446_ymin18274_MPP-0.2500+424[0100].png,6226,1652,3088,3889,6045,2756,958,7175,5007,769,12,10,9,8,7,7,7,6,6,6
TCGA-A2-A0ST-DX1_xmin109446_ymin18274_MPP-0.2500+425[0100].png,3088,4711,44,5780,4043,2766,632,5007,5235,725,7,6,6,6,5,5,5,5,5,4
TCGA-A2-A0ST-DX1_xmin109446_ymin18274_MPP-0.2500+42[0100].png,6833,3088,7134,5344,3836,6226,5392,2308,5797,6902,7,7,6,6,6,6,5,5,5,5
TCGA-A2-A0ST-DX1_xmin109446_ymin18274_MPP-0.2500+56[0100].png,1297,4654,7189,2666,1351,974,4711,6045,6226,4817,6,5,5,5,5,5,5,5,4,4
TCGA-A2-A0ST-DX1_xmin109446_ymin18274_MPP-0.2500+57[0100].png,5702,5023,6502,3088,5392,915,335,5344,1836,4290,5,5,5,5,5,5,5,5,5,4
TCGA-A2-A0ST-DX1_xmin109446_ymin18274_MPP-0.2500+58[0100].png,8081,2766,4817,3088,4436,3526,7869,2903,4693,3209,7,7,6,6,5,5,5,5,5,5
TCGA-A2-A0ST-DX1_xmin109446_ymin18274_MPP-0.2500+59[0100].png,1652,5834,331,6902,5797,3088,2903,5603,162,5780,7,7,6,6,6,5,5,5,5,5
TCGA-A2-A0ST-DX1_xmin109446_ymin18274_MPP-0.2500+60[0100].png,2308,1842,3088,6702,2977,4160,5392,335,4250,6045,8,6,6,6,5,5,5,5,5,5
TCGA-A2-A0ST-DX1_xmin109446_ymin18274_MPP-0.2500+61[0100].png,2308,5671,131,3044,4250,516,2766,3504,3477,1977,7,6,6,5,5,5,5,5,5,5
TCGA-A2-A0ST-DX1_xmin109446_ymin18274_MPP-0.2500+75[0100].png,2308,7589,6702,1297,3469,2430,5509,6045,6054,7869,7,7,7,6,5,5,5,5,5,5
TCGA-A2-A0ST-DX1_xmin109446_ymin18274_MPP-0.2500+76[0100].png,3836,7134,6795,2226,2967,5702,1836,1297,1772,5603,10,7,6,5,5,5,5,5,4,4
TCGA-A2-A0ST-DX1_xmin109446_ymin18274_MPP-0.2500+77[0100].png,3088,7357,3000,5702,2308,1460,3433,7880,335,1842,9,7,6,6,6,5,5,5,5,5
TCGA-A2-A0ST-DX1_xmin109446_ymin18274_MPP-0.2500+78[0100].png,1836,4711,5780,2588,3836,7175,4911,7089,7671,2635,8,8,8,6,6,6,5,5,5,5
TCGA-A2-A0ST-DX1_xmin109446_ymin18274_MPP-0.2500+79[0100].png,3088,2308,7134,5834,6795,6724,7337,5780,2588,7880,9,7,7,6,5,5,5,5,5,4
TCGA-A2-A0ST-DX1_xmin109446_ymin18274_MPP-0.2500+80[0100].png,3088,3526,7134,8081,3504,3637,5094,5834,5392,693,12,8,6,6,5,5,5,5,5,5
TCGA-A2-A0ST-DX1_xmin109446_ymin18274_MPP-0.2500+95[0100].png,6226,4817,2308,915,4080,3126,6833,1203,196,3088,6,6,5,5,5,4,4,4,4,4
TCGA-A2-A0ST-DX1_xmin109446_ymin18274_MPP-0.2500+96[0100].png,1652,3088,3230,3836,5428,3526,4160,5392,6521,1297,8,7,6,6,5,5,5,4,4,4
TCGA-A2-A0ST-DX1_xmin109446_ymin18274_MPP-0.2500+97[0100].png,3088,5701,1654,7189,2815,3870,5570,7212,7880,3836,9,6,5,5,4,4,4,4,4,4
TCGA-A2-A0SX-DX1_xmin53791_ymin56683_MPP-0.2500+0[0100].png,7948,1652,3870,2062,2226,2320,3849,5428,215,7134,9,8,7,7,6,6,6,6,6,5
TCGA-A2-A0SX-DX1_xmin53791_ymin56683_MPP-0.2500+10[0100].png,216,6678,5780,7400,4711,6354,124,6809,5097,5203,7,5,5,5,5,5,4,4,4,4
TCGA-A2-A0SX-DX1_xmin53791_ymin56683_MPP-0.2500+132[0100].png,2226,1652,215,8013,6226,5834,1476,1813,5797,3526,12,10,8,7,7,6,6,6,6,6
TCGA-A2-A0SX-DX1_xmin53791_ymin56683_MPP-0.2500+147[0100].png,4311,6226,2308,6045,3526,4911,2336,958,828,3870,7,6,6,6,5,5,5,5,5,4
TCGA-A2-A0SX-DX1_xmin53791_ymin56683_MPP-0.2500+1[0100].png,2226,958,215,3889,7129,3192,3030,778,7357,7028,9,8,8,8,5,5,5,5,5,5
TCGA-A2-A0SX-DX1_xmin53791_ymin56683_MPP-0.2500+2[0100].png,2320,7459,1813,7835,5100,3230,6869,5912,237,3823,7,6,5,5,5,5,5,4,4,4
TCGA-A2-A0SX-DX1_xmin53791_ymin56683_MPP-0.2500+35[0100].png,5717,2308,7400,7948,958,4259,5780,6795,335,237,7,7,6,6,6,6,5,5,5,5
TCGA-A2-A0SX-DX1_xmin53791_ymin56683_MPP-0.2500+48[0100].png,6045,3836,5392,3526,965,6902,5797,5999,5509,4622,7,6,6,6,5,5,5,4,4,4
TCGA-A2-A0T0-DX1_xmin72865_ymin59458_MPP-0.2500+115[0100].png,7089,3526,5166,3044,6219,3230,2870,5810,4001,4817,6,5,5,5,4,4,4,4,4,4
TCGA-A2-A0T0-DX1_xmin72865_ymin59458_MPP-0.2500+125[0100].png,168,7175,3908,5763,778,3526,5717,2226,3189,3127,6,5,5,5,5,5,4,4,4,4
TCGA-A2-A0T0-DX1_xmin72865_ymin59458_MPP-0.2500+126[0100].png,4250,4711,131,3526,794,168,2493,1008,8140,124,6,6,5,4,4,4,4,4,4,4
TCGA-A2-A0T0-DX1_xmin72865_ymin59458_MPP-0.2500+136[0100].png,7694,7091,8081,4436,1312,2336,8014,5428,7895,6045,8,6,5,5,5,5,5,4,4,4
TCGA-A2-A0T0-DX1_xmin72865_ymin59458_MPP-0.2500+146[0100].png,7948,7459,3849,4436,958,3030,8014,390,3044,7808,12,11,8,6,6,6,5,5,4,4
TCGA-A2-A0T0-DX1_xmin72865_ymin59458_MPP-0.2500+22[0100].png,7337,7948,4817,2226,34,2493,5039,1357,932,5097,7,5,5,5,5,5,5,4,4,4
TCGA-A2-A0T0-DX1_xmin72865_ymin59458_MPP-0.2500+32[0100].png,3526,5097,2226,2977,6045,7189,1463,1682,515,2557,6,5,5,5,5,5,4,4,4,4
TCGA-A2-A0T2-DX1_xmin63557_ymin56751_MPP-0.2500+11[0100].png,2666,237,4436,6321,3044,5937,781,3088,7899,4911,6,6,5,5,5,5,5,5,5,5
TCGA-A2-A0T2-DX1_xmin63557_ymin56751_MPP-0.2500+20[0100].png,3526,5912,5937,7750,4160,6121,7880,186,44,1203,5,5,5,4,4,4,4,4,4,4
TCGA-A2-A0T2-DX1_xmin63557_ymin56751_MPP-0.2500+28[0100].png,7694,3088,6045,8081,1654,7880,3526,1842,2226,812,9,9,6,5,5,5,5,4,4,4
TCGA-A2-A0T2-DX1_xmin63557_ymin56751_MPP-0.2500+53[0100].png,7337,6678,5912,5392,6321,216,935,3088,3526,5937,6,6,5,5,5,4,4,4,4,4
TCGA-A2-A0T2-DX1_xmin63557_ymin56751_MPP-0.2500+54[0100].png,237,5428,5937,3088,215,781,7089,5763,6652,389,6,6,5,5,5,4,4,4,4,4
TCGA-A2-A0T2-DX1_xmin63557_ymin56751_MPP-0.2500+7[0100].png,6121,2557,5872,5561,1977,5937,3209,237,3836,144,7,5,5,5,5,5,5,4,4,4
TCGA-A2-A0YE-DX1_xmin59206_ymin33505_MPP-0.2500+115[0100].png,1842,2336,5780,6137,4859,515,1508,4322,6475,3889,6,6,5,5,5,5,5,5,4,4
TCGA-A2-A0YE-DX1_xmin59206_ymin33505_MPP-0.2500+21[0100].png,4711,1463,2000,4817,3487,44,3836,8081,3356,6702,9,6,6,6,5,5,5,5,5,4
TCGA-A2-A0YE-DX1_xmin59206_ymin33505_MPP-0.2500+52[0100].png,3088,7880,6795,3526,4911,1842,6892,7853,7162,2967,6,6,5,5,5,4,4,4,4,4
TCGA-A2-A0YE-DX1_xmin59206_ymin33505_MPP-0.2500+68[0100].png,7089,6321,3619,1311,830,5428,4817,4859,2635,7694,6,5,5,5,5,4,4,4,4,4
TCGA-A2-A0YE-DX1_xmin59206_ymin33505_MPP-0.2500+69[0100].png,2870,3044,4259,237,7146,145,5428,2308,1836,168,6,6,6,5,5,5,5,5,5,4
TCGA-A2-A0YE-DX1_xmin59206_ymin33505_MPP-0.2500+70[0100].png,1836,6652,516,352,4112,6807,4711,3088,3209,1384,8,6,5,5,5,5,5,4,4,4
TCGA-A2-A0YE-DX1_xmin59206_ymin33505_MPP-0.2500+84[0100].png,3836,145,4711,3230,3675,1297,7880,2840,594,1312,6,6,6,6,5,5,5,4,4,4
TCGA-A2-A0YM-DX1_xmin44520_ymin66915_MPP-0.2500+162[0100].png,3189,1842,5428,1682,3088,1297,1571,5133,6628,2493,5,5,5,5,5,5,4,4,4,4
TCGA-A2-A0YM-DX1_xmin44520_ymin66915_MPP-0.2500+172[0100].png,1842,6795,3088,3889,5810,1297,4781,6628,808,7694,7,6,6,6,5,5,5,4,4,4
TCGA-A2-A0YM-DX1_xmin44520_ymin66915_MPP-0.2500+17[0100].png,5763,6509,3981,6881,693,6023,4376,1682,44,1654,7,5,5,5,4,4,4,4,4,4
TCGA-A2-A0YM-DX1_xmin44520_ymin66915_MPP-0.2500+18[0100].png,3000,3088,5428,2493,7880,3044,5717,4278,581,510,7,5,5,5,4,4,4,4,4,4
TCGA-A2-A0YM-DX1_xmin44520_ymin66915_MPP-0.2500+197[0100].png,3088,216,2557,4817,6121,3230,3469,6702,8095,5038,5,5,5,4,4,4,4,4,4,4
TCGA-A2-A0YM-DX1_xmin44520_ymin66915_MPP-0.2500+214[0100].png,7694,7189,1836,6321,3209,2666,7501,5716,6571,6657,9,6,6,5,5,4,4,4,4,4
TCGA-A2-A0YM-DX1_xmin44520_ymin66915_MPP-0.2500+220[0100].png,216,2308,267,335,3296,237,3618,4259,131,3209,5,5,5,4,4,4,4,4,4,4
TCGA-A2-A0YM-DX1_xmin44520_ymin66915_MPP-0.2500+231[0100].png,3088,6321,216,6121,7189,3115,335,1298,840,6100,9,7,6,5,5,4,4,4,4,4
TCGA-A2-A0YM-DX1_xmin44520_ymin66915_MPP-0.2500+237[0100].png,3088,5428,6795,1357,3889,5686,4817,1297,6702,5166,6,6,5,5,5,4,4,4,4,4
TCGA-A2-A0YM-DX1_xmin44520_ymin66915_MPP-0.2500+240[0100].png,3088,4430,6892,6702,1624,7880,8110,7430,6321,7549,6,5,5,5,4,4,4,4,4,4
TCGA-A2-A0YM-DX1_xmin44520_ymin66915_MPP-0.2500+27[0100].png,3230,7835,3000,3088,6595,7694,7337,4693,5419,1297,5,5,5,5,4,4,4,4,4,4
TCGA-A2-A0YM-DX1_xmin44520_ymin66915_MPP-0.2500+2[0100].png,3026,4725,7880,8148,3189,7549,3000,5419,3088,7134,5,5,5,5,5,5,5,4,4,4
TCGA-A2-A0YM-DX1_xmin44520_ymin66915_MPP-0.2500+302[0100].png,1842,3254,2967,3209,3200,5383,830,7337,5999,4693,6,5,5,5,5,4,4,4,4,4
TCGA-A2-A0YM-DX1_xmin44520_ymin66915_MPP-0.2500+306[0100].png,3088,4322,1836,7549,2200,2308,6795,1312,5098,4725,7,6,5,5,5,5,5,4,4,4
TCGA-A2-A0YM-DX1_xmin44520_ymin66915_MPP-0.2500+34[0100].png,1654,2493,1357,4430,6894,3247,6979,3823,516,935,5,5,4,4,4,4,4,4,4,4
TCGA-A2-A0YM-DX1_xmin44520_ymin66915_MPP-0.2500+43[0100].png,2308,516,145,4160,1767,7549,7134,7694,5433,5780,7,6,6,6,5,5,5,5,5,5
TCGA-A2-A0YM-DX1_xmin44520_ymin66915_MPP-0.2500+44[0100].png,389,935,145,516,1351,4817,5741,6623,4322,6511,6,6,6,5,4,4,4,4,4,4
TCGA-A2-A0YM-DX1_xmin44520_ymin66915_MPP-0.2500+62[0100].png,3044,7694,3908,8148,2308,1857,7089,1008,131,216,8,6,5,5,5,5,4,4,4,4
TCGA-A2-A0YM-DX1_xmin44520_ymin66915_MPP-0.2500+79[0100].png,2308,1682,7853,4711,8081,3088,7134,516,2336,3254,8,8,6,5,5,5,5,4,4,4
TCGA-A2-A0YM-DX1_xmin44520_ymin66915_MPP-0.2500+91[0100].png,1842,5780,1682,4322,2308,3189,516,1367,2557,1905,6,6,5,5,5,5,5,4,4,4
TCGA-A2-A0YM-DX1_xmin44520_ymin66915_MPP-0.2500+96[0100].png,1157,7694,5780,3088,2308,1842,1836,4691,5392,1966,9,8,7,7,6,5,5,5,4,4
TCGA-A2-A1G6-DX1_xmin57706_ymin69514_MPP-0.2500+26[0100].png,2308,7589,1652,1836,1155,4436,4711,162,4524,7134,6,6,6,6,5,5,5,4,4,4
TCGA-A2-A1G6-DX1_xmin57706_ymin69514_MPP-0.2500+28[0100].png,4160,1508,5065,1476,6652,3836,331,1977,6808,1652,6,5,5,5,5,5,5,5,4,4
TCGA-A2-A1G6-DX1_xmin57706_ymin69514_MPP-0.2500+33[0100].png,5780,958,215,7134,2308,1001,1767,4259,5999,2990,8,7,6,5,5,5,4,4,4,4
TCGA-A2-A1G6-DX1_xmin57706_ymin69514_MPP-0.2500+34[0100].png,958,4160,3088,2990,297,131,4711,44,5171,2766,7,5,5,5,5,4,4,4,4,4
TCGA-A2-A1G6-DX1_xmin57706_ymin69514_MPP-0.2500+35[0100].png,3836,2967,2780,1836,5797,4080,4711,1755,1297,7134,12,6,6,5,5,4,4,4,4,4
TCGA-A2-A1G6-DX1_xmin57706_ymin69514_MPP-0.2500+38[0100].png,7134,3836,6795,5834,131,2028,5047,3268,2967,3230,8,6,6,6,6,5,5,5,5,4
TCGA-A2-A1G6-DX1_xmin57706_ymin69514_MPP-0.2500+44[0100].png,1836,1977,7589,7880,3088,4817,7134,2967,5834,6192,9,7,6,6,6,6,5,5,5,5
TCGA-A2-A1G6-DX1_xmin57706_ymin69514_MPP-0.2500+50[0100].png,6833,131,1682,2308,404,5834,3637,7589,6321,162,7,7,6,6,5,5,5,5,5,4
TCGA-A2-A1G6-DX1_xmin57706_ymin69514_MPP-0.2500+56[0100].png,3088,7134,2870,1389,4606,1682,5834,335,8144,5506,9,9,7,6,5,5,5,5,4,4
TCGA-A2-A1G6-DX1_xmin57706_ymin69514_MPP-0.2500+63[0100].png,3088,7134,5834,2308,237,8081,335,2766,4711,2967,9,8,7,6,6,6,5,5,5,5
TCGA-A2-A1G6-DX1_xmin57706_ymin69514_MPP-0.2500+76[0100].png,7880,7694,5834,840,6902,2194,6192,2766,693,8148,8,7,7,6,5,5,5,5,5,5
TCGA-A2-A3XS-DX1_xmin21421_ymin37486_MPP-0.2500+100[0100].png,2686,1476,7091,958,4072,4559,3230,215,6702,5937,8,7,6,6,5,5,5,5,4,4
TCGA-A2-A3XS-DX1_xmin21421_ymin37486_MPP-0.2500+101[0100].png,1813,958,4311,1911,215,7948,7819,6226,5047,2903,13,10,8,7,7,7,6,5,5,5
TCGA-A2-A3XS-DX1_xmin21421_ymin37486_MPP-0.2500+102[0100].png,2686,778,1911,1476,4377,5561,131,2308,3088,1652,15,9,8,7,7,6,6,6,6,6
TCGA-A2-A3XS-DX1_xmin21421_ymin37486_MPP-0.2500+103[0100].png,3088,1842,898,2330,1652,7733,6121,5203,5194,1476,8,6,5,5,5,5,4,4,4,4
TCGA-A2-A3XS-DX1_xmin21421_ymin37486_MPP-0.2500+104[0100].png,215,3030,5937,144,794,4436,2977,8013,4711,1652,8,5,5,5,5,5,5,4,4,4
TCGA-A2-A3XS-DX1_xmin21421_ymin37486_MPP-0.2500+113[0100].png,7459,6226,5100,215,958,144,7028,1476,1813,3088,10,9,8,6,6,6,6,6,5,5
TCGA-A2-A3XS-DX1_xmin21421_ymin37486_MPP-0.2500+117[0100].png,1652,453,2903,3088,5428,144,6702,778,1476,3030,8,7,6,6,6,6,5,5,5,5
TCGA-A2-A3XS-DX1_xmin21421_ymin37486_MPP-0.2500+118[0100].png,3888,8110,3088,352,3893,2308,1357,1911,332,915,5,5,5,4,4,4,4,4,4,4
TCGA-A2-A3XS-DX1_xmin21421_ymin37486_MPP-0.2500+11[0100].png,1813,453,7024,2686,215,6321,915,168,6226,7948,8,7,5,5,5,5,5,5,5,4
TCGA-A2-A3XS-DX1_xmin21421_ymin37486_MPP-0.2500+12[0100].png,1813,8013,3971,4072,781,1836,1911,3889,2686,3126,7,6,6,6,6,5,5,5,5,5
TCGA-A2-A3XS-DX1_xmin21421_ymin37486_MPP-0.2500+130[0100].png,3088,6226,7091,4861,3836,5392,7869,2650,7175,2308,6,5,4,4,4,4,4,4,4,4
TCGA-A2-A3XS-DX1_xmin21421_ymin37486_MPP-0.2500+131[0100].png,7024,781,6321,935,1911,6045,7175,4250,898,7091,8,6,5,5,5,5,4,4,4,4
TCGA-A2-A3XS-DX1_xmin21421_ymin37486_MPP-0.2500+132[0100].png,1652,6045,5097,5797,7853,6219,7165,2903,3836,4398,6,6,5,5,5,4,4,4,4,4
TCGA-A2-A3XS-DX1_xmin21421_ymin37486_MPP-0.2500+142[0100].png,1813,2226,7337,8066,2308,3836,1652,6045,7948,1911,7,5,5,5,5,5,5,4,4,4
TCGA-A2-A3XS-DX1_xmin21421_ymin37486_MPP-0.2500+143[0100].png,3526,7024,124,2666,4377,5780,2870,4559,2540,7416,8,6,5,5,5,5,5,5,4,4
TCGA-A2-A3XS-DX1_xmin21421_ymin37486_MPP-0.2500+144[0100].png,1813,215,958,4194,7024,3088,8081,4436,915,3356,7,6,6,5,5,5,5,4,4,4
TCGA-A2-A3XS-DX1_xmin21421_ymin37486_MPP-0.2500+147[0100].png,5100,215,1813,7134,7459,5207,4259,145,1297,8101,13,8,6,5,5,5,5,4,4,4
TCGA-A2-A3XS-DX1_xmin21421_ymin37486_MPP-0.2500+148[0100].png,7808,6321,2308,1652,5047,4436,3619,2226,389,781,7,7,6,6,5,5,4,4,4,4
TCGA-A2-A3XS-DX1_xmin21421_ymin37486_MPP-0.2500+14[0100].png,1652,6622,5937,7089,6045,958,2686,3088,7134,7024,7,6,6,6,5,5,5,5,5,5
TCGA-A2-A3XS-DX1_xmin21421_ymin37486_MPP-0.2500+153[0100].png,7175,778,4436,4606,131,6795,6321,5194,4817,3088,6,5,5,5,5,5,5,5,5,4
TCGA-A2-A3XS-DX1_xmin21421_ymin37486_MPP-0.2500+154[0100].png,3088,3870,3637,1813,3209,7948,8185,8081,4143,6657,6,5,5,5,5,5,4,4,4,4
TCGA-A2-A3XS-DX1_xmin21421_ymin37486_MPP-0.2500+155[0100].png,1652,5872,3908,2756,5499,144,7175,1836,215,5101,7,6,5,5,5,5,5,5,5,4
TCGA-A2-A3XS-DX1_xmin21421_ymin37486_MPP-0.2500+156[0100].png,2226,516,3836,693,7134,1476,215,3631,3469,1842,6,5,5,5,5,5,5,5,4,4
TCGA-A2-A3XS-DX1_xmin21421_ymin37486_MPP-0.2500+157[0100].png,2308,1813,1652,4436,4068,3088,935,5203,1836,3526,7,6,6,5,5,4,4,4,4,4
TCGA-A2-A3XS-DX1_xmin21421_ymin37486_MPP-0.2500+158[0100].png,1911,1813,215,601,6226,4001,4377,3365,6321,1652,8,8,7,6,6,5,5,5,5,5
TCGA-A2-A3XS-DX1_xmin21421_ymin37486_MPP-0.2500+159[0100].png,4436,2990,4559,6869,7899,1813,5561,1911,215,2646,7,7,7,6,6,6,5,5,5,5
TCGA-A2-A3XS-DX1_xmin21421_ymin37486_MPP-0.2500+160[0100].png,1813,958,3526,2686,216,4727,5207,1008,1652,2960,7,7,7,7,5,5,5,5,5,5
TCGA-A2-A3XS-DX1_xmin21421_ymin37486_MPP-0.2500+161[0100].png,2686,781,237,4072,7948,3088,3526,4436,1476,6869,10,7,6,6,5,5,5,5,5,5
TCGA-A2-A3XS-DX1_xmin21421_ymin37486_MPP-0.2500+164[0100].png,5780,1836,693,6724,7484,7694,7589,4602,6321,830,6,6,5,5,5,5,4,4,4,4
TCGA-A2-A3XS-DX1_xmin21421_ymin37486_MPP-0.2500+165[0100].png,5780,1652,3000,1813,7134,2267,781,4325,7880,6179,6,6,6,5,5,5,4,4,4,4
TCGA-A2-A3XS-DX1_xmin21421_ymin37486_MPP-0.2500+171[0100].png,3526,7694,215,1813,4711,331,4322,3127,4693,6869,9,7,6,6,5,5,4,4,4,4
TCGA-A2-A3XS-DX1_xmin21421_ymin37486_MPP-0.2500+172[0100].png,5780,2226,215,1652,7249,2990,7337,5392,5872,4322,7,6,6,6,5,5,5,4,4,4
TCGA-A2-A3XS-DX1_xmin21421_ymin37486_MPP-0.2500+178[0100].png,3836,145,515,5937,1836,915,4259,7895,3637,898,7,6,5,5,5,5,5,5,4,4
TCGA-A2-A3XS-DX1_xmin21421_ymin37486_MPP-0.2500+179[0100].png,2308,5098,5780,7694,7357,6226,8081,8165,781,6678,7,7,6,5,5,5,5,5,5,5
TCGA-A2-A3XS-DX1_xmin21421_ymin37486_MPP-0.2500+181[0100].png,1836,5912,331,7604,7819,7880,215,3088,5834,840,8,7,5,5,5,5,4,4,4,4
TCGA-A2-A3XS-DX1_xmin21421_ymin37486_MPP-0.2500+189[0100].png,7948,3088,3836,7694,7164,2766,5344,4817,516,1842,6,6,6,5,5,5,4,4,4,4
TCGA-A2-A3XS-DX1_xmin21421_ymin37486_MPP-0.2500+190[0100].png,3526,1813,3189,5780,7694,515,2308,5203,5392,7430,7,6,5,5,5,5,4,4,4,4
TCGA-A2-A3XS-DX1_xmin21421_ymin37486_MPP-0.2500+195[0100].png,5498,3088,1836,5561,5937,3127,5603,3024,5999,7134,5,5,5,5,5,5,5,5,5,4
TCGA-A2-A3XS-DX1_xmin21421_ymin37486_MPP-0.2500+196[0100].png,215,3088,1654,3869,7835,2990,6045,3526,7189,5780,6,5,5,5,4,4,4,4,4,4
TCGA-A2-A3XS-DX1_xmin21421_ymin37486_MPP-0.2500+207[0100].png,5912,1297,2666,781,828,5780,3869,5937,3127,693,6,5,5,4,4,4,4,4,4,4
TCGA-A2-A3XS-DX1_xmin21421_ymin37486_MPP-0.2500+22[0100].png,3088,2226,1813,958,4685,6321,3126,5780,5912,1846,7,6,5,5,5,5,4,4,4,4
TCGA-A2-A3XS-DX1_xmin21421_ymin37486_MPP-0.2500+233[0100].png,390,3889,7807,2990,8148,6999,6480,5344,4436,5741,6,5,5,4,4,4,4,4,4,4
TCGA-A2-A3XS-DX1_xmin21421_ymin37486_MPP-0.2500+238[0100].png,7880,1813,3526,7430,6045,6192,3836,7189,516,778,6,6,6,6,6,5,5,5,5,5
TCGA-A2-A3XS-DX1_xmin21421_ymin37486_MPP-0.2500+239[0100].png,5912,1813,5098,2493,6657,1389,1682,2919,6795,3637,7,6,6,6,5,5,5,5,5,5
TCGA-A2-A3XS-DX1_xmin21421_ymin37486_MPP-0.2500+23[0100].png,1813,1652,2602,8016,215,3044,4559,7024,1476,3189,8,7,6,6,6,5,5,4,4,4
TCGA-A2-A3XS-DX1_xmin21421_ymin37486_MPP-0.2500+240[0100].png,3024,2766,5780,7948,5717,7880,1008,6833,3637,1869,6,6,6,5,5,5,5,5,5,5
TCGA-A2-A3XS-DX1_xmin21421_ymin37486_MPP-0.2500+241[0100].png,2308,915,2650,1897,4112,5797,3209,8066,3526,215,8,6,5,5,5,5,5,5,5,4
TCGA-A2-A3XS-DX1_xmin21421_ymin37486_MPP-0.2500+24[0100].png,958,4160,6869,2766,215,632,2359,3626,4559,5937,9,7,6,6,5,5,5,5,4,4
TCGA-A2-A3XS-DX1_xmin21421_ymin37486_MPP-0.2500+251[0100].png,1836,5603,4250,215,915,145,2876,7249,4112,4817,7,6,6,5,5,5,5,5,5,4
TCGA-A2-A3XS-DX1_xmin21421_ymin37486_MPP-0.2500+252[0100].png,6045,2685,4001,1813,6321,7694,7880,2967,2226,778,7,5,5,5,5,5,5,4,4,4
TCGA-A2-A3XS-DX1_xmin21421_ymin37486_MPP-0.2500+258[0100].png,1813,215,5834,958,2308,516,1312,1652,1311,2226,8,6,6,5,5,5,5,5,4,4
TCGA-A2-A3XS-DX1_xmin21421_ymin37486_MPP-0.2500+265[0100].png,7134,2308,5097,1682,582,5912,5063,8013,5937,6321,7,5,5,4,4,4,4,4,4,4
TCGA-A2-A3XS-DX1_xmin21421_ymin37486_MPP-0.2500+37[0100].png,7599,1203,516,778,1682,7175,7165,915,5937,5098,5,5,5,5,5,5,5,5,4,4
TCGA-A2-A3XS-DX1_xmin21421_ymin37486_MPP-0.2500+4[0100].png,6795,1654,1813,958,7694,2308,131,3526,237,3836,8,7,7,6,6,6,5,5,5,5
TCGA-A2-A3XS-DX1_xmin21421_ymin37486_MPP-0.2500+61[0100].png,5912,5999,7134,215,1389,1652,7819,3088,1836,1775,6,6,6,6,5,5,5,5,5,4
TCGA-A2-A3XS-DX1_xmin21421_ymin37486_MPP-0.2500+6[0100].png,2308,1813,1836,3088,1652,237,8081,6226,7134,6045,8,8,7,7,7,7,6,6,6,5
TCGA-A2-A3XS-DX1_xmin21421_ymin37486_MPP-0.2500+73[0100].png,5428,7175,1311,215,2780,1836,4711,515,1463,4001,5,5,5,5,4,4,4,4,4,4
TCGA-A2-A3XS-DX1_xmin21421_ymin37486_MPP-0.2500+83[0100].png,6869,5872,1476,4911,3487,794,1813,778,6724,7175,6,5,5,5,5,5,5,4,4,4
TCGA-A2-A3XS-DX1_xmin21421_ymin37486_MPP-0.2500+84[0100].png,1813,215,3088,1836,6869,7694,5912,2308,4259,3526,8,6,6,6,5,5,5,5,5,5
TCGA-A2-A3XS-DX1_xmin21421_ymin37486_MPP-0.2500+93[0100].png,6054,2977,453,6321,958,898,3619,2766,5424,3893,7,7,5,5,5,5,5,5,5,5
TCGA-A2-A3XT-DX1_xmin83566_ymin29931_MPP-0.2500+0[0100].png,7459,7948,4322,6655,1813,6190,7028,2308,1652,1476,12,6,5,5,5,5,5,5,5,5
TCGA-A2-A3XT-DX1_xmin83566_ymin29931_MPP-0.2500+109[0100].png,131,7880,3088,1682,7134,4377,215,4651,5834,5741,11,8,8,7,7,6,6,6,6,6
TCGA-A2-A3XT-DX1_xmin83566_ymin29931_MPP-0.2500+127[0100].png,2308,958,7819,2650,7694,1476,7899,3526,2686,6036,13,8,7,7,7,6,6,6,5,5
TCGA-A2-A3XT-DX1_xmin83566_ymin29931_MPP-0.2500+128[0100].png,2308,7880,1654,1813,1911,7899,453,6192,3637,5424,10,6,6,6,6,6,6,5,5,5
TCGA-A2-A3XT-DX1_xmin83566_ymin29931_MPP-0.2500+12[0100].png,958,3889,4911,725,581,693,4376,1813,124,1836,6,5,5,4,4,4,4,4,4,4
TCGA-A2-A3XT-DX1_xmin83566_ymin29931_MPP-0.2500+136[0100].png,7459,6226,2686,215,4072,8013,7028,4436,3889,332,10,7,7,7,6,6,6,5,5,5
TCGA-A2-A3XT-DX1_xmin83566_ymin29931_MPP-0.2500+89[0100].png,5428,5392,131,7501,7134,3637,237,840,2308,7880,14,11,11,9,9,8,8,7,7,6
TCGA-A2-A3XU-DX1_xmin33329_ymin26157_MPP-0.2500+194[0100].png,2919,4817,4436,4559,145,2226,7175,3971,4377,1682,6,6,6,5,5,5,5,5,5,4
TCGA-A2-A3XU-DX1_xmin33329_ymin26157_MPP-0.2500+206[0100].png,3230,215,781,5937,7899,8081,7249,3971,7175,7694,7,7,6,5,5,5,4,4,4,4
TCGA-A2-A3XU-DX1_xmin33329_ymin26157_MPP-0.2500+207[0100].png,4436,3836,215,4559,1320,5780,4911,2977,4155,5099,6,5,5,5,4,4,4,4,4,4
TCGA-A2-A3XY-DX1_xmin76297_ymin35510_MPP-0.2500+0[0100].png,3088,3114,2967,3504,5780,3637,915,5834,389,2766,9,7,6,6,5,5,5,5,5,5
TCGA-A2-A3XY-DX1_xmin76297_ymin35510_MPP-0.2500+101[0100].png,7189,6610,4436,186,2226,4160,53,2083,8081,5937,8,7,7,6,5,5,5,5,5,5
TCGA-A2-A3XY-DX1_xmin76297_ymin35510_MPP-0.2500+106[0100].png,3088,5023,2308,1842,5780,5937,6833,1297,5428,4199,7,6,6,5,5,5,5,4,4,4
TCGA-A2-A3XY-DX1_xmin76297_ymin35510_MPP-0.2500+107[0100].png,6045,6960,6321,3637,4322,7819,5834,6702,2127,7459,7,6,5,5,5,5,5,5,5,4
TCGA-A2-A3XY-DX1_xmin76297_ymin35510_MPP-0.2500+108[0100].png,3088,7694,6795,1682,5780,7880,3637,131,6702,2308,15,13,5,5,5,5,5,5,4,4
TCGA-A2-A3XY-DX1_xmin76297_ymin35510_MPP-0.2500+10[0100].png,3088,2308,3526,4817,335,3024,1813,2226,781,7695,10,8,7,6,5,4,4,4,4,4
TCGA-A2-A3XY-DX1_xmin76297_ymin35510_MPP-0.2500+115[0100].png,3088,5392,2226,6702,4817,7694,3526,5428,5498,4430,11,8,7,6,6,6,5,5,5,5
TCGA-A2-A3XY-DX1_xmin76297_ymin35510_MPP-0.2500+116[0100].png,3088,1652,6833,693,3044,1836,2226,5344,7134,2062,7,6,5,5,5,5,4,4,4,4
TCGA-A2-A3XY-DX1_xmin76297_ymin35510_MPP-0.2500+117[0100].png,1652,7869,781,3088,3836,578,5428,7175,2967,2903,8,6,6,6,6,5,5,5,5,5
TCGA-A2-A3XY-DX1_xmin76297_ymin35510_MPP-0.2500+121[0100].png,5834,7694,2903,581,7189,4112,5098,237,5937,6321,8,8,6,6,5,5,5,5,5,5
TCGA-A2-A3XY-DX1_xmin76297_ymin35510_MPP-0.2500+122[0100].png,3088,7880,1654,7694,4817,5392,840,4112,3908,2308,11,7,7,6,6,6,5,5,5,4
TCGA-A2-A3XY-DX1_xmin76297_ymin35510_MPP-0.2500+129[0100].png,216,3088,2967,7694,3230,1836,2308,1652,4711,1842,9,9,8,7,6,6,6,6,6,6
TCGA-A2-A3XY-DX1_xmin76297_ymin35510_MPP-0.2500+12[0100].png,3088,6702,3024,5780,7165,4436,6657,3836,3526,3021,11,7,7,6,5,5,5,5,5,5
TCGA-A2-A3XY-DX1_xmin76297_ymin35510_MPP-0.2500+134[0100].png,3088,4817,6795,8066,1813,6702,1682,5780,331,1463,7,7,7,5,5,5,5,5,5,4
TCGA-A2-A3XY-DX1_xmin76297_ymin35510_MPP-0.2500+135[0100].png,4250,2308,5797,7175,6795,4711,216,7337,6045,8081,7,6,6,6,6,6,6,5,5,5
TCGA-A2-A3XY-DX1_xmin76297_ymin35510_MPP-0.2500+147[0100].png,3088,7694,6795,3836,237,901,1652,561,215,5203,13,9,7,6,6,5,5,5,5,5
TCGA-A2-A3XY-DX1_xmin76297_ymin35510_MPP-0.2500+148[0100].png,1682,3836,7869,4436,5780,6795,1297,6902,145,1869,9,8,6,5,5,5,5,5,4,4
TCGA-A2-A3XY-DX1_xmin76297_ymin35510_MPP-0.2500+160[0100].png,3088,4817,2226,237,4711,4160,6502,6702,7694,2903,12,7,7,6,6,6,5,5,5,5
TCGA-A2-A3XY-DX1_xmin76297_ymin35510_MPP-0.2500+161[0100].png,3088,5937,5428,1652,4436,6628,594,2226,3836,2967,6,6,5,5,5,5,5,5,5,5
TCGA-A2-A3XY-DX1_xmin76297_ymin35510_MPP-0.2500+172[0100].png,5937,3836,1297,4436,3434,5780,3044,3088,389,3526,8,6,6,6,5,5,5,5,5,5
TCGA-A2-A3XY-DX1_xmin76297_ymin35510_MPP-0.2500+181[0100].png,6795,3088,7880,2308,1652,5937,3026,4501,3209,4968,8,7,7,6,5,5,5,5,5,5
TCGA-A2-A3XY-DX1_xmin76297_ymin35510_MPP-0.2500+183[0100].png,5780,3088,4817,3526,3209,4160,6628,5392,7694,162,8,8,6,5,5,5,5,4,4,4
TCGA-A2-A3XY-DX1_xmin76297_ymin35510_MPP-0.2500+184[0100].png,3088,7694,2609,3836,7880,4711,8081,7957,4817,4322,8,8,6,6,6,5,5,4,4,4
TCGA-A2-A3XY-DX1_xmin76297_ymin35510_MPP-0.2500+185[0100].png,5097,3209,2226,3088,5702,5428,7024,1652,6678,1682,6,6,6,6,6,5,5,5,5,5
TCGA-A2-A3XY-DX1_xmin76297_ymin35510_MPP-0.2500+194[0100].png,4322,1716,5937,5999,830,3836,8081,1312,6171,7028,6,5,5,4,4,4,4,4,4,4
TCGA-A2-A3XY-DX1_xmin76297_ymin35510_MPP-0.2500+195[0100].png,3088,7134,3044,2194,4711,7175,3126,352,4311,495,8,6,6,6,5,5,5,5,5,5
TCGA-A2-A3XY-DX1_xmin76297_ymin35510_MPP-0.2500+196[0100].png,3088,3026,3209,4711,5912,5671,2870,5419,3126,1297,9,6,6,6,5,5,5,4,4,4
TCGA-A2-A3XY-DX1_xmin76297_ymin35510_MPP-0.2500+1[0100].png,7134,1772,7450,8081,5780,1109,1311,5834,1297,5428,5,5,5,5,4,4,4,4,4,4
TCGA-A2-A3XY-DX1_xmin76297_ymin35510_MPP-0.2500+203[0100].png,7694,8081,2430,4711,5194,495,915,6931,3088,5797,8,7,6,6,5,5,5,5,5,5
TCGA-A2-A3XY-DX1_xmin76297_ymin35510_MPP-0.2500+209[0100].png,5780,3088,8081,5834,1869,4711,1312,3024,4311,5428,10,9,9,7,6,6,5,5,5,5
TCGA-A2-A3XY-DX1_xmin76297_ymin35510_MPP-0.2500+213[0100].png,5937,3088,2967,2308,2226,5419,4817,1682,4711,7589,7,7,7,6,6,5,5,4,4,4
TCGA-A2-A3XY-DX1_xmin76297_ymin35510_MPP-0.2500+218[0100].png,2235,5937,8066,3088,7694,7853,8081,3209,1842,781,7,7,6,5,5,5,5,5,5,5
TCGA-A2-A3XY-DX1_xmin76297_ymin35510_MPP-0.2500+219[0100].png,4160,8081,4436,2308,3088,7695,1654,4817,7175,3230,7,6,5,5,5,4,4,4,4,4
TCGA-A2-A3XY-DX1_xmin76297_ymin35510_MPP-0.2500+22[0100].png,3088,7880,2308,3901,6754,4100,237,7129,4259,4340,10,7,6,4,4,4,4,4,4,4
TCGA-A2-A3XY-DX1_xmin76297_ymin35510_MPP-0.2500+23[0100].png,1836,4693,1682,5780,3088,4990,5301,162,4430,4443,7,6,5,5,5,4,4,4,4,4
TCGA-A2-A3XY-DX1_xmin76297_ymin35510_MPP-0.2500+24[0100].png,5428,5937,3088,3296,5797,581,145,4376,3637,5277,6,6,6,5,5,5,5,5,5,4
TCGA-A2-A3XY-DX1_xmin76297_ymin35510_MPP-0.2500+35[0100].png,3088,1357,7694,3526,1297,4711,5780,8148,1001,3230,8,7,7,7,7,7,6,5,4,4
TCGA-A2-A3XY-DX1_xmin76297_ymin35510_MPP-0.2500+36[0100].png,3088,4817,6121,3526,2977,693,335,2815,8081,3836,8,6,6,6,5,5,5,5,5,5
TCGA-A2-A3XY-DX1_xmin76297_ymin35510_MPP-0.2500+37[0100].png,3044,335,1297,1842,4911,2903,516,4160,215,974,6,5,5,5,5,4,4,4,4,4
TCGA-A2-A3XY-DX1_xmin76297_ymin35510_MPP-0.2500+38[0100].png,3088,5834,2308,3209,3836,4160,131,8081,6321,5797,10,6,6,5,5,5,5,5,4,4
TCGA-A2-A3XY-DX1_xmin76297_ymin35510_MPP-0.2500+39[0100].png,3088,5780,131,2308,7880,4968,5433,1652,7035,693,7,6,6,6,5,5,5,5,4,4
TCGA-A2-A3XY-DX1_xmin76297_ymin35510_MPP-0.2500+50[0100].png,6045,5392,6702,131,7694,2903,4250,4443,5498,7589,7,7,5,5,5,5,5,4,4,4
TCGA-A2-A3XY-DX1_xmin76297_ymin35510_MPP-0.2500+53[0100].png,4911,4711,5735,3500,7694,2870,6657,5780,2308,6321,6,6,6,5,5,5,5,5,5,4
TCGA-A2-A3XY-DX1_xmin76297_ymin35510_MPP-0.2500+54[0100].png,3088,1836,2870,7880,7694,1652,3836,2815,2766,7189,10,6,6,5,5,5,5,4,4,4
TCGA-A2-A3XY-DX1_xmin76297_ymin35510_MPP-0.2500+55[0100].png,7134,7694,2308,3088,5428,1977,3836,7589,6702,8081,8,7,6,6,6,6,5,5,5,5
TCGA-A2-A3XY-DX1_xmin76297_ymin35510_MPP-0.2500+70[0100].png,7694,3230,3088,3901,2308,7880,1682,215,216,1463,7,6,6,6,6,5,5,5,4,4
TCGA-A2-A3XY-DX1_xmin76297_ymin35510_MPP-0.2500+71[0100].png,3836,7694,3088,5392,7134,2766,131,4160,4593,2870,10,8,7,6,5,5,5,5,4,4
TCGA-A2-A3XY-DX1_xmin76297_ymin35510_MPP-0.2500+85[0100].png,1813,2226,5937,7028,1842,2977,6702,3230,7869,7694,7,6,6,5,5,5,5,4,4,4
TCGA-A2-A3XY-DX1_xmin76297_ymin35510_MPP-0.2500+86[0100].png,3088,3836,3908,335,3189,7880,7189,352,4711,131,11,8,7,6,6,5,5,5,5,5
TCGA-A7-A0CE-DX1_xmin58461_ymin18750_MPP-0.2500+104[0100].png,4817,2336,3088,515,516,1654,5797,1877,4711,5097,6,6,6,5,5,5,5,5,5,4
TCGA-A7-A0CE-DX1_xmin58461_ymin18750_MPP-0.2500+10[0100].png,1203,5166,7589,2308,7694,331,5872,6833,624,475,7,6,5,5,5,5,4,4,4,4
TCGA-A7-A0CE-DX1_xmin58461_ymin18750_MPP-0.2500+11[0100].png,3000,6678,7733,3527,932,331,5065,7357,7175,4340,5,5,5,5,5,4,4,4,4,4
TCGA-A7-A0CE-DX1_xmin58461_ymin18750_MPP-0.2500+12[0100].png,7694,1977,4430,5780,4369,4376,4817,6678,1440,1203,11,6,6,5,5,5,5,4,4,4
TCGA-A7-A0CE-DX1_xmin58461_ymin18750_MPP-0.2500+137[0100].png,7337,389,5780,3230,840,1357,1682,6711,1001,5797,6,5,5,4,4,4,4,4,4,4
TCGA-A7-A0CE-DX1_xmin58461_ymin18750_MPP-0.2500+138[0100].png,5428,2226,44,4817,7589,3088,693,2870,7134,8126,6,6,6,5,5,5,4,4,4,4
TCGA-A7-A0CE-DX1_xmin58461_ymin18750_MPP-0.2500+13[0100].png,7175,7733,1203,2751,2430,2756,6657,394,2308,7954,6,6,5,5,5,4,4,4,4,4
TCGA-A7-A0CE-DX1_xmin58461_ymin18750_MPP-0.2500+14[0100].png,3189,7032,4259,781,6121,8148,5834,7164,7589,1157,6,6,5,5,4,4,4,4,4,4
TCGA-A7-A0CE-DX1_xmin58461_ymin18750_MPP-0.2500+153[0100].png,1652,4322,6226,6192,1842,1357,2308,131,2756,7337,5,4,4,4,4,4,4,4,4,4
TCGA-A7-A0CE-DX1_xmin58461_ymin18750_MPP-0.2500+15[0100].png,2308,44,1813,3230,693,3836,2794,7175,7400,3961,7,6,5,5,5,4,4,4,4,4
TCGA-A7-A0CE-DX1_xmin58461_ymin18750_MPP-0.2500+288[0100].png,7540,7591,2967,3044,4711,1357,5213,8148,1508,5207,4,4,4,4,4,4,4,4,4,4
TCGA-A7-A0CE-DX1_xmin58461_ymin18750_MPP-0.2500+28[0100].png,516,6678,6227,1150,4290,1716,1977,1389,1203,3526,6,6,5,5,4,4,4,4,4,4
TCGA-A7-A0CE-DX1_xmin58461_ymin18750_MPP-0.2500+357[0100].png,1977,5797,2756,145,3088,5428,1716,7337,5780,4436,6,6,5,5,5,5,4,4,4,4
TCGA-A7-A0CE-DX1_xmin58461_ymin18750_MPP-0.2500+369[0100].png,131,3088,5097,4711,5166,3836,6628,1696,3728,915,7,7,5,5,5,5,4,4,4,4
TCGA-A7-A0CE-DX1_xmin58461_ymin18750_MPP-0.2500+47[0100].png,1836,5912,4322,8049,3000,145,7549,6121,7089,3487,6,6,6,6,5,5,5,5,5,4
TCGA-A7-A0CE-DX1_xmin58461_ymin18750_MPP-0.2500+48[0100].png,516,7880,389,1654,3526,7694,6121,5133,7032,6048,6,5,5,5,5,5,4,4,4,4
TCGA-A7-A0CE-DX1_xmin58461_ymin18750_MPP-0.2500+4[0100].png,1836,5872,6678,515,6657,4642,7941,3088,8081,7895,8,5,5,5,5,4,4,4,4,4
TCGA-A7-A0CE-DX1_xmin58461_ymin18750_MPP-0.2500+51[0100].png,389,1775,44,5912,6045,6521,1794,3088,6881,130,6,5,5,5,4,4,4,4,4,4
TCGA-A7-A0CE-DX1_xmin58461_ymin18750_MPP-0.2500+54[0100].png,3088,7175,4325,5424,6264,2766,5797,1508,1203,215,7,6,6,6,5,5,5,5,5,4
TCGA-A7-A0CE-DX1_xmin58461_ymin18750_MPP-0.2500+55[0100].png,1836,6902,3088,7880,2226,6628,7337,3836,1203,1654,8,6,5,5,5,4,4,4,4,4
TCGA-A7-A0CE-DX1_xmin58461_ymin18750_MPP-0.2500+56[0100].png,4685,4817,7357,4436,591,4150,6045,8165,148,8081,7,5,4,4,4,4,4,4,4,4
TCGA-A7-A0CE-DX1_xmin58461_ymin18750_MPP-0.2500+57[0100].png,4250,5797,3209,1842,130,216,453,1499,4259,6702,6,5,4,4,4,4,4,4,4,4
TCGA-A7-A0CE-DX1_xmin58461_ymin18750_MPP-0.2500+58[0100].png,2815,6628,3889,3619,5098,7175,6121,6137,215,2291,5,5,5,5,4,4,4,4,4,4
TCGA-A7-A0CE-DX1_xmin58461_ymin18750_MPP-0.2500+59[0100].png,1836,5780,1203,3908,4430,131,331,5101,3088,7212,7,6,5,5,5,4,4,4,4,4
TCGA-A7-A0CE-DX1_xmin58461_ymin18750_MPP-0.2500+60[0100].png,7357,5797,1813,2308,6628,389,331,1375,2115,162,5,5,5,4,4,4,4,4,4,4
TCGA-A7-A0CE-DX1_xmin58461_ymin18750_MPP-0.2500+61[0100].png,1813,2841,1203,3230,6595,516,5007,3870,8049,6652,6,6,5,5,4,4,4,4,4,4
TCGA-A7-A0CE-DX1_xmin58461_ymin18750_MPP-0.2500+62[0100].png,3189,3230,4261,2493,4538,2999,7750,5702,4250,546,7,6,5,5,5,4,4,4,4,4
TCGA-A7-A0CE-DX1_xmin58461_ymin18750_MPP-0.2500+63[0100].png,6960,7089,7899,1652,7353,4436,1460,331,352,4911,6,5,5,5,4,4,4,4,4,4
TCGA-A7-A0CE-DX1_xmin58461_ymin18750_MPP-0.2500+64[0100].png,5717,2967,4911,5780,1508,4325,3489,1373,3088,6137,4,4,4,4,4,4,4,4,4,4
TCGA-A7-A0CE-DX1_xmin58461_ymin18750_MPP-0.2500+66[0100].png,4817,3088,582,7880,5717,4711,6264,4914,2336,4642,6,6,5,5,5,5,5,4,4,4
TCGA-A7-A0CE-DX1_xmin58461_ymin18750_MPP-0.2500+67[0100].png,7591,794,516,3230,4199,3836,4436,7134,4430,3088,5,4,4,4,4,4,4,4,4,4
TCGA-A7-A0CE-DX1_xmin58461_ymin18750_MPP-0.2500+68[0100].png,2308,6628,3823,6814,5872,3,3000,958,1716,3189,6,5,5,4,4,4,4,4,4,4
TCGA-A7-A0CE-DX1_xmin58461_ymin18750_MPP-0.2500+69[0100].png,3000,3088,1833,516,1602,7738,4150,4642,1541,145,5,5,5,5,4,4,4,4,4,4
TCGA-A7-A0CE-DX1_xmin58461_ymin18750_MPP-0.2500+6[0100].png,1440,3230,5780,7175,7694,7835,6045,7899,7733,2278,7,6,5,5,5,5,5,4,4,4
TCGA-A7-A0CE-DX1_xmin58461_ymin18750_MPP-0.2500+70[0100].png,5344,5780,7134,4259,2493,145,6048,2184,124,335,6,5,5,5,5,5,5,4,4,4
TCGA-A7-A0CE-DX1_xmin58461_ymin18750_MPP-0.2500+71[0100].png,3088,693,389,7134,6595,1836,6045,2419,7089,7549,6,6,6,5,5,5,4,4,4,4
TCGA-A7-A0CE-DX1_xmin58461_ymin18750_MPP-0.2500+72[0100].png,915,1297,1977,3836,5741,4322,5834,2776,1357,2359,5,5,4,4,4,4,4,4,4,4
TCGA-A7-A0CE-DX1_xmin58461_ymin18750_MPP-0.2500+77[0100].png,1842,5780,7880,7078,6321,1357,516,2903,781,6480,6,5,4,4,4,4,4,4,4,3
TCGA-A7-A0CE-DX1_xmin58461_ymin18750_MPP-0.2500+7[0100].png,5872,2493,516,553,6702,4711,5065,594,6807,2841,6,6,5,5,4,4,4,4,4,4
TCGA-A7-A0CE-DX1_xmin58461_ymin18750_MPP-0.2500+80[0100].png,4911,7249,808,1026,6045,3026,3526,1008,1767,5717,6,5,5,4,4,4,4,4,4,4
TCGA-A7-A0CE-DX1_xmin58461_ymin18750_MPP-0.2500+81[0100].png,1203,4100,3526,516,4250,254,216,515,5097,5810,6,5,5,5,4,4,4,4,4,4
TCGA-A7-A0CE-DX1_xmin58461_ymin18750_MPP-0.2500+82[0100].png,7880,5603,781,1846,515,216,5606,4685,516,276,6,6,5,5,4,4,4,4,4,4
TCGA-A7-A0CE-DX1_xmin58461_ymin18750_MPP-0.2500+83[0100].png,5392,7694,2226,215,1794,6795,3836,6724,5344,4259,7,6,6,6,5,4,4,4,4,4
TCGA-A7-A0CE-DX1_xmin58461_ymin18750_MPP-0.2500+84[0100].png,3088,3836,7430,4376,2666,1836,5797,4622,7694,3526,6,4,4,4,4,4,4,4,4,4
TCGA-A7-A0CE-DX1_xmin58461_ymin18750_MPP-0.2500+85[0100].png,6137,581,1150,6960,7880,3088,2666,4160,1836,4685,5,5,4,4,4,4,4,4,4,4
TCGA-A7-A0CE-DX1_xmin58461_ymin18750_MPP-0.2500+86[0100].png,4817,7694,6480,3836,216,3904,2308,7695,725,3804,5,5,5,5,5,4,4,4,4,4
TCGA-A7-A0CE-DX1_xmin58461_ymin18750_MPP-0.2500+87[0100].png,5872,3526,7175,7694,3026,781,1836,3088,1312,4259,9,7,5,5,4,4,4,4,4,4
TCGA-A7-A0CE-DX1_xmin58461_ymin18750_MPP-0.2500+8[0100].png,6048,1775,145,1357,516,3088,3208,4817,1897,44,8,7,5,5,5,5,5,5,5,4
TCGA-A7-A0CE-DX1_xmin58461_ymin18750_MPP-0.2500+97[0100].png,8148,1373,632,4436,1836,516,4311,2308,7175,7024,8,5,5,5,5,5,4,4,4,4
TCGA-A7-A0CE-DX1_xmin58461_ymin18750_MPP-0.2500+98[0100].png,5433,3088,7089,5937,5065,4711,3836,693,2336,2766,6,6,5,5,5,4,4,4,4,4
TCGA-A7-A0DA-DX1_xmin43731_ymin18175_MPP-0.2500+102[0100].png,6724,1682,6702,3088,3836,4725,5392,5780,2700,237,8,7,6,6,5,5,4,4,4,4
TCGA-A7-A0DA-DX1_xmin43731_ymin18175_MPP-0.2500+109[0100].png,3026,5018,1905,5797,2756,5428,3728,5717,7880,4711,9,5,5,5,5,4,4,4,4,4
TCGA-A7-A0DA-DX1_xmin43731_ymin18175_MPP-0.2500+114[0100].png,3088,5603,7134,1836,3908,1508,8081,1389,5797,2336,9,7,7,6,5,5,5,5,5,5
TCGA-A7-A0DA-DX1_xmin43731_ymin18175_MPP-0.2500+115[0100].png,3298,44,5098,1842,4430,6293,5213,601,7352,3209,5,5,4,4,4,4,4,4,4,4
TCGA-A7-A0DA-DX1_xmin43731_ymin18175_MPP-0.2500+116[0100].png,6702,5686,2812,44,1001,5702,3527,8148,8110,2967,7,6,5,5,4,4,4,4,4,4
TCGA-A7-A0DA-DX1_xmin43731_ymin18175_MPP-0.2500+117[0100].png,2308,3026,3469,1869,5098,516,4527,5872,1966,5600,6,5,5,4,4,4,4,4,3,3
TCGA-A7-A0DA-DX1_xmin43731_ymin18175_MPP-0.2500+132[0100].png,1842,1297,7695,1682,3088,331,2308,6702,1312,901,8,6,5,5,5,5,4,4,4,4
TCGA-A7-A0DA-DX1_xmin43731_ymin18175_MPP-0.2500+141[0100].png,1836,3026,3000,2766,7957,6702,5023,591,7134,3044,6,5,5,5,5,4,4,4,4,4
TCGA-A7-A0DA-DX1_xmin43731_ymin18175_MPP-0.2500+142[0100].png,7604,5603,5735,7134,2308,6321,4215,1297,6999,4693,5,5,5,5,5,4,4,4,4,4
TCGA-A7-A0DA-DX1_xmin43731_ymin18175_MPP-0.2500+143[0100].png,1836,2766,1842,5834,3209,7134,1320,7880,4112,6702,9,7,7,7,6,6,6,6,5,5
TCGA-A7-A0DA-DX1_xmin43731_ymin18175_MPP-0.2500+144[0100].png,3088,7880,7134,1836,6782,145,4322,949,1008,2278,10,7,6,5,5,4,4,4,4,4
TCGA-A7-A0DA-DX1_xmin43731_ymin18175_MPP-0.2500+145[0100].png,7948,2766,4340,7134,4250,8148,6674,384,5133,8126,8,5,5,5,5,4,4,4,4,4
TCGA-A7-A0DA-DX1_xmin43731_ymin18175_MPP-0.2500+14[0100].png,3088,3836,6702,7189,2308,267,1297,3209,8082,5937,8,7,6,6,5,5,5,4,4,4
TCGA-A7-A0DA-DX1_xmin43731_ymin18175_MPP-0.2500+162[0100].png,5392,7694,267,1297,2430,3088,7589,1357,4430,1586,6,5,5,5,5,5,4,4,4,4
TCGA-A7-A0DA-DX1_xmin43731_ymin18175_MPP-0.2500+167[0100].png,601,4817,4711,6931,6812,7032,5797,5718,1297,5133,6,6,5,4,4,4,4,4,4,4
TCGA-A7-A0DA-DX1_xmin43731_ymin18175_MPP-0.2500+171[0100].png,4430,7134,131,5780,1682,5854,5999,6720,2308,2083,5,5,5,5,4,4,4,4,4,4
TCGA-A7-A0DA-DX1_xmin43731_ymin18175_MPP-0.2500+172[0100].png,3044,4080,1842,7134,5686,982,5717,4376,3836,5603,6,5,4,4,4,4,4,4,4,4
TCGA-A7-A0DA-DX1_xmin43731_ymin18175_MPP-0.2500+175[0100].png,7400,2278,3889,4080,131,1001,3088,5098,5213,5392,6,5,5,5,5,4,4,4,4,4
TCGA-A7-A0DA-DX1_xmin43731_ymin18175_MPP-0.2500+192[0100].png,2903,5428,3088,7694,5498,2226,1373,6702,7869,8081,7,7,7,6,6,6,5,5,5,4
TCGA-A7-A0DA-DX1_xmin43731_ymin18175_MPP-0.2500+193[0100].png,5392,836,3088,6192,982,2308,2336,44,1351,3836,7,6,5,5,5,5,5,4,4,4
TCGA-A7-A0DA-DX1_xmin43731_ymin18175_MPP-0.2500+194[0100].png,958,3088,2308,4430,5499,2756,7189,1992,594,5741,7,5,4,4,4,4,4,4,4,4
TCGA-A7-A0DA-DX1_xmin43731_ymin18175_MPP-0.2500+199[0100].png,2308,6960,5780,5039,4582,1654,3044,5797,4430,2870,13,6,6,5,5,5,5,5,4,4
TCGA-A7-A0DA-DX1_xmin43731_ymin18175_MPP-0.2500+200[0100].png,5603,5999,2308,6814,2336,4582,4080,5555,3088,4100,6,6,6,5,4,4,4,4,4,4
TCGA-A7-A0DA-DX1_xmin43731_ymin18175_MPP-0.2500+201[0100].png,4100,1602,7134,7430,840,2903,3000,6966,7589,594,6,5,5,5,5,5,4,4,4,4
TCGA-A7-A0DA-DX1_xmin43731_ymin18175_MPP-0.2500+202[0100].png,2194,131,7501,1836,901,4811,4430,8126,6192,2967,6,5,5,5,5,5,5,4,4,4
TCGA-A7-A0DA-DX1_xmin43731_ymin18175_MPP-0.2500+203[0100].png,2308,3900,6192,5780,5834,2766,4311,516,4430,4112,6,6,5,5,5,5,5,4,4,4
TCGA-A7-A0DA-DX1_xmin43731_ymin18175_MPP-0.2500+204[0100].png,131,145,6808,4430,5499,7134,3088,7165,2666,5810,6,5,5,5,5,5,5,4,4,4
TCGA-A7-A0DA-DX1_xmin43731_ymin18175_MPP-0.2500+205[0100].png,3526,3088,7695,267,3209,6720,5810,4160,2903,7195,5,5,5,5,5,5,4,4,4,4
TCGA-A7-A0DA-DX1_xmin43731_ymin18175_MPP-0.2500+206[0100].png,3088,6192,4711,7612,4259,2756,7400,7895,6222,7165,7,6,5,5,5,5,5,5,4,4
TCGA-A7-A0DA-DX1_xmin43731_ymin18175_MPP-0.2500+207[0100].png,2903,7222,5428,7189,4322,4817,3000,7165,468,3088,6,6,6,5,5,5,4,4,4,4
TCGA-A7-A0DA-DX1_xmin43731_ymin18175_MPP-0.2500+21[0100].png,3026,982,6321,7024,4990,958,2028,6045,7853,3527,9,7,5,5,5,5,4,4,4,4
TCGA-A7-A0DA-DX1_xmin43731_ymin18175_MPP-0.2500+221[0100].png,7948,3849,1357,836,44,3030,7024,3044,7694,6919,6,6,5,4,4,4,4,4,4,4
TCGA-A7-A0DA-DX1_xmin43731_ymin18175_MPP-0.2500+222[0100].png,7589,7501,1682,3908,6702,7880,7189,1297,3836,3526,8,7,6,6,6,6,6,6,5,5
TCGA-A7-A0DA-DX1_xmin43731_ymin18175_MPP-0.2500+223[0100].png,3088,4711,6192,7189,5780,1297,3189,6702,5428,5392,7,7,6,6,5,5,5,5,5,5
TCGA-A7-A0DA-DX1_xmin43731_ymin18175_MPP-0.2500+224[0100].png,4430,3044,7134,2308,7400,7589,594,1298,4725,6960,8,6,5,5,5,4,4,4,4,4
TCGA-A7-A0DA-DX1_xmin43731_ymin18175_MPP-0.2500+229[0100].png,6702,5999,2308,5603,2967,5701,1836,1389,1372,2801,6,5,5,5,5,4,4,4,4,4
TCGA-A7-A0DA-DX1_xmin43731_ymin18175_MPP-0.2500+22[0100].png,3026,3088,145,2870,6192,982,7189,7589,1357,1001,9,6,5,5,5,5,4,4,4,4
TCGA-A7-A0DA-DX1_xmin43731_ymin18175_MPP-0.2500+230[0100].png,1389,2308,7134,5392,2766,5603,2083,1836,4215,8110,7,6,6,6,6,6,5,5,4,4
TCGA-A7-A0DA-DX1_xmin43731_ymin18175_MPP-0.2500+231[0100].png,7134,2766,5780,145,5999,1836,2308,3841,6541,7604,9,6,6,6,6,5,5,5,5,4
TCGA-A7-A0DA-DX1_xmin43731_ymin18175_MPP-0.2500+232[0100].png,3088,6702,131,2308,3182,1836,6657,7134,4080,2751,15,8,6,6,5,5,5,5,4,4
TCGA-A7-A0DA-DX1_xmin43731_ymin18175_MPP-0.2500+233[0100].png,5937,840,6192,6702,4711,4430,5541,335,7089,2278,6,6,5,5,5,5,4,4,4,4
TCGA-A7-A0DA-DX1_xmin43731_ymin18175_MPP-0.2500+234[0100].png,8081,1842,3088,2967,6226,2194,3500,7651,6192,5671,6,6,6,5,5,5,5,4,4,4
TCGA-A7-A0DA-DX1_xmin43731_ymin18175_MPP-0.2500+235[0100].png,6702,3088,2308,4711,6521,3836,1463,735,4376,468,8,7,7,6,5,5,5,4,4,4
TCGA-A7-A0DA-DX1_xmin43731_ymin18175_MPP-0.2500+236[0100].png,4711,4430,1682,1836,6192,6754,131,3088,8110,7189,7,7,6,6,6,5,5,5,5,5
TCGA-A7-A0DA-DX1_xmin43731_ymin18175_MPP-0.2500+237[0100].png,3026,3209,2717,6807,2756,1357,1373,267,6054,7450,6,5,5,4,4,4,4,4,4,4
TCGA-A7-A0DA-DX1_xmin43731_ymin18175_MPP-0.2500+23[0100].png,5780,7694,335,34,7189,5392,2194,7733,982,4311,5,5,5,5,4,4,4,4,4,4
TCGA-A7-A0DA-DX1_xmin43731_ymin18175_MPP-0.2500+251[0100].png,5392,958,3088,1476,2977,5999,5843,3477,1569,1297,6,6,5,5,4,4,4,4,4,4
TCGA-A7-A0DA-DX1_xmin43731_ymin18175_MPP-0.2500+252[0100].png,8081,5392,254,3088,131,3230,1977,3247,4322,237,7,6,6,6,5,5,4,4,4,4
TCGA-A7-A0DA-DX1_xmin43731_ymin18175_MPP-0.2500+253[0100].png,3088,5834,6388,6702,237,7134,3209,7694,2870,3526,6,5,5,5,5,5,5,5,5,4
TCGA-A7-A0DA-DX1_xmin43731_ymin18175_MPP-0.2500+254[0100].png,2308,3889,1631,8081,5780,3586,3637,7880,1297,7134,9,6,5,5,5,5,5,5,5,4
TCGA-A7-A0DA-DX1_xmin43731_ymin18175_MPP-0.2500+256[0100].png,958,3836,1297,6807,131,3026,4965,2308,2609,915,6,5,5,5,5,4,4,4,4,4
TCGA-A7-A0DA-DX1_xmin43731_ymin18175_MPP-0.2500+258[0100].png,4080,7957,5023,1857,632,3088,7604,4947,7851,4194,5,5,5,5,5,5,4,4,4,4
TCGA-A7-A0DA-DX1_xmin43731_ymin18175_MPP-0.2500+259[0100].png,2308,1842,1389,131,7134,3637,3836,468,2812,7916,8,7,7,6,6,5,5,5,4,4
TCGA-A7-A0DA-DX1_xmin43731_ymin18175_MPP-0.2500+260[0100].png,7134,4100,2766,5834,5912,8081,958,2870,5879,2977,7,6,6,6,5,5,4,4,4,4
TCGA-A7-A0DA-DX1_xmin43731_ymin18175_MPP-0.2500+261[0100].png,4430,1977,1476,237,7089,8013,1384,5735,4160,2336,5,5,5,5,5,4,4,4,4,4
TCGA-A7-A0DA-DX1_xmin43731_ymin18175_MPP-0.2500+262[0100].png,3088,6814,2308,7189,4817,7134,5735,2336,8082,7089,7,6,6,5,5,5,5,5,4,4
TCGA-A7-A0DA-DX1_xmin43731_ymin18175_MPP-0.2500+263[0100].png,8148,3088,7024,6192,5392,1977,5834,2308,5780,3044,7,7,6,5,5,4,4,4,4,4
TCGA-A7-A0DA-DX1_xmin43731_ymin18175_MPP-0.2500+264[0100].png,4430,7880,7189,1297,3836,6892,4376,1842,2308,3088,7,7,6,6,5,5,5,5,5,4
TCGA-A7-A0DA-DX1_xmin43731_ymin18175_MPP-0.2500+265[0100].png,1977,1842,4817,7032,267,8081,2194,2319,4425,6276,6,6,6,5,5,5,4,4,4,4
TCGA-A7-A0DA-DX1_xmin43731_ymin18175_MPP-0.2500+266[0100].png,3088,2308,2194,7134,7089,6702,3189,5946,1836,5344,8,7,6,5,5,5,5,4,4,4
TCGA-A7-A0DA-DX1_xmin43731_ymin18175_MPP-0.2500+281[0100].png,4311,958,5797,1297,3189,3088,4376,2686,7674,1235,6,6,6,5,5,5,5,4,4,4
TCGA-A7-A0DA-DX1_xmin43731_ymin18175_MPP-0.2500+282[0100].png,131,3088,1652,2903,6724,2308,6226,5097,7189,1842,7,6,6,6,6,5,5,5,4,4
TCGA-A7-A0DA-DX1_xmin43731_ymin18175_MPP-0.2500+283[0100].png,3088,3836,3526,131,2308,8081,1312,5392,5797,5806,12,8,8,7,6,5,5,5,5,5
TCGA-A7-A0DA-DX1_xmin43731_ymin18175_MPP-0.2500+284[0100].png,1357,2870,237,3088,4947,7957,2308,7880,3044,840,7,6,6,6,6,6,6,5,5,5
TCGA-A7-A0DA-DX1_xmin43731_ymin18175_MPP-0.2500+285[0100].png,2308,6702,7337,773,5806,4711,2766,131,1063,7032,8,7,6,5,5,5,5,4,4,4
TCGA-A7-A0DA-DX1_xmin43731_ymin18175_MPP-0.2500+286[0100].png,3088,8081,7189,3526,3114,2458,2299,7540,6702,3230,7,7,6,5,4,4,4,4,4,4
TCGA-A7-A0DA-DX1_xmin43731_ymin18175_MPP-0.2500+287[0100].png,2308,7189,2766,1389,3088,2751,7134,7024,3209,1877,8,7,6,5,5,5,5,4,4,4
TCGA-A7-A0DA-DX1_xmin43731_ymin18175_MPP-0.2500+288[0100].png,7024,2308,6388,7134,8148,7589,4080,4160,5912,3346,6,5,5,4,4,4,4,4,4,4
TCGA-A7-A0DA-DX1_xmin43731_ymin18175_MPP-0.2500+289[0100].png,2194,2308,2180,5780,2766,4582,1472,4160,515,5098,6,5,5,5,4,4,4,4,4,4
TCGA-A7-A0DA-DX1_xmin43731_ymin18175_MPP-0.2500+290[0100].png,3088,4430,2319,3000,4278,2766,7189,7175,1312,2588,7,6,5,5,5,5,5,5,4,4
TCGA-A7-A0DA-DX1_xmin43731_ymin18175_MPP-0.2500+291[0100].png,4711,1842,267,4100,6388,6192,1351,3209,131,130,6,5,5,4,4,4,4,4,4,4
TCGA-A7-A0DA-DX1_xmin43731_ymin18175_MPP-0.2500+292[0100].png,836,4691,7695,1373,5797,2308,5392,4430,4947,3088,7,5,5,5,5,5,5,5,5,5
TCGA-A7-A0DA-DX1_xmin43731_ymin18175_MPP-0.2500+293[0100].png,5392,5780,4311,3526,1682,7694,4711,5611,3728,1833,6,6,6,5,5,5,5,4,4,4
TCGA-A7-A0DA-DX1_xmin43731_ymin18175_MPP-0.2500+294[0100].png,3088,4711,4436,7400,6571,7165,7032,1842,3026,5213,7,7,5,5,5,5,5,5,5,4
TCGA-A7-A0DA-DX1_xmin43731_ymin18175_MPP-0.2500+295[0100].png,7134,5834,594,3088,4711,7501,2336,3209,131,6814,9,8,6,5,5,5,4,4,4,4
TCGA-A7-A0DA-DX1_xmin43731_ymin18175_MPP-0.2500+29[0100].png,7948,5780,5213,958,1569,2083,6137,2686,1476,982,8,5,4,4,4,4,4,4,4,4
TCGA-A7-A0DA-DX1_xmin43731_ymin18175_MPP-0.2500+312[0100].png,7948,3088,7134,7501,7165,7695,4725,2308,2876,5428,7,7,6,5,5,5,5,5,5,5
TCGA-A7-A0DA-DX1_xmin43731_ymin18175_MPP-0.2500+313[0100].png,6795,5834,2308,7134,3088,1682,7089,1977,3209,840,8,7,7,7,7,5,5,5,5,5
TCGA-A7-A0DA-DX1_xmin43731_ymin18175_MPP-0.2500+314[0100].png,3088,2308,1682,131,5780,4593,7880,237,1297,4080,10,8,8,7,5,5,5,5,5,4
TCGA-A7-A0DA-DX1_xmin43731_ymin18175_MPP-0.2500+315[0100].png,3088,3836,3526,3026,4080,6979,7134,2751,5023,4436,11,8,7,6,6,5,5,5,5,4
TCGA-A7-A0DA-DX1_xmin43731_ymin18175_MPP-0.2500+316[0100].png,2308,7134,1297,3088,4950,5834,2021,5780,5999,2756,8,6,5,5,5,5,4,4,4,4
TCGA-A7-A0DA-DX1_xmin43731_ymin18175_MPP-0.2500+317[0100].png,1836,6814,6193,131,4430,7694,2326,7589,3209,2812,6,6,5,5,5,5,5,5,4,4
TCGA-A7-A0DA-DX1_xmin43731_ymin18175_MPP-0.2500+318[0100].png,2308,6192,7694,7134,34,6979,6509,6217,8110,6633,11,7,5,5,5,5,5,4,4,4
TCGA-A7-A0DA-DX1_xmin43731_ymin18175_MPP-0.2500+319[0100].png,2308,131,7189,1654,1357,3000,7134,6045,515,5098,9,8,7,5,5,5,5,4,4,4
TCGA-A7-A0DA-DX1_xmin43731_ymin18175_MPP-0.2500+320[0100].png,2666,335,4725,7357,5611,516,7129,4711,5007,4693,5,4,4,4,4,4,4,4,4,4
TCGA-A7-A0DA-DX1_xmin43731_ymin18175_MPP-0.2500+321[0100].png,44,6902,7189,5810,3088,7165,5913,4436,1842,3268,5,5,5,5,5,5,4,4,4,4
TCGA-A7-A0DA-DX1_xmin43731_ymin18175_MPP-0.2500+322[0100].png,3526,6702,6226,7134,4711,7189,8148,8144,7880,2308,8,5,5,5,5,5,5,4,4,4
TCGA-A7-A0DA-DX1_xmin43731_ymin18175_MPP-0.2500+323[0100].png,6807,4376,958,2308,3044,7612,3477,7694,6720,1109,5,5,5,5,5,4,4,4,4,4
TCGA-A7-A0DA-DX1_xmin43731_ymin18175_MPP-0.2500+324[0100].png,131,3088,3230,958,3889,7501,5603,1767,7733,2326,8,7,7,5,5,5,5,4,4,4
TCGA-A7-A0DA-DX1_xmin43731_ymin18175_MPP-0.2500+341[0100].png,7948,6226,3127,4980,6321,3526,778,2977,6724,4322,7,6,5,5,5,5,5,4,4,4
TCGA-A7-A0DA-DX1_xmin43731_ymin18175_MPP-0.2500+342[0100].png,1001,7134,2308,3230,131,7189,5834,4725,1682,6795,6,6,6,6,5,5,5,5,5,4
TCGA-A7-A0DA-DX1_xmin43731_ymin18175_MPP-0.2500+343[0100].png,131,3088,3908,7134,7957,7189,5428,5912,2903,6702,8,8,7,7,6,6,5,5,5,5
TCGA-A7-A0DA-DX1_xmin43731_ymin18175_MPP-0.2500+344[0100].png,4100,6192,2967,4112,7880,3088,6208,1977,4691,2751,7,7,6,6,5,5,5,5,5,5
TCGA-A7-A0DA-DX1_xmin43731_ymin18175_MPP-0.2500+345[0100].png,3088,7880,7189,7134,131,7694,5097,6595,4911,4150,12,7,6,6,5,5,4,4,4,4
TCGA-A7-A0DA-DX1_xmin43731_ymin18175_MPP-0.2500+346[0100].png,3088,2308,6702,2278,7134,237,7442,5065,1682,4430,8,7,6,5,5,5,5,4,4,4
TCGA-A7-A0DA-DX1_xmin43731_ymin18175_MPP-0.2500+347[0100].png,2308,3024,7134,5834,4376,2083,6702,4833,2990,2776,8,7,6,5,5,5,4,4,4,4
TCGA-A7-A0DA-DX1_xmin43731_ymin18175_MPP-0.2500+371[0100].png,7948,958,3849,2320,6045,2666,5780,7028,4843,2588,12,7,6,6,6,5,5,5,5,5
TCGA-A7-A0DA-DX1_xmin43731_ymin18175_MPP-0.2500+372[0100].png,1389,5780,2308,5834,7134,8081,1297,6960,6045,7769,8,7,7,7,6,6,6,5,5,4
TCGA-A7-A0DA-DX1_xmin43731_ymin18175_MPP-0.2500+373[0100].png,131,7880,3823,1357,6702,2493,7134,2308,2812,44,7,6,6,6,5,5,5,5,5,5
TCGA-A7-A0DA-DX1_xmin43731_ymin18175_MPP-0.2500+374[0100].png,7134,3088,131,7189,1836,5428,1682,4691,4112,4080,9,6,6,6,5,5,4,4,4,4
TCGA-A7-A0DA-DX1_xmin43731_ymin18175_MPP-0.2500+375[0100].png,2308,7134,6979,5834,3088,2278,6808,1977,4205,3209,7,7,6,6,6,5,5,5,4,4
TCGA-A7-A0DA-DX1_xmin43731_ymin18175_MPP-0.2500+376[0100].png,3088,840,817,1312,8126,4160,1389,2967,5065,4711,6,5,5,5,5,5,4,4,4,4
TCGA-A7-A0DA-DX1_xmin43731_ymin18175_MPP-0.2500+387[0100].png,4817,794,34,693,3088,3230,4430,6354,3026,4376,5,5,4,4,4,4,4,4,4,4
TCGA-A7-A0DA-DX1_xmin43731_ymin18175_MPP-0.2500+401[0100].png,7948,3889,4436,8101,601,3836,6045,2903,1911,778,9,6,6,5,5,5,5,5,5,4
TCGA-A7-A0DA-DX1_xmin43731_ymin18175_MPP-0.2500+402[0100].png,7589,7694,6192,3088,3836,2308,840,335,9,7134,9,8,8,7,6,6,6,5,5,4
TCGA-A7-A0DA-DX1_xmin43731_ymin18175_MPP-0.2500+403[0100].png,2308,7134,3889,6702,5392,5098,6192,7694,5834,1836,10,8,7,6,6,6,5,4,4,4
TCGA-A7-A0DA-DX1_xmin43731_ymin18175_MPP-0.2500+404[0100].png,2308,5603,2870,2903,7134,5499,8148,3088,4376,3836,15,6,6,6,5,4,4,4,4,4
TCGA-A7-A0DA-DX1_xmin43731_ymin18175_MPP-0.2500+415[0100].png,1842,1977,6045,6809,1476,267,697,6905,6807,4160,9,6,6,6,5,5,5,4,4,4
TCGA-A7-A0DA-DX1_xmin43731_ymin18175_MPP-0.2500+416[0100].png,2308,7134,1297,5797,3349,6902,5499,22,7175,2666,7,5,4,4,4,4,4,4,4,4
TCGA-A7-A0DA-DX1_xmin43731_ymin18175_MPP-0.2500+417[0100].png,3088,7895,4711,3469,1682,8110,4322,3026,7134,3619,6,6,6,5,5,5,5,5,4,4
TCGA-A7-A0DA-DX1_xmin43731_ymin18175_MPP-0.2500+431[0100].png,8013,7249,3000,6217,3044,7880,3088,1813,5561,7134,7,7,5,5,5,5,5,5,5,5
TCGA-A7-A0DA-DX1_xmin43731_ymin18175_MPP-0.2500+432[0100].png,7134,2308,2766,840,1836,3209,3088,5912,5023,2018,13,10,7,7,6,6,6,5,5,4
TCGA-A7-A0DA-DX1_xmin43731_ymin18175_MPP-0.2500+433[0100].png,2308,3526,5047,3088,4593,7880,5834,7134,958,840,11,6,6,6,5,5,5,5,5,5
TCGA-A7-A0DA-DX1_xmin43731_ymin18175_MPP-0.2500+434[0100].png,2308,131,3088,8081,3637,267,7880,5780,3176,5834,8,8,7,7,6,6,5,5,5,5
TCGA-A7-A0DA-DX1_xmin43731_ymin18175_MPP-0.2500+446[0100].png,7647,2756,5810,2666,267,6809,3000,2493,254,4711,7,6,6,5,5,4,4,4,4,4
TCGA-A7-A0DA-DX1_xmin43731_ymin18175_MPP-0.2500+447[0100].png,1297,4322,2756,4311,7694,4492,2876,3026,8013,2140,6,5,5,5,5,4,4,4,4,4
TCGA-A7-A0DA-DX1_xmin43731_ymin18175_MPP-0.2500+461[0100].png,2308,2226,7589,7189,371,5561,7916,553,2477,8013,13,8,5,5,5,4,4,4,4,4
TCGA-A7-A0DA-DX1_xmin43731_ymin18175_MPP-0.2500+462[0100].png,4080,6702,3088,3908,7134,8148,3209,3438,3230,693,6,6,5,5,5,4,4,4,4,4
TCGA-A7-A0DA-DX1_xmin43731_ymin18175_MPP-0.2500+463[0100].png,7134,3088,4100,8148,3526,5717,1836,5735,7189,1977,9,9,6,6,6,5,5,4,4,4
TCGA-A7-A0DA-DX1_xmin43731_ymin18175_MPP-0.2500+464[0100].png,2308,335,5999,2977,7880,3000,4080,1877,2249,8081,7,7,6,6,5,4,4,4,4,4
TCGA-A7-A0DA-DX1_xmin43731_ymin18175_MPP-0.2500+477[0100].png,773,5834,3088,1842,237,3209,1679,2235,3836,6724,5,5,5,5,5,4,4,4,4,4
TCGA-A7-A0DA-DX1_xmin43731_ymin18175_MPP-0.2500+478[0100].png,6702,4693,982,7649,7357,3026,1682,7189,2997,3619,6,5,5,5,5,5,5,4,4,4
TCGA-A7-A0DA-DX1_xmin43731_ymin18175_MPP-0.2500+479[0100].png,3836,516,4430,958,1357,2223,5235,150,7880,3088,6,5,5,5,5,4,4,4,4,4
TCGA-A7-A0DA-DX1_xmin43731_ymin18175_MPP-0.2500+491[0100].png,3526,958,6321,2801,7134,131,237,1001,2308,8190,12,8,7,7,7,6,5,5,5,5
TCGA-A7-A0DA-DX1_xmin43731_ymin18175_MPP-0.2500+492[0100].png,7134,3088,7880,2308,267,1682,6702,5797,4430,3209,11,8,6,6,5,5,5,5,5,4
TCGA-A7-A0DA-DX1_xmin43731_ymin18175_MPP-0.2500+493[0100].png,2308,7134,3088,7948,5860,6720,131,4100,2751,5999,8,7,7,6,5,5,5,5,4,4
TCGA-A7-A0DA-DX1_xmin43731_ymin18175_MPP-0.2500+494[0100].png,3088,7134,7880,4711,1836,7694,389,4377,5702,2815,6,6,5,5,5,4,4,4,4,4
TCGA-A7-A0DA-DX1_xmin43731_ymin18175_MPP-0.2500+508[0100].png,6702,4711,7824,8144,7694,5780,5834,2977,1373,958,8,7,6,5,5,5,5,5,4,4
TCGA-A7-A0DA-DX1_xmin43731_ymin18175_MPP-0.2500+509[0100].png,7694,7175,267,4711,7189,1351,2308,7212,1367,2278,6,5,5,5,5,5,4,4,4,4
TCGA-A7-A0DA-DX1_xmin43731_ymin18175_MPP-0.2500+520[0100].png,2308,7134,131,7589,5023,2766,3526,5392,2776,5428,8,7,7,5,5,5,5,5,4,4
TCGA-A7-A0DA-DX1_xmin43731_ymin18175_MPP-0.2500+521[0100].png,7134,2308,1682,3088,2493,8081,2703,321,2400,3526,10,7,7,7,6,5,4,4,4,4
TCGA-A7-A0DA-DX1_xmin43731_ymin18175_MPP-0.2500+522[0100].png,7134,7880,2308,1836,6192,5912,6795,2812,2493,5023,8,7,6,6,5,5,5,5,4,4
TCGA-A7-A0DA-DX1_xmin43731_ymin18175_MPP-0.2500+523[0100].png,2308,1476,5344,1682,5098,6808,7591,7937,5392,1977,7,5,5,5,5,4,4,4,4,4
TCGA-A7-A0DA-DX1_xmin43731_ymin18175_MPP-0.2500+538[0100].png,3526,3088,5203,4436,7400,7612,145,4143,6724,4817,9,6,5,5,5,4,4,4,4,4
TCGA-A7-A0DA-DX1_xmin43731_ymin18175_MPP-0.2500+549[0100].png,7134,2308,4250,2903,3209,1877,1413,6702,7880,1813,8,7,5,5,4,4,4,4,4,4
TCGA-A7-A0DA-DX1_xmin43731_ymin18175_MPP-0.2500+550[0100].png,7134,5717,2194,2967,2903,5023,7880,5098,2308,5834,7,6,6,6,5,5,5,5,5,4
TCGA-A7-A0DA-DX1_xmin43731_ymin18175_MPP-0.2500+551[0100].png,1682,3088,6702,6321,131,5023,6388,7134,6979,2083,8,8,7,6,6,6,5,5,5,5
TCGA-A7-A0DA-DX1_xmin43731_ymin18175_MPP-0.2500+577[0100].png,7134,4100,6192,4430,1836,958,1384,3088,237,3526,9,8,7,7,6,5,5,5,4,4
TCGA-A7-A0DA-DX1_xmin43731_ymin18175_MPP-0.2500+578[0100].png,1842,7589,3088,131,7880,1836,840,2083,4001,2308,7,7,6,6,5,5,5,5,5,5
TCGA-A7-A0DA-DX1_xmin43731_ymin18175_MPP-0.2500+579[0100].png,5797,840,6192,5735,7134,2756,4430,1977,3526,7589,6,5,5,5,4,4,4,4,4,4
TCGA-A7-A0DA-DX1_xmin43731_ymin18175_MPP-0.2500+596[0100].png,2320,6226,958,4843,7948,2943,3088,7819,7134,6634,7,6,6,5,5,5,5,5,5,4
TCGA-A7-A0DA-DX1_xmin43731_ymin18175_MPP-0.2500+59[0100].png,3823,3296,7880,3722,5611,6727,2766,3870,3527,3526,6,5,4,4,4,4,4,4,4,4
TCGA-A7-A0DA-DX1_xmin43731_ymin18175_MPP-0.2500+71[0100].png,7948,7895,2308,6960,958,3836,7189,3088,6702,7733,6,6,5,5,5,5,5,5,5,4
TCGA-A7-A0DA-DX1_xmin43731_ymin18175_MPP-0.2500+72[0100].png,3836,4711,958,131,840,2308,7733,2756,4725,6702,6,6,5,5,5,5,5,5,4,4
TCGA-A7-A0DA-DX1_xmin43731_ymin18175_MPP-0.2500+79[0100].png,2308,3026,8148,840,3526,4911,5611,915,7165,2756,5,4,4,4,4,4,4,4,4,4
TCGA-A7-A0DA-DX1_xmin43731_ymin18175_MPP-0.2500+84[0100].png,3088,7134,5098,553,162,516,3836,6905,2198,7895,5,4,4,4,4,4,4,4,4,4
TCGA-A7-A0DA-DX1_xmin43731_ymin18175_MPP-0.2500+88[0100].png,7134,2308,3000,4642,6321,5603,1767,3026,5094,7733,5,5,4,4,4,4,4,4,4,4
TCGA-A7-A0DA-DX1_xmin43731_ymin18175_MPP-0.2500+89[0100].png,3088,5780,4691,4311,7134,4199,6830,4990,215,4259,7,5,5,5,5,4,4,4,4,4
TCGA-A7-A26F-DX1_xmin72969_ymin11489_MPP-0.2500+415[0100].png,7835,6588,1842,5018,8148,3526,901,7957,1624,935,7,5,5,5,4,4,4,4,4,4
TCGA-A7-A26F-DX1_xmin72969_ymin11489_MPP-0.2500+416[0100].png,4322,6321,4377,4430,2083,5741,2756,6995,3346,1716,6,5,5,4,4,4,4,4,4,4
TCGA-A7-A26F-DX1_xmin72969_ymin11489_MPP-0.2500+435[0100].png,7835,5428,794,7694,7249,3000,7549,5937,8066,145,7,7,6,6,5,4,4,4,4,4
TCGA-A7-A26F-DX1_xmin72969_ymin11489_MPP-0.2500+448[0100].png,3526,6173,4311,6321,3209,7549,5763,2919,3836,1476,6,5,4,4,4,4,4,4,4,4
TCGA-A7-A26I-DX1_xmin9689_ymin25668_MPP-0.2500+102[0100].png,3088,6702,1842,3209,5097,6724,2308,2967,7400,6674,10,7,6,6,5,5,5,5,5,4
TCGA-A7-A26I-DX1_xmin9689_ymin25668_MPP-0.2500+112[0100].png,4430,1842,5603,7134,4160,3836,34,3189,3088,3637,9,6,5,5,5,5,5,5,5,5
TCGA-A7-A26I-DX1_xmin9689_ymin25668_MPP-0.2500+120[0100].png,6137,5203,3836,3209,1842,2540,2801,2903,4833,2083,4,4,4,4,4,4,4,4,4,4
TCGA-A7-A26I-DX1_xmin9689_ymin25668_MPP-0.2500+121[0100].png,6814,2308,4430,6657,8081,6678,1312,8148,3209,5780,7,6,5,5,5,5,5,4,4,4
TCGA-A7-A26I-DX1_xmin9689_ymin25668_MPP-0.2500+122[0100].png,5603,4100,3477,1836,9,5555,4998,2308,1842,6126,6,5,5,5,5,4,4,4,4,4
TCGA-A7-A26I-DX1_xmin9689_ymin25668_MPP-0.2500+48[0100].png,6702,7189,7895,5203,1297,3836,5780,6724,1842,2977,8,7,6,6,5,5,4,4,4,4
TCGA-A7-A26I-DX1_xmin9689_ymin25668_MPP-0.2500+58[0100].png,8081,5717,7694,5392,4711,8110,1001,2540,594,1417,6,6,6,5,5,5,4,4,4,4
TCGA-A7-A26I-DX1_xmin9689_ymin25668_MPP-0.2500+63[0100].png,2903,4711,3908,4947,2194,4430,2336,2666,898,840,6,5,5,4,4,4,4,4,4,4
TCGA-A7-A26I-DX1_xmin9689_ymin25668_MPP-0.2500+68[0100].png,3836,2666,4817,5392,7134,3675,5797,6388,3526,7880,11,7,6,5,5,5,4,4,4,4
TCGA-A7-A26I-DX1_xmin9689_ymin25668_MPP-0.2500+69[0100].png,7694,1312,7189,4725,6782,1842,4817,6960,7166,6702,6,6,5,5,5,5,4,4,4,4
TCGA-A7-A26I-DX1_xmin9689_ymin25668_MPP-0.2500+73[0100].png,4376,7694,5392,131,3088,5101,3628,7695,7078,6702,7,6,6,6,5,5,4,4,4,4
TCGA-A7-A26I-DX1_xmin9689_ymin25668_MPP-0.2500+78[0100].png,4817,131,3088,4685,5023,7869,3044,7164,237,1842,5,5,5,4,4,4,4,4,4,4
TCGA-A7-A26I-DX1_xmin9689_ymin25668_MPP-0.2500+79[0100].png,4711,7189,1297,2226,7694,6966,3088,4080,2666,5392,6,5,5,4,4,4,4,4,4,4
TCGA-A7-A26I-DX1_xmin9689_ymin25668_MPP-0.2500+83[0100].png,3526,3088,1842,7189,4199,5701,2326,6702,2963,2336,7,7,6,5,4,4,4,4,4,4
TCGA-A7-A26I-DX1_xmin9689_ymin25668_MPP-0.2500+93[0100].png,2903,1977,5780,2967,5428,7212,3088,3526,7591,3230,6,6,5,5,5,5,5,5,4,4
TCGA-A7-A26I-DX1_xmin9689_ymin25668_MPP-0.2500+94[0100].png,2870,1389,131,5392,8041,3637,2685,7612,2278,840,6,5,5,5,5,4,4,4,4,4
TCGA-A7-A5ZV-DX1_xmin103009_ymin26581_MPP-0.2500+60[0100].png,131,3209,3836,8110,6292,7089,2021,7694,4430,4811,5,4,4,4,4,4,4,4,4,3
TCGA-A7-A5ZV-DX1_xmin103009_ymin26581_MPP-0.2500+69[0100].png,3088,4691,5810,3836,5780,5717,4322,1992,2870,4250,6,5,5,5,5,4,4,4,4,4
TCGA-A7-A5ZV-DX1_xmin103009_ymin26581_MPP-0.2500+70[0100].png,5097,4711,4430,2083,1312,3088,1508,4112,3836,131,6,6,6,6,6,6,5,5,5,5
TCGA-A7-A5ZV-DX1_xmin103009_ymin26581_MPP-0.2500+79[0100].png,6902,6782,3088,5780,4430,254,2083,4654,982,4711,5,5,5,5,5,4,4,4,4,4
TCGA-A7-A5ZV-DX1_xmin103009_ymin26581_MPP-0.2500+80[0100].png,3209,331,1357,5999,5527,1312,915,7189,2102,1297,7,6,5,4,4,4,4,4,4,4
TCGA-A7-A5ZV-DX1_xmin103009_ymin26581_MPP-0.2500+87[0100].png,335,5834,4160,1869,8041,3088,2651,371,6428,781,7,6,5,5,5,5,4,4,4,4
TCGA-A7-A5ZV-DX1_xmin103009_ymin26581_MPP-0.2500+88[0100].png,145,4250,8082,331,8190,5913,6902,131,2000,6809,6,6,5,5,5,5,5,5,4,4
TCGA-A7-A6VV-DX1_xmin48674_ymin37475_MPP-0.2500+100[0100].png,3088,2308,4833,335,1836,1682,1297,4711,1357,3114,7,6,5,5,5,5,5,5,4,4
TCGA-A7-A6VV-DX1_xmin48674_ymin37475_MPP-0.2500+101[0100].png,3088,3526,1357,5392,1977,1842,1624,2336,335,1320,8,6,5,5,5,5,4,4,4,4
TCGA-A7-A6VV-DX1_xmin48674_ymin37475_MPP-0.2500+114[0100].png,3088,2870,4622,6657,3836,1157,1652,5392,168,5097,7,6,6,6,5,5,5,5,5,4
TCGA-A7-A6VV-DX1_xmin48674_ymin37475_MPP-0.2500+122[0100].png,3088,5716,5834,7024,5007,3189,7134,1977,2476,2062,7,7,6,5,5,5,5,4,4,4
TCGA-A7-A6VV-DX1_xmin48674_ymin37475_MPP-0.2500+125[0100].png,2308,3088,1297,5392,3526,2766,8148,5344,5780,7134,7,7,6,6,6,6,5,5,5,5
TCGA-A7-A6VV-DX1_xmin48674_ymin37475_MPP-0.2500+126[0100].png,3088,6655,8081,1716,1373,5392,215,145,3044,5834,9,5,5,4,4,4,4,4,4,4
TCGA-A7-A6VV-DX1_xmin48674_ymin37475_MPP-0.2500+134[0100].png,3088,6795,5780,5428,3618,7134,2308,7032,1842,7957,8,6,6,5,5,5,5,5,5,5
TCGA-A7-A6VV-DX1_xmin48674_ymin37475_MPP-0.2500+136[0100].png,3088,7134,4430,7400,3114,6702,5741,4160,335,1357,12,6,5,5,5,5,5,5,4,4
TCGA-A7-A6VV-DX1_xmin48674_ymin37475_MPP-0.2500+137[0100].png,3088,8148,1813,1682,3189,1836,7091,1967,6833,7649,9,7,5,5,5,4,4,4,4,4
TCGA-A7-A6VV-DX1_xmin48674_ymin37475_MPP-0.2500+138[0100].png,1836,6919,3088,5392,4160,4108,7129,3230,7957,5428,6,6,5,5,5,5,4,4,4,4
TCGA-A7-A6VV-DX1_xmin48674_ymin37475_MPP-0.2500+140[0100].png,3088,4817,632,267,2308,6902,3836,5392,5780,958,9,6,6,5,5,4,4,4,4,4
TCGA-A7-A6VV-DX1_xmin48674_ymin37475_MPP-0.2500+144[0100].png,1842,3044,8081,3527,162,3836,7089,1836,7694,4430,8,6,6,6,5,5,5,5,5,5
TCGA-A7-A6VV-DX1_xmin48674_ymin37475_MPP-0.2500+145[0100].png,6388,44,5834,4817,2326,7694,2967,4376,516,7430,7,7,7,6,6,5,4,4,4,4
TCGA-A7-A6VV-DX1_xmin48674_ymin37475_MPP-0.2500+14[0100].png,168,7880,1297,3526,2226,131,3209,3836,3127,935,6,5,5,5,5,5,4,4,4,4
TCGA-A7-A6VV-DX1_xmin48674_ymin37475_MPP-0.2500+150[0100].png,2308,1775,7694,5797,581,1845,836,2977,162,5392,7,6,5,5,5,5,5,4,4,4
TCGA-A7-A6VV-DX1_xmin48674_ymin37475_MPP-0.2500+151[0100].png,3088,7024,3836,7377,5780,7880,1440,4278,3526,145,6,6,5,5,5,5,4,4,4,4
TCGA-A7-A6VV-DX1_xmin48674_ymin37475_MPP-0.2500+154[0100].png,4311,5039,5717,2756,1877,1846,935,5780,4160,3230,5,5,5,4,4,4,4,4,4,4
TCGA-A7-A6VV-DX1_xmin48674_ymin37475_MPP-0.2500+155[0100].png,2960,215,7459,6321,1297,632,4160,5100,1280,1602,10,8,8,6,5,5,5,5,5,5
TCGA-A7-A6VV-DX1_xmin48674_ymin37475_MPP-0.2500+156[0100].png,3088,5797,168,3836,3209,6902,4911,131,1508,7175,10,7,6,6,5,5,5,5,5,5
TCGA-A7-A6VV-DX1_xmin48674_ymin37475_MPP-0.2500+157[0100].png,4711,4817,5780,3088,335,693,632,145,1508,1157,8,8,6,6,6,5,5,5,5,4
TCGA-A7-A6VV-DX1_xmin48674_ymin37475_MPP-0.2500+159[0100].png,389,6137,5428,3637,4711,3230,3088,582,2226,8081,6,5,5,4,4,4,4,4,4,4
TCGA-A7-A6VV-DX1_xmin48674_ymin37475_MPP-0.2500+164[0100].png,7694,3088,6045,6628,5171,5780,4166,1357,7175,601,11,10,6,6,5,5,5,4,4,4
TCGA-A7-A6VV-DX1_xmin48674_ymin37475_MPP-0.2500+165[0100].png,3088,335,3209,4817,477,2265,1008,915,4693,7484,9,7,5,5,4,4,4,4,4,4
TCGA-A7-A6VV-DX1_xmin48674_ymin37475_MPP-0.2500+169[0100].png,3088,2977,1508,1541,7957,4311,7265,5392,8148,6045,6,5,5,5,5,4,4,4,4,4
TCGA-A7-A6VV-DX1_xmin48674_ymin37475_MPP-0.2500+170[0100].png,3088,1652,1877,4112,2308,5392,3836,5780,3114,6045,8,7,6,6,6,5,5,5,5,5
TCGA-A7-A6VV-DX1_xmin48674_ymin37475_MPP-0.2500+171[0100].png,2226,5780,3088,6045,4311,4947,3836,3026,5735,4259,7,6,6,5,5,4,4,4,4,4
TCGA-A7-A6VV-DX1_xmin48674_ymin37475_MPP-0.2500+176[0100].png,4711,1842,267,7377,4194,5797,3044,915,3836,2430,8,6,6,5,4,4,4,4,4,4
TCGA-A7-A6VV-DX1_xmin48674_ymin37475_MPP-0.2500+182[0100].png,4311,7459,6226,3230,3088,8148,1813,5780,215,2028,7,6,6,6,6,6,5,5,5,5
TCGA-A7-A6VV-DX1_xmin48674_ymin37475_MPP-0.2500+187[0100].png,3088,7880,1682,6724,7694,3823,6795,4480,3209,44,7,5,5,4,4,4,4,4,4,4
TCGA-A7-A6VV-DX1_xmin48674_ymin37475_MPP-0.2500+188[0100].png,5780,6226,2308,3189,5065,267,7694,5392,6321,2977,6,6,5,5,5,5,5,5,4,4
TCGA-A7-A6VV-DX1_xmin48674_ymin37475_MPP-0.2500+189[0100].png,6137,7694,3088,3230,898,310,335,4436,4160,3728,7,6,5,4,4,4,4,4,4,4
TCGA-A7-A6VV-DX1_xmin48674_ymin37475_MPP-0.2500+195[0100].png,215,5741,2308,1297,3088,3026,5392,6321,5999,131,5,5,5,5,5,5,5,5,5,5
TCGA-A7-A6VV-DX1_xmin48674_ymin37475_MPP-0.2500+196[0100].png,7694,3189,5780,3526,958,2336,2000,5428,3030,1842,9,5,5,5,5,4,4,4,4,4
TCGA-A7-A6VV-DX1_xmin48674_ymin37475_MPP-0.2500+198[0100].png,3088,7957,2226,3189,6321,3795,1361,6045,7853,4250,6,6,5,4,4,4,4,4,4,4
TCGA-A7-A6VV-DX1_xmin48674_ymin37475_MPP-0.2500+199[0100].png,2967,7032,6724,1836,3088,6678,7957,3151,6702,7134,6,5,5,5,5,4,4,4,4,4
TCGA-A7-A6VV-DX1_xmin48674_ymin37475_MPP-0.2500+200[0100].png,7134,2756,3088,2308,3209,4112,1716,5235,5741,215,6,6,6,6,6,5,4,4,4,4
TCGA-A7-A6VV-DX1_xmin48674_ymin37475_MPP-0.2500+201[0100].png,2756,2504,2308,453,6192,3526,2588,594,6808,6724,5,5,5,5,4,4,4,4,4,4
TCGA-A7-A6VV-DX1_xmin48674_ymin37475_MPP-0.2500+206[0100].png,1652,3088,7694,2226,2756,2308,5065,3836,2903,7695,7,7,6,6,6,5,5,5,5,5
TCGA-A7-A6VV-DX1_xmin48674_ymin37475_MPP-0.2500+209[0100].png,6226,2384,145,3189,5098,3230,1842,4112,6702,7880,6,5,5,4,4,4,4,4,4,4
TCGA-A7-A6VV-DX1_xmin48674_ymin37475_MPP-0.2500+210[0100].png,7134,3088,5797,1297,4711,5097,2766,4112,267,5428,8,6,6,6,5,5,4,4,4,4
TCGA-A7-A6VV-DX1_xmin48674_ymin37475_MPP-0.2500+211[0100].png,6219,8014,389,4817,5424,6193,3836,4259,4160,5065,5,4,4,4,4,4,4,4,4,4
TCGA-A7-A6VV-DX1_xmin48674_ymin37475_MPP-0.2500+212[0100].png,7880,5834,3088,44,915,1499,4311,7175,5428,1836,8,6,6,4,4,4,4,4,4,4
TCGA-A7-A6VV-DX1_xmin48674_ymin37475_MPP-0.2500+218[0100].png,5392,335,1624,1682,5065,2308,3209,6795,215,131,6,6,6,5,5,5,5,5,5,5
TCGA-A7-A6VV-DX1_xmin48674_ymin37475_MPP-0.2500+219[0100].png,3088,131,4259,3189,4980,6702,6652,594,6960,1297,7,6,5,5,5,5,5,5,5,4
TCGA-A7-A6VV-DX1_xmin48674_ymin37475_MPP-0.2500+220[0100].png,5344,1357,8081,3088,1813,2336,6571,2093,7694,6045,7,6,5,5,5,5,5,4,4,4
TCGA-A7-A6VV-DX1_xmin48674_ymin37475_MPP-0.2500+221[0100].png,4376,4817,145,5344,6045,5177,4711,4685,2967,3501,6,5,5,5,4,4,4,4,4,4
TCGA-A7-A6VV-DX1_xmin48674_ymin37475_MPP-0.2500+222[0100].png,3088,1682,4685,131,5428,331,2493,5834,4100,1967,7,7,5,5,4,4,4,4,4,4
TCGA-A7-A6VV-DX1_xmin48674_ymin37475_MPP-0.2500+223[0100].png,1836,5171,7694,7589,6595,3088,1967,7134,1499,5913,7,7,5,5,5,4,4,4,4,4
TCGA-A7-A6VV-DX1_xmin48674_ymin37475_MPP-0.2500+24[0100].png,3088,3526,2308,1842,1716,4290,1836,145,7540,44,7,7,6,6,5,5,4,4,4,4
TCGA-A7-A6VV-DX1_xmin48674_ymin37475_MPP-0.2500+25[0100].png,3088,5780,2308,44,3189,2228,5023,2870,1571,3526,8,7,5,5,5,4,4,4,4,4
TCGA-A7-A6VV-DX1_xmin48674_ymin37475_MPP-0.2500+37[0100].png,4711,1836,5780,836,5797,3836,1833,4250,6628,3469,8,7,5,5,5,5,5,5,4,4
TCGA-A7-A6VV-DX1_xmin48674_ymin37475_MPP-0.2500+3[0100].png,5392,7134,7430,3870,3526,331,1836,2870,8066,915,7,6,5,5,5,5,5,5,5,4
TCGA-A7-A6VV-DX1_xmin48674_ymin37475_MPP-0.2500+42[0100].png,4447,2756,2336,3526,5780,5671,3088,6264,4247,4817,5,5,5,5,4,4,4,4,4,4
TCGA-A7-A6VV-DX1_xmin48674_ymin37475_MPP-0.2500+5[0100].png,335,7134,7694,2903,2308,8049,8081,4364,5945,3619,8,6,6,5,5,5,5,5,4,4
TCGA-A7-A6VV-DX1_xmin48674_ymin37475_MPP-0.2500+89[0100].png,3088,3526,1836,840,5834,4436,7189,453,7175,8148,9,8,5,5,5,5,4,4,4,4
TCGA-A7-A6VV-DX1_xmin48674_ymin37475_MPP-0.2500+99[0100].png,7694,3088,3209,6964,6902,6657,5428,7134,8041,7880,8,7,4,4,4,4,4,4,4,4
TCGA-A7-A6VW-DX1_xmin69350_ymin15716_MPP-0.2500+100[0100].png,6226,3026,6321,582,935,1979,1911,2226,215,5499,9,6,5,5,5,5,5,4,4,4
TCGA-A7-A6VW-DX1_xmin69350_ymin15716_MPP-0.2500+101[0100].png,1652,5797,3088,1476,6999,2903,5912,5735,131,1869,7,5,5,5,4,4,4,4,4,4
TCGA-A7-A6VW-DX1_xmin69350_ymin15716_MPP-0.2500+102[0100].png,3889,3088,1813,2780,4168,1150,4711,6480,7249,7134,6,5,5,5,4,4,4,4,4,4
TCGA-A7-A6VW-DX1_xmin69350_ymin15716_MPP-0.2500+114[0100].png,3088,3026,6045,4322,7694,840,1652,5834,5810,215,8,7,6,5,5,5,5,5,5,4
TCGA-A7-A6VW-DX1_xmin69350_ymin15716_MPP-0.2500+115[0100].png,4711,7134,7648,2336,6808,7694,4430,5872,3030,2977,5,5,5,5,5,4,4,4,4,4
TCGA-A7-A6VW-DX1_xmin69350_ymin15716_MPP-0.2500+11[0100].png,1357,2226,3088,1813,2308,1460,3296,3209,6979,2967,6,5,5,5,5,4,4,4,4,4
TCGA-A7-A6VW-DX1_xmin69350_ymin15716_MPP-0.2500+125[0100].png,3088,4711,8081,840,1682,1652,7149,6045,4340,5213,11,5,5,5,5,5,5,5,4,4
TCGA-A7-A6VW-DX1_xmin69350_ymin15716_MPP-0.2500+128[0100].png,3526,131,7880,8081,7916,5603,7853,6610,6724,7352,5,4,4,4,4,4,4,4,4,4
TCGA-A7-A6VW-DX1_xmin69350_ymin15716_MPP-0.2500+136[0100].png,7024,3088,5872,7733,5834,5797,5235,1297,5780,4911,7,6,6,5,5,5,5,5,5,4
TCGA-A7-A6VW-DX1_xmin69350_ymin15716_MPP-0.2500+13[0100].png,1842,3088,5097,6905,5780,2540,3346,1897,6045,2756,8,6,6,5,5,5,5,5,4,4
TCGA-A7-A6VW-DX1_xmin69350_ymin15716_MPP-0.2500+146[0100].png,6226,3526,3088,5392,7694,1297,7134,982,3026,3889,10,9,8,8,6,6,5,5,4,4
TCGA-A7-A6VW-DX1_xmin69350_ymin15716_MPP-0.2500+147[0100].png,7694,7189,5007,7357,3889,7024,6226,7337,3356,2308,7,6,6,5,5,5,5,5,4,4
TCGA-A7-A6VW-DX1_xmin69350_ymin15716_MPP-0.2500+148[0100].png,7400,2319,7733,6045,2756,4311,5392,4270,335,7694,6,5,5,5,5,5,5,4,4,4
TCGA-A7-A6VW-DX1_xmin69350_ymin15716_MPP-0.2500+14[0100].png,5392,4711,4430,1655,6388,4587,3088,3209,3526,6905,7,6,6,4,4,4,4,4,4,4
TCGA-A7-A6VW-DX1_xmin69350_ymin15716_MPP-0.2500+15[0100].png,4817,2870,5097,8082,8081,4711,7733,8110,5031,331,6,5,5,5,5,5,5,5,5,5
TCGA-A7-A6VW-DX1_xmin69350_ymin15716_MPP-0.2500+16[0100].png,1682,6702,5810,2977,1297,5065,7589,1652,3088,1775,6,5,5,5,5,4,4,4,4,4
TCGA-A7-A6VW-DX1_xmin69350_ymin15716_MPP-0.2500+1[0100].png,3088,3026,3189,6045,5735,7733,1775,6869,2336,3176,6,6,5,5,5,5,4,4,4,4
TCGA-A7-A6VW-DX1_xmin69350_ymin15716_MPP-0.2500+24[0100].png,7948,1297,6657,4711,2870,6428,4376,7589,5999,6702,6,6,5,5,4,4,4,4,4,4
TCGA-A7-A6VW-DX1_xmin69350_ymin15716_MPP-0.2500+25[0100].png,3088,3329,3469,2493,3981,3836,4430,5671,6180,6652,8,6,5,5,5,5,4,4,4,4
TCGA-A7-A6VW-DX1_xmin69350_ymin15716_MPP-0.2500+26[0100].png,6724,3836,1297,6960,267,1203,2336,3230,7695,389,6,6,6,6,5,5,5,5,5,5
TCGA-A7-A6VW-DX1_xmin69350_ymin15716_MPP-0.2500+27[0100].png,1298,1967,4711,3088,4911,915,6931,6264,124,8081,6,5,5,5,5,4,4,4,4,4
TCGA-A7-A6VW-DX1_xmin69350_ymin15716_MPP-0.2500+28[0100].png,5999,335,7485,4911,7695,5797,44,839,371,3504,5,5,5,5,5,4,4,4,4,4
TCGA-A7-A6VW-DX1_xmin69350_ymin15716_MPP-0.2500+29[0100].png,2870,2903,5065,5834,7134,3526,8148,3469,1297,3011,6,5,5,5,5,5,5,4,4,4
TCGA-A7-A6VW-DX1_xmin69350_ymin15716_MPP-0.2500+2[0100].png,7674,7948,1373,1133,2226,5834,7337,7663,4311,3526,6,5,5,4,4,4,4,4,4,4
TCGA-A7-A6VW-DX1_xmin69350_ymin15716_MPP-0.2500+3[0100].png,601,4711,2043,582,3088,3469,7459,352,1008,5207,7,7,5,5,5,5,4,4,4,4
TCGA-A7-A6VW-DX1_xmin69350_ymin15716_MPP-0.2500+40[0100].png,1679,4817,1842,3836,7828,4622,3708,1373,693,5392,6,5,5,5,5,5,4,4,4,4
TCGA-A7-A6VW-DX1_xmin69350_ymin15716_MPP-0.2500+41[0100].png,5213,3088,331,7134,2903,7957,4817,6966,6702,2361,6,6,6,5,5,5,4,4,4,4
TCGA-A7-A6VW-DX1_xmin69350_ymin15716_MPP-0.2500+42[0100].png,4711,331,3298,1297,2876,2477,145,1842,5797,2903,7,6,5,5,4,4,4,4,4,4
TCGA-A7-A6VW-DX1_xmin69350_ymin15716_MPP-0.2500+4[0100].png,2320,5207,7129,4322,5946,4376,958,4427,1813,3849,6,6,6,5,5,5,5,5,5,5
TCGA-A7-A6VW-DX1_xmin69350_ymin15716_MPP-0.2500+5[0100].png,3849,5741,4427,725,168,7948,7612,7392,7391,7028,6,5,5,5,4,4,4,4,4,4
TCGA-A7-A6VW-DX1_xmin69350_ymin15716_MPP-0.2500+61[0100].png,4322,8013,958,1652,6795,5999,7189,5419,632,5716,8,7,6,5,5,5,4,4,4,4
TCGA-A7-A6VW-DX1_xmin69350_ymin15716_MPP-0.2500+74[0100].png,7808,1297,3026,4240,1357,6321,196,594,5207,4990,6,5,5,4,4,4,4,4,4,4
TCGA-A7-A6VW-DX1_xmin69350_ymin15716_MPP-0.2500+75[0100].png,1652,4322,7591,1813,6226,1373,6702,3346,588,3088,7,6,6,5,5,4,4,4,4,4
TCGA-A7-A6VW-DX1_xmin69350_ymin15716_MPP-0.2500+76[0100].png,4430,2140,3026,6045,216,4711,1813,4376,3088,2336,5,5,5,5,5,5,4,4,4,4
TCGA-A7-A6VW-DX1_xmin69350_ymin15716_MPP-0.2500+87[0100].png,144,4311,5039,3477,5213,1297,6902,1767,4725,7694,5,5,4,4,4,4,4,4,4,4
TCGA-A7-A6VW-DX1_xmin69350_ymin15716_MPP-0.2500+88[0100].png,3026,3088,2226,3526,5023,3836,2477,6678,267,4711,8,7,5,5,5,4,4,4,4,4
TCGA-A7-A6VW-DX1_xmin69350_ymin15716_MPP-0.2500+89[0100].png,1842,5065,7189,828,7808,6054,5937,2801,7539,5203,5,4,4,4,4,4,4,4,4,4
TCGA-A7-A6VY-DX1_xmin7308_ymin29955_MPP-0.2500+14[0100].png,3836,2430,3044,7895,7134,5097,1716,3204,8041,7694,7,6,5,5,5,5,5,4,4,4
TCGA-A7-A6VY-DX1_xmin7308_ymin29955_MPP-0.2500+28[0100].png,1297,8148,3088,2870,1716,4430,267,626,331,2308,7,6,5,5,5,5,4,4,4,4
TCGA-A7-A6VY-DX1_xmin7308_ymin29955_MPP-0.2500+75[0100].png,1842,5810,2308,6702,4993,168,4311,7189,4430,7134,7,6,6,5,5,4,4,4,4,4
TCGA-A8-A07C-DX1_xmin23538_ymin17397_MPP-0.2500+114[0100].png,7694,5780,3889,6194,389,6054,4817,2903,5937,2062,8,8,6,6,6,5,5,5,5,5
TCGA-A8-A07C-DX1_xmin23538_ymin17397_MPP-0.2500+120[0100].png,5428,4642,6869,2977,3126,3459,4150,3230,1203,6678,7,5,5,5,5,5,5,4,4,4
TCGA-A8-A07C-DX1_xmin23538_ymin17397_MPP-0.2500+139[0100].png,2226,215,3981,7119,1652,1911,6321,515,958,6809,7,7,6,5,5,5,5,4,4,4
TCGA-A8-A07C-DX1_xmin23538_ymin17397_MPP-0.2500+28[0100].png,3365,958,7175,6321,3526,7249,3230,6054,6194,6179,6,6,6,5,5,5,5,4,4,4
TCGA-A8-A07C-DX1_xmin23538_ymin17397_MPP-0.2500+29[0100].png,778,6856,5098,5610,5048,4419,5937,2043,6511,781,7,5,5,5,5,5,5,5,4,4
TCGA-A8-A07C-DX1_xmin23538_ymin17397_MPP-0.2500+36[0100].png,1813,6869,778,6226,4666,5428,4817,1311,1967,2226,7,5,5,5,5,5,5,4,4,4
TCGA-A8-A07C-DX1_xmin23538_ymin17397_MPP-0.2500+39[0100].png,256,958,3000,168,2815,4914,6511,3526,3869,7895,6,5,5,5,5,5,5,5,5,4
TCGA-A8-A07C-DX1_xmin23538_ymin17397_MPP-0.2500+40[0100].png,1813,6619,6678,4311,958,5780,5872,3230,2226,3526,7,6,6,6,5,5,5,5,4,4
TCGA-A8-A07C-DX1_xmin23538_ymin17397_MPP-0.2500+55[0100].png,4436,2776,1311,1652,1813,7189,5424,4746,6856,4189,6,6,6,5,5,5,4,4,4,4
TCGA-A8-A07O-DX1_xmin11777_ymin16227_MPP-0.2500+128[0100].png,6045,5763,6829,7337,3000,604,2157,7430,7101,389,6,6,5,5,5,4,4,4,4,4
TCGA-A8-A07O-DX1_xmin11777_ymin16227_MPP-0.2500+138[0100].png,6795,3526,7164,3823,5854,2028,5023,4642,1311,778,6,6,5,5,4,4,4,4,4,4
TCGA-A8-A07O-DX1_xmin11777_ymin16227_MPP-0.2500+149[0100].png,7024,5912,2028,601,3204,2557,5763,6227,2717,7222,5,5,5,4,4,4,4,4,4,4
TCGA-A8-A07O-DX1_xmin11777_ymin16227_MPP-0.2500+160[0100].png,2157,6795,4116,3189,1842,5603,131,4194,3586,6502,7,6,5,5,5,5,5,4,4,4
TCGA-A8-A07O-DX1_xmin11777_ymin16227_MPP-0.2500+170[0100].png,6045,8148,4430,256,6856,5741,1780,8185,389,5433,5,5,5,5,5,5,5,5,5,4
TCGA-A8-A08R-DX1_xmin14220_ymin13782_MPP-0.2500+135[0100].png,3526,6655,168,5735,335,4259,5428,4817,5682,949,7,6,5,5,5,5,5,5,4,4
TCGA-A8-A09X-DX1_xmin55379_ymin38394_MPP-0.2500+118[0100].png,216,5763,6121,5433,44,5872,3230,4116,7175,3326,10,7,5,5,5,5,5,4,4,4
TCGA-A8-A09X-DX1_xmin55379_ymin38394_MPP-0.2500+11[0100].png,6194,8013,5937,804,6795,2650,7175,7807,5716,7694,7,6,5,5,5,5,5,5,5,5
TCGA-A8-A09X-DX1_xmin55379_ymin38394_MPP-0.2500+12[0100].png,390,778,5166,331,4480,7790,3487,6265,3000,6321,9,6,6,6,6,5,5,5,4,4
TCGA-A8-A09X-DX1_xmin55379_ymin38394_MPP-0.2500+161[0100].png,7337,4436,3526,3209,6795,3908,3115,5027,3836,6856,6,6,5,5,5,4,4,4,4,4
TCGA-A8-A09X-DX1_xmin55379_ymin38394_MPP-0.2500+175[0100].png,7337,7442,6678,7595,3044,3901,7694,368,5788,1218,7,7,7,5,5,5,5,5,5,5
TCGA-A8-A09X-DX1_xmin55379_ymin38394_MPP-0.2500+176[0100].png,4817,2666,3044,6321,7007,2278,7024,2308,2977,2780,5,5,5,5,4,4,4,4,4,4
TCGA-A8-A09X-DX1_xmin55379_ymin38394_MPP-0.2500+19[0100].png,5763,3889,1312,516,5912,4001,2815,389,5555,3971,5,5,5,5,5,5,5,5,4,4
TCGA-A8-A09X-DX1_xmin55379_ymin38394_MPP-0.2500+29[0100].png,5433,3908,5027,1654,12,4480,3896,6354,935,3000,7,6,6,5,5,5,5,5,5,5
TCGA-A8-A09X-DX1_xmin55379_ymin38394_MPP-0.2500+44[0100].png,6321,390,2228,5610,515,6655,6121,6856,2235,44,7,7,6,5,5,5,5,5,4,4
TCGA-A8-A09X-DX1_xmin55379_ymin38394_MPP-0.2500+57[0100].png,389,390,5788,7549,6795,2228,7007,1794,5194,3044,7,7,6,5,5,5,5,4,4,4
TCGA-A8-A09X-DX1_xmin55379_ymin38394_MPP-0.2500+58[0100].png,5912,215,124,1767,2998,390,5797,7937,3000,1794,8,6,5,5,5,5,5,4,4,4
TCGA-A8-A09X-DX1_xmin55379_ymin38394_MPP-0.2500+64[0100].png,2493,6045,6931,1682,6048,5611,5585,124,1624,1312,6,5,5,5,4,4,4,4,4,4
TCGA-A8-A09X-DX1_xmin55379_ymin38394_MPP-0.2500+69[0100].png,958,6678,6121,2249,3466,6633,4711,389,5635,1347,7,6,5,5,5,5,4,4,4,4
TCGA-A8-A09X-DX1_xmin55379_ymin38394_MPP-0.2500+6[0100].png,124,8185,6321,6045,4817,2249,390,5428,3088,6950,7,6,6,6,6,5,5,5,4,4
TCGA-A8-A09X-DX1_xmin55379_ymin38394_MPP-0.2500+70[0100].png,7591,1311,3487,237,5937,3434,7175,5047,4602,2278,7,6,6,5,5,5,5,4,4,4
TCGA-AC-A2BK-DX1_xmin15426_ymin8344_MPP-0.2500+68[0100].png,237,7880,1836,6657,2967,2308,2194,5610,6892,516,7,7,6,5,5,5,5,4,4,4
TCGA-AC-A2BK-DX1_xmin15426_ymin8344_MPP-0.2500+86[0100].png,332,131,4693,5834,7134,6137,4271,4593,1842,5428,5,5,5,5,5,4,4,4,4,4
TCGA-AN-A0AL-DX1_xmin15698_ymin29806_MPP-0.2500+104[0100].png,5741,3088,5603,6795,4593,1297,9,6892,2967,7101,7,6,5,5,5,5,5,5,4,4
TCGA-AN-A0AL-DX1_xmin15698_ymin29806_MPP-0.2500+10[0100].png,4911,6480,1297,7695,4430,8066,781,7400,6045,1842,6,6,5,5,4,4,4,4,4,4
TCGA-AN-A0AL-DX1_xmin15698_ymin29806_MPP-0.2500+149[0100].png,3088,7249,6048,7189,2903,2028,6892,1476,215,7377,6,5,5,5,5,4,4,4,4,4
TCGA-AN-A0AL-DX1_xmin15698_ymin29806_MPP-0.2500+150[0100].png,7694,3088,1842,5702,5433,4492,6388,898,7249,808,8,6,5,5,5,5,4,4,4,4
TCGA-AN-A0AL-DX1_xmin15698_ymin29806_MPP-0.2500+171[0100].png,2308,6054,1682,215,1877,3230,5780,5999,1654,7165,7,6,5,5,4,4,4,4,4,4
TCGA-AN-A0AL-DX1_xmin15698_ymin29806_MPP-0.2500+181[0100].png,3088,1373,781,3487,3044,4817,7152,3144,3021,5912,6,5,5,5,4,4,4,4,4,4
TCGA-AN-A0AL-DX1_xmin15698_ymin29806_MPP-0.2500+29[0100].png,5097,6905,1833,5999,215,4430,4492,6121,5433,7869,7,6,6,5,5,4,4,4,4,4
TCGA-AN-A0AL-DX1_xmin15698_ymin29806_MPP-0.2500+31[0100].png,3088,1297,3459,6226,6269,1312,4112,5780,7134,3044,7,5,4,4,4,4,4,4,4,4
TCGA-AN-A0AL-DX1_xmin15698_ymin29806_MPP-0.2500+35[0100].png,3526,267,1440,5780,6724,7733,2540,7175,7189,6652,6,6,5,5,5,5,4,4,4,4
TCGA-AN-A0AL-DX1_xmin15698_ymin29806_MPP-0.2500+71[0100].png,1297,4711,7134,2308,3836,693,8081,7501,5797,3526,8,5,5,5,5,5,5,4,4,4
TCGA-AN-A0AL-DX1_xmin15698_ymin29806_MPP-0.2500+80[0100].png,6702,7134,6657,3526,1836,5344,840,3637,4376,3088,6,6,6,5,5,5,5,5,5,4
TCGA-AN-A0AL-DX1_xmin15698_ymin29806_MPP-0.2500+98[0100].png,1842,3088,7501,3836,5392,3209,1836,5428,1652,4582,7,7,6,6,5,5,4,4,4,4
TCGA-AN-A0AR-DX1_xmin8468_ymin21166_MPP-0.2500+129[0100].png,4436,3526,3088,958,4711,5047,2226,7249,5392,2666,8,7,6,5,5,5,5,5,4,4
TCGA-AN-A0AR-DX1_xmin8468_ymin21166_MPP-0.2500+130[0100].png,2308,5937,1813,8081,144,2249,6795,6869,5780,215,8,7,6,5,5,5,5,5,5,5
TCGA-AN-A0AR-DX1_xmin8468_ymin21166_MPP-0.2500+149[0100].png,7869,5023,7694,2226,3209,6045,3526,216,2903,5912,7,7,7,6,5,5,5,5,5,5
TCGA-AN-A0AR-DX1_xmin8468_ymin21166_MPP-0.2500+167[0100].png,4311,2903,237,6045,4817,2226,3526,4711,4480,9,7,6,6,5,5,5,5,5,4,4
TCGA-AN-A0AR-DX1_xmin8468_ymin21166_MPP-0.2500+168[0100].png,2226,5763,2903,3526,1373,6045,7694,5741,7869,1640,8,7,7,6,5,5,5,5,5,5
TCGA-AN-A0AR-DX1_xmin8468_ymin21166_MPP-0.2500+169[0100].png,4817,6179,5428,4322,3526,1682,5763,267,515,237,7,6,6,5,5,5,4,4,4,4
TCGA-AN-A0AR-DX1_xmin8468_ymin21166_MPP-0.2500+187[0100].png,2226,6795,215,6674,3477,7528,7249,7674,1297,7694,7,6,5,5,5,4,4,4,4,4
TCGA-AN-A0AR-DX1_xmin8468_ymin21166_MPP-0.2500+188[0100].png,7694,2308,2226,6795,5392,1652,215,2540,3088,6869,7,6,6,6,5,5,5,5,4,4
TCGA-AN-A0AR-DX1_xmin8468_ymin21166_MPP-0.2500+189[0100].png,7694,4436,3088,2308,237,1869,216,840,1297,2903,8,7,7,7,6,6,6,5,5,5
TCGA-AN-A0AR-DX1_xmin8468_ymin21166_MPP-0.2500+192[0100].png,3526,2308,5392,215,5166,3230,6321,3619,7835,3637,9,8,7,5,5,5,5,5,5,4
TCGA-AN-A0AR-DX1_xmin8468_ymin21166_MPP-0.2500+208[0100].png,237,8081,5392,3526,5780,840,7808,215,5741,4593,7,7,6,6,5,5,5,5,5,5
TCGA-AN-A0AR-DX1_xmin8468_ymin21166_MPP-0.2500+209[0100].png,6321,3088,131,7249,4436,5937,7442,215,8013,2083,7,7,5,5,5,5,5,5,5,5
TCGA-AN-A0AR-DX1_xmin8468_ymin21166_MPP-0.2500+212[0100].png,2226,1652,3088,4160,6869,7249,1373,215,7819,2756,7,6,6,6,6,6,5,5,5,5
TCGA-AN-A0AR-DX1_xmin8468_ymin21166_MPP-0.2500+74[0100].png,3088,6795,6702,5912,2308,4480,4112,604,5610,4240,9,6,6,5,5,4,4,4,4,4
TCGA-AN-A0AR-DX1_xmin8468_ymin21166_MPP-0.2500+90[0100].png,2320,2954,629,7459,1652,7948,2903,6738,5428,2275,10,9,7,7,7,6,6,6,5,5
TCGA-AN-A0AT-DX1_xmin31171_ymin35756_MPP-0.2500+123[0100].png,3088,335,6045,6795,7134,5023,6724,1297,5718,1842,6,5,5,5,5,4,4,4,4,4
TCGA-AN-A0AT-DX1_xmin31171_ymin35756_MPP-0.2500+137[0100].png,4322,2766,3088,186,7835,2717,4225,1389,131,1652,5,5,5,5,4,4,4,4,4,4
TCGA-AN-A0AT-DX1_xmin31171_ymin35756_MPP-0.2500+151[0100].png,5780,1813,1652,6678,8089,4604,516,3026,7819,3209,7,7,7,5,5,5,4,4,4,4
TCGA-AN-A0AT-DX1_xmin31171_ymin35756_MPP-0.2500+64[0100].png,3088,4711,2903,2308,6702,4725,5763,2477,1842,5780,8,8,5,5,5,5,5,4,4,4
TCGA-AN-A0AT-DX1_xmin31171_ymin35756_MPP-0.2500+77[0100].png,7134,2870,5603,7694,1836,321,8148,5834,1311,2967,8,6,6,5,5,5,5,4,4,4
TCGA-AN-A0AT-DX1_xmin31171_ymin35756_MPP-0.2500+78[0100].png,2336,1357,1389,1297,7880,2685,4593,6054,6833,7134,5,5,5,5,4,4,4,4,4,4
TCGA-AN-A0AT-DX1_xmin31171_ymin35756_MPP-0.2500+84[0100].png,3088,7733,5872,7224,1357,4693,7589,1925,4711,817,5,5,5,5,5,5,5,4,4,4
TCGA-AN-A0G0-DX1_xmin32741_ymin14546_MPP-0.2500+103[0100].png,3088,6902,2903,1297,4376,8073,6766,3526,5913,5780,6,5,5,5,5,4,4,4,4,4
TCGA-AN-A0G0-DX1_xmin32741_ymin14546_MPP-0.2500+115[0100].png,335,1312,7032,3044,3088,3841,7189,5686,2770,1297,7,5,5,5,5,5,5,5,5,5
TCGA-AN-A0G0-DX1_xmin32741_ymin14546_MPP-0.2500+137[0100].png,267,4711,3836,3268,3088,2666,4430,1836,4480,5701,8,7,6,5,5,5,4,4,4,4
TCGA-AN-A0G0-DX1_xmin32741_ymin14546_MPP-0.2500+138[0100].png,3209,6219,6702,267,7733,3088,2267,154,131,4376,6,5,5,5,5,5,5,5,4,4
TCGA-AN-A0G0-DX1_xmin32741_ymin14546_MPP-0.2500+190[0100].png,3088,7694,8081,3836,7165,6678,5780,693,2308,2235,9,7,6,6,5,5,5,4,4,4
TCGA-AN-A0G0-DX1_xmin32741_ymin14546_MPP-0.2500+76[0100].png,1842,7694,5872,7165,2666,6724,3029,3189,4430,4376,8,6,5,5,4,4,4,4,4,4
TCGA-AN-A0XU-DX1_xmin26118_ymin18441_MPP-0.2500+121[0100].png,7694,216,3026,1297,8081,3144,2815,3088,2903,5810,8,6,5,5,5,5,4,4,4,4
TCGA-AN-A0XU-DX1_xmin26118_ymin18441_MPP-0.2500+151[0100].png,2226,5392,7189,1652,778,3801,840,5094,1298,6795,7,6,5,4,4,4,4,4,4,4
TCGA-AN-A0XU-DX1_xmin26118_ymin18441_MPP-0.2500+197[0100].png,1836,7134,6702,5235,6795,215,9,4100,3044,7880,9,8,6,5,5,5,5,5,4,4
TCGA-AN-A0XU-DX1_xmin26118_ymin18441_MPP-0.2500+211[0100].png,958,3088,2960,840,7134,2308,5603,6807,3000,2043,6,6,5,5,5,5,5,4,4,4
TCGA-AN-A0XU-DX1_xmin26118_ymin18441_MPP-0.2500+2[0100].png,8081,44,215,4072,1813,7733,1569,7249,2226,7091,8,7,6,5,5,5,5,5,4,4
TCGA-AN-A0XU-DX1_xmin26118_ymin18441_MPP-0.2500+37[0100].png,6226,958,4524,3088,389,8188,8066,3026,808,1905,6,6,6,6,6,5,5,4,4,4
TCGA-AN-A0XU-DX1_xmin26118_ymin18441_MPP-0.2500+3[0100].png,6321,7189,1813,1652,2531,4001,1476,6045,6011,4322,7,6,5,5,5,5,4,4,4,4
TCGA-AN-A0XU-DX1_xmin26118_ymin18441_MPP-0.2500+434[0100].png,6054,6702,3088,2308,516,3044,958,3026,1990,1413,6,6,5,4,4,4,4,4,4,3
TCGA-AO-A03U-DX1_xmin17362_ymin25363_MPP-0.2500+0[0100].png,5860,3088,2226,7948,2960,5207,5424,5325,7024,144,10,10,7,7,7,6,6,5,5,5
TCGA-AO-A03U-DX1_xmin17362_ymin25363_MPP-0.2500+102[0100].png,1652,215,6869,958,3088,2226,5392,7024,4377,2062,9,9,9,8,8,6,6,6,5,5
TCGA-AO-A03U-DX1_xmin17362_ymin25363_MPP-0.2500+118[0100].png,1652,3088,215,7091,4559,1476,6045,1911,331,516,16,9,8,6,6,6,5,5,5,5
TCGA-AO-A03U-DX1_xmin17362_ymin25363_MPP-0.2500+119[0100].png,4436,1652,1813,215,4068,6045,1463,2226,7091,3088,10,10,9,9,7,7,6,6,6,6
TCGA-AO-A03U-DX1_xmin17362_ymin25363_MPP-0.2500+127[0100].png,4911,1652,3088,3011,7165,3526,7695,6045,6782,2226,6,6,6,5,5,5,5,4,4,4
TCGA-AO-A03U-DX1_xmin17362_ymin25363_MPP-0.2500+135[0100].png,144,1813,7249,1652,2226,3619,7880,2903,215,1297,9,8,7,7,7,6,6,6,6,6
TCGA-AO-A03U-DX1_xmin17362_ymin25363_MPP-0.2500+141[0100].png,1652,5392,3088,144,1813,5428,7895,6265,7808,319,11,7,6,6,6,5,5,4,4,4
TCGA-AO-A03U-DX1_xmin17362_ymin25363_MPP-0.2500+142[0100].png,3088,2903,216,5171,6321,1652,5872,725,5810,2308,7,7,6,5,5,4,4,4,4,4
TCGA-AO-A03U-DX1_xmin17362_ymin25363_MPP-0.2500+143[0100].png,3088,3836,6702,6795,725,2990,8148,1508,7695,7175,7,6,6,5,5,5,4,4,4,4
TCGA-AO-A03U-DX1_xmin17362_ymin25363_MPP-0.2500+150[0100].png,1476,4817,144,2977,7119,1682,8148,5392,6354,215,7,6,6,6,5,5,5,4,4,4
TCGA-AO-A03U-DX1_xmin17362_ymin25363_MPP-0.2500+151[0100].png,3088,215,7249,1813,2226,7869,958,7024,3836,1652,8,8,8,7,6,6,5,5,5,5
TCGA-AO-A03U-DX1_xmin17362_ymin25363_MPP-0.2500+152[0100].png,1652,2226,2308,215,1813,4711,3088,6054,3030,2780,8,8,6,6,6,5,5,5,5,4
TCGA-AO-A03U-DX1_xmin17362_ymin25363_MPP-0.2500+153[0100].png,2226,1652,215,1813,2815,3889,4131,3088,8148,5741,9,8,7,6,6,6,6,5,5,5
TCGA-AO-A03U-DX1_xmin17362_ymin25363_MPP-0.2500+158[0100].png,5834,3088,2140,2967,1652,5098,2336,781,836,2756,7,6,6,6,6,5,5,5,5,5
TCGA-AO-A03U-DX1_xmin17362_ymin25363_MPP-0.2500+159[0100].png,1297,7808,4436,1842,3836,8126,1652,7895,6045,5097,8,5,5,5,5,5,5,5,4,4
TCGA-AO-A03U-DX1_xmin17362_ymin25363_MPP-0.2500+166[0100].png,3030,2226,3088,215,1652,5235,958,7189,6619,4436,8,8,7,7,7,6,6,5,5,4
TCGA-AO-A03U-DX1_xmin17362_ymin25363_MPP-0.2500+167[0100].png,3088,7899,1652,131,5671,2226,7957,7869,7119,6588,10,7,7,6,6,6,6,5,5,5
TCGA-AO-A03U-DX1_xmin17362_ymin25363_MPP-0.2500+168[0100].png,215,1813,4436,6045,582,2226,3526,5780,2031,144,8,7,7,7,6,6,5,5,5,5
TCGA-AO-A03U-DX1_xmin17362_ymin25363_MPP-0.2500+169[0100].png,144,1652,781,1373,8110,1476,5203,4711,7733,7275,8,7,6,5,5,5,5,5,5,5
TCGA-AO-A03U-DX1_xmin17362_ymin25363_MPP-0.2500+170[0100].png,1652,144,7024,4711,4436,5428,3030,5937,1813,5872,9,8,8,6,6,6,6,5,5,5
TCGA-AO-A03U-DX1_xmin17362_ymin25363_MPP-0.2500+171[0100].png,215,3030,3088,144,3026,5428,781,958,3928,34,9,7,7,7,6,5,5,4,4,4
TCGA-AO-A03U-DX1_xmin17362_ymin25363_MPP-0.2500+182[0100].png,1652,1813,4311,5392,7134,958,7091,6045,2226,5872,8,7,6,6,5,5,5,5,5,5
TCGA-AO-A03U-DX1_xmin17362_ymin25363_MPP-0.2500+183[0100].png,1652,5392,3088,2967,5834,215,6045,2766,144,3365,8,7,7,6,6,5,5,5,5,5
TCGA-AO-A03U-DX1_xmin17362_ymin25363_MPP-0.2500+186[0100].png,215,6869,331,1652,7948,1813,1476,2226,781,2990,10,7,7,6,6,6,5,5,5,5
TCGA-AO-A03U-DX1_xmin17362_ymin25363_MPP-0.2500+187[0100].png,7091,725,4911,2308,3088,3971,781,6321,4559,7442,8,7,7,6,6,6,6,5,5,5
TCGA-AO-A03U-DX1_xmin17362_ymin25363_MPP-0.2500+202[0100].png,3088,6045,215,1652,6869,7175,4436,958,1813,4711,9,8,7,7,7,7,7,6,6,5
TCGA-AO-A03U-DX1_xmin17362_ymin25363_MPP-0.2500+203[0100].png,1311,3088,2226,5859,6902,4711,5097,632,3526,4259,6,5,5,5,5,5,5,5,5,5
TCGA-AO-A03U-DX1_xmin17362_ymin25363_MPP-0.2500+204[0100].png,215,3088,1297,5780,144,1476,1652,781,4436,5433,8,7,7,6,5,5,5,5,5,5
TCGA-AO-A03U-DX1_xmin17362_ymin25363_MPP-0.2500+218[0100].png,1652,3088,5392,7091,5937,144,4711,4817,1297,8081,8,8,6,6,6,6,6,5,5,5
TCGA-AO-A03U-DX1_xmin17362_ymin25363_MPP-0.2500+223[0100].png,1652,4311,1813,131,2588,1413,2226,2977,1682,6869,8,7,7,5,5,5,5,5,5,5
TCGA-AO-A03U-DX1_xmin17362_ymin25363_MPP-0.2500+228[0100].png,7948,1652,3088,1813,215,958,7249,5392,6321,1682,14,8,8,8,8,7,6,6,6,6
TCGA-AO-A03U-DX1_xmin17362_ymin25363_MPP-0.2500+233[0100].png,8013,7694,3088,215,319,1652,7589,6491,1911,7091,7,7,7,7,6,6,5,5,5,5
TCGA-AO-A03U-DX1_xmin17362_ymin25363_MPP-0.2500+234[0100].png,3088,5797,1297,4911,215,3889,4286,4711,3026,6795,11,7,6,6,6,5,5,5,5,5
TCGA-AO-A03U-DX1_xmin17362_ymin25363_MPP-0.2500+235[0100].png,958,1652,3088,1813,781,5937,2226,215,5498,7694,8,8,7,6,5,5,5,5,5,4
TCGA-AO-A03U-DX1_xmin17362_ymin25363_MPP-0.2500+236[0100].png,2226,1652,3088,8014,3026,1813,144,8081,6795,7694,10,8,7,6,6,6,5,5,5,5
TCGA-AO-A03U-DX1_xmin17362_ymin25363_MPP-0.2500+248[0100].png,1652,3836,5741,6869,3088,5937,1836,1311,3356,2977,10,7,7,7,7,7,6,5,5,5
TCGA-AO-A03U-DX1_xmin17362_ymin25363_MPP-0.2500+249[0100].png,2226,3889,5834,215,6321,6724,2308,3209,5194,1652,10,8,7,7,7,6,5,5,5,5
TCGA-AO-A03U-DX1_xmin17362_ymin25363_MPP-0.2500+250[0100].png,3526,5344,5797,215,1652,5166,5392,5433,2226,2430,8,7,7,6,6,5,5,5,5,4
TCGA-AO-A03U-DX1_xmin17362_ymin25363_MPP-0.2500+251[0100].png,3088,2226,2756,3836,5834,2308,2780,7175,5392,3889,7,6,6,6,6,6,5,5,5,5
TCGA-AO-A03U-DX1_xmin17362_ymin25363_MPP-0.2500+252[0100].png,2766,3088,2308,7175,8081,7695,3526,2756,2903,1836,9,9,7,7,6,5,5,5,5,4
TCGA-AO-A03U-DX1_xmin17362_ymin25363_MPP-0.2500+264[0100].png,6045,1813,2756,215,6226,4711,1911,4080,390,1476,10,8,7,7,7,6,6,5,5,5
TCGA-AO-A03U-DX1_xmin17362_ymin25363_MPP-0.2500+265[0100].png,3088,1652,7694,2308,3836,5392,6869,7189,5007,5780,8,8,8,7,7,6,6,5,5,5
TCGA-AO-A03U-DX1_xmin17362_ymin25363_MPP-0.2500+266[0100].png,3088,5392,7819,2226,4911,7024,8013,216,3637,5937,11,7,7,6,6,5,5,5,5,5
TCGA-AO-A03U-DX1_xmin17362_ymin25363_MPP-0.2500+267[0100].png,3088,5797,5780,3889,5937,1836,7895,5834,7694,2766,9,7,7,6,6,6,5,5,5,5
TCGA-AO-A03U-DX1_xmin17362_ymin25363_MPP-0.2500+268[0100].png,7091,6045,215,1652,5797,7695,1157,2308,8081,1297,8,7,7,7,6,6,5,5,5,5
TCGA-AO-A03U-DX1_xmin17362_ymin25363_MPP-0.2500+269[0100].png,958,1652,6795,3026,5428,1813,1911,5433,144,215,7,6,6,6,6,6,5,5,5,5
TCGA-AO-A03U-DX1_xmin17362_ymin25363_MPP-0.2500+270[0100].png,4436,215,3088,781,1842,7175,7134,3026,6045,5671,8,8,8,7,6,6,6,6,5,5
TCGA-AO-A03U-DX1_xmin17362_ymin25363_MPP-0.2500+271[0100].png,215,335,3088,3926,632,144,5937,2308,915,781,7,6,6,6,6,5,5,5,5,5
TCGA-AO-A03U-DX1_xmin17362_ymin25363_MPP-0.2500+272[0100].png,3088,144,2226,3619,6045,828,4436,2430,7442,5780,15,7,6,5,5,5,5,4,4,4
TCGA-AO-A03U-DX1_xmin17362_ymin25363_MPP-0.2500+275[0100].png,2226,3088,215,1813,4311,7948,6326,8013,6321,4377,9,7,7,7,7,6,6,6,6,6
TCGA-AO-A03U-DX1_xmin17362_ymin25363_MPP-0.2500+280[0100].png,3088,7134,5797,2226,131,1652,1320,1842,5937,1836,12,9,9,8,6,6,5,5,4,4
TCGA-AO-A03U-DX1_xmin17362_ymin25363_MPP-0.2500+281[0100].png,3088,1652,1980,5701,2226,1813,7694,7091,4376,7119,13,6,5,5,5,5,5,5,5,5
TCGA-AO-A03U-DX1_xmin17362_ymin25363_MPP-0.2500+282[0100].png,6045,3088,1652,6869,3637,5780,2756,2903,4711,5834,11,10,7,6,6,6,6,6,6,6
TCGA-AO-A03U-DX1_xmin17362_ymin25363_MPP-0.2500+283[0100].png,3088,5797,1652,1836,958,2990,7134,8013,5834,594,10,7,7,6,6,5,5,5,5,5
TCGA-AO-A03U-DX1_xmin17362_ymin25363_MPP-0.2500+284[0100].png,3088,7024,958,1813,4911,2430,3836,5780,6227,7733,10,8,7,7,6,6,6,6,5,5
TCGA-AO-A03U-DX1_xmin17362_ymin25363_MPP-0.2500+285[0100].png,3088,1652,215,144,5834,1911,3526,1476,8081,4377,10,9,9,8,8,7,7,6,6,5
TCGA-AO-A03U-DX1_xmin17362_ymin25363_MPP-0.2500+286[0100].png,3088,1652,2226,144,215,1813,1842,2766,2588,8081,9,8,7,7,7,6,5,5,5,5
TCGA-AO-A03U-DX1_xmin17362_ymin25363_MPP-0.2500+287[0100].png,5834,144,1652,5937,5872,6326,1813,2308,781,2226,9,8,8,7,6,6,6,5,5,5
TCGA-AO-A03U-DX1_xmin17362_ymin25363_MPP-0.2500+288[0100].png,1652,7694,2756,5937,3526,4911,4131,1297,898,3088,11,9,6,6,6,5,5,5,4,4
TCGA-AO-A03U-DX1_xmin17362_ymin25363_MPP-0.2500+289[0100].png,3088,2226,1813,1652,6045,3024,144,7695,3526,8013,9,8,7,7,6,6,6,5,5,5
TCGA-AO-A03U-DX1_xmin17362_ymin25363_MPP-0.2500+291[0100].png,1813,215,7442,7694,4259,2686,6045,1911,3088,7024,9,8,7,6,6,6,6,6,6,5
TCGA-AO-A03U-DX1_xmin17362_ymin25363_MPP-0.2500+292[0100].png,6321,1813,4436,8013,3526,215,6045,2226,958,1652,9,9,8,8,7,7,6,6,6,6
TCGA-AO-A03U-DX1_xmin17362_ymin25363_MPP-0.2500+298[0100].png,1813,3088,2308,215,7119,1652,7249,5834,5797,352,10,9,8,8,7,7,7,7,6,6
TCGA-AO-A03U-DX1_xmin17362_ymin25363_MPP-0.2500+299[0100].png,1652,5797,3088,3526,1836,2308,898,725,7175,2756,11,10,8,7,6,5,5,5,5,5
TCGA-AO-A03U-DX1_xmin17362_ymin25363_MPP-0.2500+300[0100].png,3088,6045,4311,2308,828,2320,215,958,8013,2960,12,8,7,7,6,6,6,6,5,5
TCGA-AO-A03U-DX1_xmin17362_ymin25363_MPP-0.2500+301[0100].png,3088,6869,237,7948,1813,1652,632,1476,2226,5937,9,9,8,8,8,7,6,6,6,5
TCGA-AO-A03U-DX1_xmin17362_ymin25363_MPP-0.2500+302[0100].png,3088,2766,6045,2756,1836,3889,7485,1652,7024,2308,8,7,7,6,6,6,6,6,6,5
TCGA-AO-A03U-DX1_xmin17362_ymin25363_MPP-0.2500+303[0100].png,2226,3088,5392,4436,808,6964,601,1652,1476,2780,8,8,7,6,5,5,5,5,5,4
TCGA-AO-A03U-DX1_xmin17362_ymin25363_MPP-0.2500+304[0100].png,3088,1652,144,131,2226,6795,3026,7916,2756,7091,8,8,7,7,6,6,5,5,5,5
TCGA-AO-A03U-DX1_xmin17362_ymin25363_MPP-0.2500+305[0100].png,1652,6045,6902,1813,6869,5392,4068,3088,2226,3030,11,9,9,7,6,6,6,6,5,5
TCGA-AO-A03U-DX1_xmin17362_ymin25363_MPP-0.2500+308[0100].png,8013,2308,7249,1652,4559,5937,6045,1476,3088,4311,10,8,8,8,7,7,6,6,6,6
TCGA-AO-A03U-DX1_xmin17362_ymin25363_MPP-0.2500+309[0100].png,2308,3026,1652,6045,3088,2756,3619,131,2990,8013,8,8,8,7,7,7,7,7,6,6
TCGA-AO-A03U-DX1_xmin17362_ymin25363_MPP-0.2500+314[0100].png,7948,1813,3088,2990,1836,7819,215,1652,4322,2686,9,7,7,6,6,6,6,6,6,6
TCGA-AO-A03U-DX1_xmin17362_ymin25363_MPP-0.2500+315[0100].png,1652,1813,3088,958,215,2226,7808,4654,8081,5912,13,9,8,8,7,6,6,6,6,5
TCGA-AO-A03U-DX1_xmin17362_ymin25363_MPP-0.2500+316[0100].png,3088,1652,5392,2226,7089,7948,7357,331,7916,7895,8,7,7,6,5,5,5,5,5,5
TCGA-AO-A03U-DX1_xmin17362_ymin25363_MPP-0.2500+317[0100].png,3088,1652,6045,5797,4436,6226,7808,2140,4911,2977,8,8,7,7,7,6,6,6,5,5
TCGA-AO-A03U-DX1_xmin17362_ymin25363_MPP-0.2500+318[0100].png,3088,1836,4911,2308,3889,3870,4711,5797,6045,1652,9,8,7,6,6,6,6,6,6,5
TCGA-AO-A03U-DX1_xmin17362_ymin25363_MPP-0.2500+319[0100].png,1813,781,4311,6045,958,1652,4711,6226,3836,2308,9,8,8,7,7,7,6,6,6,6
TCGA-AO-A03U-DX1_xmin17362_ymin25363_MPP-0.2500+320[0100].png,2226,3526,2308,1652,7024,8013,4160,4131,7899,7869,12,9,8,8,7,6,6,5,5,5
TCGA-AO-A03U-DX1_xmin17362_ymin25363_MPP-0.2500+321[0100].png,2226,5797,1652,3836,2308,215,144,3526,5937,6045,9,7,7,7,7,7,7,7,6,6
TCGA-AO-A03U-DX1_xmin17362_ymin25363_MPP-0.2500+322[0100].png,781,2430,6045,1652,1836,516,915,4711,5937,7024,8,7,6,6,6,6,5,5,5,5
TCGA-AO-A03U-DX1_xmin17362_ymin25363_MPP-0.2500+324[0100].png,1652,2308,8013,3526,1476,1813,958,7134,5780,6354,9,9,8,7,7,7,7,6,6,5
TCGA-AO-A03U-DX1_xmin17362_ymin25363_MPP-0.2500+329[0100].png,2226,5912,3088,2308,8013,1836,5937,5797,1813,1652,11,9,8,8,6,6,6,5,5,5
TCGA-AO-A03U-DX1_xmin17362_ymin25363_MPP-0.2500+330[0100].png,3088,6045,7134,4436,6795,5912,2308,3526,4606,7694,9,9,8,6,6,6,5,5,5,5
TCGA-AO-A03U-DX1_xmin17362_ymin25363_MPP-0.2500+331[0100].png,6045,2226,3526,215,5797,6795,131,5912,7808,6321,10,9,8,8,7,5,5,5,5,5
TCGA-AO-A03U-DX1_xmin17362_ymin25363_MPP-0.2500+332[0100].png,3088,1297,1652,4311,3526,6652,7024,8148,7695,4436,18,7,7,6,6,6,6,6,6,6
TCGA-AO-A03U-DX1_xmin17362_ymin25363_MPP-0.2500+333[0100].png,3088,7357,7024,3526,7895,4711,1652,5065,5797,6321,10,7,7,6,6,6,5,5,5,5
TCGA-AO-A03U-DX1_xmin17362_ymin25363_MPP-0.2500+334[0100].png,1652,5392,5797,4817,935,781,215,4112,2766,6045,12,9,7,6,6,5,5,5,5,5
TCGA-AO-A03U-DX1_xmin17362_ymin25363_MPP-0.2500+335[0100].png,3088,5834,3836,4311,1652,144,1897,3889,6795,4150,12,7,6,6,6,5,5,5,5,5
TCGA-AO-A03U-DX1_xmin17362_ymin25363_MPP-0.2500+336[0100].png,1652,215,1813,3889,5937,5428,7694,144,6902,5600,8,8,8,7,6,6,5,5,5,4
TCGA-AO-A03U-DX1_xmin17362_ymin25363_MPP-0.2500+337[0100].png,3526,3836,5834,4711,7091,594,1652,1157,3088,53,8,7,7,6,5,5,5,4,4,4
TCGA-AO-A03U-DX1_xmin17362_ymin25363_MPP-0.2500+338[0100].png,3088,131,3526,7024,331,3836,2308,1008,7134,594,10,8,7,7,6,6,5,5,5,5
TCGA-AO-A03U-DX1_xmin17362_ymin25363_MPP-0.2500+347[0100].png,1652,2226,6045,7175,3526,935,8148,5334,3619,4436,8,7,6,5,5,5,5,4,4,4
TCGA-AO-A03U-DX1_xmin17362_ymin25363_MPP-0.2500+348[0100].png,5392,3088,6045,1836,2308,5797,808,3526,2226,5810,10,9,6,6,6,5,5,5,5,4
TCGA-AO-A03U-DX1_xmin17362_ymin25363_MPP-0.2500+349[0100].png,3088,2226,2308,1297,131,2977,5912,7024,2650,3230,9,6,6,6,5,5,5,5,5,5
TCGA-AO-A03U-DX1_xmin17362_ymin25363_MPP-0.2500+350[0100].png,1297,3088,7695,5097,6054,5428,5937,7694,7589,915,8,8,8,7,7,6,6,6,5,5
TCGA-AO-A03U-DX1_xmin17362_ymin25363_MPP-0.2500+351[0100].png,3088,6045,1836,7695,1297,7024,7134,8013,2226,5797,8,7,6,6,6,5,5,5,5,5
TCGA-AO-A03U-DX1_xmin17362_ymin25363_MPP-0.2500+352[0100].png,3088,3526,5797,781,601,1652,5603,2766,6321,3836,15,7,7,7,6,5,5,5,5,4
TCGA-AO-A03U-DX1_xmin17362_ymin25363_MPP-0.2500+353[0100].png,6045,2226,4436,1652,331,7695,1842,4911,5780,5344,7,7,7,6,6,6,5,5,5,4
TCGA-AO-A03U-DX1_xmin17362_ymin25363_MPP-0.2500+354[0100].png,5392,3088,2903,1203,1297,7895,5007,5937,2308,7134,7,6,6,6,6,6,5,5,5,5
TCGA-AO-A03U-DX1_xmin17362_ymin25363_MPP-0.2500+355[0100].png,2308,2430,3526,7377,1652,3356,7880,3870,912,958,7,5,5,5,5,5,4,4,4,4
TCGA-AO-A03U-DX1_xmin17362_ymin25363_MPP-0.2500+356[0100].png,2226,7024,3088,3889,6045,1652,2308,3356,4711,7957,7,7,7,6,6,6,6,5,5,5
TCGA-AO-A03U-DX1_xmin17362_ymin25363_MPP-0.2500+364[0100].png,215,2226,7357,1813,3088,4143,1203,7808,6226,389,8,8,6,6,6,6,6,5,5,5
TCGA-AO-A03U-DX1_xmin17362_ymin25363_MPP-0.2500+365[0100].png,3088,2308,6795,3526,2903,6950,2588,5392,5797,6702,12,9,7,7,6,6,6,6,5,5
TCGA-AO-A03U-DX1_xmin17362_ymin25363_MPP-0.2500+366[0100].png,3088,2903,215,4436,3526,131,1836,5797,5780,516,12,7,6,6,6,5,5,5,5,5
TCGA-AO-A03U-DX1_xmin17362_ymin25363_MPP-0.2500+367[0100].png,3526,7694,5937,5392,4911,6045,781,5797,1463,5780,8,8,8,7,6,6,5,5,5,5
TCGA-AO-A03U-DX1_xmin17362_ymin25363_MPP-0.2500+370[0100].png,3088,4436,2602,2686,958,3889,781,276,8066,4143,6,6,6,6,6,5,5,5,5,5
TCGA-AO-A03U-DX1_xmin17362_ymin25363_MPP-0.2500+371[0100].png,1652,4436,2308,3526,3836,6045,5392,6321,3030,4112,9,6,6,5,5,5,5,5,5,4
TCGA-AO-A03U-DX1_xmin17362_ymin25363_MPP-0.2500+372[0100].png,4911,7024,1297,3088,2903,4436,276,7091,453,3526,9,8,8,8,7,6,5,5,5,5
TCGA-AO-A03U-DX1_xmin17362_ymin25363_MPP-0.2500+381[0100].png,5834,632,3088,144,8013,7091,5780,3030,1813,237,8,8,7,7,6,6,6,6,6,5
TCGA-AO-A03U-DX1_xmin17362_ymin25363_MPP-0.2500+382[0100].png,1652,6045,3088,5392,7024,4436,215,5937,4711,3836,10,7,7,6,6,6,5,5,5,5
TCGA-AO-A03U-DX1_xmin17362_ymin25363_MPP-0.2500+383[0100].png,3088,7808,5937,1652,4250,2226,2308,6869,2140,8110,10,7,7,6,6,5,5,5,5,5
TCGA-AO-A03U-DX1_xmin17362_ymin25363_MPP-0.2500+384[0100].png,3088,2308,5392,7134,1652,7694,5834,4817,6702,331,9,9,6,6,5,5,5,4,4,4
TCGA-AO-A03U-DX1_xmin17362_ymin25363_MPP-0.2500+388[0100].png,215,4377,6045,958,2226,4436,5428,453,781,4911,7,6,6,6,6,6,5,5,5,5
TCGA-AO-A03U-DX1_xmin17362_ymin25363_MPP-0.2500+389[0100].png,1652,781,7808,958,3088,215,4436,5541,2226,6193,9,8,7,5,5,5,5,4,4,4
TCGA-AO-A03U-DX1_xmin17362_ymin25363_MPP-0.2500+398[0100].png,1652,7501,1836,8148,3526,5780,6795,5392,1813,6702,10,6,6,6,6,6,6,5,5,5
TCGA-AO-A03U-DX1_xmin17362_ymin25363_MPP-0.2500+399[0100].png,215,3088,5344,3526,778,515,6869,5912,1813,7149,9,6,6,6,5,5,5,5,5,5
TCGA-AO-A03U-DX1_xmin17362_ymin25363_MPP-0.2500+400[0100].png,3088,7501,1652,2308,2226,2977,215,7589,3030,4143,11,8,8,7,7,6,6,5,5,5
TCGA-AO-A03U-DX1_xmin17362_ymin25363_MPP-0.2500+401[0100].png,958,5428,7152,7442,2756,1652,7024,5561,1813,4196,8,5,5,5,5,5,5,5,4,4
TCGA-AO-A03U-DX1_xmin17362_ymin25363_MPP-0.2500+405[0100].png,2226,958,4559,2815,4436,2308,1813,6045,6226,2686,9,7,6,6,6,5,5,5,5,5
TCGA-AO-A03U-DX1_xmin17362_ymin25363_MPP-0.2500+414[0100].png,3889,7024,131,1813,4436,7442,6045,1311,1652,515,7,7,6,6,6,6,6,6,5,5
TCGA-AO-A03U-DX1_xmin17362_ymin25363_MPP-0.2500+415[0100].png,2308,215,5912,1836,5603,4436,4215,6226,3889,7819,8,7,7,6,5,5,5,5,4,4
TCGA-AO-A03U-DX1_xmin17362_ymin25363_MPP-0.2500+416[0100].png,3088,2226,1813,2766,958,7895,7091,1836,4430,8066,7,6,6,6,6,5,5,5,5,4
TCGA-AO-A03U-DX1_xmin17362_ymin25363_MPP-0.2500+421[0100].png,2308,7694,3088,5671,3526,7175,5392,5780,5937,6045,12,11,11,8,8,6,6,6,5,5
TCGA-AO-A03U-DX1_xmin17362_ymin25363_MPP-0.2500+422[0100].png,2226,1652,3088,8013,3030,7129,781,6795,4322,7694,8,8,7,6,5,5,5,5,5,5
TCGA-AO-A03U-DX1_xmin17362_ymin25363_MPP-0.2500+51[0100].png,1813,3088,4559,1652,144,6045,7249,5047,2903,4001,10,8,7,6,6,6,6,6,6,6
TCGA-AO-A03U-DX1_xmin17362_ymin25363_MPP-0.2500+68[0100].png,1652,8013,3526,1297,3926,7249,4311,3026,215,6045,11,9,7,7,6,6,6,6,6,6
TCGA-AO-A03U-DX1_xmin17362_ymin25363_MPP-0.2500+76[0100].png,3088,1652,2903,7024,2226,5797,2756,4911,5937,5498,11,11,7,7,7,7,7,6,6,6
TCGA-AO-A03U-DX1_xmin17362_ymin25363_MPP-0.2500+85[0100].png,1652,1813,215,7091,6045,958,4911,144,6054,3836,14,11,9,8,8,7,6,6,5,5
TCGA-AO-A0J2-DX1_xmin33561_ymin14515_MPP-0.2500+111[0100].png,3088,1476,3889,6226,6045,1682,3870,6902,1842,5797,13,7,7,7,6,6,6,6,6,5
TCGA-AO-A0J2-DX1_xmin33561_ymin14515_MPP-0.2500+132[0100].png,4311,2308,3889,2226,1813,144,1836,7119,4112,1311,8,8,8,7,7,6,6,6,6,6
TCGA-AO-A0J2-DX1_xmin33561_ymin14515_MPP-0.2500+139[0100].png,2308,5860,3088,7134,2062,2226,6795,958,7808,215,10,9,7,7,6,6,6,6,6,6
TCGA-AO-A0J2-DX1_xmin33561_ymin14515_MPP-0.2500+14[0100].png,1652,215,2226,3088,7249,1813,6869,4911,6045,781,11,8,7,7,6,6,6,5,5,5
TCGA-AO-A0J2-DX1_xmin33561_ymin14515_MPP-0.2500+150[0100].png,1652,215,5344,1813,4311,6702,6226,7694,6011,4436,9,6,6,6,5,5,5,5,5,5
TCGA-AO-A0J2-DX1_xmin33561_ymin14515_MPP-0.2500+154[0100].png,215,1652,3526,2226,6226,2308,8013,4068,7134,1813,8,8,7,7,7,7,7,6,6,6
TCGA-AO-A0J2-DX1_xmin33561_ymin14515_MPP-0.2500+172[0100].png,1813,7948,8013,5561,2320,6226,4311,144,3836,601,11,7,7,7,7,7,6,6,6,6
TCGA-AO-A0J2-DX1_xmin33561_ymin14515_MPP-0.2500+18[0100].png,1652,1813,215,5797,7091,2226,8013,5094,2990,1842,16,11,10,7,7,6,6,5,5,5
TCGA-AO-A0J2-DX1_xmin33561_ymin14515_MPP-0.2500+36[0100].png,6226,1813,1652,144,4143,7028,1030,4311,3889,4068,10,9,7,6,6,6,5,5,5,5
TCGA-AO-A0J2-DX1_xmin33561_ymin14515_MPP-0.2500+39[0100].png,1652,6226,7028,958,7948,4143,2756,632,7024,1476,14,13,13,9,9,8,8,8,7,7
TCGA-AO-A0J2-DX1_xmin33561_ymin14515_MPP-0.2500+40[0100].png,1652,6226,144,582,5860,7948,3889,3526,958,5912,12,12,11,8,8,7,7,7,7,6
TCGA-AO-A0J2-DX1_xmin33561_ymin14515_MPP-0.2500+64[0100].png,1652,131,3526,2226,215,1813,3836,8148,6869,6226,7,6,6,6,6,5,5,5,5,5
TCGA-AO-A0J2-DX1_xmin33561_ymin14515_MPP-0.2500+78[0100].png,1652,3088,3889,2226,1813,1476,7694,215,7134,6045,12,8,8,7,7,6,5,5,5,5
TCGA-AO-A0J2-DX1_xmin33561_ymin14515_MPP-0.2500+89[0100].png,5834,131,1836,7175,7357,3526,5603,3088,2756,6045,8,7,7,6,6,6,6,5,5,5
TCGA-AO-A0J4-DX1_xmin17194_ymin10629_MPP-0.2500+104[0100].png,6226,1652,215,1813,4143,8013,958,632,2756,2308,16,11,11,11,10,10,9,7,7,7
TCGA-AO-A0J4-DX1_xmin17194_ymin10629_MPP-0.2500+118[0100].png,6226,1652,2308,6045,3526,144,1476,958,3836,632,15,13,12,9,8,8,7,7,7,6
TCGA-AO-A0J4-DX1_xmin17194_ymin10629_MPP-0.2500+125[0100].png,8013,1652,2308,6226,7134,7442,5797,6045,5424,4775,8,7,7,6,6,6,6,6,5,5
TCGA-AO-A0J4-DX1_xmin17194_ymin10629_MPP-0.2500+126[0100].png,6226,5561,144,2308,215,6045,3889,1682,2226,2756,10,9,8,8,8,7,7,7,6,6
TCGA-AO-A0J4-DX1_xmin17194_ymin10629_MPP-0.2500+127[0100].png,6226,1813,1476,215,4143,1652,3088,935,601,1911,10,9,9,8,8,8,7,7,7,6
TCGA-AO-A0J4-DX1_xmin17194_ymin10629_MPP-0.2500+128[0100].png,6226,1652,3088,2308,215,4143,4311,3870,7357,7129,15,10,9,8,7,7,7,6,6,6
TCGA-AO-A0J4-DX1_xmin17194_ymin10629_MPP-0.2500+133[0100].png,215,1652,2308,1813,5912,3889,3088,2226,4001,6321,9,9,7,7,7,7,7,6,6,6
TCGA-AO-A0J4-DX1_xmin17194_ymin10629_MPP-0.2500+145[0100].png,7134,3088,6795,1652,2308,958,4436,2226,4143,6702,10,8,7,7,7,6,6,5,5,5
TCGA-AO-A0J4-DX1_xmin17194_ymin10629_MPP-0.2500+268[0100].png,6045,5392,3088,1652,3526,935,2308,2903,5912,4290,11,8,8,8,8,7,7,6,6,6
TCGA-AO-A0J4-DX1_xmin17194_ymin10629_MPP-0.2500+83[0100].png,6045,2308,3526,215,6795,3088,5428,6193,7134,2226,11,8,8,7,7,6,6,5,5,5
TCGA-AO-A0J4-DX1_xmin17194_ymin10629_MPP-0.2500+93[0100].png,1813,8013,6226,4143,144,1652,4311,8148,2226,2756,12,12,11,9,8,7,7,7,7,6
TCGA-AO-A0J4-DX1_xmin17194_ymin10629_MPP-0.2500+94[0100].png,2308,3088,5098,215,4436,3526,3889,5344,6045,6795,17,14,8,7,7,7,7,6,6,6
TCGA-AO-A0J6-DX1_xmin40548_ymin11135_MPP-0.2500+166[0100].png,1682,131,594,2756,1842,632,7694,4538,982,1836,7,5,5,5,5,5,4,4,4,4
TCGA-AO-A0J6-DX1_xmin40548_ymin11135_MPP-0.2500+237[0100].png,3088,3209,7501,1836,6045,6702,898,3469,7694,4711,8,7,6,6,6,6,6,5,5,5
TCGA-AO-A0J6-DX1_xmin40548_ymin11135_MPP-0.2500+243[0100].png,3088,215,5065,4711,5392,7694,2766,44,1652,6833,11,6,5,5,5,5,5,5,5,5
TCGA-AO-A0J6-DX1_xmin40548_ymin11135_MPP-0.2500+258[0100].png,1682,4817,3527,1842,7695,4711,8095,5912,7165,1652,5,5,5,5,5,4,4,4,4,4
TCGA-AO-A0J6-DX1_xmin40548_ymin11135_MPP-0.2500+306[0100].png,3088,2903,4711,6702,935,1297,5780,7695,332,131,12,9,8,6,5,5,5,5,5,5
TCGA-AO-A0J6-DX1_xmin40548_ymin11135_MPP-0.2500+319[0100].png,5392,7134,3088,1836,8148,632,1652,4430,2766,7065,14,9,9,8,6,6,6,5,5,5
TCGA-AO-A0J6-DX1_xmin40548_ymin11135_MPP-0.2500+94[0100].png,2320,2062,6252,7948,1696,7028,6226,5207,7024,2960,17,11,10,10,10,10,9,8,8,7
TCGA-AO-A124-DX1_xmin16436_ymin1748_MPP-0.2500+12[0100].png,3088,5098,5741,7948,781,6869,7091,4711,6179,7899,10,8,8,6,6,6,6,5,5,5
TCGA-AO-A124-DX1_xmin16436_ymin1748_MPP-0.2500+14[0100].png,6045,2308,7249,2320,7459,3127,2960,8013,4436,632,11,10,10,8,8,7,7,7,6,6
TCGA-AO-A124-DX1_xmin16436_ymin1748_MPP-0.2500+15[0100].png,2686,7694,2308,6045,7442,935,958,1682,6226,4436,11,10,9,8,8,8,7,7,6,6
TCGA-AO-A124-DX1_xmin16436_ymin1748_MPP-0.2500+25[0100].png,6045,7024,216,5428,8140,2308,3088,7442,1654,4436,9,7,7,7,7,7,6,5,5,5
TCGA-AO-A124-DX1_xmin16436_ymin1748_MPP-0.2500+26[0100].png,2226,4311,7694,958,3088,2780,7948,7459,7442,5392,10,9,8,8,8,7,6,6,6,6
TCGA-AO-A124-DX1_xmin16436_ymin1748_MPP-0.2500+27[0100].png,958,6226,2320,1682,7948,7024,2960,5912,1911,1696,8,8,8,7,6,6,6,6,6,6
TCGA-AO-A124-DX1_xmin16436_ymin1748_MPP-0.2500+38[0100].png,3088,2308,6321,5912,3526,7808,1911,3127,5937,781,13,11,8,7,7,7,6,6,5,5
TCGA-AO-A124-DX1_xmin16436_ymin1748_MPP-0.2500+3[0100].png,4436,4559,453,7024,7808,1911,7175,781,1476,7249,9,7,7,7,6,6,5,5,5,5
TCGA-AO-A124-DX1_xmin16436_ymin1748_MPP-0.2500+4[0100].png,1911,958,6045,215,5937,6795,7808,3127,1476,5780,11,10,7,7,6,6,6,5,5,5
TCGA-AO-A124-DX1_xmin16436_ymin1748_MPP-0.2500+84[0100].png,958,3088,5780,2308,215,7442,2990,3889,6795,144,9,7,7,7,7,6,6,6,6,5
TCGA-AO-A128-DX1_xmin11924_ymin4831_MPP-0.2500+0[0100].png,6045,3526,958,5912,2308,4911,3088,2650,2686,215,11,9,8,8,8,7,7,6,6,6
TCGA-AO-A128-DX1_xmin11924_ymin4831_MPP-0.2500+10[0100].png,2308,3088,5912,5098,778,7024,7694,1508,2686,1476,12,9,8,8,6,6,6,6,6,6
TCGA-AO-A128-DX1_xmin11924_ymin4831_MPP-0.2500+11[0100].png,3526,3088,6321,6045,6869,7134,6121,5834,8013,7337,12,10,10,9,8,7,6,6,6,5
TCGA-AO-A128-DX1_xmin11924_ymin4831_MPP-0.2500+12[0100].png,6321,5912,1652,781,3526,3889,8013,958,3127,1203,8,8,8,7,7,7,6,6,5,5
TCGA-AO-A128-DX1_xmin11924_ymin4831_MPP-0.2500+13[0100].png,2650,915,5561,515,4436,7249,3626,1476,1682,6326,8,7,7,6,6,6,5,5,5,5
TCGA-AO-A128-DX1_xmin11924_ymin4831_MPP-0.2500+14[0100].png,4001,7819,1813,5561,3626,3889,2650,5834,6795,6045,7,6,6,6,6,6,5,5,5,5
TCGA-AO-A128-DX1_xmin11924_ymin4831_MPP-0.2500+15[0100].png,958,2308,1203,2686,2650,3526,1652,215,4436,3971,12,8,7,7,7,6,6,6,6,5
TCGA-AO-A128-DX1_xmin11924_ymin4831_MPP-0.2500+16[0100].png,5912,7442,2308,1624,5780,297,8013,2359,6321,5344,10,8,6,6,6,6,5,5,5,5
TCGA-AO-A128-DX1_xmin11924_ymin4831_MPP-0.2500+18[0100].png,2308,3088,3127,6226,7819,7880,2756,3889,6095,7694,10,8,8,6,6,6,6,6,6,6
TCGA-AO-A128-DX1_xmin11924_ymin4831_MPP-0.2500+19[0100].png,7442,6045,2650,7134,8081,237,6321,958,7694,2308,8,7,6,6,6,6,6,6,6,5
TCGA-AO-A128-DX1_xmin11924_ymin4831_MPP-0.2500+1[0100].png,215,3088,7024,6869,7808,5912,515,2990,6226,5797,11,10,8,6,6,6,5,5,5,5
TCGA-AO-A128-DX1_xmin11924_ymin4831_MPP-0.2500+20[0100].png,2308,3088,4068,5912,2226,5392,3526,4080,4436,2990,9,7,7,6,6,5,5,5,5,5
TCGA-AO-A128-DX1_xmin11924_ymin4831_MPP-0.2500+21[0100].png,7134,6795,1569,6321,2308,6045,958,4436,7091,3088,10,8,7,7,6,6,6,5,5,5
TCGA-AO-A128-DX1_xmin11924_ymin4831_MPP-0.2500+22[0100].png,958,2990,3088,1654,8013,5912,4377,4642,6795,725,12,8,7,7,6,6,6,5,5,5
TCGA-AO-A128-DX1_xmin11924_ymin4831_MPP-0.2500+23[0100].png,778,3889,1311,4377,4427,2308,7819,7134,5912,6045,11,9,7,7,7,7,6,6,6,6
TCGA-AO-A128-DX1_xmin11924_ymin4831_MPP-0.2500+27[0100].png,2308,7134,6045,5912,3889,3088,6321,3526,2226,5603,18,12,10,10,7,7,7,6,6,6
TCGA-AO-A128-DX1_xmin11924_ymin4831_MPP-0.2500+28[0100].png,6321,6045,5780,215,3044,3088,4559,4377,6095,4436,7,7,7,7,7,6,5,5,5,5
TCGA-AO-A128-DX1_xmin11924_ymin4831_MPP-0.2500+29[0100].png,6795,6321,1654,3044,7134,2686,2226,2308,6045,4072,7,7,7,6,6,6,6,6,5,5
TCGA-AO-A128-DX1_xmin11924_ymin4831_MPP-0.2500+2[0100].png,2308,958,215,297,5912,1813,3127,3889,8148,4559,12,9,8,8,7,6,6,6,6,6
TCGA-AO-A128-DX1_xmin11924_ymin4831_MPP-0.2500+30[0100].png,2308,958,3044,7899,297,5912,7442,935,6226,1845,8,7,7,7,6,6,6,6,6,6
TCGA-AO-A128-DX1_xmin11924_ymin4831_MPP-0.2500+31[0100].png,1911,6795,7442,3870,2226,8101,3127,778,958,5392,8,8,7,7,6,6,6,6,5,5
TCGA-AO-A128-DX1_xmin11924_ymin4831_MPP-0.2500+36[0100].png,2308,3088,3889,7134,6045,453,4593,594,5912,1836,12,9,8,8,8,8,6,6,6,6
TCGA-AO-A128-DX1_xmin11924_ymin4831_MPP-0.2500+37[0100].png,4377,5937,7134,4311,4436,215,1836,8165,2650,4559,8,8,7,6,6,6,6,5,5,5
TCGA-AO-A128-DX1_xmin11924_ymin4831_MPP-0.2500+38[0100].png,7442,5561,7134,7880,3626,1813,4559,5937,131,2226,7,7,6,6,6,6,6,6,6,6
TCGA-AO-A128-DX1_xmin11924_ymin4831_MPP-0.2500+39[0100].png,6795,3088,2990,958,7134,7819,662,2319,5912,6265,8,7,7,6,6,6,6,5,5,5
TCGA-AO-A128-DX1_xmin11924_ymin4831_MPP-0.2500+3[0100].png,6045,5912,3889,3526,3088,781,4377,778,6321,7442,11,10,9,8,7,7,6,6,6,5
TCGA-AO-A128-DX1_xmin11924_ymin4831_MPP-0.2500+45[0100].png,2686,5603,4001,215,6795,4430,3526,6192,958,7024,8,8,6,6,6,6,6,5,5,5
TCGA-AO-A128-DX1_xmin11924_ymin4831_MPP-0.2500+46[0100].png,7899,7442,1813,5098,6795,5603,6869,8101,7357,6179,9,8,7,7,6,6,6,5,5,5
TCGA-AO-A128-DX1_xmin11924_ymin4831_MPP-0.2500+47[0100].png,2226,2308,1836,3526,5937,3088,5098,7134,7360,7899,9,7,7,6,6,6,6,6,5,5
TCGA-AO-A128-DX1_xmin11924_ymin4831_MPP-0.2500+4[0100].png,3127,3526,3088,3836,5098,515,935,2780,958,516,8,8,8,8,8,7,7,6,6,6
TCGA-AO-A128-DX1_xmin11924_ymin4831_MPP-0.2500+54[0100].png,778,2308,3127,7134,3088,6321,8013,6856,7442,1836,9,8,7,7,7,6,5,5,5,5
TCGA-AO-A128-DX1_xmin11924_ymin4831_MPP-0.2500+55[0100].png,2308,215,5937,7091,3526,7880,2686,7694,3088,2034,9,7,7,7,6,6,6,6,6,5
TCGA-AO-A128-DX1_xmin11924_ymin4831_MPP-0.2500+5[0100].png,2776,6321,5912,8013,781,3619,2686,3088,215,1652,10,8,7,7,6,6,6,6,6,6
TCGA-AO-A128-DX1_xmin11924_ymin4831_MPP-0.2500+63[0100].png,2308,7337,3088,215,4436,2588,2226,6902,915,5834,9,8,7,7,6,6,5,5,5,5
TCGA-AO-A128-DX1_xmin11924_ymin4831_MPP-0.2500+64[0100].png,7880,2308,7899,1836,3526,2990,6321,8013,4311,6045,11,9,8,7,7,6,6,6,6,5
TCGA-AO-A128-DX1_xmin11924_ymin4831_MPP-0.2500+6[0100].png,1813,1476,3088,2308,958,215,8013,7175,582,7880,8,7,7,6,6,6,6,6,6,6
TCGA-AO-A128-DX1_xmin11924_ymin4831_MPP-0.2500+72[0100].png,5912,2308,3088,2650,5780,3526,1836,693,7790,2226,10,9,8,6,6,6,5,5,5,5
TCGA-AO-A128-DX1_xmin11924_ymin4831_MPP-0.2500+7[0100].png,958,781,4436,6265,6795,5912,124,3526,7134,1813,10,9,9,8,7,7,6,6,6,6
TCGA-AO-A128-DX1_xmin11924_ymin4831_MPP-0.2500+81[0100].png,1654,7134,8148,8013,6795,5912,3889,1682,4436,2650,8,8,7,7,6,6,6,6,6,5
TCGA-AO-A128-DX1_xmin11924_ymin4831_MPP-0.2500+8[0100].png,958,5912,1813,3889,3088,6321,1652,5098,3626,1569,9,8,7,7,7,6,6,6,6,5
TCGA-AO-A128-DX1_xmin11924_ymin4831_MPP-0.2500+90[0100].png,5428,4436,7337,215,1836,2650,2780,5741,2226,5780,8,7,7,6,6,6,6,6,6,6
TCGA-AO-A128-DX1_xmin11924_ymin4831_MPP-0.2500+99[0100].png,2990,4436,1652,2308,144,6795,6869,3526,3619,2249,8,7,7,7,6,6,5,5,5,5
TCGA-AO-A128-DX1_xmin11924_ymin4831_MPP-0.2500+9[0100].png,2308,5912,7134,3526,1836,6321,3088,2990,4377,6226,11,9,8,8,8,7,7,7,6,6
TCGA-AO-A129-DX1_xmin37502_ymin12501_MPP-0.2500+239[0100].png,215,1652,6869,1813,7442,7134,2588,958,3088,632,15,9,7,6,6,6,6,6,6,6
TCGA-AO-A129-DX1_xmin37502_ymin12501_MPP-0.2500+249[0100].png,1813,7948,4311,6045,958,4377,6869,601,2320,1652,14,13,7,7,7,7,7,7,6,6
TCGA-AO-A129-DX1_xmin37502_ymin12501_MPP-0.2500+250[0100].png,1813,1652,215,3088,6226,2226,6902,2588,1297,4311,11,10,9,8,8,8,7,7,7,7
TCGA-AO-A129-DX1_xmin37502_ymin12501_MPP-0.2500+258[0100].png,215,6869,6226,1652,2990,1813,1696,5860,2308,2226,13,11,10,7,7,6,6,6,6,6
TCGA-AO-A129-DX1_xmin37502_ymin12501_MPP-0.2500+259[0100].png,2226,1652,5344,6226,632,3526,215,7249,8013,1549,10,10,9,8,7,7,6,6,6,5
TCGA-AO-A129-DX1_xmin37502_ymin12501_MPP-0.2500+260[0100].png,215,1652,2308,8013,632,144,7119,7442,1911,6226,14,12,11,8,7,7,7,7,6,5
TCGA-AO-A129-DX1_xmin37502_ymin12501_MPP-0.2500+261[0100].png,4436,4911,1836,215,2990,3088,1008,7129,162,725,8,7,6,6,6,6,6,6,5,5
TCGA-AO-A129-DX1_xmin37502_ymin12501_MPP-0.2500+268[0100].png,1652,1813,7249,215,4559,3088,7695,144,781,725,9,8,6,6,6,6,5,5,5,5
TCGA-AO-A129-DX1_xmin37502_ymin12501_MPP-0.2500+269[0100].png,215,1813,1008,6226,632,4436,3030,1652,7024,3889,9,8,7,7,7,7,6,6,6,6
TCGA-AO-A129-DX1_xmin37502_ymin12501_MPP-0.2500+270[0100].png,3088,958,215,1813,1652,2226,7357,6226,7895,2308,11,10,9,9,8,8,7,7,6,6
TCGA-AO-A129-DX1_xmin37502_ymin12501_MPP-0.2500+271[0100].png,215,2226,1652,6226,2756,632,725,5797,1476,2140,10,10,9,8,7,7,7,6,6,6
TCGA-AO-A129-DX1_xmin37502_ymin12501_MPP-0.2500+272[0100].png,6226,7129,958,1652,632,1813,7733,4311,7024,4112,13,10,7,7,7,7,6,6,6,6
TCGA-AO-A129-DX1_xmin37502_ymin12501_MPP-0.2500+273[0100].png,1652,1813,6226,5344,6869,6190,215,3088,2226,4559,12,10,10,8,8,7,7,7,6,5
TCGA-AO-A129-DX1_xmin37502_ymin12501_MPP-0.2500+274[0100].png,6321,1652,2780,215,6045,4436,7357,2990,8148,5780,8,6,6,6,6,6,6,6,5,5
TCGA-AO-A129-DX1_xmin37502_ymin12501_MPP-0.2500+275[0100].png,1836,2226,3889,1911,7357,3088,828,3870,515,5344,8,7,6,6,5,5,5,5,5,5
TCGA-AO-A129-DX1_xmin37502_ymin12501_MPP-0.2500+276[0100].png,6226,2308,5834,335,3088,781,5428,6678,6045,7134,10,7,6,6,6,6,5,5,5,5
TCGA-AO-A129-DX1_xmin37502_ymin12501_MPP-0.2500+277[0100].png,3889,1813,215,4436,3088,3030,6226,5937,781,915,9,7,7,6,6,6,6,5,5,5
TCGA-AO-A129-DX1_xmin37502_ymin12501_MPP-0.2500+278[0100].png,1813,215,3088,5344,2780,5912,1836,5797,3889,725,10,8,7,6,6,6,6,6,6,5
TCGA-AO-A129-DX1_xmin37502_ymin12501_MPP-0.2500+279[0100].png,215,1813,632,1357,6226,4711,7948,1311,7175,3356,11,9,8,7,7,7,6,6,6,6
TCGA-AO-A129-DX1_xmin37502_ymin12501_MPP-0.2500+280[0100].png,1476,6226,215,1813,4143,3889,2780,4311,1508,7249,10,10,10,9,7,7,6,6,6,6
TCGA-AO-A129-DX1_xmin37502_ymin12501_MPP-0.2500+281[0100].png,6226,1476,1652,958,7134,2990,7175,144,5344,7694,11,8,7,7,6,6,6,6,6,6
TCGA-AO-A129-DX1_xmin37502_ymin12501_MPP-0.2500+282[0100].png,6045,958,6795,7808,3526,2756,3889,6226,8148,1652,12,8,8,7,7,7,7,7,6,6
TCGA-AO-A129-DX1_xmin37502_ymin12501_MPP-0.2500+283[0100].png,215,1836,6226,632,4436,1652,2226,2756,7129,6869,11,8,8,8,7,7,6,6,6,6
TCGA-AO-A129-DX1_xmin37502_ymin12501_MPP-0.2500+284[0100].png,215,1813,6226,7024,7249,958,5797,1775,3011,6869,12,11,10,8,8,8,7,7,6,6
TCGA-AO-A129-DX1_xmin37502_ymin12501_MPP-0.2500+285[0100].png,8148,215,1813,3526,1652,1911,5344,4325,6226,4364,9,8,8,7,7,7,7,6,6,6
TCGA-AO-A129-DX1_xmin37502_ymin12501_MPP-0.2500+286[0100].png,1813,958,6226,5344,601,1476,3526,632,7024,2308,11,10,10,9,8,7,7,7,7,7
TCGA-AO-A129-DX1_xmin37502_ymin12501_MPP-0.2500+287[0100].png,2990,215,2308,3889,1157,1813,1297,7442,5780,3189,8,7,7,6,6,6,6,6,5,5
TCGA-AO-A129-DX1_xmin37502_ymin12501_MPP-0.2500+288[0100].png,3088,6045,3526,4436,1836,5780,6226,5344,3836,594,10,10,8,8,7,6,6,6,6,5
TCGA-AO-A129-DX1_xmin37502_ymin12501_MPP-0.2500+289[0100].png,3088,915,594,4325,1836,8148,5344,7024,7175,2756,11,8,7,7,7,6,6,6,6,6
TCGA-AO-A129-DX1_xmin37502_ymin12501_MPP-0.2500+290[0100].png,7129,632,3088,6226,215,4436,1652,2756,6869,3030,8,7,7,7,6,6,6,6,6,5
TCGA-AO-A129-DX1_xmin37502_ymin12501_MPP-0.2500+291[0100].png,1836,781,7694,1813,958,3870,686,3836,215,4377,9,7,7,7,6,6,6,6,6,6
TCGA-AO-A129-DX1_xmin37502_ymin12501_MPP-0.2500+292[0100].png,215,5344,3870,1836,3889,1311,6265,1813,2308,6011,9,9,8,8,6,6,6,6,6,6
TCGA-AO-A129-DX1_xmin37502_ymin12501_MPP-0.2500+293[0100].png,1836,5344,2308,1652,215,1813,6226,3889,3526,5780,10,9,8,8,7,7,7,7,7,7
TCGA-AO-A129-DX1_xmin37502_ymin12501_MPP-0.2500+294[0100].png,1652,331,3870,3526,4311,7119,3836,3889,632,1476,13,9,8,7,7,6,6,6,6,6
TCGA-AO-A129-DX1_xmin37502_ymin12501_MPP-0.2500+295[0100].png,6321,7357,1652,2308,6045,4311,7129,7733,4436,1911,9,9,9,8,8,8,7,6,5,5
TCGA-AO-A129-DX1_xmin37502_ymin12501_MPP-0.2500+296[0100].png,1813,5912,2226,582,6226,3526,3088,4436,4311,7249,9,9,7,7,7,6,6,6,6,6
TCGA-AO-A129-DX1_xmin37502_ymin12501_MPP-0.2500+297[0100].png,1652,1813,725,2226,958,1911,3889,4711,1508,7249,9,8,7,7,7,7,6,6,5,5
TCGA-AO-A129-DX1_xmin37502_ymin12501_MPP-0.2500+298[0100].png,215,1652,6226,1813,601,1476,2756,6869,5937,5344,14,12,9,9,8,7,7,7,6,6
TCGA-AO-A129-DX1_xmin37502_ymin12501_MPP-0.2500+299[0100].png,1652,958,215,7249,3889,2756,3088,781,778,3836,11,10,9,6,6,6,6,6,6,6
TCGA-AO-A129-DX1_xmin37502_ymin12501_MPP-0.2500+300[0100].png,2308,8148,1652,5344,162,5912,3526,4311,2226,7134,9,7,7,6,6,6,5,5,5,5
TCGA-AO-A129-DX1_xmin37502_ymin12501_MPP-0.2500+301[0100].png,3088,5344,6045,5392,2756,3526,3889,2140,6902,5600,11,10,10,9,7,7,6,6,6,5
TCGA-AO-A129-DX1_xmin37502_ymin12501_MPP-0.2500+302[0100].png,3088,3526,2977,7175,2756,215,4311,7134,2267,2588,14,7,6,6,6,6,6,5,5,5
TCGA-AO-A129-DX1_xmin37502_ymin12501_MPP-0.2500+303[0100].png,3088,2308,7134,5797,3836,6045,7175,7357,1652,5392,14,9,8,8,7,6,6,6,5,5
TCGA-AO-A129-DX1_xmin37502_ymin12501_MPP-0.2500+304[0100].png,7430,1297,3088,1897,781,7129,6354,4259,2140,3889,12,8,8,8,7,6,6,6,6,6
TCGA-AO-A129-DX1_xmin37502_ymin12501_MPP-0.2500+305[0100].png,7175,6226,958,915,8148,3088,7357,3889,5797,5098,8,7,7,6,6,6,6,6,6,6
TCGA-AO-A129-DX1_xmin37502_ymin12501_MPP-0.2500+306[0100].png,3088,2308,6045,5797,4112,6226,1813,3889,2226,6354,13,11,11,9,8,8,8,8,7,6
TCGA-AO-A129-DX1_xmin37502_ymin12501_MPP-0.2500+307[0100].png,1652,632,3870,6226,3889,5344,2308,7134,3088,1836,9,9,8,8,7,7,7,7,6,6
TCGA-AO-A129-DX1_xmin37502_ymin12501_MPP-0.2500+308[0100].png,1652,1813,3088,2226,5344,6226,958,3889,215,5392,13,13,8,8,7,7,7,6,6,5
TCGA-AO-A129-DX1_xmin37502_ymin12501_MPP-0.2500+309[0100].png,2226,632,1813,215,1652,516,4143,6045,4436,7024,10,8,8,7,7,7,6,6,6,6
TCGA-AO-A129-DX1_xmin37502_ymin12501_MPP-0.2500+310[0100].png,215,4436,6869,5344,781,1813,1652,7091,5101,2226,7,7,6,6,6,6,6,5,5,5
TCGA-AO-A129-DX1_xmin37502_ymin12501_MPP-0.2500+311[0100].png,1813,215,1652,4436,2226,2990,2686,4340,7129,7880,8,7,7,7,6,6,6,5,5,5
TCGA-AO-A129-DX1_xmin37502_ymin12501_MPP-0.2500+312[0100].png,1813,3889,958,7249,1476,215,4311,1652,3870,4436,10,10,9,9,8,7,7,7,7,6
TCGA-AO-A129-DX1_xmin37502_ymin12501_MPP-0.2500+313[0100].png,6321,7024,1652,1813,3889,215,3088,131,2756,6964,7,6,6,6,6,6,5,5,5,5
TCGA-AO-A129-DX1_xmin37502_ymin12501_MPP-0.2500+314[0100].png,2308,5344,7024,4911,3088,4430,7089,4436,7129,3526,8,7,7,7,6,6,6,5,5,5
TCGA-AO-A129-DX1_xmin37502_ymin12501_MPP-0.2500+315[0100].png,7694,3088,935,7880,2815,4290,958,2226,6226,725,9,6,6,6,5,5,5,5,5,5
TCGA-AO-A129-DX1_xmin37502_ymin12501_MPP-0.2500+316[0100].png,2308,4711,3088,781,1682,6226,2756,7899,4436,215,12,9,8,8,7,7,7,7,6,5
TCGA-AO-A129-DX1_xmin37502_ymin12501_MPP-0.2500+317[0100].png,6321,3088,4436,7134,4112,2990,2140,2588,5912,8148,8,8,8,7,7,7,6,6,6,6
TCGA-AO-A129-DX1_xmin37502_ymin12501_MPP-0.2500+318[0100].png,3088,4311,3526,5428,4711,6321,7895,6226,6045,828,7,7,7,6,6,6,6,5,5,5
TCGA-AO-A129-DX1_xmin37502_ymin12501_MPP-0.2500+319[0100].png,3088,215,725,2226,1008,8013,582,3209,4711,2308,7,6,6,6,6,5,5,5,5,5
TCGA-AO-A129-DX1_xmin37502_ymin12501_MPP-0.2500+320[0100].png,1813,1652,2780,2841,7899,2977,5780,958,7694,7391,9,7,7,6,6,6,6,6,5,5
TCGA-AO-A129-DX1_xmin37502_ymin12501_MPP-0.2500+321[0100].png,1203,1836,5797,7895,781,215,1476,7694,4377,3030,7,7,6,6,6,6,6,6,6,5
TCGA-AO-A129-DX1_xmin37502_ymin12501_MPP-0.2500+322[0100].png,5098,3526,3889,4436,1203,8081,4259,6226,958,7360,7,7,6,6,5,5,5,5,5,5
TCGA-AO-A129-DX1_xmin37502_ymin12501_MPP-0.2500+325[0100].png,4436,4311,7024,594,3088,2226,7134,3526,1654,3836,10,8,7,6,6,6,5,5,5,5
TCGA-AO-A129-DX1_xmin37502_ymin12501_MPP-0.2500+326[0100].png,3088,5600,168,3204,632,3889,6045,6226,215,3526,9,7,7,7,6,6,6,6,5,5
TCGA-AO-A129-DX1_xmin37502_ymin12501_MPP-0.2500+327[0100].png,2226,4436,5937,6045,7249,2482,2815,7694,7175,6678,7,7,6,6,6,5,5,5,5,5
TCGA-AO-A129-DX1_xmin37502_ymin12501_MPP-0.2500+328[0100].png,1813,4143,2990,1652,1877,2308,5810,8059,8140,7175,11,7,7,7,6,6,5,5,5,5
TCGA-AO-A129-DX1_xmin37502_ymin12501_MPP-0.2500+329[0100].png,1836,3889,6045,5912,2226,7819,686,215,5344,1813,7,7,6,6,6,5,5,5,5,5
TCGA-AO-A129-DX1_xmin37502_ymin12501_MPP-0.2500+330[0100].png,781,6869,1813,4817,5797,7024,3526,958,7694,276,10,8,8,6,6,6,6,6,6,5
TCGA-AO-A129-DX1_xmin37502_ymin12501_MPP-0.2500+331[0100].png,4436,3889,2226,2967,4311,453,781,3088,3526,7895,9,8,7,6,6,6,6,6,6,6
TCGA-AO-A129-DX1_xmin37502_ymin12501_MPP-0.2500+332[0100].png,3088,5937,7175,3526,4259,2308,4817,7024,215,5797,10,8,8,7,6,6,6,6,6,6
TCGA-AO-A129-DX1_xmin37502_ymin12501_MPP-0.2500+333[0100].png,781,6321,2977,7948,958,3088,7024,4311,6869,6269,8,7,7,7,6,6,6,5,5,5
TCGA-AO-A129-DX1_xmin37502_ymin12501_MPP-0.2500+334[0100].png,7024,3889,4311,7175,3088,3526,2756,2226,3230,7119,9,7,7,7,7,6,6,6,5,5
TCGA-AO-A129-DX1_xmin37502_ymin12501_MPP-0.2500+335[0100].png,5797,2308,215,3230,2140,3088,1911,1813,4436,2588,8,7,6,6,6,6,5,5,5,5
TCGA-AO-A129-DX1_xmin37502_ymin12501_MPP-0.2500+336[0100].png,958,6869,1911,1813,4436,7808,601,215,7948,5561,11,9,8,8,8,6,6,6,6,6
TCGA-AO-A129-DX1_xmin37502_ymin12501_MPP-0.2500+337[0100].png,1813,215,4377,1652,6869,7249,3209,2140,958,4436,16,8,8,7,7,7,6,6,6,6
TCGA-AO-A129-DX1_xmin37502_ymin12501_MPP-0.2500+338[0100].png,4642,6045,6321,1836,5603,1476,6265,781,6190,6869,8,8,7,7,7,6,6,6,5,5
TCGA-AO-A129-DX1_xmin37502_ymin12501_MPP-0.2500+339[0100].png,3088,5797,2308,5912,3870,632,6226,958,7948,4311,8,7,7,7,6,6,6,6,6,6
TCGA-AO-A129-DX1_xmin37502_ymin12501_MPP-0.2500+340[0100].png,3088,215,2226,3526,1652,3889,4311,2140,781,2756,10,10,8,7,7,6,6,6,6,6
TCGA-AO-A129-DX1_xmin37502_ymin12501_MPP-0.2500+341[0100].png,4436,1652,6226,3088,958,4911,7091,5912,6045,319,10,8,8,8,7,7,7,7,7,7
TCGA-AO-A129-DX1_xmin37502_ymin12501_MPP-0.2500+342[0100].png,215,4311,1549,4436,4911,3230,144,5810,2336,781,9,8,7,7,7,7,6,6,5,5
TCGA-AO-A129-DX1_xmin37502_ymin12501_MPP-0.2500+343[0100].png,4436,3088,5797,1836,215,6321,7024,632,5097,4250,10,8,7,6,6,5,5,5,5,5
TCGA-AO-A129-DX1_xmin37502_ymin12501_MPP-0.2500+344[0100].png,6226,1652,3088,5098,6045,2226,3836,7694,2588,3870,10,10,7,6,6,6,6,5,5,5
TCGA-AO-A129-DX1_xmin37502_ymin12501_MPP-0.2500+345[0100].png,6045,3088,4436,5797,2756,145,7957,3870,3526,6902,11,11,10,8,7,7,7,7,7,7
TCGA-AO-A129-DX1_xmin37502_ymin12501_MPP-0.2500+346[0100].png,3088,7024,6045,6226,7129,3889,5392,4001,2756,1696,12,10,10,9,8,8,7,7,7,6
TCGA-AO-A129-DX1_xmin37502_ymin12501_MPP-0.2500+347[0100].png,3088,4259,5097,7869,1297,7694,7129,4436,2062,1652,9,7,7,7,6,6,6,6,6,5
TCGA-AO-A129-DX1_xmin37502_ymin12501_MPP-0.2500+348[0100].png,7024,3889,4259,4112,601,1476,7134,7129,131,3526,8,7,7,6,6,6,6,6,5,5
TCGA-AO-A129-DX1_xmin37502_ymin12501_MPP-0.2500+349[0100].png,7129,2140,4311,2756,2062,4642,2308,3526,7694,4436,8,7,7,6,6,6,6,6,6,5
TCGA-AO-A129-DX1_xmin37502_ymin12501_MPP-0.2500+350[0100].png,781,4436,1813,2686,4311,3889,2308,6045,4325,215,10,9,8,7,6,6,6,5,5,5
TCGA-AO-A12F-DX1_xmin16484_ymin29374_MPP-0.2500+0[0100].png,5999,7695,1836,6764,5810,3836,5780,7189,4559,2018,5,5,5,5,5,4,4,4,4,4
TCGA-AO-A12F-DX1_xmin16484_ymin29374_MPP-0.2500+10[0100].png,3088,7895,3836,781,331,2766,7091,5872,1932,5912,7,7,6,6,6,5,5,4,4,4
TCGA-AO-A12F-DX1_xmin16484_ymin29374_MPP-0.2500+11[0100].png,4693,2766,2308,3088,898,7695,594,5810,516,7430,5,5,5,5,5,5,5,5,4,4
TCGA-AO-A12F-DX1_xmin16484_ymin29374_MPP-0.2500+12[0100].png,3088,3024,1897,1836,5498,5392,4911,1932,144,3469,7,6,6,6,6,5,5,5,4,4
TCGA-AO-A12F-DX1_xmin16484_ymin29374_MPP-0.2500+13[0100].png,4711,3088,3637,7694,5872,2018,1297,2766,915,7007,7,6,6,6,5,5,5,5,5,5
TCGA-AO-A12F-DX1_xmin16484_ymin29374_MPP-0.2500+14[0100].png,3088,7189,5780,7957,5872,3500,3192,6702,7175,3526,8,7,6,6,5,5,5,5,5,5
TCGA-AO-A12F-DX1_xmin16484_ymin29374_MPP-0.2500+15[0100].png,516,6702,7695,1652,6571,3088,1297,4693,3836,1836,7,7,6,6,6,5,5,5,5,5
TCGA-AO-A12F-DX1_xmin16484_ymin29374_MPP-0.2500+16[0100].png,7189,8110,1682,124,3088,781,6192,2194,2967,5671,8,7,7,5,5,5,4,4,4,4
TCGA-AO-A12F-DX1_xmin16484_ymin29374_MPP-0.2500+17[0100].png,4711,3088,7694,6321,4250,5097,1008,7138,2609,404,8,7,7,6,6,5,5,4,4,4
TCGA-AO-A12F-DX1_xmin16484_ymin29374_MPP-0.2500+18[0100].png,1652,44,352,215,4711,978,145,7694,2903,808,6,5,5,5,5,5,4,4,4,4
TCGA-AO-A12F-DX1_xmin16484_ymin29374_MPP-0.2500+19[0100].png,4711,4436,4250,1842,915,3088,808,898,1836,7733,10,6,6,6,5,5,5,4,4,4
TCGA-AO-A12F-DX1_xmin16484_ymin29374_MPP-0.2500+1[0100].png,3195,1836,8081,781,5797,2756,7880,8000,1897,1654,7,7,5,5,5,5,4,4,4,4
TCGA-AO-A12F-DX1_xmin16484_ymin29374_MPP-0.2500+20[0100].png,2756,3088,2870,1836,7695,4968,4911,5872,6193,3114,6,6,5,5,5,5,4,4,4,4
TCGA-AO-A12F-DX1_xmin16484_ymin29374_MPP-0.2500+21[0100].png,3024,7733,4911,4711,7589,3836,1652,5797,6321,3088,7,7,5,5,5,5,4,4,4,4
TCGA-AO-A12F-DX1_xmin16484_ymin29374_MPP-0.2500+22[0100].png,4817,1652,6960,3088,7895,1833,5872,2903,4911,7694,8,6,5,5,5,5,5,4,4,4
TCGA-AO-A12F-DX1_xmin16484_ymin29374_MPP-0.2500+23[0100].png,7733,6702,5797,2967,7589,3088,7895,5999,2766,3526,9,6,6,5,5,5,5,5,5,4
TCGA-AO-A12F-DX1_xmin16484_ymin29374_MPP-0.2500+24[0100].png,8110,2977,1836,1297,8148,2903,6795,5999,6919,276,6,6,6,6,5,5,5,5,4,4
TCGA-AO-A12F-DX1_xmin16484_ymin29374_MPP-0.2500+25[0100].png,5834,3088,3637,1312,5872,4711,7695,7024,5999,2226,7,6,6,6,5,5,5,5,5,5
TCGA-AO-A12F-DX1_xmin16484_ymin29374_MPP-0.2500+26[0100].png,4711,3836,3088,3356,1549,215,2308,131,4131,1977,11,7,7,6,5,5,5,4,4,4
TCGA-AO-A12F-DX1_xmin16484_ymin29374_MPP-0.2500+28[0100].png,915,4711,3044,3088,5780,7175,1463,4993,898,4160,7,6,5,5,5,4,4,4,4,4
TCGA-AO-A12F-DX1_xmin16484_ymin29374_MPP-0.2500+29[0100].png,3204,541,7357,3088,3836,352,4711,6782,4160,2903,7,5,5,5,4,4,4,4,4,4
TCGA-AO-A12F-DX1_xmin16484_ymin29374_MPP-0.2500+2[0100].png,3088,781,7733,2812,4911,4430,3204,1836,3526,6931,8,7,7,6,6,5,5,5,5,5
TCGA-AO-A12F-DX1_xmin16484_ymin29374_MPP-0.2500+30[0100].png,3088,915,6702,1652,5780,5999,8081,7895,3207,7733,7,6,5,5,5,5,5,4,4,4
TCGA-AO-A12F-DX1_xmin16484_ymin29374_MPP-0.2500+31[0100].png,2308,4711,1652,5235,2780,3437,6428,8059,6979,1977,8,7,6,5,5,4,4,4,4,4
TCGA-AO-A12F-DX1_xmin16484_ymin29374_MPP-0.2500+32[0100].png,3088,6807,3209,594,7175,44,331,5834,1775,1652,7,6,6,5,5,4,4,4,4,4
TCGA-AO-A12F-DX1_xmin16484_ymin29374_MPP-0.2500+33[0100].png,4911,6702,898,3836,331,1977,3088,4711,5450,1785,5,5,5,5,5,5,5,5,4,4
TCGA-AO-A12F-DX1_xmin16484_ymin29374_MPP-0.2500+34[0100].png,915,3088,8049,5872,5999,2336,6192,1652,1772,4711,8,6,5,5,5,5,5,5,4,4
TCGA-AO-A12F-DX1_xmin16484_ymin29374_MPP-0.2500+35[0100].png,5797,7189,7134,5392,7733,7828,4685,4100,1008,2180,7,7,6,5,5,4,4,4,4,4
TCGA-AO-A12F-DX1_xmin16484_ymin29374_MPP-0.2500+38[0100].png,215,3088,44,7451,1652,4711,898,1682,2967,3230,6,6,5,5,5,5,4,4,4,4
TCGA-AO-A12F-DX1_xmin16484_ymin29374_MPP-0.2500+39[0100].png,4711,3088,2226,7733,582,3836,44,5392,5097,1652,6,5,5,5,4,4,4,4,4,4
TCGA-AO-A12F-DX1_xmin16484_ymin29374_MPP-0.2500+3[0100].png,5603,1613,267,5797,335,3207,1682,7694,8081,632,7,6,5,5,5,5,5,5,5,5
TCGA-AO-A12F-DX1_xmin16484_ymin29374_MPP-0.2500+40[0100].png,3836,6931,5810,1652,7024,5797,4711,693,2780,5097,6,5,5,5,5,5,5,4,4,4
TCGA-AO-A12F-DX1_xmin16484_ymin29374_MPP-0.2500+41[0100].png,4911,7733,4711,6905,1297,3044,3335,2336,4376,3021,7,6,6,5,5,5,4,4,4,4
TCGA-AO-A12F-DX1_xmin16484_ymin29374_MPP-0.2500+42[0100].png,1813,1476,6702,898,6931,1297,5114,4711,781,5872,8,5,5,4,4,4,4,4,4,4
TCGA-AO-A12F-DX1_xmin16484_ymin29374_MPP-0.2500+43[0100].png,331,7733,4250,2870,6619,5203,5872,168,5834,5735,7,7,6,6,5,5,5,5,4,4
TCGA-AO-A12F-DX1_xmin16484_ymin29374_MPP-0.2500+47[0100].png,7733,331,3024,7442,6702,1652,5106,4911,5780,5999,7,6,5,5,5,5,4,4,4,4
TCGA-AO-A12F-DX1_xmin16484_ymin29374_MPP-0.2500+48[0100].png,5797,8110,3088,7895,5235,7948,1463,6702,7733,8003,8,5,5,5,5,5,4,4,4,4
TCGA-AO-A12F-DX1_xmin16484_ymin29374_MPP-0.2500+49[0100].png,7134,5047,5810,4198,7695,6045,3836,168,5717,2180,6,5,5,5,5,4,4,4,4,4
TCGA-AO-A12F-DX1_xmin16484_ymin29374_MPP-0.2500+4[0100].png,1836,5797,3088,1652,6702,1682,4685,5810,7599,7189,7,6,6,6,5,5,5,4,4,4
TCGA-AO-A12F-DX1_xmin16484_ymin29374_MPP-0.2500+50[0100].png,5213,7695,6045,958,3526,3088,898,2308,4673,7895,6,6,6,5,5,5,5,5,5,5
TCGA-AO-A12F-DX1_xmin16484_ymin29374_MPP-0.2500+56[0100].png,7895,4911,3088,1652,1813,8081,2903,5780,6960,8049,8,6,6,6,5,5,5,4,4,4
TCGA-AO-A12F-DX1_xmin16484_ymin29374_MPP-0.2500+57[0100].png,7612,5834,2967,2977,2666,6902,3526,1312,601,1905,6,5,5,5,5,5,4,4,4,4
TCGA-AO-A12F-DX1_xmin16484_ymin29374_MPP-0.2500+58[0100].png,3088,2430,4711,7175,5912,915,7165,8101,3526,4112,5,5,5,5,4,4,4,4,4,4
TCGA-AO-A12F-DX1_xmin16484_ymin29374_MPP-0.2500+59[0100].png,5392,3526,4112,7733,2977,1571,808,4711,1652,6219,6,5,5,5,5,5,4,4,4,4
TCGA-AO-A12F-DX1_xmin16484_ymin29374_MPP-0.2500+5[0100].png,2903,3088,8110,4911,1389,2140,693,4436,5603,1836,7,6,6,6,5,5,5,5,5,5
TCGA-AO-A12F-DX1_xmin16484_ymin29374_MPP-0.2500+66[0100].png,3526,1836,3870,4911,7694,5797,3088,2308,1297,5213,7,6,6,5,5,5,5,5,4,4
TCGA-AO-A12F-DX1_xmin16484_ymin29374_MPP-0.2500+67[0100].png,6702,2226,6931,3209,3189,1297,3088,1652,7138,1476,6,5,5,5,5,5,5,5,4,4
TCGA-AO-A12F-DX1_xmin16484_ymin29374_MPP-0.2500+68[0100].png,3836,3088,4911,2780,7895,5097,6078,1203,5392,915,6,5,5,5,5,4,4,4,4,4
TCGA-AO-A12F-DX1_xmin16484_ymin29374_MPP-0.2500+6[0100].png,4711,3088,5797,2308,7733,3526,6711,4436,1297,2870,10,9,7,7,6,5,5,5,5,5
TCGA-AO-A12F-DX1_xmin16484_ymin29374_MPP-0.2500+7[0100].png,3088,6702,1836,1652,331,7695,915,6902,186,3836,9,7,7,5,5,5,5,5,5,5
TCGA-AO-A12F-DX1_xmin16484_ymin29374_MPP-0.2500+8[0100].png,3088,6772,8049,4711,1297,3836,6678,1312,2903,879,7,6,5,5,5,4,4,4,4,4
TCGA-AO-A12F-DX1_xmin16484_ymin29374_MPP-0.2500+9[0100].png,3088,693,6809,1652,8095,1775,4911,3204,3889,1869,6,5,5,5,5,5,5,4,4,4
TCGA-AO-A1KR-DX1_xmin19591_ymin37667_MPP-0.2500+10[0100].png,3088,7134,3209,1842,5392,3044,2903,4711,4693,7880,7,6,6,5,5,5,4,4,4,4
TCGA-AO-A1KR-DX1_xmin19591_ymin37667_MPP-0.2500+116[0100].png,3088,4711,2666,3526,3209,7222,5937,2903,4100,4629,10,9,7,6,5,5,5,5,5,4
TCGA-AO-A1KR-DX1_xmin19591_ymin37667_MPP-0.2500+11[0100].png,6702,4711,1869,1682,4817,3526,3088,2903,3209,4376,7,7,6,6,6,5,5,5,5,5
TCGA-AO-A1KR-DX1_xmin19591_ymin37667_MPP-0.2500+128[0100].png,1842,5392,4711,7134,6702,5946,7694,7189,5702,2308,6,6,5,5,5,5,5,5,5,4
TCGA-AO-A1KR-DX1_xmin19591_ymin37667_MPP-0.2500+137[0100].png,1682,3088,3030,8049,1297,2666,4436,6814,693,7164,6,6,6,5,5,5,5,5,4,4
TCGA-AO-A1KR-DX1_xmin19591_ymin37667_MPP-0.2500+191[0100].png,3088,6702,3836,2308,1682,7501,7134,267,4711,2031,13,8,7,6,6,5,5,5,5,5
TCGA-AO-A1KR-DX1_xmin19591_ymin37667_MPP-0.2500+204[0100].png,3836,7134,5603,1008,3088,5235,131,6984,2977,6045,8,6,6,5,5,4,4,4,4,4
TCGA-AO-A1KR-DX1_xmin19591_ymin37667_MPP-0.2500+218[0100].png,3088,2308,7134,7165,8148,6807,5999,632,4711,1682,11,6,6,6,6,6,6,6,5,5
TCGA-AO-A1KR-DX1_xmin19591_ymin37667_MPP-0.2500+23[0100].png,3088,7134,7089,5392,7808,1682,2815,2308,7442,8148,12,10,7,6,5,5,5,4,4,4
TCGA-AO-A1KR-DX1_xmin19591_ymin37667_MPP-0.2500+24[0100].png,1682,3088,2308,8126,4817,7134,2756,6702,4725,4250,12,9,7,6,6,6,5,5,5,5
TCGA-AO-A1KR-DX1_xmin19591_ymin37667_MPP-0.2500+36[0100].png,3088,915,7694,1682,5392,898,7134,5937,6354,8081,7,6,6,5,5,5,5,5,5,4
TCGA-AO-A1KR-DX1_xmin19591_ymin37667_MPP-0.2500+37[0100].png,7134,3088,5872,2977,6702,6905,5392,5797,5673,5097,8,8,7,6,6,6,5,5,5,5
TCGA-AO-A1KR-DX1_xmin19591_ymin37667_MPP-0.2500+38[0100].png,3088,6702,7694,6219,4711,3526,3889,773,2977,2751,14,14,6,6,6,5,5,5,5,5
TCGA-AO-A1KR-DX1_xmin19591_ymin37667_MPP-0.2500+49[0100].png,4100,3836,5999,1297,3088,5428,267,1008,6045,131,7,7,6,6,6,5,5,5,5,5
TCGA-AO-A1KR-DX1_xmin19591_ymin37667_MPP-0.2500+50[0100].png,6192,5999,2756,7694,6931,7134,3044,7599,44,2336,7,7,6,6,6,6,5,5,5,5
TCGA-AO-A1KR-DX1_xmin19591_ymin37667_MPP-0.2500+51[0100].png,5392,3088,2308,1682,131,4160,1297,7501,5834,1373,12,8,7,7,6,6,6,5,5,5
TCGA-AO-A1KR-DX1_xmin19591_ymin37667_MPP-0.2500+63[0100].png,3088,2308,2482,7175,7808,4436,7134,216,7189,7222,15,6,6,5,5,4,4,4,4,4
TCGA-AQ-A04J-DX1_xmin64631_ymin12074_MPP-0.2500+0[0100].png,1842,2308,5780,3836,3209,4711,3088,5203,7694,516,9,8,7,7,6,6,6,5,5,5
TCGA-AQ-A04J-DX1_xmin64631_ymin12074_MPP-0.2500+1[0100].png,7880,7869,3024,4430,2609,5834,5433,9,1836,7149,6,6,5,5,5,5,5,5,5,4
TCGA-AQ-A04J-DX1_xmin64631_ymin12074_MPP-0.2500+30[0100].png,186,131,7895,1351,4725,4817,6814,44,6808,6652,5,5,5,4,4,4,4,4,4,4
TCGA-AQ-A04J-DX1_xmin64631_ymin12074_MPP-0.2500+3[0100].png,4711,7694,2228,5477,8165,5763,4593,6045,1813,1842,6,5,4,4,4,4,4,4,4,4
TCGA-AQ-A04J-DX1_xmin64631_ymin12074_MPP-0.2500+5[0100].png,8066,4376,2308,5937,5716,3268,3088,781,4817,3626,6,5,5,5,5,4,4,4,4,4
TCGA-AQ-A04J-DX1_xmin64631_ymin12074_MPP-0.2500+63[0100].png,7189,7089,216,4711,5810,2308,8081,7589,594,6571,6,5,5,5,4,4,4,4,4,4
TCGA-AQ-A04J-DX1_xmin64631_ymin12074_MPP-0.2500+75[0100].png,7694,5872,7835,4817,3026,4711,5937,4977,44,4054,7,6,5,5,5,4,4,4,4,4
TCGA-AQ-A04J-DX1_xmin64631_ymin12074_MPP-0.2500+80[0100].png,4376,3230,130,2278,3026,3088,2751,7880,8110,3526,6,5,5,5,4,4,4,4,4,4
TCGA-AQ-A04J-DX1_xmin64631_ymin12074_MPP-0.2500+84[0100].png,7694,1869,4278,7165,1312,331,1203,1298,267,6702,8,6,5,4,4,4,4,4,4,4
TCGA-AQ-A04J-DX1_xmin64631_ymin12074_MPP-0.2500+85[0100].png,3088,4436,216,4160,215,6595,7733,3021,3230,8081,7,6,5,5,5,5,4,4,4,4
TCGA-AQ-A04J-DX1_xmin64631_ymin12074_MPP-0.2500+86[0100].png,1842,6045,3230,1297,3584,130,4430,2815,3088,7303,6,5,5,5,5,5,5,5,5,4
TCGA-AQ-A04J-DX1_xmin64631_ymin12074_MPP-0.2500+91[0100].png,4817,6702,2977,7694,2319,7175,3836,131,2540,3889,6,5,5,5,5,5,5,4,4,4
TCGA-AQ-A04J-DX1_xmin64631_ymin12074_MPP-0.2500+92[0100].png,4376,390,5780,8144,321,6702,3230,267,1857,2903,8,5,5,4,4,4,4,4,3,3
TCGA-AQ-A04J-DX1_xmin64631_ymin12074_MPP-0.2500+93[0100].png,3209,1842,3079,6192,7089,3088,2903,4711,6048,8101,8,5,5,5,5,5,5,5,4,4
TCGA-AQ-A04J-DX1_xmin64631_ymin12074_MPP-0.2500+94[0100].png,4711,6652,3836,2194,6782,3209,131,7134,7957,7189,6,5,5,5,5,4,4,4,4,4
TCGA-AQ-A04J-DX1_xmin64631_ymin12074_MPP-0.2500+95[0100].png,4817,4725,7835,8110,2666,8081,7589,6045,3199,1297,5,5,5,5,4,4,4,4,4,4
TCGA-AQ-A04J-DX1_xmin64631_ymin12074_MPP-0.2500+96[0100].png,335,267,2278,5007,3026,216,7400,5097,4711,7591,5,5,5,4,4,4,4,4,4,3
TCGA-AR-A0TS-DX1_xmin118843_ymin22812_MPP-0.2500+0[0100].png,1869,5891,5780,5213,131,1357,8082,1297,5702,3200,5,5,5,5,5,5,4,4,4,4
TCGA-AR-A0TS-DX1_xmin118843_ymin22812_MPP-0.2500+101[0100].png,7032,4711,131,7880,4080,2870,3527,2400,6190,1836,5,5,5,5,4,4,4,4,4,4
TCGA-AR-A0TS-DX1_xmin118843_ymin22812_MPP-0.2500+107[0100].png,697,6702,1869,4468,840,4911,5780,3026,1772,6782,5,4,4,4,4,4,4,4,4,4
TCGA-AR-A0TS-DX1_xmin118843_ymin22812_MPP-0.2500+108[0100].png,7134,6502,145,2477,1682,7085,4351,7824,3189,4911,7,5,4,4,4,4,4,4,4,4
TCGA-AR-A0TS-DX1_xmin118843_ymin22812_MPP-0.2500+109[0100].png,1654,4250,7899,7612,4080,6192,7880,4160,4693,5477,6,5,5,5,5,4,4,4,4,4
TCGA-AR-A0TS-DX1_xmin118843_ymin22812_MPP-0.2500+115[0100].png,3209,5392,3088,2666,2308,4261,4711,5023,3230,1654,6,5,5,5,5,4,4,4,4,4
TCGA-AR-A0TS-DX1_xmin118843_ymin22812_MPP-0.2500+116[0100].png,4711,4080,3044,4259,4817,3841,2780,1413,1159,215,7,6,5,5,4,4,4,4,4,4
TCGA-AR-A0TS-DX1_xmin118843_ymin22812_MPP-0.2500+117[0100].png,6045,3026,5937,5912,6966,2766,2308,7007,7416,2609,6,5,5,5,5,5,5,4,4,4
TCGA-AR-A0TS-DX1_xmin118843_ymin22812_MPP-0.2500+123[0100].png,5047,840,7134,6702,335,5428,162,6795,7189,2766,7,7,6,4,4,4,4,4,4,4
TCGA-AR-A0TS-DX1_xmin118843_ymin22812_MPP-0.2500+124[0100].png,2308,5424,3526,7134,3026,3889,5912,4725,1652,5063,8,6,5,5,5,5,4,4,4,4
TCGA-AR-A0TS-DX1_xmin118843_ymin22812_MPP-0.2500+125[0100].png,3011,7948,7875,3093,6979,2588,4100,2275,1772,3088,5,5,5,5,4,4,4,4,4,4
TCGA-AR-A0TS-DX1_xmin118843_ymin22812_MPP-0.2500+131[0100].png,3026,2308,3088,7880,7134,1298,131,6795,6702,1355,10,8,7,6,6,5,5,5,5,4
TCGA-AR-A0TS-DX1_xmin118843_ymin22812_MPP-0.2500+132[0100].png,3026,4100,3088,7880,3526,6795,7694,2308,6192,2542,10,7,6,6,5,5,5,5,5,4
TCGA-AR-A0TS-DX1_xmin118843_ymin22812_MPP-0.2500+133[0100].png,1842,4160,3088,2766,2967,131,44,6652,8110,2083,6,6,5,5,5,5,4,4,4,4
TCGA-AR-A0TS-DX1_xmin118843_ymin22812_MPP-0.2500+134[0100].png,3823,7189,237,4711,44,7337,1869,898,3026,2531,6,5,5,5,5,4,4,4,4,4
TCGA-AR-A0TS-DX1_xmin118843_ymin22812_MPP-0.2500+136[0100].png,3209,3230,4977,5872,4376,3088,3526,6678,6633,2841,6,6,5,5,5,5,4,4,4,4
TCGA-AR-A0TS-DX1_xmin118843_ymin22812_MPP-0.2500+137[0100].png,4376,1836,3469,5099,516,1357,5834,3901,769,5023,6,5,4,4,4,4,4,4,4,4
TCGA-AR-A0TS-DX1_xmin118843_ymin22812_MPP-0.2500+138[0100].png,3026,3209,7880,1836,2308,1174,5611,8081,4711,5872,6,5,5,4,4,4,4,4,4,4
TCGA-AR-A0TS-DX1_xmin118843_ymin22812_MPP-0.2500+139[0100].png,1654,5392,3026,958,4112,3088,5735,8014,5098,2437,6,5,5,5,5,5,4,4,4,4
TCGA-AR-A0TS-DX1_xmin118843_ymin22812_MPP-0.2500+140[0100].png,5151,3619,1682,5854,6321,840,4725,4430,3030,4711,6,6,5,5,5,5,4,4,4,4
TCGA-AR-A0TS-DX1_xmin118843_ymin22812_MPP-0.2500+148[0100].png,3026,7189,5047,7134,4250,6479,2602,778,1312,7028,9,7,5,4,4,4,4,4,4,4
TCGA-AR-A0TS-DX1_xmin118843_ymin22812_MPP-0.2500+14[0100].png,2336,4150,1357,5603,6807,2308,162,4271,331,3026,6,6,5,5,4,4,4,4,4,4
TCGA-AR-A0TS-DX1_xmin118843_ymin22812_MPP-0.2500+15[0100].png,6652,3209,6702,675,5780,2336,267,4911,4250,6808,7,6,6,6,5,4,4,4,4,4
TCGA-AR-A0TS-DX1_xmin118843_ymin22812_MPP-0.2500+1[0100].png,7089,4376,601,5999,2967,3836,693,2308,3510,4143,7,6,5,5,5,5,5,5,4,4
TCGA-AR-A0TS-DX1_xmin118843_ymin22812_MPP-0.2500+21[0100].png,1897,5603,3836,352,915,4711,5194,4100,332,267,5,5,5,5,5,4,4,4,4,4
TCGA-AR-A0TS-DX1_xmin118843_ymin22812_MPP-0.2500+24[0100].png,5872,7134,4817,3088,1842,4725,44,5023,1613,6702,6,6,5,4,4,4,4,4,4,4
TCGA-AR-A0TS-DX1_xmin118843_ymin22812_MPP-0.2500+25[0100].png,8148,5611,6814,2666,8066,1842,3268,8041,7337,216,5,5,5,5,5,4,4,4,4,4
TCGA-AR-A0TS-DX1_xmin118843_ymin22812_MPP-0.2500+26[0100].png,3836,898,4604,839,6966,1897,5603,3908,5118,1842,5,5,5,4,4,4,4,4,4,4
TCGA-AR-A0TS-DX1_xmin118843_ymin22812_MPP-0.2500+27[0100].png,1845,7442,1357,6979,2776,5098,2686,2960,3026,7129,6,6,5,5,4,4,4,4,4,4
TCGA-AR-A0TS-DX1_xmin118843_ymin22812_MPP-0.2500+28[0100].png,3247,6137,2083,840,6036,1361,3209,1813,4582,8082,6,6,5,5,5,5,4,4,4,4
TCGA-AR-A0TS-DX1_xmin118843_ymin22812_MPP-0.2500+29[0100].png,1417,5611,5717,1373,6809,2198,2477,2493,352,773,6,5,5,4,4,4,4,4,4,4
TCGA-AR-A0TS-DX1_xmin118843_ymin22812_MPP-0.2500+30[0100].png,1842,131,4080,5780,3088,4711,688,7549,516,404,8,6,6,5,5,5,5,4,4,4
TCGA-AR-A0TS-DX1_xmin118843_ymin22812_MPP-0.2500+31[0100].png,352,1842,4430,331,3021,3836,693,4425,3029,8066,7,7,5,5,5,5,5,4,4,4
TCGA-AR-A0TS-DX1_xmin118843_ymin22812_MPP-0.2500+32[0100].png,267,7604,2034,154,1833,3024,1977,7166,352,6931,6,5,5,4,4,4,4,4,4,4
TCGA-AR-A0TS-DX1_xmin118843_ymin22812_MPP-0.2500+33[0100].png,6192,516,5718,3024,1836,6480,5701,8144,5047,2644,6,5,5,5,5,5,5,5,5,4
TCGA-AR-A0TS-DX1_xmin118843_ymin22812_MPP-0.2500+34[0100].png,4817,267,1869,1389,5741,6809,331,2997,4250,6480,8,5,5,5,5,5,4,4,4,4
TCGA-AR-A0TS-DX1_xmin118843_ymin22812_MPP-0.2500+35[0100].png,131,7028,4711,5235,3000,1842,3836,267,6192,840,6,6,5,5,5,5,4,4,4,4
TCGA-AR-A0TS-DX1_xmin118843_ymin22812_MPP-0.2500+36[0100].png,2062,601,8013,5860,6856,6744,4911,2537,7948,3527,8,6,5,5,5,5,5,5,5,5
TCGA-AR-A0TS-DX1_xmin118843_ymin22812_MPP-0.2500+37[0100].png,5477,7134,6746,267,2666,5872,4711,2903,3026,5717,6,5,4,4,4,4,4,4,4,4
TCGA-AR-A0TS-DX1_xmin118843_ymin22812_MPP-0.2500+38[0100].png,332,3026,1389,7134,7212,6217,5780,840,8066,4240,7,5,5,5,5,4,4,4,4,4
TCGA-AR-A0TS-DX1_xmin118843_ymin22812_MPP-0.2500+39[0100].png,6657,5780,7694,2278,1373,7853,1977,6121,7430,297,5,5,5,5,4,4,4,4,3,3
TCGA-AR-A0TS-DX1_xmin118843_ymin22812_MPP-0.2500+40[0100].png,1389,2308,3230,1218,1613,3088,7539,2967,2876,7134,5,5,4,4,4,4,4,4,4,4
TCGA-AR-A0TS-DX1_xmin118843_ymin22812_MPP-0.2500+41[0100].png,1682,4711,839,2766,3026,2180,5999,1995,1307,5603,6,5,5,5,5,4,4,4,4,4
TCGA-AR-A0TS-DX1_xmin118843_ymin22812_MPP-0.2500+45[0100].png,2876,6795,4376,2083,8066,404,1270,4261,7854,2960,5,4,4,4,4,4,4,4,4,4
TCGA-AR-A0TS-DX1_xmin118843_ymin22812_MPP-0.2500+46[0100].png,2488,3088,4497,237,8014,516,1549,3026,693,1357,6,5,5,4,4,4,4,4,4,4
TCGA-AR-A0TS-DX1_xmin118843_ymin22812_MPP-0.2500+59[0100].png,3026,237,4311,3230,7450,3044,5207,5023,1842,6226,7,6,6,5,5,5,5,5,5,4
TCGA-AR-A0TS-DX1_xmin118843_ymin22812_MPP-0.2500+60[0100].png,7337,5797,4817,1682,4430,7916,7189,3518,4240,594,7,6,6,6,5,5,5,4,4,4
TCGA-AR-A0TS-DX1_xmin118843_ymin22812_MPP-0.2500+62[0100].png,4080,3026,2326,6950,2751,7134,2812,5603,5780,6191,7,6,5,5,5,5,4,4,4,4
TCGA-AR-A0TS-DX1_xmin118843_ymin22812_MPP-0.2500+63[0100].png,7189,267,3088,1218,1842,2493,131,6795,5780,1063,6,5,5,4,4,4,4,4,4,3
TCGA-AR-A0TS-DX1_xmin118843_ymin22812_MPP-0.2500+64[0100].png,3268,6292,237,2766,1356,7599,2666,7589,7007,4947,5,5,5,5,4,4,4,4,3,3
TCGA-AR-A0TS-DX1_xmin118843_ymin22812_MPP-0.2500+65[0100].png,44,3000,828,1836,1235,1967,3021,840,7880,6054,7,6,5,4,4,4,4,4,4,4
TCGA-AR-A0TS-DX1_xmin118843_ymin22812_MPP-0.2500+69[0100].png,131,2751,7835,5477,4725,2469,1297,5392,6960,7400,6,5,5,5,5,4,4,4,4,4
TCGA-AR-A0TS-DX1_xmin118843_ymin22812_MPP-0.2500+70[0100].png,7134,3396,7880,2308,7189,6678,5717,8148,4250,4080,6,5,5,4,4,4,4,4,4,4
TCGA-AR-A0TS-DX1_xmin118843_ymin22812_MPP-0.2500+73[0100].png,2194,4250,7392,7189,6674,4965,5203,2666,5702,267,4,4,4,4,4,4,4,4,4,3
TCGA-AR-A0TS-DX1_xmin118843_ymin22812_MPP-0.2500+7[0100].png,8081,3442,2488,4100,781,6724,6960,7175,7028,2330,5,5,5,4,4,4,4,4,4,3
TCGA-AR-A0TS-DX1_xmin118843_ymin22812_MPP-0.2500+8[0100].png,1297,632,237,453,5392,5872,4095,2336,6795,3026,6,5,5,5,5,5,4,4,4,4
TCGA-AR-A0TU-DX1_xmin88352_ymin23098_MPP-0.2500+62[0100].png,331,3088,4711,840,4573,7400,2235,1682,3469,7484,9,7,7,6,4,4,4,4,4,4
TCGA-AR-A0U1-DX1_xmin63681_ymin24922_MPP-0.2500+11[0100].png,1297,3088,5999,2226,1977,4376,2967,6931,7694,6856,6,6,5,5,4,4,4,4,4,4
TCGA-AR-A0U1-DX1_xmin63681_ymin24922_MPP-0.2500+3[0100].png,215,1297,8041,5717,5780,1652,4711,4001,6754,2903,6,5,5,5,5,5,4,4,4,4
TCGA-AR-A0U1-DX1_xmin63681_ymin24922_MPP-0.2500+4[0100].png,2493,4250,4376,5226,7709,2223,4160,1312,5603,2766,6,5,5,4,4,4,4,4,4,4
TCGA-AR-A1AI-DX1_xmin38671_ymin10616_MPP-0.2500+14[0100].png,2308,3088,7189,3200,2776,5780,3021,2226,6966,840,6,5,5,4,4,4,4,4,4,4
TCGA-AR-A1AI-DX1_xmin38671_ymin10616_MPP-0.2500+15[0100].png,3823,3088,6045,5428,7024,6655,3526,8081,1652,4080,6,6,5,5,5,5,4,4,4,4
TCGA-AR-A1AI-DX1_xmin38671_ymin10616_MPP-0.2500+16[0100].png,7694,3088,2308,5428,3209,1682,4259,2018,3597,7024,7,7,5,5,5,5,5,5,4,4
TCGA-AR-A1AI-DX1_xmin38671_ymin10616_MPP-0.2500+19[0100].png,5834,5741,1312,2308,7134,3836,7880,1508,3908,725,7,6,6,6,5,5,4,4,4,4
TCGA-AR-A1AI-DX1_xmin38671_ymin10616_MPP-0.2500+22[0100].png,5428,3088,6795,131,6702,6321,7448,6894,1813,144,7,6,6,5,5,4,4,4,4,4
TCGA-AR-A1AI-DX1_xmin38671_ymin10616_MPP-0.2500+26[0100].png,1476,5428,7134,4817,5763,7694,5780,7819,7648,237,6,6,5,5,5,5,5,5,4,4
TCGA-AR-A1AI-DX1_xmin38671_ymin10616_MPP-0.2500+32[0100].png,5428,7694,1836,6657,216,5392,1652,2967,7189,389,6,5,5,5,5,5,5,4,4,4
TCGA-AR-A1AI-DX1_xmin38671_ymin10616_MPP-0.2500+33[0100].png,5428,6795,5834,3044,4430,3729,1652,8081,145,1218,8,5,5,5,5,5,5,5,4,4
TCGA-AR-A1AQ-DX1_xmin18171_ymin38296_MPP-0.2500+18[0100].png,3088,4817,6807,5872,4711,2336,7549,5611,5097,1652,6,5,5,5,5,4,4,4,4,4
TCGA-AR-A1AQ-DX1_xmin18171_ymin38296_MPP-0.2500+32[0100].png,2226,2967,6795,215,4859,6226,5152,12,1515,7091,5,5,4,4,4,4,4,4,4,4
TCGA-AR-A1AQ-DX1_xmin18171_ymin38296_MPP-0.2500+5[0100].png,6795,3088,352,5872,2083,7212,7134,8144,7357,5428,8,6,5,5,5,4,4,4,4,4
TCGA-AR-A1AQ-DX1_xmin18171_ymin38296_MPP-0.2500+8[0100].png,6979,1297,5937,2034,8049,332,6263,4430,5872,2308,5,5,5,4,4,4,4,4,4,4
TCGA-AR-A1AR-DX1_xmin12708_ymin29100_MPP-0.2500+24[0100].png,7129,3026,4095,7089,6766,2198,1389,3326,6321,1682,6,5,4,4,4,4,4,4,3,3
TCGA-AR-A256-DX1_xmin41577_ymin17076_MPP-0.2500+14[0100].png,6321,3836,7249,2226,958,7694,1042,215,3637,3189,6,6,6,6,6,5,5,5,5,5
TCGA-AR-A256-DX1_xmin41577_ymin17076_MPP-0.2500+21[0100].png,6045,8013,516,7175,4711,2226,4143,6054,1008,4911,6,6,6,6,6,6,5,5,5,5
TCGA-AR-A256-DX1_xmin41577_ymin17076_MPP-0.2500+36[0100].png,3526,4143,8148,1476,725,2308,1682,1652,3088,958,8,6,6,6,5,5,5,5,5,4
TCGA-AR-A256-DX1_xmin41577_ymin17076_MPP-0.2500+49[0100].png,632,2226,5344,3126,7189,5937,7484,2127,3526,2666,6,6,6,5,5,5,5,5,5,5
TCGA-AR-A2LH-DX1_xmin78480_ymin42305_MPP-0.2500+0[0100].png,7024,3230,7694,1842,4817,3088,7941,3869,335,1297,6,6,5,5,5,5,4,4,4,4
TCGA-AR-A2LH-DX1_xmin78480_ymin42305_MPP-0.2500+104[0100].png,3526,3209,7750,237,4436,4559,6869,5702,4322,6054,7,7,6,5,5,5,5,4,4,4
TCGA-AR-A2LH-DX1_xmin78480_ymin42305_MPP-0.2500+105[0100].png,1813,3619,7134,6045,5872,215,5673,4711,1911,6048,6,6,6,5,5,5,5,4,4,4
TCGA-AR-A2LH-DX1_xmin78480_ymin42305_MPP-0.2500+106[0100].png,1682,6702,8148,5428,5937,3637,237,3127,7694,7189,7,7,6,6,6,6,5,5,5,5
TCGA-AR-A2LH-DX1_xmin78480_ymin42305_MPP-0.2500+107[0100].png,3088,6045,8081,5741,5392,6931,4911,237,3836,7695,7,7,6,5,5,5,5,5,5,5
TCGA-AR-A2LH-DX1_xmin78480_ymin42305_MPP-0.2500+108[0100].png,5937,4492,5763,2666,4311,6045,4322,4131,6795,6849,7,7,6,6,5,5,5,5,4,4
TCGA-AR-A2LH-DX1_xmin78480_ymin42305_MPP-0.2500+109[0100].png,3088,2308,1682,4430,3482,3044,4817,7835,1842,6830,9,7,5,5,5,5,5,5,4,4
TCGA-AR-A2LH-DX1_xmin78480_ymin42305_MPP-0.2500+10[0100].png,389,6045,7091,5499,124,390,7807,7808,6678,7175,6,5,5,4,4,4,4,4,4,4
TCGA-AR-A2LH-DX1_xmin78480_ymin42305_MPP-0.2500+110[0100].png,2430,7400,6045,216,3836,4436,131,7880,5780,594,6,6,6,6,6,5,5,5,5,5
TCGA-AR-A2LH-DX1_xmin78480_ymin42305_MPP-0.2500+111[0100].png,3088,5428,4817,4430,6795,5763,6724,237,5780,6321,9,7,6,5,5,5,5,5,5,5
TCGA-AR-A2LH-DX1_xmin78480_ymin42305_MPP-0.2500+117[0100].png,3619,3088,725,5834,4250,144,5610,2537,1813,958,6,6,6,5,5,5,5,4,4,4
TCGA-AR-A2LH-DX1_xmin78480_ymin42305_MPP-0.2500+118[0100].png,6045,390,7549,389,4436,2308,7694,582,7595,7599,7,6,5,5,5,5,4,4,4,4
TCGA-AR-A2LH-DX1_xmin78480_ymin42305_MPP-0.2500+119[0100].png,7694,2226,2336,778,6045,124,2990,516,935,5937,6,6,6,5,5,5,5,5,5,4
TCGA-AR-A2LH-DX1_xmin78480_ymin42305_MPP-0.2500+11[0100].png,6795,2776,935,5780,3526,6045,7189,7175,4143,1842,7,6,5,5,5,5,5,5,4,4
TCGA-AR-A2LH-DX1_xmin78480_ymin42305_MPP-0.2500+120[0100].png,5937,4376,6321,4817,6795,2531,7808,5151,7695,3088,11,7,6,6,5,5,5,5,5,4
TCGA-AR-A2LH-DX1_xmin78480_ymin42305_MPP-0.2500+121[0100].png,3088,2308,5912,6795,5937,5392,2870,5780,7485,1836,7,6,5,5,5,5,4,4,4,4
TCGA-AR-A2LH-DX1_xmin78480_ymin42305_MPP-0.2500+122[0100].png,3088,3209,1203,6795,6892,7880,1682,7134,3836,2609,7,6,6,5,5,5,5,5,5,4
TCGA-AR-A2LH-DX1_xmin78480_ymin42305_MPP-0.2500+123[0100].png,7134,5428,4593,3526,4436,1157,2557,5912,1389,6795,7,6,6,5,5,5,4,4,4,4
TCGA-AR-A2LH-DX1_xmin78480_ymin42305_MPP-0.2500+124[0100].png,389,4250,1297,8081,3088,781,3619,4817,6652,6121,5,5,5,5,5,5,5,5,5,4
TCGA-AR-A2LH-DX1_xmin78480_ymin42305_MPP-0.2500+125[0100].png,3836,5937,898,1157,3088,7880,331,5999,7694,2666,7,6,6,5,5,5,5,5,5,4
TCGA-AR-A2LH-DX1_xmin78480_ymin42305_MPP-0.2500+126[0100].png,3088,4911,2903,2319,7189,5780,4160,6321,1357,4250,8,7,6,6,5,5,5,5,5,5
TCGA-AR-A2LH-DX1_xmin78480_ymin42305_MPP-0.2500+127[0100].png,5780,4436,1203,6321,3088,5913,3230,124,3536,7175,8,7,7,6,6,6,5,5,5,5
TCGA-AR-A2LH-DX1_xmin78480_ymin42305_MPP-0.2500+129[0100].png,6931,4250,4911,2226,1652,3088,2650,978,7249,2990,6,6,5,5,5,5,5,4,4,4
TCGA-AR-A2LH-DX1_xmin78480_ymin42305_MPP-0.2500+12[0100].png,3526,7808,7024,5098,1682,516,7599,6795,4711,3230,8,6,5,5,5,5,5,5,5,5
TCGA-AR-A2LH-DX1_xmin78480_ymin42305_MPP-0.2500+131[0100].png,124,215,725,6321,5937,7880,7835,8165,4775,7164,5,5,5,5,5,5,5,4,4,4
TCGA-AR-A2LH-DX1_xmin78480_ymin42305_MPP-0.2500+132[0100].png,6045,5780,778,3526,216,3889,7835,4711,389,5065,8,5,5,5,4,4,4,4,4,4
TCGA-AR-A2LH-DX1_xmin78480_ymin42305_MPP-0.2500+133[0100].png,3030,3088,7694,7808,7024,1652,2226,7869,2504,1312,6,6,6,5,5,5,4,4,4,4
TCGA-AR-A2LH-DX1_xmin78480_ymin42305_MPP-0.2500+134[0100].png,2308,3088,2226,1869,5763,2278,4817,2336,6388,6869,9,7,6,5,5,5,4,4,4,4
TCGA-AR-A2LH-DX1_xmin78480_ymin42305_MPP-0.2500+135[0100].png,2226,124,3088,3526,6121,7694,7091,516,168,5098,6,6,5,5,5,5,4,4,4,4
TCGA-AR-A2LH-DX1_xmin78480_ymin42305_MPP-0.2500+136[0100].png,6795,7694,5433,1508,3526,2278,44,7442,7189,4205,11,6,6,6,6,5,5,5,5,4
TCGA-AR-A2LH-DX1_xmin78480_ymin42305_MPP-0.2500+137[0100].png,2308,5428,6795,1977,47,5357,6045,3889,7790,5097,7,7,6,6,5,5,5,5,5,4
TCGA-AR-A2LH-DX1_xmin78480_ymin42305_MPP-0.2500+138[0100].png,3088,6795,7694,7032,7089,4150,3626,4691,4817,2330,8,7,7,5,5,4,4,4,4,4
TCGA-AR-A2LH-DX1_xmin78480_ymin42305_MPP-0.2500+139[0100].png,3487,6702,2977,4711,5433,3200,1842,162,5735,3094,6,6,6,5,5,5,5,5,5,4
TCGA-AR-A2LH-DX1_xmin78480_ymin42305_MPP-0.2500+13[0100].png,5428,5780,7694,4150,3088,3526,935,4817,5937,3026,7,7,7,6,6,5,5,5,5,5
TCGA-AR-A2LH-DX1_xmin78480_ymin42305_MPP-0.2500+144[0100].png,7694,6045,4436,3000,4116,2140,2308,5203,390,168,7,7,6,5,5,5,5,4,4,4
TCGA-AR-A2LH-DX1_xmin78480_ymin42305_MPP-0.2500+146[0100].png,1297,5937,3526,7175,830,216,935,7694,124,8185,7,6,6,6,5,5,5,5,5,4
TCGA-AR-A2LH-DX1_xmin78480_ymin42305_MPP-0.2500+147[0100].png,2903,7835,8013,5428,3026,1652,3836,3526,3030,1813,8,7,6,5,5,5,5,4,4,4
TCGA-AR-A2LH-DX1_xmin78480_ymin42305_MPP-0.2500+14[0100].png,4711,3044,3908,4436,7175,7089,3088,5603,1842,6678,7,6,6,6,6,6,5,5,5,5
TCGA-AR-A2LH-DX1_xmin78480_ymin42305_MPP-0.2500+150[0100].png,915,5277,6321,5433,2493,6795,389,8081,6678,5780,6,6,6,5,5,5,5,5,4,4
TCGA-AR-A2LH-DX1_xmin78480_ymin42305_MPP-0.2500+152[0100].png,7249,5780,6795,2308,7119,3088,7442,1652,5392,7694,7,7,6,6,6,6,6,6,5,5
TCGA-AR-A2LH-DX1_xmin78480_ymin42305_MPP-0.2500+159[0100].png,3088,6795,6321,3836,215,5780,7165,2540,6678,1654,6,6,5,4,4,4,4,4,4,4
TCGA-AR-A2LH-DX1_xmin78480_ymin42305_MPP-0.2500+15[0100].png,3044,781,3619,7175,3526,2226,3088,6054,8014,7189,6,6,5,5,5,5,5,4,4,4
TCGA-AR-A2LH-DX1_xmin78480_ymin42305_MPP-0.2500+16[0100].png,3088,5392,2308,3870,2756,3836,7189,781,6795,168,7,7,6,6,5,5,5,5,5,5
TCGA-AR-A2LH-DX1_xmin78480_ymin42305_MPP-0.2500+17[0100].png,3889,7835,7694,5780,3088,3526,2917,4817,131,2226,8,7,6,6,6,5,5,5,4,4
TCGA-AR-A2LH-DX1_xmin78480_ymin42305_MPP-0.2500+18[0100].png,6795,7694,7895,5937,5392,7175,3526,1682,6702,131,6,6,5,5,5,5,5,5,5,5
TCGA-AR-A2LH-DX1_xmin78480_ymin42305_MPP-0.2500+1[0100].png,7175,935,3088,6045,4999,124,594,8148,2493,5912,5,5,5,5,4,4,4,4,4,4
TCGA-AR-A2LH-DX1_xmin78480_ymin42305_MPP-0.2500+21[0100].png,3088,5797,6045,4436,7024,3836,4711,7337,935,2140,7,7,7,6,6,6,5,5,5,5
TCGA-AR-A2LH-DX1_xmin78480_ymin42305_MPP-0.2500+22[0100].png,7175,389,4436,6045,3526,7880,1897,5937,3889,3500,8,6,5,5,5,5,4,4,4,4
TCGA-AR-A2LH-DX1_xmin78480_ymin42305_MPP-0.2500+23[0100].png,3088,4817,6678,781,3044,5428,6395,487,1652,389,9,5,5,5,4,4,4,4,4,4
TCGA-AR-A2LH-DX1_xmin78480_ymin42305_MPP-0.2500+25[0100].png,6045,5038,3889,4001,5937,7337,6795,237,3088,6623,7,6,5,5,5,5,5,5,5,5
TCGA-AR-A2LH-DX1_xmin78480_ymin42305_MPP-0.2500+27[0100].png,6795,7694,3209,8014,1652,5780,6054,1311,6045,5741,6,6,5,5,5,5,5,5,5,5
TCGA-AR-A2LH-DX1_xmin78480_ymin42305_MPP-0.2500+28[0100].png,3088,693,4436,8014,216,1311,4492,2034,7337,912,10,6,5,5,5,5,5,4,4,4
TCGA-AR-A2LH-DX1_xmin78480_ymin42305_MPP-0.2500+29[0100].png,6321,6678,3889,7101,2903,893,5038,6045,4436,693,6,5,5,5,4,4,4,4,4,4
TCGA-AR-A2LH-DX1_xmin78480_ymin42305_MPP-0.2500+2[0100].png,4817,3026,331,3230,5780,5428,2140,7089,2226,3889,7,7,6,6,5,5,5,5,5,4
TCGA-AR-A2LH-DX1_xmin78480_ymin42305_MPP-0.2500+30[0100].png,1652,2308,276,4817,3088,1682,6045,2990,7694,4311,7,7,6,6,5,5,5,5,5,4
TCGA-AR-A2LH-DX1_xmin78480_ymin42305_MPP-0.2500+31[0100].png,7808,8081,3088,3044,7694,5780,6045,3836,5428,1297,8,7,6,6,6,6,6,6,6,5
TCGA-AR-A2LH-DX1_xmin78480_ymin42305_MPP-0.2500+34[0100].png,7694,5937,4322,4725,2903,2776,6702,389,1682,1654,6,5,5,5,4,4,4,4,4,4
TCGA-AR-A2LH-DX1_xmin78480_ymin42305_MPP-0.2500+35[0100].png,5780,2815,4817,153,2990,1682,2319,215,3487,6227,6,6,5,5,5,5,5,5,4,4
TCGA-AR-A2LH-DX1_xmin78480_ymin42305_MPP-0.2500+36[0100].png,1652,3230,2756,5780,1297,6812,3044,7089,4817,7243,6,6,5,4,4,4,4,4,4,4
TCGA-AR-A2LH-DX1_xmin78480_ymin42305_MPP-0.2500+38[0100].png,6045,3088,7337,1682,3889,2990,4430,2278,8126,1042,6,6,6,5,5,5,5,4,4,4
TCGA-AR-A2LH-DX1_xmin78480_ymin42305_MPP-0.2500+39[0100].png,3088,6045,7695,3126,4711,6321,3836,4322,4063,7089,6,6,5,5,5,5,5,4,4,4
TCGA-AR-A2LH-DX1_xmin78480_ymin42305_MPP-0.2500+3[0100].png,2308,3088,3000,5780,3889,2588,7808,3026,7695,1833,8,7,6,6,6,6,5,5,5,4
TCGA-AR-A2LH-DX1_xmin78480_ymin42305_MPP-0.2500+40[0100].png,6045,693,2226,3088,2815,216,276,2977,4259,6964,7,6,6,6,5,5,4,4,4,4
TCGA-AR-A2LH-DX1_xmin78480_ymin42305_MPP-0.2500+41[0100].png,390,7694,4436,7360,8165,216,1652,4817,6045,7899,6,6,5,5,5,5,5,5,5,4
TCGA-AR-A2LH-DX1_xmin78480_ymin42305_MPP-0.2500+44[0100].png,3088,1716,3836,5428,2278,6045,7694,7175,4325,7360,7,5,4,4,4,4,4,4,4,4
TCGA-AR-A2LH-DX1_xmin78480_ymin42305_MPP-0.2500+45[0100].png,5585,5937,5344,7694,4817,594,6795,3030,1682,2054,6,6,6,6,5,5,5,5,5,4
TCGA-AR-A2LH-DX1_xmin78480_ymin42305_MPP-0.2500+47[0100].png,3088,8081,4376,7134,215,2308,2326,5937,6045,4311,8,7,6,5,5,5,5,5,5,5
TCGA-AR-A2LH-DX1_xmin78480_ymin42305_MPP-0.2500+48[0100].png,3088,3230,7694,4817,4376,44,7189,5065,7869,3526,8,6,5,5,5,5,5,5,4,4
TCGA-AR-A2LH-DX1_xmin78480_ymin42305_MPP-0.2500+49[0100].png,3088,331,7134,5780,594,2308,1842,6678,3026,3870,7,6,5,5,5,5,4,4,4,4
TCGA-AR-A2LH-DX1_xmin78480_ymin42305_MPP-0.2500+4[0100].png,7007,7175,7024,4911,693,4143,44,3088,3836,7694,5,5,5,5,5,4,4,4,4,4
TCGA-AR-A2LH-DX1_xmin78480_ymin42305_MPP-0.2500+50[0100].png,7175,7694,3836,124,5038,3011,5780,5065,7941,1203,7,7,6,5,5,5,5,4,4,4
TCGA-AR-A2LH-DX1_xmin78480_ymin42305_MPP-0.2500+53[0100].png,6045,1842,2226,7134,6321,237,1297,2237,5098,7808,9,7,6,5,5,5,5,5,4,4
TCGA-AR-A2LH-DX1_xmin78480_ymin42305_MPP-0.2500+54[0100].png,5780,3088,4642,5603,7880,4436,3044,2226,3870,601,7,5,5,5,5,5,4,4,4,4
TCGA-AR-A2LH-DX1_xmin78480_ymin42305_MPP-0.2500+55[0100].png,7808,3836,2249,7941,2540,6121,2228,3434,4746,6960,6,6,5,5,4,4,4,4,4,4
TCGA-AR-A2LH-DX1_xmin78480_ymin42305_MPP-0.2500+56[0100].png,3088,6795,5912,6321,2903,2140,2308,1311,6045,7007,9,7,7,6,5,5,5,5,5,5
TCGA-AR-A2LH-DX1_xmin78480_ymin42305_MPP-0.2500+57[0100].png,7694,5741,4166,5780,2308,2903,7175,7880,4775,6226,7,6,6,5,5,5,5,4,4,4
TCGA-AR-A2LH-DX1_xmin78480_ymin42305_MPP-0.2500+58[0100].png,1652,4068,3088,2308,4817,6321,7869,5937,168,5428,7,6,6,6,5,5,5,5,5,5
TCGA-AR-A2LH-DX1_xmin78480_ymin42305_MPP-0.2500+5[0100].png,7007,3526,6321,7694,1654,5912,5780,7189,6045,6905,6,6,5,5,5,5,5,5,5,4
TCGA-AR-A2LH-DX1_xmin78480_ymin42305_MPP-0.2500+60[0100].png,5780,5065,6226,4725,7880,1297,7101,6321,2226,2278,7,6,6,6,5,5,5,5,5,5
TCGA-AR-A2LH-DX1_xmin78480_ymin42305_MPP-0.2500+61[0100].png,4642,5872,3088,4817,5937,5999,5097,5763,3230,3434,5,5,5,5,5,4,4,4,4,4
TCGA-AR-A2LH-DX1_xmin78480_ymin42305_MPP-0.2500+62[0100].png,3088,7880,1506,7175,1842,3836,6856,6809,6702,215,7,6,5,5,5,5,4,4,4,4
TCGA-AR-A2LH-DX1_xmin78480_ymin42305_MPP-0.2500+66[0100].png,3901,3836,6795,1357,516,5937,1311,7377,1767,3044,6,6,6,5,5,5,5,5,4,4
TCGA-AR-A2LH-DX1_xmin78480_ymin42305_MPP-0.2500+6[0100].png,4817,7091,2903,2557,3836,6179,7119,5097,1297,7400,7,5,5,5,4,4,4,4,4,4
TCGA-AR-A2LH-DX1_xmin78480_ymin42305_MPP-0.2500+71[0100].png,3088,7694,5392,5780,5741,5097,4642,1775,7249,6226,9,8,7,7,6,5,5,5,4,4
TCGA-AR-A2LH-DX1_xmin78480_ymin42305_MPP-0.2500+72[0100].png,2308,5428,7695,6702,6045,5797,4711,1842,3526,3209,7,7,6,5,5,5,5,5,4,4
TCGA-AR-A2LH-DX1_xmin78480_ymin42305_MPP-0.2500+73[0100].png,3209,2430,3526,3088,2308,632,4817,3230,4436,7189,7,6,6,6,6,6,5,5,5,5
TCGA-AR-A2LH-DX1_xmin78480_ymin42305_MPP-0.2500+7[0100].png,2319,4436,5937,7410,3526,8165,3618,7808,6795,2917,6,5,5,5,5,4,4,4,4,4
TCGA-AR-A2LH-DX1_xmin78480_ymin42305_MPP-0.2500+80[0100].png,6795,4911,935,3044,5937,1476,5912,4711,6902,6964,6,5,5,5,4,4,4,4,4,4
TCGA-AR-A2LH-DX1_xmin78480_ymin42305_MPP-0.2500+81[0100].png,7337,3836,6045,3526,276,390,828,4080,2308,5912,7,7,5,5,5,5,5,5,5,4
TCGA-AR-A2LH-DX1_xmin78480_ymin42305_MPP-0.2500+82[0100].png,2308,3526,3088,237,7134,5797,7175,5392,2876,3209,8,6,6,6,6,5,5,5,5,5
TCGA-AR-A2LH-DX1_xmin78480_ymin42305_MPP-0.2500+83[0100].png,1297,7694,2278,1157,5780,7895,1356,5098,2588,216,8,7,6,5,5,4,4,4,4,4
TCGA-AR-A2LH-DX1_xmin78480_ymin42305_MPP-0.2500+85[0100].png,3088,7941,2308,5098,4322,1008,5937,7089,5797,7694,9,5,5,4,4,4,4,4,4,4
TCGA-AR-A2LH-DX1_xmin78480_ymin42305_MPP-0.2500+8[0100].png,3836,3088,778,6678,5797,4376,7389,168,4817,6321,9,6,5,5,5,4,4,4,4,4
TCGA-AR-A2LH-DX1_xmin78480_ymin42305_MPP-0.2500+92[0100].png,6321,6045,5780,215,7091,131,1652,8165,836,5203,7,6,6,5,5,5,5,4,4,4
TCGA-AR-A2LH-DX1_xmin78480_ymin42305_MPP-0.2500+93[0100].png,2226,7880,5912,3088,840,7738,7899,2903,3000,131,7,6,6,5,4,4,4,4,4,4
TCGA-AR-A2LH-DX1_xmin78480_ymin42305_MPP-0.2500+94[0100].png,3088,237,6321,3044,7175,7694,5937,5392,3526,6045,11,8,7,6,5,5,5,5,5,5
TCGA-AR-A2LH-DX1_xmin78480_ymin42305_MPP-0.2500+95[0100].png,3526,3088,4817,1842,515,3836,6678,6702,2540,3434,8,7,6,6,6,6,5,5,5,5
TCGA-AR-A2LH-DX1_xmin78480_ymin42305_MPP-0.2500+97[0100].png,7694,7869,5912,2308,1842,2223,6678,4911,5937,2977,7,6,6,6,6,5,5,5,5,5
TCGA-AR-A2LH-DX1_xmin78480_ymin42305_MPP-0.2500+98[0100].png,3088,7024,3526,7175,3127,216,7694,6563,3836,6121,7,5,5,5,5,5,5,5,5,4
TCGA-AR-A2LH-DX1_xmin78480_ymin42305_MPP-0.2500+99[0100].png,7694,3836,1682,5424,131,2308,2780,5717,6388,4333,6,5,5,5,5,5,4,4,4,4
TCGA-AR-A2LH-DX1_xmin78480_ymin42305_MPP-0.2500+9[0100].png,6795,5912,3088,7835,7442,3889,958,7899,6190,1157,6,6,5,5,5,5,5,5,5,5
TCGA-AR-A2LR-DX1_xmin46540_ymin31961_MPP-0.2500+17[0100].png,5392,7694,2308,3088,840,6045,3908,8013,5094,3526,7,7,7,6,6,5,5,5,5,5
TCGA-AR-A2LR-DX1_xmin46540_ymin31961_MPP-0.2500+24[0100].png,2308,5428,3088,9,7134,5047,5392,7501,5433,6795,7,7,7,6,5,5,5,5,5,5
TCGA-AR-A2LR-DX1_xmin46540_ymin31961_MPP-0.2500+52[0100].png,332,7674,237,6511,4376,4711,7212,131,3021,5937,6,5,5,4,4,4,4,4,4,4
TCGA-AR-A5QQ-DX1_xmin107130_ymin49863_MPP-0.2500+49[0100].png,3088,808,4492,4322,3526,5039,4817,6045,4990,216,7,7,6,6,6,5,5,4,4,4
TCGA-AR-A5QQ-DX1_xmin107130_ymin49863_MPP-0.2500+54[0100].png,3889,5797,4143,2336,3088,4711,5023,5763,5937,4410,7,7,6,5,5,5,5,5,5,5
TCGA-AR-A5QQ-DX1_xmin107130_ymin49863_MPP-0.2500+62[0100].png,3230,5780,7091,7024,4311,7410,2083,1869,4430,4817,6,6,5,4,4,4,4,4,4,4
TCGA-AR-A5QQ-DX1_xmin107130_ymin49863_MPP-0.2500+69[0100].png,4711,4817,2140,7249,3951,5461,1297,3044,1845,3526,5,4,4,4,4,4,4,4,4,4
TCGA-AR-A5QQ-DX1_xmin107130_ymin49863_MPP-0.2500+75[0100].png,3088,5912,4311,3207,2308,4278,898,5065,7695,1569,6,6,5,4,4,4,4,4,4,4
TCGA-AR-A5QQ-DX1_xmin107130_ymin49863_MPP-0.2500+80[0100].png,3088,4817,2540,254,5611,7189,3026,131,5097,2666,7,5,5,5,5,4,4,4,4,4
TCGA-AR-A5QQ-DX1_xmin107130_ymin49863_MPP-0.2500+81[0100].png,4436,3088,1652,331,4259,2226,6652,3526,7360,3176,9,6,6,6,5,5,4,4,4,4
TCGA-AR-A5QQ-DX1_xmin107130_ymin49863_MPP-0.2500+83[0100].png,2967,1842,7937,215,1373,6226,3230,2308,2780,267,6,6,5,4,4,4,4,4,4,4
TCGA-AR-A5QQ-DX1_xmin107130_ymin49863_MPP-0.2500+84[0100].png,3526,5392,4290,828,5780,7591,3026,3889,322,804,7,6,6,5,5,5,5,5,4,4
TCGA-BH-A0AV-DX1_xmin77937_ymin57165_MPP-0.2500+0[0100].png,5203,1977,5834,4711,1836,6702,7129,3199,1696,6226,6,6,5,5,5,5,5,5,5,5
TCGA-BH-A0AV-DX1_xmin77937_ymin57165_MPP-0.2500+105[0100].png,3088,2766,2756,2308,3889,7880,2876,7129,6702,958,8,7,6,6,6,6,5,5,5,5
TCGA-BH-A0AV-DX1_xmin77937_ymin57165_MPP-0.2500+106[0100].png,7134,2226,7189,162,5834,5780,958,4322,8013,6226,7,6,5,5,5,5,5,5,4,4
TCGA-BH-A0AV-DX1_xmin77937_ymin57165_MPP-0.2500+114[0100].png,7134,335,3889,7129,516,3088,4112,4322,5038,3750,8,7,7,5,5,5,5,5,5,4
TCGA-BH-A0AV-DX1_xmin77937_ymin57165_MPP-0.2500+116[0100].png,2308,4309,3908,5392,3526,1716,6702,4160,7189,4711,8,7,6,6,6,6,6,6,5,5
TCGA-BH-A0AV-DX1_xmin77937_ymin57165_MPP-0.2500+121[0100].png,5419,5912,1836,7880,2018,6321,4322,5392,2308,44,8,8,6,6,6,5,5,5,4,4
TCGA-BH-A0AV-DX1_xmin77937_ymin57165_MPP-0.2500+122[0100].png,4322,1508,2278,2235,3026,5098,1476,5344,7357,6321,6,6,6,5,5,5,5,5,5,4
TCGA-BH-A0AV-DX1_xmin77937_ymin57165_MPP-0.2500+123[0100].png,3189,7880,5780,1389,7134,1836,162,5735,1508,2651,7,6,6,6,6,6,6,5,5,5
TCGA-BH-A0AV-DX1_xmin77937_ymin57165_MPP-0.2500+126[0100].png,6226,2226,1476,4311,7501,2320,7733,594,4711,2588,6,6,6,6,5,5,5,5,5,5
TCGA-BH-A0AV-DX1_xmin77937_ymin57165_MPP-0.2500+137[0100].png,7134,6795,4436,7129,144,5834,6226,6045,2308,6321,7,6,6,6,5,5,5,5,5,5
TCGA-BH-A0AV-DX1_xmin77937_ymin57165_MPP-0.2500+148[0100].png,7129,3088,5834,335,1297,6902,1652,5797,5780,162,9,8,8,8,7,7,7,7,6,6
TCGA-BH-A0AV-DX1_xmin77937_ymin57165_MPP-0.2500+159[0100].png,3504,4112,3088,5834,2430,1476,8081,162,958,4160,6,6,6,6,5,5,5,5,5,4
TCGA-BH-A0AV-DX1_xmin77937_ymin57165_MPP-0.2500+1[0100].png,1836,3088,4250,7589,7430,168,4290,516,5717,6702,10,6,5,5,5,5,4,4,4,4
TCGA-BH-A0AV-DX1_xmin77937_ymin57165_MPP-0.2500+20[0100].png,7880,1842,3044,1992,2766,1508,8148,7555,7604,3801,6,6,5,5,5,5,5,5,4,4
TCGA-BH-A0AV-DX1_xmin77937_ymin57165_MPP-0.2500+29[0100].png,2766,4112,2870,3209,3889,5007,162,8148,8091,1842,6,6,5,5,5,5,5,5,4,4
TCGA-BH-A0AV-DX1_xmin77937_ymin57165_MPP-0.2500+2[0100].png,8148,1389,958,4112,6045,2766,1350,5098,2967,3637,6,5,5,5,5,4,4,4,4,4
TCGA-BH-A0AV-DX1_xmin77937_ymin57165_MPP-0.2500+58[0100].png,1836,7129,7134,4693,7733,2226,1373,2308,1508,8148,6,6,5,5,5,5,5,5,4,4
TCGA-BH-A0AV-DX1_xmin77937_ymin57165_MPP-0.2500+59[0100].png,5780,1836,1297,131,3209,3088,5344,6137,5433,1654,6,5,5,5,5,5,4,4,4,4
TCGA-BH-A0AV-DX1_xmin77937_ymin57165_MPP-0.2500+69[0100].png,1836,3504,3908,7430,632,5098,6321,2840,4112,4322,7,5,5,5,5,5,5,5,4,4
TCGA-BH-A0AV-DX1_xmin77937_ymin57165_MPP-0.2500+75[0100].png,4685,3526,6045,8148,7175,5797,3750,1836,6226,3189,7,7,6,6,5,4,4,4,4,4
TCGA-BH-A0AV-DX1_xmin77937_ymin57165_MPP-0.2500+76[0100].png,2336,4112,4160,2766,6902,958,3504,7134,1897,7357,7,6,5,5,5,5,5,5,5,4
TCGA-BH-A0AV-DX1_xmin77937_ymin57165_MPP-0.2500+85[0100].png,3088,2308,1297,8148,5834,7899,5718,2226,3637,5600,7,5,5,5,4,4,4,4,4,4
TCGA-BH-A0AV-DX1_xmin77937_ymin57165_MPP-0.2500+86[0100].png,632,4911,4693,794,7733,4685,1652,2766,2967,7024,7,6,5,5,5,5,4,4,4,4
TCGA-BH-A0AV-DX1_xmin77937_ymin57165_MPP-0.2500+95[0100].png,1836,2756,6321,7134,3088,5912,3477,5023,5834,131,17,8,6,6,6,5,5,5,5,5
TCGA-BH-A0AV-DX1_xmin77937_ymin57165_MPP-0.2500+96[0100].png,6702,2766,1836,1476,2308,5392,7134,1297,5780,131,8,7,6,5,5,5,5,5,5,5
TCGA-BH-A0AV-DX1_xmin77937_ymin57165_MPP-0.2500+97[0100].png,6738,2320,601,3088,2967,7129,629,2308,3442,5344,20,12,10,7,7,7,6,6,5,4
TCGA-BH-A0B3-DX1_xmin82526_ymin42184_MPP-0.2500+0[0100].png,7694,4436,3209,1682,131,332,4311,3836,2226,267,8,6,5,5,5,5,5,5,5,5
TCGA-BH-A0B3-DX1_xmin82526_ymin42184_MPP-0.2500+10[0100].png,2226,1652,4436,7035,7459,1682,6045,237,2967,3088,7,7,6,5,5,5,5,5,5,5
TCGA-BH-A0B3-DX1_xmin82526_ymin42184_MPP-0.2500+11[0100].png,4436,215,6321,2226,8013,7459,2903,3030,2320,3637,8,7,6,6,5,5,5,5,5,5
TCGA-BH-A0B3-DX1_xmin82526_ymin42184_MPP-0.2500+16[0100].png,3526,131,144,4311,781,1652,5780,5047,8110,6674,6,6,5,5,5,5,5,5,5,4
TCGA-BH-A0B3-DX1_xmin82526_ymin42184_MPP-0.2500+17[0100].png,5937,6045,4711,7212,1297,5392,4160,216,1357,6795,8,8,7,5,5,5,5,5,5,4
TCGA-BH-A0B3-DX1_xmin82526_ymin42184_MPP-0.2500+18[0100].png,7459,2320,2226,1652,5860,5392,5741,3088,215,2140,16,9,9,8,7,6,6,6,6,5
TCGA-BH-A0B3-DX1_xmin82526_ymin42184_MPP-0.2500+19[0100].png,2320,7459,7948,3889,8013,335,2278,5860,1652,6610,11,11,9,8,6,5,5,5,5,5
TCGA-BH-A0B3-DX1_xmin82526_ymin42184_MPP-0.2500+1[0100].png,1813,3088,2308,8013,216,2226,3526,6702,7175,7442,6,6,5,5,5,5,5,5,5,5
TCGA-BH-A0B3-DX1_xmin82526_ymin42184_MPP-0.2500+24[0100].png,215,3044,4711,6226,601,4430,4436,7459,2756,3728,5,5,5,5,4,4,4,4,4,4
TCGA-BH-A0B3-DX1_xmin82526_ymin42184_MPP-0.2500+25[0100].png,6702,7808,4817,8014,4436,1652,215,6045,7899,3981,8,6,6,6,6,5,5,5,4,4
TCGA-BH-A0B3-DX1_xmin82526_ymin42184_MPP-0.2500+26[0100].png,7459,215,3030,6045,725,4559,5428,1652,7695,6702,9,7,6,6,6,5,5,5,5,5
TCGA-BH-A0B3-DX1_xmin82526_ymin42184_MPP-0.2500+27[0100].png,7459,2320,6217,2954,5100,601,1297,7134,6045,145,13,11,11,7,7,6,6,5,5,5
TCGA-BH-A0B3-DX1_xmin82526_ymin42184_MPP-0.2500+2[0100].png,215,4711,7808,5999,4068,958,3088,840,725,6045,7,6,6,5,5,5,5,4,4,4
TCGA-BH-A0B3-DX1_xmin82526_ymin42184_MPP-0.2500+31[0100].png,5937,2903,4436,8185,2977,3044,44,3626,915,3526,6,6,5,5,5,4,4,4,4,4
TCGA-BH-A0B3-DX1_xmin82526_ymin42184_MPP-0.2500+32[0100].png,6078,781,3230,3209,2572,6727,144,2226,8013,4711,6,5,5,5,5,4,4,4,4,4
TCGA-BH-A0B3-DX1_xmin82526_ymin42184_MPP-0.2500+33[0100].png,4311,7459,453,7501,1297,2062,3088,7165,6045,601,6,6,5,5,5,5,5,5,5,4
TCGA-BH-A0B3-DX1_xmin82526_ymin42184_MPP-0.2500+34[0100].png,601,2320,2062,7459,3501,1652,453,1297,2990,958,9,8,7,6,6,6,5,5,5,5
TCGA-BH-A0B3-DX1_xmin82526_ymin42184_MPP-0.2500+39[0100].png,2226,781,7249,5741,6814,3088,6931,6869,4711,4259,6,6,6,5,5,5,5,5,5,4
TCGA-BH-A0B3-DX1_xmin82526_ymin42184_MPP-0.2500+3[0100].png,2226,1652,215,3088,7024,4436,1813,6869,4965,237,9,7,6,6,6,6,5,5,5,4
TCGA-BH-A0B3-DX1_xmin82526_ymin42184_MPP-0.2500+40[0100].png,6795,4436,5392,4817,6045,3088,3204,389,237,4143,7,7,6,5,5,5,5,5,5,4
TCGA-BH-A0B3-DX1_xmin82526_ymin42184_MPP-0.2500+41[0100].png,1652,5937,3526,7175,601,216,5912,1463,5854,5716,6,5,5,5,5,4,4,4,4,4
TCGA-BH-A0B3-DX1_xmin82526_ymin42184_MPP-0.2500+42[0100].png,4817,144,1813,6795,2666,1297,6045,836,453,216,7,6,6,6,5,5,5,5,5,5
TCGA-BH-A0B3-DX1_xmin82526_ymin42184_MPP-0.2500+46[0100].png,6795,4711,2308,958,630,6321,7134,778,8081,2194,7,6,6,6,5,5,5,5,5,4
TCGA-BH-A0B3-DX1_xmin82526_ymin42184_MPP-0.2500+47[0100].png,3088,3836,5741,5392,6795,7175,4068,7853,6045,215,8,6,6,5,5,5,5,5,5,4
TCGA-BH-A0B3-DX1_xmin82526_ymin42184_MPP-0.2500+48[0100].png,5741,4711,144,3088,1476,7485,6054,3836,2308,781,7,7,7,7,5,5,5,5,5,5
TCGA-BH-A0B3-DX1_xmin82526_ymin42184_MPP-0.2500+49[0100].png,4711,6931,215,3545,5872,2336,4425,7869,3487,5106,8,5,5,5,5,5,5,4,4,4
TCGA-BH-A0B3-DX1_xmin82526_ymin42184_MPP-0.2500+50[0100].png,781,3088,1842,4711,2870,4250,594,1460,5741,5937,5,5,5,5,5,5,5,4,4,4
TCGA-BH-A0B3-DX1_xmin82526_ymin42184_MPP-0.2500+51[0100].png,215,725,4160,6045,2903,7808,1652,4711,5392,1460,7,6,5,5,5,5,5,5,5,4
TCGA-BH-A0B3-DX1_xmin82526_ymin42184_MPP-0.2500+52[0100].png,6045,2756,3088,5561,2990,1320,1652,7808,2093,8110,5,5,5,5,5,4,4,4,4,4
TCGA-BH-A0B3-DX1_xmin82526_ymin42184_MPP-0.2500+54[0100].png,4711,5498,3526,7078,7501,5873,4633,7528,332,5701,7,5,5,5,4,4,4,4,4,4
TCGA-BH-A0B3-DX1_xmin82526_ymin42184_MPP-0.2500+55[0100].png,7337,5937,3209,1842,2336,6121,1652,6856,7024,7808,6,6,6,5,5,5,5,5,5,4
TCGA-BH-A0B3-DX1_xmin82526_ymin42184_MPP-0.2500+56[0100].png,4711,7377,237,915,7957,4436,5203,3889,828,5428,6,6,5,5,5,5,5,5,4,4
TCGA-BH-A0B3-DX1_xmin82526_ymin42184_MPP-0.2500+57[0100].png,3836,1008,3030,4711,5718,1911,8110,1842,3088,6321,7,6,6,5,5,5,5,5,5,4
TCGA-BH-A0B3-DX1_xmin82526_ymin42184_MPP-0.2500+58[0100].png,7694,4711,3088,216,1297,5937,4436,5872,215,3836,7,7,6,6,6,5,5,5,5,5
TCGA-BH-A0B3-DX1_xmin82526_ymin42184_MPP-0.2500+59[0100].png,3836,6045,7353,3526,4817,3729,5741,4131,4436,7549,7,7,6,5,5,4,4,4,4,4
TCGA-BH-A0B3-DX1_xmin82526_ymin42184_MPP-0.2500+60[0100].png,1652,5872,1297,3889,2903,7695,5606,4436,1357,168,7,6,6,5,5,5,5,5,4,4
TCGA-BH-A0B3-DX1_xmin82526_ymin42184_MPP-0.2500+63[0100].png,5780,1813,3619,7005,4436,2903,7899,5433,237,7224,7,6,5,5,5,4,4,4,4,4
TCGA-BH-A0B3-DX1_xmin82526_ymin42184_MPP-0.2500+64[0100].png,5799,4711,6045,4439,3230,2990,7880,781,1150,2686,6,5,5,4,4,4,4,4,4,4
TCGA-BH-A0B3-DX1_xmin82526_ymin42184_MPP-0.2500+65[0100].png,1682,3024,5440,2990,3088,3209,8013,453,725,3030,7,5,5,5,5,4,4,4,4,4
TCGA-BH-A0B3-DX1_xmin82526_ymin42184_MPP-0.2500+66[0100].png,5937,1682,1297,2226,4711,5235,3024,144,675,1460,6,5,5,5,4,4,4,4,4,4
TCGA-BH-A0B3-DX1_xmin82526_ymin42184_MPP-0.2500+67[0100].png,7869,1652,3030,1297,3619,4436,725,781,2815,4817,6,6,6,6,5,5,5,5,5,4
TCGA-BH-A0B3-DX1_xmin82526_ymin42184_MPP-0.2500+68[0100].png,781,2903,7249,4436,840,331,7119,7024,8066,1842,5,5,5,5,4,4,4,4,4,4
TCGA-BH-A0B3-DX1_xmin82526_ymin42184_MPP-0.2500+72[0100].png,3030,2226,3088,371,693,516,8081,7337,5741,2278,6,5,4,4,4,4,4,4,4,4
TCGA-BH-A0B3-DX1_xmin82526_ymin42184_MPP-0.2500+73[0100].png,7091,1652,2766,6048,4001,7166,1357,6226,5392,331,5,4,4,4,4,4,4,4,4,4
TCGA-BH-A0B3-DX1_xmin82526_ymin42184_MPP-0.2500+74[0100].png,1842,5999,4436,3469,4711,4775,3254,8095,267,7808,6,6,5,5,5,4,4,4,4,4
TCGA-BH-A0B3-DX1_xmin82526_ymin42184_MPP-0.2500+75[0100].png,781,5937,6905,216,1977,6045,6702,2140,6321,267,8,6,5,5,5,5,5,5,4,4
TCGA-BH-A0B3-DX1_xmin82526_ymin42184_MPP-0.2500+76[0100].png,4711,3230,6702,7869,1652,216,7007,725,2990,1842,7,6,5,5,5,5,5,5,4,4
TCGA-BH-A0B3-DX1_xmin82526_ymin42184_MPP-0.2500+77[0100].png,3088,3619,6657,6121,6048,958,5023,2686,4711,2308,8,6,6,5,4,4,4,4,4,4
TCGA-BH-A0B3-DX1_xmin82526_ymin42184_MPP-0.2500+78[0100].png,215,2990,5203,2226,1654,5842,6121,7694,4436,6795,6,5,5,5,5,4,4,4,4,4
TCGA-BH-A0B3-DX1_xmin82526_ymin42184_MPP-0.2500+85[0100].png,5561,131,2308,7165,1132,3030,6931,778,7337,4250,6,6,5,4,4,4,4,4,4,4
TCGA-BH-A0B3-DX1_xmin82526_ymin42184_MPP-0.2500+8[0100].png,3526,5392,7808,1652,958,131,8101,2308,7916,144,9,9,6,6,5,5,5,5,5,4
TCGA-BH-A0B3-DX1_xmin82526_ymin42184_MPP-0.2500+9[0100].png,2320,7459,1652,3088,5600,6795,5797,601,6045,5999,12,6,6,6,5,5,5,5,5,4
TCGA-BH-A0B9-DX1_xmin62727_ymin56697_MPP-0.2500+100[0100].png,2226,7694,7948,4143,2028,215,3619,5872,6194,6217,7,6,6,5,5,5,4,4,4,4
TCGA-BH-A0B9-DX1_xmin62727_ymin56697_MPP-0.2500+114[0100].png,3526,4524,958,3026,7694,1373,5213,582,2226,8014,7,6,6,6,5,5,5,5,5,4
TCGA-BH-A0B9-DX1_xmin62727_ymin56697_MPP-0.2500+115[0100].png,215,4311,7694,5392,237,1569,4376,1813,2531,3079,8,6,6,5,5,5,4,4,4,4
TCGA-BH-A0B9-DX1_xmin62727_ymin56697_MPP-0.2500+116[0100].png,7694,5428,4711,7152,267,7916,5999,6571,1480,7249,8,7,6,6,6,5,5,5,4,4
TCGA-BH-A0B9-DX1_xmin62727_ymin56697_MPP-0.2500+117[0100].png,2320,1652,3861,1569,8014,3849,958,8082,4711,2686,11,8,5,5,5,5,5,5,5,5
TCGA-BH-A0B9-DX1_xmin62727_ymin56697_MPP-0.2500+118[0100].png,6226,958,1652,2903,7835,5392,3296,2226,1569,2308,6,6,5,5,5,5,5,5,5,4
TCGA-BH-A0B9-DX1_xmin62727_ymin56697_MPP-0.2500+131[0100].png,2666,7835,958,5392,6795,2903,4322,2308,1413,8013,7,6,6,6,6,6,6,5,5,5
TCGA-BH-A0B9-DX1_xmin62727_ymin56697_MPP-0.2500+132[0100].png,4593,3000,3088,7853,5428,7694,7501,4100,215,390,5,5,5,5,5,5,4,4,4,4
TCGA-BH-A0B9-DX1_xmin62727_ymin56697_MPP-0.2500+133[0100].png,4311,216,2903,1373,2180,1682,3127,7175,6795,4846,8,6,6,5,5,5,5,5,5,4
TCGA-BH-A0B9-DX1_xmin62727_ymin56697_MPP-0.2500+147[0100].png,3298,3026,3000,6702,215,7899,6931,6502,4965,3619,6,6,5,5,5,4,4,4,4,4
TCGA-BH-A0B9-DX1_xmin62727_ymin56697_MPP-0.2500+148[0100].png,7028,453,8013,4914,7674,7189,3088,267,215,4311,6,6,6,5,5,5,5,5,5,4
TCGA-BH-A0B9-DX1_xmin62727_ymin56697_MPP-0.2500+164[0100].png,215,4311,840,5862,5392,7694,6795,6321,2226,3526,7,6,6,6,6,5,5,5,5,5
TCGA-BH-A0B9-DX1_xmin62727_ymin56697_MPP-0.2500+165[0100].png,2308,2226,6702,3021,3230,840,168,6724,1682,8081,9,7,6,5,5,4,4,4,4,4
TCGA-BH-A0B9-DX1_xmin62727_ymin56697_MPP-0.2500+16[0100].png,5862,5428,5392,6321,5912,2028,6814,1869,1652,7175,6,5,5,5,5,5,4,4,4,4
TCGA-BH-A0B9-DX1_xmin62727_ymin56697_MPP-0.2500+17[0100].png,4436,7929,958,8101,7694,6795,3088,6321,7442,3026,6,6,6,5,5,5,5,5,5,5
TCGA-BH-A0B9-DX1_xmin62727_ymin56697_MPP-0.2500+183[0100].png,1297,3526,7694,5741,6321,982,7430,3088,3044,6045,7,7,6,5,5,5,5,4,4,4
TCGA-BH-A0B9-DX1_xmin62727_ymin56697_MPP-0.2500+184[0100].png,3088,3526,216,2666,4711,6321,7182,2249,2588,5999,10,6,5,5,5,5,4,4,4,4
TCGA-BH-A0B9-DX1_xmin62727_ymin56697_MPP-0.2500+199[0100].png,3088,5392,3836,2308,3477,8110,4711,1767,4112,3889,11,7,7,7,5,5,5,5,5,5
TCGA-BH-A0B9-DX1_xmin62727_ymin56697_MPP-0.2500+200[0100].png,1869,331,5937,3209,6702,3021,6054,6321,5433,1109,6,5,5,5,5,5,5,5,5,4
TCGA-BH-A0B9-DX1_xmin62727_ymin56697_MPP-0.2500+26[0100].png,6814,390,7189,5428,7835,2666,3626,6894,6045,1569,6,6,5,5,5,5,5,4,4,4
TCGA-BH-A0B9-DX1_xmin62727_ymin56697_MPP-0.2500+27[0100].png,5392,4711,7189,7694,2903,7496,1842,3088,3055,1280,8,7,7,6,6,5,5,5,4,4
TCGA-BH-A0B9-DX1_xmin62727_ymin56697_MPP-0.2500+28[0100].png,2308,4711,840,7539,7149,6045,1011,7674,2226,5879,7,5,5,5,5,5,4,4,4,4
TCGA-BH-A0B9-DX1_xmin62727_ymin56697_MPP-0.2500+29[0100].png,1813,3088,4524,5862,4311,6045,958,131,1413,3030,7,7,7,6,6,5,5,5,4,4
TCGA-BH-A0B9-DX1_xmin62727_ymin56697_MPP-0.2500+30[0100].png,7835,4524,6321,958,4436,1652,4311,7853,5697,7459,11,9,6,6,6,5,5,5,5,5
TCGA-BH-A0B9-DX1_xmin62727_ymin56697_MPP-0.2500+37[0100].png,3088,4430,6795,3889,7357,973,5151,7937,2666,5937,5,5,5,4,4,4,4,4,4,4
TCGA-BH-A0B9-DX1_xmin62727_ymin56697_MPP-0.2500+38[0100].png,5098,237,7835,3908,371,4524,3088,6795,4430,1682,7,6,6,5,5,5,5,5,4,4
TCGA-BH-A0B9-DX1_xmin62727_ymin56697_MPP-0.2500+39[0100].png,2083,604,5741,7024,7694,958,4436,3526,3088,1857,7,6,5,5,5,5,5,4,4,4
TCGA-BH-A0B9-DX1_xmin62727_ymin56697_MPP-0.2500+40[0100].png,6814,131,7694,7189,1813,3044,2903,6678,3026,215,7,7,7,6,5,5,5,5,4,4
TCGA-BH-A0B9-DX1_xmin62727_ymin56697_MPP-0.2500+48[0100].png,5780,5428,390,2588,34,2308,237,5862,1842,7853,7,6,5,5,5,5,5,5,5,5
TCGA-BH-A0B9-DX1_xmin62727_ymin56697_MPP-0.2500+49[0100].png,7694,6045,4524,7835,5741,2751,5780,6502,7950,958,9,6,5,5,5,5,4,4,4,4
TCGA-BH-A0B9-DX1_xmin62727_ymin56697_MPP-0.2500+50[0100].png,3026,3526,237,725,2101,7869,7160,6045,4376,1842,7,7,5,5,5,5,4,4,4,4
TCGA-BH-A0B9-DX1_xmin62727_ymin56697_MPP-0.2500+51[0100].png,4524,2226,7694,4711,2666,5606,7189,7160,6795,3000,7,7,5,5,5,4,4,4,4,4
TCGA-BH-A0B9-DX1_xmin62727_ymin56697_MPP-0.2500+52[0100].png,3088,5862,4311,6869,6045,4436,3526,958,778,1652,7,7,5,5,5,5,5,5,4,4
TCGA-BH-A0B9-DX1_xmin62727_ymin56697_MPP-0.2500+61[0100].png,5862,3088,7165,267,4781,6795,5610,1652,7694,2083,8,7,6,6,5,5,5,5,4,4
TCGA-BH-A0B9-DX1_xmin62727_ymin56697_MPP-0.2500+62[0100].png,2903,237,3088,1682,840,7694,7337,6795,4725,390,7,7,7,7,6,5,5,5,4,4
TCGA-BH-A0B9-DX1_xmin62727_ymin56697_MPP-0.2500+63[0100].png,390,2308,6795,4524,2226,6045,3088,840,2903,3230,7,6,6,5,5,5,5,5,5,4
TCGA-BH-A0B9-DX1_xmin62727_ymin56697_MPP-0.2500+64[0100].png,7028,7694,6619,840,5392,8014,1682,2977,6321,6702,7,6,5,5,5,4,4,4,4,4
TCGA-BH-A0B9-DX1_xmin62727_ymin56697_MPP-0.2500+65[0100].png,6702,6045,7694,4711,7175,2686,7484,6321,4377,840,7,6,6,5,5,5,4,4,4,4
TCGA-BH-A0B9-DX1_xmin62727_ymin56697_MPP-0.2500+66[0100].png,2226,601,6321,5862,7835,3026,2531,2686,4524,453,7,7,6,6,6,6,5,5,5,5
TCGA-BH-A0B9-DX1_xmin62727_ymin56697_MPP-0.2500+77[0100].png,7694,4711,3088,1297,6795,5166,7916,1842,5524,3260,7,6,5,5,5,4,4,4,4,4
TCGA-BH-A0B9-DX1_xmin62727_ymin56697_MPP-0.2500+78[0100].png,390,3026,2666,2308,5780,3088,1174,3000,7032,836,9,6,5,5,5,5,5,5,4,4
TCGA-BH-A0B9-DX1_xmin62727_ymin56697_MPP-0.2500+79[0100].png,6321,7189,553,2308,3000,3021,4947,7835,332,6054,6,6,5,5,5,5,5,5,4,4
TCGA-BH-A0B9-DX1_xmin62727_ymin56697_MPP-0.2500+80[0100].png,5392,3044,7694,6795,4259,6702,3026,3088,7155,6045,6,5,5,4,4,4,4,4,4,4
TCGA-BH-A0B9-DX1_xmin62727_ymin56697_MPP-0.2500+81[0100].png,3088,7442,2903,3526,3230,3044,1297,215,7948,4468,8,6,5,5,5,5,4,4,4,4
TCGA-BH-A0B9-DX1_xmin62727_ymin56697_MPP-0.2500+95[0100].png,6321,4311,215,7093,2226,7948,1297,7442,1652,1911,7,6,5,5,5,5,5,4,4,4
TCGA-BH-A0B9-DX1_xmin62727_ymin56697_MPP-0.2500+96[0100].png,5862,1652,3026,7694,3836,6702,3088,2609,215,1813,10,6,6,6,6,5,5,4,4,4
TCGA-BH-A0B9-DX1_xmin62727_ymin56697_MPP-0.2500+97[0100].png,6045,216,5862,7835,7694,4436,3088,1767,5937,4311,6,6,5,5,5,5,5,4,4,4
TCGA-BH-A0B9-DX1_xmin62727_ymin56697_MPP-0.2500+98[0100].png,5392,267,7694,5780,4602,3926,3526,8148,215,3230,7,6,5,5,5,4,4,4,4,4
TCGA-BH-A0B9-DX1_xmin62727_ymin56697_MPP-0.2500+99[0100].png,5207,3836,5428,2903,6795,3088,7091,958,601,7337,7,5,5,5,5,5,4,4,4,4
TCGA-BH-A0BG-DX1_xmin64019_ymin24975_MPP-0.2500+0[0100].png,5797,2308,6795,6226,5912,4250,6902,2278,352,632,5,5,5,5,5,5,5,4,4,4
TCGA-BH-A0BG-DX1_xmin64019_ymin24975_MPP-0.2500+105[0100].png,7694,3526,6795,3088,6045,6657,2140,216,2756,4711,8,8,7,7,6,5,5,5,5,5
TCGA-BH-A0BG-DX1_xmin64019_ymin24975_MPP-0.2500+1[0100].png,2308,7134,3619,7430,5741,6321,1357,5780,7360,7175,7,7,6,6,6,5,5,5,4,4
TCGA-BH-A0BG-DX1_xmin64019_ymin24975_MPP-0.2500+25[0100].png,2308,5023,8148,1772,5780,1836,7337,3526,7352,7134,8,6,6,6,6,6,5,5,5,5
TCGA-BH-A0BG-DX1_xmin64019_ymin24975_MPP-0.2500+38[0100].png,7134,6902,3836,3088,7880,1297,3526,6795,8148,5780,10,8,7,6,6,6,6,5,5,5
TCGA-BH-A0BG-DX1_xmin64019_ymin24975_MPP-0.2500+39[0100].png,7134,131,7430,4817,6628,2766,6902,7589,1836,5203,10,7,6,6,6,6,6,5,5,5
TCGA-BH-A0BG-DX1_xmin64019_ymin24975_MPP-0.2500+3[0100].png,781,3088,7101,6652,4817,830,4430,331,2336,3901,8,7,6,6,6,5,5,5,5,5
TCGA-BH-A0BG-DX1_xmin64019_ymin24975_MPP-0.2500+4[0100].png,2226,781,1008,7695,8081,3195,7377,4911,3487,1297,7,6,6,5,5,4,4,4,4,4
TCGA-BH-A0BG-DX1_xmin64019_ymin24975_MPP-0.2500+89[0100].png,3000,5912,958,3526,1696,3088,5433,5203,2308,3209,7,6,6,6,5,5,5,5,5,4
TCGA-BH-A0BL-DX1_xmin25219_ymin42847_MPP-0.2500+107[0100].png,2870,632,582,276,1373,3088,2699,4821,808,1696,8,6,5,5,5,5,5,5,5,5
TCGA-BH-A0BL-DX1_xmin25219_ymin42847_MPP-0.2500+120[0100].png,3346,3637,1194,1932,6931,44,3619,1845,2870,6905,5,5,5,4,4,4,4,4,4,4
TCGA-BH-A0BL-DX1_xmin25219_ymin42847_MPP-0.2500+121[0100].png,3088,4322,735,5872,4492,4859,1842,3204,6226,6480,7,6,5,5,5,5,4,4,4,4
TCGA-BH-A0BL-DX1_xmin25219_ymin42847_MPP-0.2500+12[0100].png,808,4322,4821,335,4143,2000,8049,3011,3892,7485,6,6,5,5,5,4,4,4,4,4
TCGA-BH-A0BL-DX1_xmin25219_ymin42847_MPP-0.2500+13[0100].png,4322,4311,6321,5039,2336,1476,1836,4251,2903,2780,7,6,6,5,5,5,5,4,4,4
TCGA-BH-A0BL-DX1_xmin25219_ymin42847_MPP-0.2500+144[0100].png,1836,7357,4322,4376,632,3024,958,53,5367,7880,8,7,7,5,5,5,5,4,4,4
TCGA-BH-A0BL-DX1_xmin25219_ymin42847_MPP-0.2500+14[0100].png,3889,7695,4711,958,3127,5256,8110,2641,5797,778,7,5,5,4,4,4,4,4,4,4
TCGA-BH-A0BL-DX1_xmin25219_ymin42847_MPP-0.2500+188[0100].png,6226,8013,3889,3024,1569,958,3011,808,1525,1845,8,6,6,5,5,5,5,4,4,4
TCGA-BH-A0BL-DX1_xmin25219_ymin42847_MPP-0.2500+44[0100].png,2967,7129,5477,8095,3504,2756,5834,3836,6088,6054,6,6,5,5,5,5,5,5,4,4
TCGA-BH-A0BL-DX1_xmin25219_ymin42847_MPP-0.2500+45[0100].png,2308,2235,3500,3836,1836,778,5424,1877,6226,2766,6,5,5,5,5,4,4,4,4,4
TCGA-BH-A0BL-DX1_xmin25219_ymin42847_MPP-0.2500+58[0100].png,7733,6905,675,4316,1716,4711,1297,331,3836,7377,6,6,5,5,5,4,4,4,4,4
TCGA-BH-A0BL-DX1_xmin25219_ymin42847_MPP-0.2500+67[0100].png,4194,5780,915,1836,5065,8081,4108,5810,1476,1842,6,6,6,6,5,5,5,5,4,4
TCGA-BH-A0BL-DX1_xmin25219_ymin42847_MPP-0.2500+77[0100].png,1297,1109,632,1464,6674,781,601,1126,1842,8095,9,6,5,4,4,4,4,4,4,4
TCGA-BH-A0BL-DX1_xmin25219_ymin42847_MPP-0.2500+88[0100].png,5810,808,7695,1297,958,5235,2140,1836,4492,1897,5,5,5,5,5,4,4,4,4,4
TCGA-BH-A0BW-DX1_xmin42346_ymin30843_MPP-0.2500+112[0100].png,958,3889,1652,215,6045,6795,3849,836,778,601,8,5,5,5,4,4,4,4,4,4
TCGA-BH-A0BW-DX1_xmin42346_ymin30843_MPP-0.2500+11[0100].png,2226,4911,6795,6226,4100,3442,958,7134,3127,8013,7,7,7,6,6,5,5,5,5,5
TCGA-BH-A0BW-DX1_xmin42346_ymin30843_MPP-0.2500+12[0100].png,1476,4311,3088,3526,6045,2308,5392,5834,7589,7694,7,7,7,6,6,6,6,6,5,5
TCGA-BH-A0BW-DX1_xmin42346_ymin30843_MPP-0.2500+136[0100].png,7589,6226,958,4430,7357,3296,389,7694,1367,53,6,5,5,5,5,5,5,5,4,4
TCGA-BH-A0BW-DX1_xmin42346_ymin30843_MPP-0.2500+147[0100].png,958,7694,5834,4436,4711,3504,2308,5541,1357,331,10,6,5,5,4,4,4,4,4,4
TCGA-BH-A0BW-DX1_xmin42346_ymin30843_MPP-0.2500+152[0100].png,5834,6045,915,7808,4376,3526,3024,6908,3126,4072,8,6,5,5,5,5,5,4,4,4
TCGA-BH-A0BW-DX1_xmin42346_ymin30843_MPP-0.2500+155[0100].png,2308,4436,3127,4430,5912,4559,335,2018,7694,453,6,5,5,5,5,5,4,4,4,4
TCGA-BH-A0BW-DX1_xmin42346_ymin30843_MPP-0.2500+156[0100].png,5603,3836,3526,4833,1842,4080,3889,1569,662,958,6,5,5,5,4,4,4,4,4,4
TCGA-BH-A0BW-DX1_xmin42346_ymin30843_MPP-0.2500+157[0100].png,958,4311,3088,7119,2308,131,5780,4436,216,7694,8,7,6,6,6,6,5,5,5,5
TCGA-BH-A0BW-DX1_xmin42346_ymin30843_MPP-0.2500+159[0100].png,1652,5937,7442,4376,6045,2054,4711,4311,5392,7899,8,6,6,5,5,5,5,4,4,4
TCGA-BH-A0BW-DX1_xmin42346_ymin30843_MPP-0.2500+178[0100].png,3127,7948,7880,6226,958,2308,840,5912,781,7899,7,6,5,5,5,5,5,5,5,5
TCGA-BH-A0BW-DX1_xmin42346_ymin30843_MPP-0.2500+182[0100].png,958,6045,7694,6321,5872,2419,453,1813,131,4080,8,6,6,5,5,5,5,5,5,4
TCGA-BH-A0BW-DX1_xmin42346_ymin30843_MPP-0.2500+197[0100].png,3044,1476,958,3442,7694,4311,1836,7895,2336,4072,6,5,5,4,4,4,4,4,4,4
TCGA-BH-A0BW-DX1_xmin42346_ymin30843_MPP-0.2500+219[0100].png,4311,1373,7589,4080,215,44,3326,1842,6045,297,6,5,5,5,5,4,4,4,4,4
TCGA-BH-A0BW-DX1_xmin42346_ymin30843_MPP-0.2500+222[0100].png,7589,267,7337,1297,1842,215,6226,5166,1476,7869,5,5,5,5,5,4,4,4,4,4
TCGA-BH-A0BW-DX1_xmin42346_ymin30843_MPP-0.2500+223[0100].png,5912,1652,5872,215,3088,6809,5937,3469,1311,7591,6,5,5,5,4,4,4,4,4,4
TCGA-BH-A0BW-DX1_xmin42346_ymin30843_MPP-0.2500+231[0100].png,2226,5671,331,1569,4817,4436,781,2267,6795,2308,6,5,5,5,5,5,5,5,4,4
TCGA-BH-A0BW-DX1_xmin42346_ymin30843_MPP-0.2500+237[0100].png,958,2766,3000,3889,7442,4311,124,2308,7674,4492,8,6,6,6,6,5,5,5,4,4
TCGA-BH-A0BW-DX1_xmin42346_ymin30843_MPP-0.2500+238[0100].png,958,453,4311,7134,3356,2766,4080,1654,6192,3889,10,7,6,6,6,6,5,5,5,5
TCGA-BH-A0BW-DX1_xmin42346_ymin30843_MPP-0.2500+243[0100].png,4311,5392,6892,3889,5937,958,267,1813,4430,5999,7,6,6,6,6,5,4,4,4,4
TCGA-BH-A0BW-DX1_xmin42346_ymin30843_MPP-0.2500+244[0100].png,3088,5428,7024,3209,1696,144,7694,1836,7134,389,9,7,5,5,5,4,4,4,4,4
TCGA-BH-A0BW-DX1_xmin42346_ymin30843_MPP-0.2500+258[0100].png,1836,4311,5039,7880,3889,958,5207,5047,5344,453,7,7,6,5,5,5,5,5,5,4
TCGA-BH-A0BW-DX1_xmin42346_ymin30843_MPP-0.2500+264[0100].png,2766,4311,6045,958,3204,8013,5872,1312,1464,5392,7,6,5,5,5,5,5,4,4,4
TCGA-BH-A0BW-DX1_xmin42346_ymin30843_MPP-0.2500+265[0100].png,958,4376,3088,1476,6321,1652,932,2666,5937,6509,9,7,6,6,5,5,5,5,5,5
TCGA-BH-A0BW-DX1_xmin42346_ymin30843_MPP-0.2500+32[0100].png,7091,6045,1476,7175,2666,3088,7948,7589,3626,2308,7,6,6,5,5,5,5,4,4,4
TCGA-BH-A0BW-DX1_xmin42346_ymin30843_MPP-0.2500+53[0100].png,2666,4311,2308,4436,2140,3088,3836,5213,8013,237,7,5,5,5,5,4,4,4,4,4
TCGA-BH-A0BW-DX1_xmin42346_ymin30843_MPP-0.2500+75[0100].png,4436,5392,2226,6321,2140,3088,958,2308,4160,1836,8,7,7,6,6,6,6,6,6,5
TCGA-BH-A0BW-DX1_xmin42346_ymin30843_MPP-0.2500+94[0100].png,3526,4377,1682,6045,1696,3477,6795,4143,7880,3088,8,6,6,5,5,5,5,5,5,4
TCGA-BH-A0BW-DX1_xmin42346_ymin30843_MPP-0.2500+96[0100].png,6931,7694,216,4311,2903,2226,4711,4377,6045,1836,5,5,5,5,5,4,4,4,4,4
TCGA-BH-A0E0-DX1_xmin16640_ymin43761_MPP-0.2500+2[0100].png,840,4436,6321,7549,1813,6678,2308,1159,7694,44,5,5,5,5,4,4,4,4,4,4
TCGA-BH-A0E0-DX1_xmin16640_ymin43761_MPP-0.2500+6[0100].png,7948,6121,4377,1169,7249,1357,632,7175,7442,186,6,6,6,4,4,4,4,4,4,4
TCGA-BH-A0E0-DX1_xmin16640_ymin43761_MPP-0.2500+78[0100].png,6192,7400,4198,898,4711,1842,7880,5780,6571,4775,5,4,4,4,4,4,4,4,4,3
TCGA-BH-A0E0-DX1_xmin16640_ymin43761_MPP-0.2500+7[0100].png,7024,3115,3088,6354,145,5007,4377,4376,352,335,5,5,5,4,4,4,4,4,4,4
TCGA-BH-A0E0-DX1_xmin16640_ymin43761_MPP-0.2500+91[0100].png,2870,2062,1203,6045,7101,3346,6869,2903,3208,2954,6,5,5,5,5,4,4,4,4,4
TCGA-BH-A0E6-DX1_xmin54786_ymin20002_MPP-0.2500+0[0100].png,5603,1312,267,4711,2336,6782,5611,5872,1836,5025,7,6,5,5,5,5,5,5,5,4
TCGA-BH-A0E6-DX1_xmin54786_ymin20002_MPP-0.2500+103[0100].png,3088,4250,5910,7880,153,124,4817,4911,2776,6902,6,5,5,5,4,4,4,4,4,4
TCGA-BH-A0E6-DX1_xmin54786_ymin20002_MPP-0.2500+104[0100].png,4711,7599,2308,7028,1842,7459,840,935,3836,4817,7,5,5,5,5,5,4,4,4,4
TCGA-BH-A0E6-DX1_xmin54786_ymin20002_MPP-0.2500+10[0100].png,6226,4654,1652,958,1297,5860,7129,1836,4311,5344,9,7,7,7,7,6,6,6,5,5
TCGA-BH-A0E6-DX1_xmin54786_ymin20002_MPP-0.2500+116[0100].png,6931,5603,3044,4250,3626,1652,5606,215,2686,516,6,6,5,5,5,5,4,4,4,4
TCGA-BH-A0E6-DX1_xmin54786_ymin20002_MPP-0.2500+117[0100].png,7459,2320,5100,601,3088,3849,2954,5507,7948,4559,19,13,10,7,7,6,5,5,5,5
TCGA-BH-A0E6-DX1_xmin54786_ymin20002_MPP-0.2500+11[0100].png,1652,7129,1203,5797,4311,1297,4325,4436,1813,3637,11,8,8,7,7,7,6,6,6,5
TCGA-BH-A0E6-DX1_xmin54786_ymin20002_MPP-0.2500+12[0100].png,1652,215,6226,4436,7357,3889,1460,4533,4143,1842,12,11,11,6,6,5,5,5,5,5
TCGA-BH-A0E6-DX1_xmin54786_ymin20002_MPP-0.2500+13[0100].png,1652,6226,958,4311,7129,2990,5344,632,2766,6657,9,7,6,6,6,5,5,5,5,5
TCGA-BH-A0E6-DX1_xmin54786_ymin20002_MPP-0.2500+140[0100].png,7134,1297,3619,4160,2766,2194,840,215,5912,131,6,6,5,5,5,5,4,4,4,4
TCGA-BH-A0E6-DX1_xmin54786_ymin20002_MPP-0.2500+141[0100].png,2226,7028,7459,5207,1652,7948,3849,4533,7357,3088,8,7,7,7,6,5,5,5,4,4
TCGA-BH-A0E6-DX1_xmin54786_ymin20002_MPP-0.2500+14[0100].png,1652,215,632,693,4259,352,7129,4606,5509,7733,8,5,5,5,5,5,5,4,4,4
TCGA-BH-A0E6-DX1_xmin54786_ymin20002_MPP-0.2500+15[0100].png,958,162,215,1836,2756,7899,632,8110,2766,3504,6,5,5,5,5,5,4,4,4,4
TCGA-BH-A0E6-DX1_xmin54786_ymin20002_MPP-0.2500+16[0100].png,331,7134,5872,4711,7485,6702,2493,2666,7869,3836,7,7,6,6,5,5,5,5,5,5
TCGA-BH-A0E6-DX1_xmin54786_ymin20002_MPP-0.2500+17[0100].png,2990,1389,693,4711,1297,2308,44,1836,6536,4622,7,5,5,5,5,5,5,4,4,4
TCGA-BH-A0E6-DX1_xmin54786_ymin20002_MPP-0.2500+18[0100].png,5603,4711,4911,915,4261,1624,1977,4742,2644,124,7,6,5,5,5,4,4,4,4,4
TCGA-BH-A0E6-DX1_xmin54786_ymin20002_MPP-0.2500+19[0100].png,915,4817,1842,7948,6045,839,3565,6905,7450,1654,9,6,6,6,4,4,4,4,4,4
TCGA-BH-A0E6-DX1_xmin54786_ymin20002_MPP-0.2500+1[0100].png,4911,2308,2666,1357,1389,4425,6966,5094,7880,2876,6,6,5,5,5,5,5,5,5,4
TCGA-BH-A0E6-DX1_xmin54786_ymin20002_MPP-0.2500+20[0100].png,1897,7024,4112,7129,6226,4160,958,3504,6744,2308,8,7,7,6,6,6,6,5,5,5
TCGA-BH-A0E6-DX1_xmin54786_ymin20002_MPP-0.2500+21[0100].png,6226,7129,601,1297,6902,1652,3889,958,4654,335,16,13,9,9,9,9,8,6,6,6
TCGA-BH-A0E6-DX1_xmin54786_ymin20002_MPP-0.2500+22[0100].png,5797,6226,5344,4311,7129,4112,6964,3889,632,3836,11,10,9,9,9,8,8,8,7,7
TCGA-BH-A0E6-DX1_xmin54786_ymin20002_MPP-0.2500+23[0100].png,7165,5101,978,5999,5498,5797,4311,335,7694,5392,7,5,5,5,5,5,4,4,4,4
TCGA-BH-A0E6-DX1_xmin54786_ymin20002_MPP-0.2500+24[0100].png,1652,7129,5671,3088,958,1357,1877,601,8148,5235,13,9,8,7,6,6,6,5,5,5
TCGA-BH-A0E6-DX1_xmin54786_ymin20002_MPP-0.2500+256[0100].png,6226,1297,2686,6045,2226,4436,6321,1476,1652,632,5,5,5,5,5,5,5,5,5,5
TCGA-BH-A0E6-DX1_xmin54786_ymin20002_MPP-0.2500+257[0100].png,7459,215,3088,2320,7808,958,1476,7028,601,44,7,7,6,6,6,6,5,5,5,4
TCGA-BH-A0E6-DX1_xmin54786_ymin20002_MPP-0.2500+258[0100].png,1652,2226,7028,601,1476,1813,7948,6226,4143,3209,12,10,8,7,7,6,5,5,5,5
TCGA-BH-A0E6-DX1_xmin54786_ymin20002_MPP-0.2500+25[0100].png,1652,7129,6902,7948,3836,162,958,5344,3849,5797,11,9,9,8,7,7,7,7,6,6
TCGA-BH-A0E6-DX1_xmin54786_ymin20002_MPP-0.2500+262[0100].png,7948,3387,8013,5937,3849,7119,4160,582,2990,2062,7,6,6,6,6,5,5,5,4,4
TCGA-BH-A0E6-DX1_xmin54786_ymin20002_MPP-0.2500+263[0100].png,935,7895,2780,5098,4436,2977,3526,1463,6702,2140,6,6,5,5,5,5,4,4,4,4
TCGA-BH-A0E6-DX1_xmin54786_ymin20002_MPP-0.2500+264[0100].png,6226,3088,2140,7175,4436,2308,144,2062,4711,7459,8,7,7,6,6,6,6,6,6,5
TCGA-BH-A0E6-DX1_xmin54786_ymin20002_MPP-0.2500+268[0100].png,601,7028,4227,2954,1696,338,7819,7459,3030,6780,10,10,7,7,6,6,5,5,5,5
TCGA-BH-A0E6-DX1_xmin54786_ymin20002_MPP-0.2500+269[0100].png,958,4436,7024,8082,5999,2666,4711,276,1593,1842,7,6,5,5,5,5,5,5,4,4
TCGA-BH-A0E6-DX1_xmin54786_ymin20002_MPP-0.2500+26[0100].png,2967,839,267,7876,7189,1008,3230,3088,7880,1218,8,6,6,6,5,5,5,5,5,5
TCGA-BH-A0E6-DX1_xmin54786_ymin20002_MPP-0.2500+270[0100].png,3088,1297,4711,7948,8066,1373,6226,2226,22,7450,8,6,6,5,5,5,5,4,4,4
TCGA-BH-A0E6-DX1_xmin54786_ymin20002_MPP-0.2500+279[0100].png,4436,144,6217,1297,1624,7948,7694,601,2226,582,7,7,6,6,6,5,5,5,5,5
TCGA-BH-A0E6-DX1_xmin54786_ymin20002_MPP-0.2500+27[0100].png,4711,3836,7695,5797,34,3088,5717,6960,1842,276,8,6,6,6,5,5,5,5,5,5
TCGA-BH-A0E6-DX1_xmin54786_ymin20002_MPP-0.2500+280[0100].png,3189,3088,1977,6054,7733,3619,2588,8013,2666,4711,5,5,5,5,5,4,4,4,4,4
TCGA-BH-A0E6-DX1_xmin54786_ymin20002_MPP-0.2500+281[0100].png,3849,215,5100,3926,2756,4911,958,5912,3247,7733,8,7,6,6,5,5,5,4,4,4
TCGA-BH-A0E6-DX1_xmin54786_ymin20002_MPP-0.2500+289[0100].png,3088,4711,7459,2136,1297,215,3487,3971,6869,5872,7,6,5,5,5,4,4,4,4,4
TCGA-BH-A0E6-DX1_xmin54786_ymin20002_MPP-0.2500+28[0100].png,4711,3088,1357,1836,5872,2841,7880,4725,1463,8081,10,6,5,5,5,4,4,4,4,4
TCGA-BH-A0E6-DX1_xmin54786_ymin20002_MPP-0.2500+290[0100].png,6226,7459,2140,778,3387,1652,1696,131,215,3088,7,7,6,6,6,6,5,5,5,5
TCGA-BH-A0E6-DX1_xmin54786_ymin20002_MPP-0.2500+291[0100].png,632,7175,3626,6702,6795,5937,4376,516,6321,3088,6,6,5,5,5,5,4,4,4,4
TCGA-BH-A0E6-DX1_xmin54786_ymin20002_MPP-0.2500+292[0100].png,2320,7459,4711,2062,4859,7948,1882,6738,4108,1911,11,8,6,6,5,5,5,5,4,4
TCGA-BH-A0E6-DX1_xmin54786_ymin20002_MPP-0.2500+29[0100].png,7134,7880,3209,1842,3088,1357,5171,7093,6264,1836,7,6,6,5,5,4,4,4,4,4
TCGA-BH-A0E6-DX1_xmin54786_ymin20002_MPP-0.2500+2[0100].png,1842,7733,1389,516,3088,3487,5603,186,4430,4419,5,5,5,5,5,5,5,4,4,4
TCGA-BH-A0E6-DX1_xmin54786_ymin20002_MPP-0.2500+300[0100].png,7459,7028,6045,6321,3849,3030,958,7948,4685,1476,10,10,8,7,7,6,6,5,5,4
TCGA-BH-A0E6-DX1_xmin54786_ymin20002_MPP-0.2500+301[0100].png,2226,2686,3088,1652,7948,3030,2666,2320,7028,2990,6,6,6,6,5,5,5,5,5,5
TCGA-BH-A0E6-DX1_xmin54786_ymin20002_MPP-0.2500+302[0100].png,2320,7459,6217,2943,629,5100,1652,5860,8013,2319,12,9,6,6,6,6,5,5,5,5
TCGA-BH-A0E6-DX1_xmin54786_ymin20002_MPP-0.2500+30[0100].png,632,3088,5834,5007,3526,5797,601,3889,2766,5671,9,7,7,7,7,6,6,6,5,5
TCGA-BH-A0E6-DX1_xmin54786_ymin20002_MPP-0.2500+317[0100].png,7189,1842,6226,7091,1357,3849,7948,2870,1298,2903,7,6,6,6,5,5,5,4,4,4
TCGA-BH-A0E6-DX1_xmin54786_ymin20002_MPP-0.2500+318[0100].png,3088,601,7028,12,7808,3527,2770,7694,3926,6227,9,6,5,5,5,4,4,4,4,4
TCGA-BH-A0E6-DX1_xmin54786_ymin20002_MPP-0.2500+319[0100].png,5860,6217,4711,1652,2960,215,601,675,5561,7149,6,6,5,5,5,5,5,4,4,4
TCGA-BH-A0E6-DX1_xmin54786_ymin20002_MPP-0.2500+31[0100].png,6226,3088,7129,2308,1897,5797,6762,5344,2588,7024,13,9,9,6,6,6,5,5,5,5
TCGA-BH-A0E6-DX1_xmin54786_ymin20002_MPP-0.2500+320[0100].png,7695,2990,2226,1652,6702,5097,6219,898,3088,5047,6,5,5,5,5,4,4,4,4,4
TCGA-BH-A0E6-DX1_xmin54786_ymin20002_MPP-0.2500+32[0100].png,6979,6702,215,1836,186,515,5094,4711,7880,1842,6,6,6,6,5,5,5,5,5,5
TCGA-BH-A0E6-DX1_xmin54786_ymin20002_MPP-0.2500+33[0100].png,6226,3088,7357,6219,1836,2903,6902,7129,5213,5780,8,8,7,6,6,5,5,5,5,5
TCGA-BH-A0E6-DX1_xmin54786_ymin20002_MPP-0.2500+34[0100].png,6226,7129,8110,3088,4311,5007,3504,4112,5797,6931,11,8,8,7,7,7,6,6,6,6
TCGA-BH-A0E6-DX1_xmin54786_ymin20002_MPP-0.2500+35[0100].png,3088,1842,335,1389,3000,4311,3836,4259,4711,5780,6,5,5,5,4,4,4,4,4,4
TCGA-BH-A0E6-DX1_xmin54786_ymin20002_MPP-0.2500+36[0100].png,5872,131,7694,3526,5098,2493,1897,2308,1836,1842,9,6,6,5,5,5,5,5,5,4
TCGA-BH-A0E6-DX1_xmin54786_ymin20002_MPP-0.2500+37[0100].png,4817,4693,4247,6807,2336,7695,3247,331,4430,3088,6,5,5,5,5,5,5,4,4,4
TCGA-BH-A0E6-DX1_xmin54786_ymin20002_MPP-0.2500+38[0100].png,1842,4711,5603,7695,3801,7189,1846,5717,44,5780,8,7,6,6,5,5,5,5,4,4
TCGA-BH-A0E6-DX1_xmin54786_ymin20002_MPP-0.2500+39[0100].png,1836,2967,5834,7880,1654,8081,7589,1682,335,7392,6,6,6,5,5,4,4,4,4,4
TCGA-BH-A0E6-DX1_xmin54786_ymin20002_MPP-0.2500+3[0100].png,3088,7880,5392,6702,7175,1654,3204,7733,5780,7189,5,5,5,5,5,5,4,4,4,4
TCGA-BH-A0E6-DX1_xmin54786_ymin20002_MPP-0.2500+40[0100].png,4691,4711,3088,5392,162,1652,5509,7357,3619,332,7,6,5,5,5,5,5,5,4,4
TCGA-BH-A0E6-DX1_xmin54786_ymin20002_MPP-0.2500+41[0100].png,1652,6814,5065,7165,3088,3836,3526,6628,4725,6702,6,6,5,5,5,5,5,5,5,5
TCGA-BH-A0E6-DX1_xmin54786_ymin20002_MPP-0.2500+42[0100].png,958,2062,6226,3088,582,7129,1897,2780,5810,632,10,9,8,7,6,6,6,5,5,5
TCGA-BH-A0E6-DX1_xmin54786_ymin20002_MPP-0.2500+43[0100].png,1836,3088,4911,7024,5834,5344,7129,958,839,5797,6,5,5,5,5,5,5,5,4,4
TCGA-BH-A0E6-DX1_xmin54786_ymin20002_MPP-0.2500+44[0100].png,7733,3088,1312,3230,6833,5235,1460,5603,4060,1897,5,5,5,4,4,4,4,4,4,4
TCGA-BH-A0E6-DX1_xmin54786_ymin20002_MPP-0.2500+47[0100].png,8066,44,4817,3088,4911,4430,1772,516,7694,6192,6,6,5,5,5,5,5,5,5,5
TCGA-BH-A0E6-DX1_xmin54786_ymin20002_MPP-0.2500+48[0100].png,6192,839,7442,4817,8110,5600,7899,5780,7337,3088,5,5,5,4,4,4,4,4,4,4
TCGA-BH-A0E6-DX1_xmin54786_ymin20002_MPP-0.2500+49[0100].png,2876,2308,7164,7134,8081,2083,9,7400,5735,131,5,5,5,5,5,5,5,5,5,4
TCGA-BH-A0E6-DX1_xmin54786_ymin20002_MPP-0.2500+4[0100].png,3088,1297,3889,5797,5007,6226,8081,7357,2756,7733,8,7,7,7,7,6,6,6,6,6
TCGA-BH-A0E6-DX1_xmin54786_ymin20002_MPP-0.2500+50[0100].png,3088,4100,4817,7880,5603,1203,2967,3836,2493,1977,9,6,6,6,5,5,5,5,5,5
TCGA-BH-A0E6-DX1_xmin54786_ymin20002_MPP-0.2500+51[0100].png,3088,8148,4250,2967,915,7880,6652,3209,267,840,8,7,7,5,5,5,5,5,4,4
TCGA-BH-A0E6-DX1_xmin54786_ymin20002_MPP-0.2500+52[0100].png,4430,2903,6502,7694,7089,4250,7078,3207,7695,2308,6,6,6,6,6,6,5,5,5,5
TCGA-BH-A0E6-DX1_xmin54786_ymin20002_MPP-0.2500+53[0100].png,3088,7948,2308,331,1836,153,5235,2278,5392,840,6,5,5,5,4,4,4,4,4,4
TCGA-BH-A0E6-DX1_xmin54786_ymin20002_MPP-0.2500+54[0100].png,7129,215,2062,6217,1813,601,1320,6902,6678,6480,6,6,6,5,4,4,4,4,4,4
TCGA-BH-A0E6-DX1_xmin54786_ymin20002_MPP-0.2500+55[0100].png,1836,8148,6502,6192,6724,2308,3836,1995,515,8126,7,7,5,5,4,4,4,4,4,4
TCGA-BH-A0E6-DX1_xmin54786_ymin20002_MPP-0.2500+56[0100].png,3088,7129,7589,4817,4642,4859,4364,237,5671,6960,10,7,6,6,5,5,5,4,4,4
TCGA-BH-A0E6-DX1_xmin54786_ymin20002_MPP-0.2500+5[0100].png,4711,5797,3836,4654,915,6772,2226,632,2967,6905,9,7,7,6,6,5,5,5,5,5
TCGA-BH-A0E6-DX1_xmin54786_ymin20002_MPP-0.2500+60[0100].png,4693,7134,5797,675,7032,331,1842,4980,3088,124,6,6,5,5,5,5,5,5,4,4
TCGA-BH-A0E6-DX1_xmin54786_ymin20002_MPP-0.2500+61[0100].png,4711,6192,1389,6227,3346,6702,915,8081,331,7880,7,7,6,5,5,5,5,5,5,4
TCGA-BH-A0E6-DX1_xmin54786_ymin20002_MPP-0.2500+62[0100].png,2766,5611,4711,3230,1312,3088,5872,8049,3209,7165,6,6,5,5,5,5,5,4,4,4
TCGA-BH-A0E6-DX1_xmin54786_ymin20002_MPP-0.2500+63[0100].png,7599,131,6795,1842,7695,7694,1836,1897,3900,1995,6,5,5,5,5,5,5,5,4,4
TCGA-BH-A0E6-DX1_xmin54786_ymin20002_MPP-0.2500+64[0100].png,6480,145,6724,1897,3209,4376,1126,7880,6227,6674,7,6,5,5,5,5,4,4,4,4
TCGA-BH-A0E6-DX1_xmin54786_ymin20002_MPP-0.2500+65[0100].png,1836,1772,1842,781,5023,7189,3836,7880,6595,1897,11,6,6,5,5,5,5,5,4,4
TCGA-BH-A0E6-DX1_xmin54786_ymin20002_MPP-0.2500+66[0100].png,7032,1836,2308,44,2990,3088,3176,2083,5780,5097,5,5,5,5,5,5,4,4,4,4
TCGA-BH-A0E6-DX1_xmin54786_ymin20002_MPP-0.2500+67[0100].png,332,5098,7695,7337,3626,4685,7470,2751,1008,7880,5,5,5,5,4,4,4,4,4,4
TCGA-BH-A0E6-DX1_xmin54786_ymin20002_MPP-0.2500+68[0100].png,7948,5023,1897,7880,1652,3849,8148,6226,1696,6137,9,5,5,5,5,5,4,4,4,4
TCGA-BH-A0E6-DX1_xmin54786_ymin20002_MPP-0.2500+6[0100].png,4711,1842,4911,3024,2841,1836,4817,1813,5570,7895,6,5,5,5,5,5,5,4,4,4
TCGA-BH-A0E6-DX1_xmin54786_ymin20002_MPP-0.2500+76[0100].png,1203,3088,124,331,781,5392,5213,1842,1389,3823,8,6,5,5,4,4,4,4,4,4
TCGA-BH-A0E6-DX1_xmin54786_ymin20002_MPP-0.2500+77[0100].png,3088,44,1977,7880,7249,4817,5735,5428,131,4430,6,5,5,5,4,4,4,4,4,4
TCGA-BH-A0E6-DX1_xmin54786_ymin20002_MPP-0.2500+78[0100].png,4711,4817,5780,1312,7134,2903,124,516,1977,6173,7,5,5,5,5,4,4,4,4,4
TCGA-BH-A0E6-DX1_xmin54786_ymin20002_MPP-0.2500+79[0100].png,5780,3209,1682,3189,5797,2967,1203,5454,4259,2780,6,5,5,5,5,5,4,4,4,4
TCGA-BH-A0E6-DX1_xmin54786_ymin20002_MPP-0.2500+7[0100].png,6226,5498,7129,632,601,1652,7357,769,2903,4108,15,8,7,6,6,6,6,5,5,5
TCGA-BH-A0E6-DX1_xmin54786_ymin20002_MPP-0.2500+88[0100].png,5780,7880,4160,7604,1389,7695,5094,516,267,3986,7,6,6,5,5,4,4,4,4,4
TCGA-BH-A0E6-DX1_xmin54786_ymin20002_MPP-0.2500+89[0100].png,3836,2278,7824,2319,5065,3526,6809,6121,4711,6285,6,5,5,4,4,4,4,4,4,4
TCGA-BH-A0E6-DX1_xmin54786_ymin20002_MPP-0.2500+8[0100].png,6226,215,958,632,3870,4311,1652,4711,6902,5797,11,11,11,11,9,9,8,7,7,7
TCGA-BH-A0E6-DX1_xmin54786_ymin20002_MPP-0.2500+90[0100].png,3836,7880,5872,839,5797,3526,4711,1203,6227,3088,7,5,5,5,5,5,5,4,4,4
TCGA-BH-A0E6-DX1_xmin54786_ymin20002_MPP-0.2500+91[0100].png,1977,5872,2903,1836,6652,1463,1088,2540,3189,6702,6,6,5,5,5,5,4,4,4,4
TCGA-BH-A0E6-DX1_xmin54786_ymin20002_MPP-0.2500+92[0100].png,7028,693,6217,7948,1652,2766,7134,3088,1836,2903,7,7,7,6,6,5,5,5,5,5
TCGA-BH-A0E6-DX1_xmin54786_ymin20002_MPP-0.2500+9[0100].png,6226,1652,6902,5671,958,3526,5810,1813,3437,4259,15,9,9,8,8,7,7,6,5,5
TCGA-BH-A0RX-DX1_xmin69099_ymin22327_MPP-0.2500+146[0100].png,2531,216,2226,1842,5999,4322,7766,2255,1373,7007,6,5,5,5,4,4,4,4,4,4
TCGA-BH-A0RX-DX1_xmin69099_ymin22327_MPP-0.2500+67[0100].png,2336,6960,6702,1836,2430,3209,2977,898,6428,335,6,6,5,5,4,4,4,4,4,4
TCGA-BH-A0WA-DX1_xmin56581_ymin24774_MPP-0.2500+144[0100].png,3026,4080,2308,4817,6192,4100,131,2083,3088,5834,7,7,6,6,5,5,5,5,5,5
TCGA-BH-A0WA-DX1_xmin56581_ymin24774_MPP-0.2500+167[0100].png,131,5780,6702,5603,3088,5872,6814,7392,237,2278,7,6,5,5,5,5,5,5,4,4
TCGA-BH-A0WA-DX1_xmin56581_ymin24774_MPP-0.2500+168[0100].png,7134,3526,8081,5601,131,9,7880,4430,237,1772,9,8,7,6,6,5,5,5,5,5
TCGA-BH-A0WA-DX1_xmin56581_ymin24774_MPP-0.2500+196[0100].png,5912,4725,693,6702,3088,215,145,1682,5717,2766,7,6,6,6,6,6,6,6,5,5
TCGA-BH-A0WA-DX1_xmin56581_ymin24774_MPP-0.2500+218[0100].png,2308,4100,8148,7869,7134,5780,2967,8081,4725,5477,6,6,5,5,5,5,5,5,5,5
TCGA-BH-A0WA-DX1_xmin56581_ymin24774_MPP-0.2500+222[0100].png,237,2766,6321,131,4311,6979,7880,840,5098,2967,7,6,6,5,5,4,4,4,4,4
TCGA-BH-A0WA-DX1_xmin56581_ymin24774_MPP-0.2500+290[0100].png,7134,3088,5428,4278,5235,5834,6702,390,3115,34,6,6,5,5,5,5,5,4,4,4
TCGA-BH-A0WA-DX1_xmin56581_ymin24774_MPP-0.2500+291[0100].png,7459,2320,629,3026,3849,3030,7134,7129,4693,1992,10,10,8,7,7,6,5,5,5,5
TCGA-BH-A0WA-DX1_xmin56581_ymin24774_MPP-0.2500+312[0100].png,2186,7134,1682,6502,8148,1767,3678,5701,7589,3247,6,5,4,4,4,4,4,4,4,4
TCGA-BH-A0WA-DX1_xmin56581_ymin24774_MPP-0.2500+313[0100].png,4250,131,693,7880,2308,3088,7134,2812,390,1157,6,6,6,6,5,5,5,4,4,4
TCGA-BH-A0WA-DX1_xmin56581_ymin24774_MPP-0.2500+314[0100].png,2903,6702,267,2308,5023,4817,3021,1897,4080,1532,7,6,5,5,5,5,4,4,4,4
TCGA-BH-A0WA-DX1_xmin56581_ymin24774_MPP-0.2500+315[0100].png,7134,4160,2469,7501,145,215,3209,2235,3088,8073,6,6,6,6,5,5,4,4,4,4
TCGA-BH-A0WA-DX1_xmin56581_ymin24774_MPP-0.2500+316[0100].png,5065,3026,6321,5937,1320,1682,3030,5166,4322,3209,6,6,5,5,5,5,5,4,4,4
TCGA-BH-A0WA-DX1_xmin56581_ymin24774_MPP-0.2500+339[0100].png,7880,7501,5999,5392,3088,7032,3247,7189,5702,7160,6,6,6,6,5,5,4,4,4,4
TCGA-BH-A0WA-DX1_xmin56581_ymin24774_MPP-0.2500+340[0100].png,982,3209,3088,2226,6814,7189,3030,2870,6192,3346,6,6,6,5,4,4,4,4,4,4
TCGA-BH-A0WA-DX1_xmin56581_ymin24774_MPP-0.2500+341[0100].png,7134,237,4322,3044,390,5603,5610,6931,2977,44,6,5,5,5,5,5,4,4,4,4
TCGA-BH-A0WA-DX1_xmin56581_ymin24774_MPP-0.2500+356[0100].png,3526,3026,6702,6226,4230,1992,1836,7565,5735,3728,5,5,5,5,4,4,4,4,4,4
TCGA-BH-A0WA-DX1_xmin56581_ymin24774_MPP-0.2500+361[0100].png,6795,8148,5603,5428,131,3026,4524,7853,4947,5912,6,5,5,5,5,5,4,4,4,4
TCGA-BH-A0WA-DX1_xmin56581_ymin24774_MPP-0.2500+362[0100].png,5741,215,7134,6192,1652,5780,5023,3044,7303,5151,8,8,6,6,6,5,5,5,5,5
TCGA-BH-A0WA-DX1_xmin56581_ymin24774_MPP-0.2500+371[0100].png,1682,1813,1836,5834,2278,4833,6192,5912,1992,840,11,6,6,5,5,5,5,5,4,4
TCGA-BH-A0WA-DX1_xmin56581_ymin24774_MPP-0.2500+376[0100].png,2320,7459,601,3026,2062,4843,5860,2226,7377,3088,11,9,6,6,6,5,5,5,5,4
TCGA-BH-A0WA-DX1_xmin56581_ymin24774_MPP-0.2500+377[0100].png,2766,2308,6192,131,5834,4817,5023,840,3088,7134,8,6,5,5,5,5,5,5,5,5
TCGA-BH-A0WA-DX1_xmin56581_ymin24774_MPP-0.2500+382[0100].png,1682,215,3088,5999,7134,5499,6192,840,3282,4817,8,6,5,4,4,4,4,4,4,4
TCGA-BH-A0WA-DX1_xmin56581_ymin24774_MPP-0.2500+389[0100].png,2308,7501,840,6869,5702,215,693,5611,4947,6754,8,7,6,5,5,4,4,4,4,4
TCGA-BH-A0WA-DX1_xmin56581_ymin24774_MPP-0.2500+398[0100].png,390,2967,5735,4322,3088,5392,131,4376,4080,935,6,6,5,5,5,4,4,4,4,4
TCGA-BH-A0WA-DX1_xmin56581_ymin24774_MPP-0.2500+399[0100].png,7880,3088,840,5999,3527,7484,7189,131,6502,2226,6,6,5,5,4,4,4,4,4,4
TCGA-BH-A0WA-DX1_xmin56581_ymin24774_MPP-0.2500+413[0100].png,2320,7459,7948,1652,3849,453,6738,5860,2954,2226,15,14,10,7,6,6,5,5,4,4
TCGA-BH-A0WA-DX1_xmin56581_ymin24774_MPP-0.2500+416[0100].png,3836,7134,131,215,7565,4725,2967,1297,4080,582,6,6,6,6,5,5,5,5,5,4
TCGA-BH-A0WA-DX1_xmin56581_ymin24774_MPP-0.2500+427[0100].png,2320,1030,601,6192,3870,144,840,7119,6657,5999,11,6,6,6,5,5,5,5,5,4
TCGA-BH-A0WA-DX1_xmin56581_ymin24774_MPP-0.2500+428[0100].png,2320,7134,840,3526,3024,6814,5151,1977,4968,237,7,6,5,5,5,5,5,5,4,4
TCGA-BH-A0WA-DX1_xmin56581_ymin24774_MPP-0.2500+440[0100].png,7134,7589,3209,5023,5999,7880,2967,1389,6830,2717,7,6,6,5,5,5,4,4,4,4
TCGA-BH-A0WA-DX1_xmin56581_ymin24774_MPP-0.2500+450[0100].png,4100,131,6814,7694,4160,5151,2194,7400,499,2756,8,5,5,5,5,5,5,4,4,4
TCGA-BH-A0WA-DX1_xmin56581_ymin24774_MPP-0.2500+459[0100].png,4430,7134,1992,5702,2226,131,2609,3088,4160,1842,6,6,6,5,5,5,5,4,4,4
TCGA-BH-A0WA-DX1_xmin56581_ymin24774_MPP-0.2500+460[0100].png,7134,7694,5834,3088,4711,2967,2308,44,3365,3209,10,8,7,7,6,6,6,6,5,5
TCGA-BH-A0WA-DX1_xmin56581_ymin24774_MPP-0.2500+466[0100].png,781,3026,5717,3526,6931,7501,7175,4250,4430,6265,6,5,5,5,4,4,4,4,4,4
TCGA-BH-A0WA-DX1_xmin56581_ymin24774_MPP-0.2500+467[0100].png,1312,5780,6702,2967,1842,7134,2308,4376,6571,6480,5,5,5,5,5,4,4,4,4,4
TCGA-BH-A0WA-DX1_xmin56581_ymin24774_MPP-0.2500+468[0100].png,131,6192,840,3088,3836,6702,3526,2876,7134,389,7,6,6,6,5,5,5,5,4,4
TCGA-BH-A0WA-DX1_xmin56581_ymin24774_MPP-0.2500+470[0100].png,3849,1696,2320,3088,7129,6217,3728,2588,4311,7024,9,9,8,6,6,6,5,5,5,4
TCGA-BH-A0WA-DX1_xmin56581_ymin24774_MPP-0.2500+471[0100].png,1842,3044,7835,8148,3088,872,8066,1357,6678,3209,5,5,5,5,5,4,4,4,4,4
TCGA-BH-A0WA-DX1_xmin56581_ymin24774_MPP-0.2500+472[0100].png,7880,7134,3026,5047,4711,6744,8148,6657,267,335,7,7,6,6,5,5,4,4,4,4
TCGA-BH-A0WA-DX1_xmin56581_ymin24774_MPP-0.2500+473[0100].png,5151,4322,3026,4817,3088,2766,215,5392,5797,1682,7,7,7,6,5,5,5,5,4,4
TCGA-BH-A0WA-DX1_xmin56581_ymin24774_MPP-0.2500+474[0100].png,2320,7459,7948,1696,2960,5100,3870,3849,3088,1652,15,13,11,7,6,6,6,5,5,5
TCGA-BH-A0WA-DX1_xmin56581_ymin24774_MPP-0.2500+475[0100].png,7459,7948,2320,2308,1842,601,7134,4376,131,4533,9,8,8,6,6,6,6,5,5,5
TCGA-BH-A0WA-DX1_xmin56581_ymin24774_MPP-0.2500+476[0100].png,7134,3209,1869,7869,2751,8081,3243,4693,3088,4817,6,5,5,4,4,4,4,4,4,4
TCGA-BH-A0WA-DX1_xmin56581_ymin24774_MPP-0.2500+477[0100].png,2320,1652,3991,7134,958,6045,5094,2967,2870,4430,7,5,5,5,4,4,4,4,4,4
TCGA-BH-A18G-DX1_xmin16831_ymin497_MPP-0.2500+79[0100].png,7694,5099,7790,7599,1297,7189,2326,6321,7948,3044,9,5,5,5,5,5,4,4,4,4
TCGA-BH-A18V-DX1_xmin50030_ymin48454_MPP-0.2500+180[0100].png,2903,8110,4817,5834,6326,8148,44,2876,7695,3728,8,5,5,5,4,4,4,4,4,4
TCGA-BH-A18V-DX1_xmin50030_ymin48454_MPP-0.2500+188[0100].png,6979,4817,2308,7189,516,2054,515,2967,5780,4377,5,5,4,4,4,4,4,4,4,4
TCGA-BH-A18V-DX1_xmin50030_ymin48454_MPP-0.2500+189[0100].png,1624,3189,3526,5937,6219,1813,6908,3637,1203,4693,6,5,5,5,5,4,4,4,4,4
TCGA-BH-A18V-DX1_xmin50030_ymin48454_MPP-0.2500+194[0100].png,4817,3088,781,3209,5392,872,4250,5166,2967,5203,7,5,5,5,4,4,4,4,4,4
TCGA-BH-A18V-DX1_xmin50030_ymin48454_MPP-0.2500+195[0100].png,216,7484,4593,3209,6678,3901,1312,2308,5834,6702,5,5,5,5,5,4,4,4,4,4
TCGA-BH-A18V-DX1_xmin50030_ymin48454_MPP-0.2500+202[0100].png,5780,2308,3901,3088,4817,4968,5763,1842,1836,44,6,6,5,5,5,4,4,4,4,4
TCGA-BH-A18V-DX1_xmin50030_ymin48454_MPP-0.2500+203[0100].png,693,7694,1682,1297,4112,5872,5097,5023,2031,237,6,5,5,4,4,4,4,4,4,4
TCGA-BH-A18V-DX1_xmin50030_ymin48454_MPP-0.2500+226[0100].png,5780,5834,4711,516,3088,3176,1682,1001,5063,3000,7,5,5,5,5,4,4,4,4,4
TCGA-BH-A18V-DX1_xmin50030_ymin48454_MPP-0.2500+241[0100].png,2967,516,7337,131,3586,6045,7694,3527,7591,44,8,6,5,5,5,4,4,4,4,4
TCGA-BH-A18V-DX1_xmin50030_ymin48454_MPP-0.2500+254[0100].png,4711,1001,6595,331,515,7024,7078,6702,5203,237,6,5,5,4,4,4,4,4,4,4
TCGA-BH-A18V-DX1_xmin50030_ymin48454_MPP-0.2500+255[0100].png,6321,124,7134,6137,7222,5797,6354,7337,2194,3477,5,5,4,4,4,4,4,4,4,4
TCGA-BH-A1EW-DX1_xmin66752_ymin42706_MPP-0.2500+116[0100].png,3356,4711,8126,1836,4112,2766,5603,1897,4261,335,6,6,5,5,5,5,5,5,5,5
TCGA-BH-A1EW-DX1_xmin66752_ymin42706_MPP-0.2500+117[0100].png,1836,6902,7357,131,5834,6226,4447,7134,3526,5171,8,7,6,6,6,5,5,5,5,5
TCGA-BH-A1EW-DX1_xmin66752_ymin42706_MPP-0.2500+118[0100].png,2766,3088,131,1842,7134,6192,5344,5780,2235,7164,8,7,7,6,5,5,5,5,5,4
TCGA-BH-A1EW-DX1_xmin66752_ymin42706_MPP-0.2500+119[0100].png,5780,4430,2018,44,2967,130,2766,3088,1508,267,6,5,5,5,5,5,5,4,4,4
TCGA-BH-A1EW-DX1_xmin66752_ymin42706_MPP-0.2500+131[0100].png,6226,7024,7028,7694,582,6045,2943,7948,781,8095,8,6,6,5,5,5,5,5,4,4
TCGA-BH-A1EW-DX1_xmin66752_ymin42706_MPP-0.2500+132[0100].png,331,3088,1842,4711,7589,4259,3836,2960,5487,7134,7,6,6,5,5,5,5,4,4,4
TCGA-BH-A1EW-DX1_xmin66752_ymin42706_MPP-0.2500+134[0100].png,4817,2336,4199,7880,5834,7485,6807,4290,2780,1602,5,5,5,5,5,4,4,4,4,4
TCGA-BH-A1EW-DX1_xmin66752_ymin42706_MPP-0.2500+145[0100].png,3836,7089,5203,7352,5701,2278,6902,1977,7400,974,5,5,5,5,4,4,4,4,4,4
TCGA-BH-A1EW-DX1_xmin66752_ymin42706_MPP-0.2500+146[0100].png,7175,3024,3209,1836,1654,4685,4311,6702,6808,6902,5,4,4,4,4,4,4,4,4,4
TCGA-BH-A1EW-DX1_xmin66752_ymin42706_MPP-0.2500+158[0100].png,6652,3088,1842,3836,2967,4160,1508,1836,3011,4250,7,7,6,6,6,5,5,5,5,5
TCGA-BH-A1EW-DX1_xmin66752_ymin42706_MPP-0.2500+159[0100].png,44,4711,7589,581,6264,3836,7078,8095,4911,5392,5,5,5,4,4,4,4,4,4,4
TCGA-BH-A1EW-DX1_xmin66752_ymin42706_MPP-0.2500+164[0100].png,4430,2903,5392,1836,7134,1508,3088,2756,4080,5872,6,6,5,5,5,5,4,4,4,4
TCGA-BH-A1EW-DX1_xmin66752_ymin42706_MPP-0.2500+94[0100].png,2308,7880,1476,6121,5603,2766,335,3469,4250,3836,6,5,5,5,5,5,5,4,4,4
TCGA-BH-A1EW-DX1_xmin66752_ymin42706_MPP-0.2500+95[0100].png,5603,5213,7695,958,3836,2235,7089,2012,145,6480,5,5,5,5,5,5,5,5,4,4
TCGA-BH-A1F6-DX1_xmin53806_ymin49901_MPP-0.2500+160[0100].png,3088,7694,3836,3195,4250,8081,1842,7733,162,4817,8,7,6,6,6,6,6,5,5,5
TCGA-BH-A1F6-DX1_xmin53806_ymin49901_MPP-0.2500+161[0100].png,3209,3088,3836,4436,162,4112,1836,7430,2540,5203,7,7,6,6,6,5,5,5,5,4
TCGA-BH-A1F6-DX1_xmin53806_ymin49901_MPP-0.2500+46[0100].png,3088,1836,6678,7134,5780,8110,237,5797,3044,1508,12,7,7,6,6,6,5,5,5,4
TCGA-BH-A1F6-DX1_xmin53806_ymin49901_MPP-0.2500+55[0100].png,3088,5834,7134,3836,6754,1682,1836,581,7599,6740,7,6,6,6,5,5,5,5,4,4
TCGA-BH-A1F6-DX1_xmin53806_ymin49901_MPP-0.2500+56[0100].png,3088,5834,7129,2308,1836,4112,958,4364,1716,1813,9,8,6,6,6,6,6,5,5,5
TCGA-BH-A1F6-DX1_xmin53806_ymin49901_MPP-0.2500+87[0100].png,7129,3088,7175,3637,5780,3836,1297,5065,1836,162,8,8,7,7,6,6,6,6,6,6
TCGA-BH-A1F6-DX1_xmin53806_ymin49901_MPP-0.2500+88[0100].png,5780,7589,6902,5702,5834,3088,7129,145,4364,7052,7,7,6,6,6,6,5,5,5,5
TCGA-BH-A1FC-DX1_xmin52216_ymin33355_MPP-0.2500+125[0100].png,3526,215,1842,4143,781,6588,1652,6657,3088,3358,7,7,6,5,5,5,5,5,5,5
TCGA-BH-A1FC-DX1_xmin52216_ymin33355_MPP-0.2500+162[0100].png,2320,6738,601,4817,2226,1813,2666,7459,582,935,20,7,7,6,6,5,5,5,5,5
TCGA-BH-A1FC-DX1_xmin52216_ymin33355_MPP-0.2500+169[0100].png,958,4250,4817,3487,7175,6321,4259,632,1652,1280,8,7,7,6,6,6,6,5,5,5
TCGA-BH-A1FC-DX1_xmin52216_ymin33355_MPP-0.2500+176[0100].png,5097,3088,516,2226,1297,216,5872,7694,632,1357,9,7,6,6,6,6,6,6,5,5
TCGA-BH-A1FC-DX1_xmin52216_ymin33355_MPP-0.2500+177[0100].png,4817,1652,1911,781,7024,3030,7249,215,7899,5912,9,6,6,6,5,5,5,5,5,4
TCGA-BH-A1FC-DX1_xmin52216_ymin33355_MPP-0.2500+178[0100].png,2226,7430,7733,3088,7869,8081,3889,3500,781,2430,7,6,6,6,5,5,5,5,5,5
TCGA-BH-A1FC-DX1_xmin52216_ymin33355_MPP-0.2500+180[0100].png,693,4311,2776,4376,7485,601,3836,5797,7948,6795,6,5,5,5,4,4,4,4,4,4
TCGA-BH-A1FC-DX1_xmin52216_ymin33355_MPP-0.2500+187[0100].png,6048,4693,8081,1775,7175,4150,2226,6321,4817,781,6,6,5,5,5,5,5,5,5,5
TCGA-BH-A1FC-DX1_xmin52216_ymin33355_MPP-0.2500+188[0100].png,7024,215,1775,778,4911,1297,6902,7899,2903,131,7,7,7,6,6,5,5,5,5,5
TCGA-BH-A1FC-DX1_xmin52216_ymin33355_MPP-0.2500+189[0100].png,4250,915,4436,3526,1775,389,7089,2766,6902,3527,6,6,6,5,5,5,5,5,5,4
TCGA-BH-A1FC-DX1_xmin52216_ymin33355_MPP-0.2500+190[0100].png,6121,516,6045,1312,3030,7134,958,2226,1311,3189,7,6,5,5,5,5,5,5,4,4
TCGA-BH-A1FC-DX1_xmin52216_ymin33355_MPP-0.2500+197[0100].png,1911,2493,145,1375,7948,516,3836,2336,594,3981,6,5,5,5,5,5,5,5,4,4
TCGA-BH-A1FC-DX1_xmin52216_ymin33355_MPP-0.2500+198[0100].png,1203,2990,5098,6226,1320,7089,6807,5937,7694,6894,6,6,6,5,5,5,5,5,4,4
TCGA-BH-A1FC-DX1_xmin52216_ymin33355_MPP-0.2500+199[0100].png,7948,6226,7694,1911,144,4376,237,958,2308,2226,9,8,7,6,5,5,5,5,5,5
TCGA-BH-A1FC-DX1_xmin52216_ymin33355_MPP-0.2500+200[0100].png,4711,6727,5797,1506,5741,8148,3836,1813,5872,4356,7,6,6,5,5,5,5,5,5,4
TCGA-BH-A1FC-DX1_xmin52216_ymin33355_MPP-0.2500+201[0100].png,3088,7175,6226,1157,8148,5065,2226,8049,5937,7695,7,7,5,5,5,5,5,5,4,4
TCGA-BH-A1FC-DX1_xmin52216_ymin33355_MPP-0.2500+202[0100].png,3088,1842,7459,7948,5603,3526,7880,3230,3044,958,9,7,7,6,6,5,5,5,5,5
TCGA-C8-A12V-DX1_xmin11056_ymin54401_MPP-0.2500+105[0100].png,781,4436,2756,2043,8081,4377,3127,7948,6045,7604,6,6,6,6,6,6,6,6,5,5
TCGA-C8-A12V-DX1_xmin11056_ymin54401_MPP-0.2500+106[0100].png,3088,2308,8081,3044,4072,7175,7880,5834,3189,237,8,8,5,5,5,5,5,5,4,4
TCGA-C8-A12V-DX1_xmin11056_ymin54401_MPP-0.2500+10[0100].png,4311,7948,4072,958,1696,1569,6321,4377,5862,2756,9,8,8,8,8,7,6,6,6,6
TCGA-C8-A12V-DX1_xmin11056_ymin54401_MPP-0.2500+110[0100].png,3088,594,2043,6321,6045,2766,1813,2226,7948,778,7,6,6,6,6,6,5,5,5,4
TCGA-C8-A12V-DX1_xmin11056_ymin54401_MPP-0.2500+121[0100].png,3088,1813,3526,5834,3637,958,2267,3127,1476,6491,16,9,7,6,6,5,5,5,5,5
TCGA-C8-A12V-DX1_xmin11056_ymin54401_MPP-0.2500+122[0100].png,1813,5937,131,3526,3044,4112,4377,5912,1357,5834,9,6,6,6,5,5,5,5,5,5
TCGA-C8-A12V-DX1_xmin11056_ymin54401_MPP-0.2500+123[0100].png,7948,3526,1813,4311,215,2043,6795,2308,7134,1476,8,7,6,6,6,6,5,5,5,5
TCGA-C8-A12V-DX1_xmin11056_ymin54401_MPP-0.2500+138[0100].png,7880,4160,215,8148,5098,2226,8081,840,3230,3088,7,6,6,6,6,5,5,5,5,5
TCGA-C8-A12V-DX1_xmin11056_ymin54401_MPP-0.2500+145[0100].png,3088,1682,958,2903,6045,5392,5797,7589,131,4112,8,7,6,6,6,6,6,5,5,5
TCGA-C8-A12V-DX1_xmin11056_ymin54401_MPP-0.2500+14[0100].png,1813,3088,6226,6321,3526,4606,7880,4817,3207,1857,6,6,6,5,5,5,4,4,4,4
TCGA-C8-A12V-DX1_xmin11056_ymin54401_MPP-0.2500+153[0100].png,5834,6045,131,8148,4112,2756,2686,1862,1298,2870,10,6,6,5,5,4,4,4,4,4
TCGA-C8-A12V-DX1_xmin11056_ymin54401_MPP-0.2500+161[0100].png,6321,7948,1297,4311,2780,3088,4072,3526,3836,3926,8,7,6,6,6,6,5,5,5,5
TCGA-C8-A12V-DX1_xmin11056_ymin54401_MPP-0.2500+162[0100].png,3526,7948,958,840,5780,5717,2043,3088,6045,7024,9,9,8,8,6,6,6,6,6,6
TCGA-C8-A12V-DX1_xmin11056_ymin54401_MPP-0.2500+177[0100].png,958,3526,7694,4436,1297,7819,5392,8101,7024,6045,8,7,6,6,6,6,5,5,5,5
TCGA-C8-A12V-DX1_xmin11056_ymin54401_MPP-0.2500+178[0100].png,3088,1813,5937,2967,6321,7024,6022,7189,6054,2780,10,9,6,6,6,5,5,5,5,5
TCGA-C8-A12V-DX1_xmin11056_ymin54401_MPP-0.2500+179[0100].png,1813,958,5780,7589,4377,5207,6321,4112,7948,3836,11,8,7,6,6,5,5,5,5,5
TCGA-C8-A12V-DX1_xmin11056_ymin54401_MPP-0.2500+194[0100].png,7948,3088,5780,6321,7129,4311,3127,2359,5098,2308,7,7,7,7,7,5,5,5,5,5
TCGA-C8-A12V-DX1_xmin11056_ymin54401_MPP-0.2500+214[0100].png,6226,516,215,1842,3836,6902,5780,7948,1813,7880,7,6,5,5,5,5,5,5,5,5
TCGA-C8-A12V-DX1_xmin11056_ymin54401_MPP-0.2500+25[0100].png,4160,1813,162,582,7819,6045,4072,7134,2967,8013,8,7,6,5,5,5,5,5,5,4
TCGA-C8-A12V-DX1_xmin11056_ymin54401_MPP-0.2500+29[0100].png,7129,2308,215,3836,7134,6321,44,3526,7819,3088,7,7,6,6,5,5,5,5,5,5
TCGA-C8-A12V-DX1_xmin11056_ymin54401_MPP-0.2500+2[0100].png,1977,7948,5834,6137,3204,1508,725,1624,389,5797,6,6,6,6,6,5,5,5,5,4
TCGA-C8-A12V-DX1_xmin11056_ymin54401_MPP-0.2500+32[0100].png,3526,958,1813,7694,131,237,3088,215,3637,8081,8,7,6,6,6,6,6,6,5,5
TCGA-C8-A12V-DX1_xmin11056_ymin54401_MPP-0.2500+365[0100].png,4072,958,6678,6856,1813,4559,6190,215,1297,44,5,5,4,4,4,4,4,4,4,4
TCGA-C8-A12V-DX1_xmin11056_ymin54401_MPP-0.2500+3[0100].png,958,5507,215,3088,3836,601,3901,3849,4711,2756,7,6,6,5,5,5,5,5,5,4
TCGA-C8-A12V-DX1_xmin11056_ymin54401_MPP-0.2500+403[0100].png,3526,5392,7134,131,7459,6795,1775,1297,3908,3889,9,6,5,5,5,5,4,4,4,4
TCGA-C8-A12V-DX1_xmin11056_ymin54401_MPP-0.2500+41[0100].png,3088,4436,3526,958,4072,1813,7694,2043,1652,3870,10,7,7,7,6,6,5,5,5,5
TCGA-C8-A12V-DX1_xmin11056_ymin54401_MPP-0.2500+48[0100].png,4311,3526,4377,7948,215,958,4436,2226,131,6045,7,7,7,6,6,6,6,5,5,5
TCGA-C8-A12V-DX1_xmin11056_ymin54401_MPP-0.2500+49[0100].png,958,1297,3526,7948,4068,297,2043,3088,4377,2903,10,8,7,7,7,6,6,6,5,5
TCGA-C8-A12V-DX1_xmin11056_ymin54401_MPP-0.2500+57[0100].png,4436,958,7695,3870,7589,5203,7948,5702,6226,4311,7,7,6,6,6,6,5,5,5,5
TCGA-C8-A12V-DX1_xmin11056_ymin54401_MPP-0.2500+58[0100].png,7948,2686,3127,1476,6321,390,3088,4436,4559,958,8,7,7,6,6,5,5,5,5,5
TCGA-C8-A12V-DX1_xmin11056_ymin54401_MPP-0.2500+60[0100].png,5834,4311,4112,2903,5797,1508,215,131,2756,1813,10,8,7,6,5,5,5,5,5,4
TCGA-C8-A12V-DX1_xmin11056_ymin54401_MPP-0.2500+73[0100].png,1476,3526,4377,215,2226,4072,3637,335,3870,2308,8,8,8,6,6,5,5,5,5,5
TCGA-C8-A12V-DX1_xmin11056_ymin54401_MPP-0.2500+74[0100].png,5937,7129,2043,958,5392,3526,5912,2686,4377,6321,9,9,9,8,7,7,6,6,6,6
TCGA-C8-A12V-DX1_xmin11056_ymin54401_MPP-0.2500+82[0100].png,1813,453,3526,5392,7880,958,2903,7948,7694,604,9,7,6,6,6,6,6,6,5,5
TCGA-C8-A12V-DX1_xmin11056_ymin54401_MPP-0.2500+89[0100].png,3088,7249,4311,7024,4436,6795,2686,1696,5780,2943,6,6,6,5,5,5,5,5,5,5
TCGA-C8-A12V-DX1_xmin11056_ymin54401_MPP-0.2500+9[0100].png,1813,3836,7948,5780,1297,3000,162,3088,958,131,9,7,6,6,5,5,5,5,5,4
TCGA-C8-A131-DX1_xmin43049_ymin10894_MPP-0.2500+56[0100].png,2308,1476,2686,3088,4711,2336,5872,7024,1413,2043,6,6,5,5,5,5,5,4,4,4
TCGA-C8-A1HJ-DX1_xmin46412_ymin17174_MPP-0.2500+193[0100].png,3836,215,7091,4817,1977,6702,5235,6226,7337,582,7,6,6,5,5,4,4,4,4,4
TCGA-C8-A26X-DX1_xmin8990_ymin27544_MPP-0.2500+16[0100].png,2903,3526,8144,7869,1297,5498,4376,2967,2493,915,7,7,5,5,5,5,4,4,4,4
TCGA-C8-A26X-DX1_xmin8990_ymin27544_MPP-0.2500+17[0100].png,3836,2903,3637,4533,6045,6619,4817,4905,7895,4160,5,5,5,5,5,4,4,4,4,4
TCGA-C8-A26X-DX1_xmin8990_ymin27544_MPP-0.2500+18[0100].png,7694,3088,453,5937,7160,7442,4143,6045,8110,215,6,5,5,5,4,4,4,4,4,4
TCGA-C8-A26X-DX1_xmin8990_ymin27544_MPP-0.2500+1[0100].png,7869,215,1476,1813,8188,6045,1297,6226,3088,1911,7,7,7,6,5,5,5,5,5,4
TCGA-C8-A26X-DX1_xmin8990_ymin27544_MPP-0.2500+27[0100].png,1682,453,6321,1813,8110,6236,3088,7916,6045,6931,6,6,5,5,4,4,4,4,4,4
TCGA-C8-A26X-DX1_xmin8990_ymin27544_MPP-0.2500+28[0100].png,4072,2903,7948,4711,6702,5392,6724,1862,7484,4430,6,5,5,5,5,5,4,4,4,4
TCGA-C8-A26X-DX1_xmin8990_ymin27544_MPP-0.2500+2[0100].png,1813,5392,2666,215,6045,2588,5235,1357,6571,4711,9,5,5,4,4,4,4,4,4,4
TCGA-C8-A26X-DX1_xmin8990_ymin27544_MPP-0.2500+39[0100].png,7091,3230,2686,2903,6571,4259,6724,2028,2083,2140,5,5,5,4,4,4,4,4,4,4
TCGA-C8-A26X-DX1_xmin8990_ymin27544_MPP-0.2500+40[0100].png,3088,1813,2000,7539,389,3044,4311,6054,4436,2308,7,6,5,5,5,4,4,4,4,4
TCGA-C8-A26X-DX1_xmin8990_ymin27544_MPP-0.2500+52[0100].png,5203,1297,1571,2226,1652,7134,1911,3088,5392,3836,6,6,6,5,5,5,5,5,4,4
TCGA-C8-A26X-DX1_xmin8990_ymin27544_MPP-0.2500+53[0100].png,4711,1813,6571,6724,7869,7899,2990,2083,935,5392,7,6,5,5,5,5,4,4,4,4
TCGA-C8-A26X-DX1_xmin8990_ymin27544_MPP-0.2500+65[0100].png,2062,5047,3442,7948,3088,3044,935,3026,1842,3926,6,6,6,5,5,5,4,4,4,4
TCGA-C8-A26X-DX1_xmin8990_ymin27544_MPP-0.2500+9[0100].png,215,3088,2226,2903,7175,958,4425,6633,1357,3836,5,5,5,5,5,5,4,4,4,4
TCGA-C8-A26Y-DX1_xmin29748_ymin36769_MPP-0.2500+45[0100].png,6045,2686,453,390,3126,3889,6720,1767,2062,582,6,6,5,5,4,4,4,4,4,4
TCGA-C8-A26Y-DX1_xmin29748_ymin36769_MPP-0.2500+46[0100].png,6795,131,1203,982,7134,7948,4250,5912,7249,6902,7,6,6,5,5,5,5,4,4,4
TCGA-C8-A26Y-DX1_xmin29748_ymin36769_MPP-0.2500+47[0100].png,7948,5392,958,2140,1569,2226,4559,6226,131,6795,9,7,6,6,6,6,6,6,6,5
TCGA-C8-A26Y-DX1_xmin29748_ymin36769_MPP-0.2500+49[0100].png,2967,2602,958,5603,3526,1476,7589,3044,7549,1836,9,5,5,5,5,5,5,4,4,4
TCGA-C8-A26Y-DX1_xmin29748_ymin36769_MPP-0.2500+50[0100].png,3088,958,8081,1297,6869,7028,7459,3790,7119,3971,10,9,7,6,6,6,6,5,5,5
TCGA-C8-A26Y-DX1_xmin29748_ymin36769_MPP-0.2500+52[0100].png,4072,3088,5207,215,1813,7948,7459,1476,7028,4143,7,7,6,6,6,6,5,5,5,5
TCGA-C8-A26Y-DX1_xmin29748_ymin36769_MPP-0.2500+58[0100].png,1813,2308,332,131,3088,6795,840,8013,1297,7189,7,5,5,5,5,5,5,5,5,4
TCGA-C8-A26Y-DX1_xmin29748_ymin36769_MPP-0.2500+82[0100].png,2308,2336,2756,4112,5047,5834,5007,6902,6045,5392,7,7,6,6,6,5,5,5,5,5
TCGA-C8-A26Y-DX1_xmin29748_ymin36769_MPP-0.2500+83[0100].png,6902,162,2766,4259,131,3526,6226,7134,8081,2308,6,6,6,6,6,5,5,5,5,4
TCGA-C8-A27B-DX1_xmin52632_ymin11349_MPP-0.2500+100[0100].png,7589,131,352,5834,4430,4340,4160,3088,3637,5718,6,6,6,6,6,5,5,5,5,4
TCGA-C8-A27B-DX1_xmin52632_ymin11349_MPP-0.2500+101[0100].png,5007,6192,1842,237,5975,7400,1373,7189,3526,7175,6,6,6,5,4,4,4,4,4,4
TCGA-C8-A27B-DX1_xmin52632_ymin11349_MPP-0.2500+110[0100].png,131,5912,7695,3088,3637,1785,7694,769,3209,4250,7,5,5,5,4,4,4,4,4,4
TCGA-C8-A27B-DX1_xmin52632_ymin11349_MPP-0.2500+111[0100].png,840,6702,3637,237,162,6226,4112,1297,7134,5999,7,7,5,5,5,5,5,5,5,4
TCGA-C8-A27B-DX1_xmin52632_ymin11349_MPP-0.2500+112[0100].png,2903,3026,6902,1297,352,3189,7694,5780,6795,4160,7,6,5,5,5,5,5,4,4,4
TCGA-C8-A27B-DX1_xmin52632_ymin11349_MPP-0.2500+120[0100].png,1813,215,516,7149,5235,1460,6795,131,2666,1842,7,7,5,5,5,5,4,4,4,4
TCGA-C8-A27B-DX1_xmin52632_ymin11349_MPP-0.2500+121[0100].png,5834,3088,215,1716,2870,7589,4259,2226,5007,5235,6,6,6,5,5,5,5,5,4,4
TCGA-C8-A27B-DX1_xmin52632_ymin11349_MPP-0.2500+122[0100].png,4311,4725,3247,131,6236,8081,3209,2903,2588,2967,5,5,4,4,4,4,4,4,4,4
TCGA-C8-A27B-DX1_xmin52632_ymin11349_MPP-0.2500+123[0100].png,5098,3836,5912,3088,2801,2308,982,1297,4725,1413,6,6,5,5,4,4,4,4,4,4
TCGA-C8-A27B-DX1_xmin52632_ymin11349_MPP-0.2500+130[0100].png,1476,4100,4311,2226,7586,7721,7160,215,1836,5912,5,5,5,4,4,4,4,4,4,4
TCGA-C8-A27B-DX1_xmin52632_ymin11349_MPP-0.2500+131[0100].png,335,7024,3088,332,1389,5171,7134,162,1652,6045,5,5,5,5,5,4,4,4,4,4
TCGA-C8-A27B-DX1_xmin52632_ymin11349_MPP-0.2500+132[0100].png,5392,1842,3088,7189,3637,3230,4430,44,4711,6814,5,5,5,5,5,4,4,4,4,4
TCGA-C8-A27B-DX1_xmin52632_ymin11349_MPP-0.2500+133[0100].png,7134,7160,5047,3526,7222,2430,2308,6902,594,1109,7,6,5,4,4,4,4,4,4,4
TCGA-C8-A27B-DX1_xmin52632_ymin11349_MPP-0.2500+134[0100].png,131,7695,3026,1280,162,1654,168,1842,1297,3088,7,5,5,4,4,4,4,4,4,4
TCGA-C8-A27B-DX1_xmin52632_ymin11349_MPP-0.2500+141[0100].png,6931,8140,3088,1203,7032,3125,840,6724,769,1109,5,5,5,4,4,4,4,4,4,4
TCGA-C8-A27B-DX1_xmin52632_ymin11349_MPP-0.2500+142[0100].png,2903,8066,4965,5780,5797,2308,7916,2278,3187,1813,5,5,5,5,4,4,4,4,4,4
TCGA-C8-A27B-DX1_xmin52632_ymin11349_MPP-0.2500+143[0100].png,3088,6121,7880,7869,1460,6795,7160,2635,1320,3836,10,7,5,5,5,5,4,4,4,4
TCGA-C8-A27B-DX1_xmin52632_ymin11349_MPP-0.2500+144[0100].png,3088,7032,5780,5732,3209,7957,1842,8065,7165,7950,6,5,5,5,5,5,4,4,4,4
TCGA-C8-A27B-DX1_xmin52632_ymin11349_MPP-0.2500+14[0100].png,6571,958,332,6814,2194,6045,3115,836,3088,3349,5,5,5,5,5,5,4,4,4,4
TCGA-C8-A27B-DX1_xmin52632_ymin11349_MPP-0.2500+150[0100].png,3026,44,1772,6702,3889,1297,5834,5601,4080,3243,5,5,4,4,4,4,4,4,4,4
TCGA-C8-A27B-DX1_xmin52632_ymin11349_MPP-0.2500+151[0100].png,7165,2028,8082,5735,1652,3026,1842,2766,7450,6931,6,6,5,5,5,4,4,4,4,4
TCGA-C8-A27B-DX1_xmin52632_ymin11349_MPP-0.2500+152[0100].png,3088,2000,4194,1297,3026,5007,44,162,6480,3836,6,5,5,5,5,4,4,4,4,4
TCGA-C8-A27B-DX1_xmin52632_ymin11349_MPP-0.2500+154[0100].png,5912,2278,4817,3637,3088,2766,5101,7129,3026,7134,8,5,5,5,5,4,4,4,4,4
TCGA-C8-A27B-DX1_xmin52632_ymin11349_MPP-0.2500+159[0100].png,5671,5834,982,3209,2967,7875,4430,6137,7549,2490,6,5,5,4,4,4,4,4,4,4
TCGA-C8-A27B-DX1_xmin52632_ymin11349_MPP-0.2500+15[0100].png,5235,7694,5203,162,6321,5671,6054,5007,6208,601,7,5,4,4,4,4,4,4,4,4
TCGA-C8-A27B-DX1_xmin52632_ymin11349_MPP-0.2500+160[0100].png,5701,915,7269,2967,7189,7651,7485,3088,7165,5735,8,5,5,5,5,4,4,4,4,4
TCGA-C8-A27B-DX1_xmin52632_ymin11349_MPP-0.2500+161[0100].png,769,162,4533,352,7501,6833,2965,3088,965,5098,7,5,5,5,5,4,4,4,4,4
TCGA-C8-A27B-DX1_xmin52632_ymin11349_MPP-0.2500+166[0100].png,4725,2766,1297,4430,3296,2226,7175,5937,7391,6984,5,5,5,5,4,4,4,4,4,4
TCGA-C8-A27B-DX1_xmin52632_ymin11349_MPP-0.2500+169[0100].png,4160,4947,1842,162,7212,7189,7694,7324,7024,1869,6,5,5,5,4,4,4,4,4,4
TCGA-C8-A27B-DX1_xmin52632_ymin11349_MPP-0.2500+16[0100].png,131,3088,1297,3836,3207,2903,33,162,1373,3151,6,5,5,5,4,4,4,4,4,4
TCGA-C8-A27B-DX1_xmin52632_ymin11349_MPP-0.2500+170[0100].png,162,4278,5392,7694,4693,3469,8081,8110,4711,2903,5,5,5,5,4,4,4,4,4,4
TCGA-C8-A27B-DX1_xmin52632_ymin11349_MPP-0.2500+17[0100].png,5797,1297,3836,145,3088,1813,6902,7416,1716,3024,7,6,6,5,5,5,5,4,4,4
TCGA-C8-A27B-DX1_xmin52632_ymin11349_MPP-0.2500+24[0100].png,7450,3243,3365,4250,2588,7189,1652,7948,7694,693,5,4,4,4,4,4,4,4,4,4
TCGA-C8-A27B-DX1_xmin52632_ymin11349_MPP-0.2500+25[0100].png,162,6137,1373,216,1042,2870,1196,6892,594,3088,7,6,5,5,5,5,4,4,4,4
TCGA-C8-A27B-DX1_xmin52632_ymin11349_MPP-0.2500+26[0100].png,7485,4685,6902,3024,7129,1297,3836,6054,2903,5701,6,5,5,5,4,4,4,4,4,4
TCGA-C8-A27B-DX1_xmin52632_ymin11349_MPP-0.2500+27[0100].png,7869,3836,4160,131,2430,5780,4112,2482,4309,6571,8,6,6,5,5,5,5,4,4,4
TCGA-C8-A27B-DX1_xmin52632_ymin11349_MPP-0.2500+28[0100].png,4711,3088,2967,3961,1977,131,6045,2140,1508,7869,7,7,6,5,5,4,4,4,4,4
TCGA-C8-A27B-DX1_xmin52632_ymin11349_MPP-0.2500+35[0100].png,4311,5392,7189,1297,4817,237,972,5428,5235,3971,6,5,5,4,4,4,4,4,4,4
TCGA-C8-A27B-DX1_xmin52632_ymin11349_MPP-0.2500+36[0100].png,5999,5937,4711,7134,4376,6795,5392,7091,4436,216,6,5,5,5,5,5,5,4,4,4
TCGA-C8-A27B-DX1_xmin52632_ymin11349_MPP-0.2500+37[0100].png,958,3026,2990,6902,6702,1813,3477,4311,3021,4911,8,6,5,5,5,4,4,4,4,4
TCGA-C8-A27B-DX1_xmin52632_ymin11349_MPP-0.2500+38[0100].png,4711,3189,335,215,4250,3243,794,4968,2293,804,5,5,5,5,4,4,4,4,4,4
TCGA-C8-A27B-DX1_xmin52632_ymin11349_MPP-0.2500+39[0100].png,4377,6902,1297,7948,7165,5203,4430,5629,3230,3836,6,6,5,5,5,4,4,4,4,4
TCGA-C8-A27B-DX1_xmin52632_ymin11349_MPP-0.2500+46[0100].png,6571,840,3247,8081,2686,2043,3728,3442,836,958,6,5,5,5,5,4,4,4,4,4
TCGA-C8-A27B-DX1_xmin52632_ymin11349_MPP-0.2500+47[0100].png,1842,4711,3088,6054,2977,836,6931,3189,83,1311,7,5,5,4,4,4,4,4,4,4
TCGA-C8-A27B-DX1_xmin52632_ymin11349_MPP-0.2500+48[0100].png,215,6814,1842,8066,5509,5999,4711,3026,2531,3088,5,5,5,5,4,4,4,4,4,4
TCGA-C8-A27B-DX1_xmin52632_ymin11349_MPP-0.2500+49[0100].png,5780,3836,3088,2226,145,4311,5203,335,3971,3908,8,6,6,4,4,4,4,4,4,4
TCGA-C8-A27B-DX1_xmin52632_ymin11349_MPP-0.2500+56[0100].png,836,1813,6702,267,5509,6902,1297,1196,5780,2815,7,7,6,5,4,4,4,4,4,4
TCGA-C8-A27B-DX1_xmin52632_ymin11349_MPP-0.2500+57[0100].png,1836,2666,2903,6960,6226,1716,5047,7189,1977,4711,6,5,5,5,5,5,5,4,4,4
TCGA-C8-A27B-DX1_xmin52632_ymin11349_MPP-0.2500+58[0100].png,2967,5834,3477,3088,4311,332,7539,3365,5735,5999,5,5,5,5,5,4,4,3,3,3
TCGA-C8-A27B-DX1_xmin52632_ymin11349_MPP-0.2500+5[0100].png,3088,958,5780,516,6602,482,5477,2265,836,2221,7,6,5,4,4,4,4,4,3,3
TCGA-C8-A27B-DX1_xmin52632_ymin11349_MPP-0.2500+64[0100].png,6054,1652,3230,3504,7450,8081,7149,1813,5325,5717,6,6,5,5,5,4,4,4,4,4
TCGA-C8-A27B-DX1_xmin52632_ymin11349_MPP-0.2500+65[0100].png,5047,7189,5797,5428,5433,2278,4524,7032,7442,1571,8,8,5,5,5,4,4,4,4,4
TCGA-C8-A27B-DX1_xmin52632_ymin11349_MPP-0.2500+66[0100].png,3088,5999,3836,6657,915,1001,389,781,4817,3209,7,5,5,4,4,4,4,4,4,4
TCGA-C8-A27B-DX1_xmin52632_ymin11349_MPP-0.2500+67[0100].png,5203,3088,4160,1297,7416,4980,2903,5872,1652,1157,5,5,5,4,4,4,4,4,4,4
TCGA-C8-A27B-DX1_xmin52632_ymin11349_MPP-0.2500+6[0100].png,7948,4160,3195,1869,2292,7224,5717,2651,1297,5498,5,5,4,4,4,4,4,4,4,4
TCGA-C8-A27B-DX1_xmin52632_ymin11349_MPP-0.2500+74[0100].png,5213,3088,6054,2308,5097,6045,5999,7152,5946,4259,5,5,4,4,4,4,4,4,4,4
TCGA-C8-A27B-DX1_xmin52632_ymin11349_MPP-0.2500+75[0100].png,7695,7317,6045,7222,8000,3836,8110,2685,7189,8081,5,5,5,5,5,5,4,4,4,4
TCGA-C8-A27B-DX1_xmin52632_ymin11349_MPP-0.2500+82[0100].png,3088,8081,44,5541,468,8082,6902,5203,6179,7189,8,6,5,4,4,4,4,4,4,4
TCGA-C8-A27B-DX1_xmin52632_ymin11349_MPP-0.2500+83[0100].png,1977,1609,2226,3088,256,6702,4725,1297,7165,6321,6,5,5,4,4,4,4,4,4,4
TCGA-C8-A27B-DX1_xmin52632_ymin11349_MPP-0.2500+90[0100].png,8013,7875,5392,4654,1977,840,6814,1001,697,4160,6,5,5,5,5,5,5,5,5,5
TCGA-C8-A27B-DX1_xmin52632_ymin11349_MPP-0.2500+91[0100].png,817,3836,44,898,3626,5428,5604,3088,5344,6446,5,5,5,4,4,4,4,4,4,4
TCGA-C8-A3M7-DX1_xmin41677_ymin66930_MPP-0.2500+100[0100].png,7694,2308,1813,3526,6869,3088,2226,4377,4559,5098,13,7,7,6,6,6,6,5,5,5
TCGA-C8-A3M7-DX1_xmin41677_ymin66930_MPP-0.2500+103[0100].png,2686,4711,4436,215,8110,781,5912,2083,2903,958,7,7,6,6,5,5,5,5,5,5
TCGA-C8-A3M7-DX1_xmin41677_ymin66930_MPP-0.2500+122[0100].png,6045,7694,1813,4436,5259,7948,215,4288,3526,3000,7,7,7,6,6,6,6,5,5,5
TCGA-C8-A3M7-DX1_xmin41677_ymin66930_MPP-0.2500+123[0100].png,1813,840,915,5428,1476,1654,3088,4250,8081,131,7,6,6,6,6,6,6,5,5,5
TCGA-C8-A3M7-DX1_xmin41677_ymin66930_MPP-0.2500+124[0100].png,2308,3000,6326,7694,3526,2686,1813,958,2780,4436,7,6,5,5,5,5,5,5,5,5
TCGA-C8-A3M7-DX1_xmin41677_ymin66930_MPP-0.2500+125[0100].png,5912,1911,4559,3526,1682,3209,2650,4711,3836,2308,7,7,7,6,6,5,5,5,5,5
TCGA-C8-A3M7-DX1_xmin41677_ymin66930_MPP-0.2500+126[0100].png,5763,3088,6795,7189,2308,131,7134,3526,5428,4311,8,7,7,6,6,5,5,5,5,5
TCGA-C8-A3M7-DX1_xmin41677_ymin66930_MPP-0.2500+141[0100].png,2226,958,1813,144,3088,5428,7175,3526,7024,7694,9,9,8,5,5,5,5,5,5,5
TCGA-C8-A3M7-DX1_xmin41677_ymin66930_MPP-0.2500+148[0100].png,6045,3526,2686,7024,2308,5763,5937,8101,6179,5392,6,6,6,5,5,5,5,5,5,5
TCGA-C8-A3M7-DX1_xmin41677_ymin66930_MPP-0.2500+149[0100].png,3088,3526,7819,7948,2226,3230,7694,958,3044,5780,8,6,6,6,5,5,5,5,5,4
TCGA-C8-A3M7-DX1_xmin41677_ymin66930_MPP-0.2500+14[0100].png,2686,5392,1813,3088,2226,237,1476,6045,958,6321,7,7,6,6,5,5,5,5,5,5
TCGA-C8-A3M7-DX1_xmin41677_ymin66930_MPP-0.2500+150[0100].png,7880,3088,958,1813,3526,5259,6226,7360,5428,2686,7,7,6,6,6,5,5,5,5,5
TCGA-C8-A3M7-DX1_xmin41677_ymin66930_MPP-0.2500+151[0100].png,5428,3088,6045,3526,4711,131,5834,6869,5912,976,7,7,7,6,5,5,5,5,4,4
TCGA-C8-A3M7-DX1_xmin41677_ymin66930_MPP-0.2500+152[0100].png,4311,3526,215,5937,6321,3836,7091,4072,5098,840,9,8,8,7,7,6,6,6,5,5
TCGA-C8-A3M7-DX1_xmin41677_ymin66930_MPP-0.2500+15[0100].png,2308,5428,3526,7134,7819,1813,2094,7694,778,5780,8,6,6,6,6,6,6,5,5,5
TCGA-C8-A3M7-DX1_xmin41677_ymin66930_MPP-0.2500+17[0100].png,840,6321,5047,2308,5780,5912,5834,237,4436,4311,8,8,6,5,5,5,5,5,4,4
TCGA-C8-A3M7-DX1_xmin41677_ymin66930_MPP-0.2500+18[0100].png,3526,6321,5937,1813,4817,2990,5023,237,781,7134,9,8,7,7,7,6,5,5,5,5
TCGA-C8-A3M7-DX1_xmin41677_ymin66930_MPP-0.2500+19[0100].png,6045,7175,6321,2226,5937,7694,6795,3836,3127,932,7,6,6,5,5,5,5,5,4,4
TCGA-C8-A3M7-DX1_xmin41677_ymin66930_MPP-0.2500+21[0100].png,3088,6795,2917,3901,4376,4261,840,6192,3000,5259,9,6,5,5,5,5,5,5,5,4
TCGA-C8-A3M7-DX1_xmin41677_ymin66930_MPP-0.2500+22[0100].png,1813,3088,6795,5392,6321,7694,6619,2903,8013,3526,11,8,6,6,6,5,5,5,5,5
TCGA-C8-A3M7-DX1_xmin41677_ymin66930_MPP-0.2500+41[0100].png,1813,2226,3088,5428,4817,453,2083,958,3619,1476,8,8,7,7,6,6,5,5,5,5
TCGA-C8-A3M7-DX1_xmin41677_ymin66930_MPP-0.2500+43[0100].png,7134,6795,237,3088,3526,1813,5912,4817,2308,5392,8,7,7,6,6,6,6,5,5,5
TCGA-C8-A3M7-DX1_xmin41677_ymin66930_MPP-0.2500+44[0100].png,8081,3836,7024,1813,3088,6795,4436,515,5780,2650,7,6,6,6,6,5,5,5,5,5
TCGA-C8-A3M7-DX1_xmin41677_ymin66930_MPP-0.2500+45[0100].png,2308,5937,237,6321,781,7175,5797,5428,958,6491,9,7,7,6,6,6,5,5,5,5
TCGA-C8-A3M7-DX1_xmin41677_ymin66930_MPP-0.2500+47[0100].png,7694,3836,7880,2308,3926,3526,6795,5023,2686,4817,8,7,6,5,5,5,5,4,4,4
TCGA-C8-A3M7-DX1_xmin41677_ymin66930_MPP-0.2500+48[0100].png,4711,3526,6045,840,7899,6321,5344,8081,3088,5428,8,7,6,5,5,5,5,5,5,5
TCGA-C8-A3M7-DX1_xmin41677_ymin66930_MPP-0.2500+49[0100].png,2686,3088,840,3526,215,4001,7024,3230,5098,4250,9,7,7,6,6,6,6,6,5,5
TCGA-C8-A3M7-DX1_xmin41677_ymin66930_MPP-0.2500+4[0100].png,1813,3127,2226,3088,4711,3026,794,1297,4001,5937,6,6,6,6,5,5,5,5,5,5
TCGA-C8-A3M7-DX1_xmin41677_ymin66930_MPP-0.2500+55[0100].png,2903,7948,3901,840,7089,3088,7819,7164,4436,7694,6,6,5,5,5,5,5,5,5,5
TCGA-C8-A3M7-DX1_xmin41677_ymin66930_MPP-0.2500+5[0100].png,1813,4817,2903,4774,3836,6321,5780,6795,2308,4112,7,6,6,5,5,5,5,5,5,5
TCGA-C8-A3M7-DX1_xmin41677_ymin66930_MPP-0.2500+69[0100].png,3088,7134,3526,2308,1813,4711,5098,4080,7007,5780,9,6,6,5,5,5,5,5,4,4
TCGA-C8-A3M7-DX1_xmin41677_ymin66930_MPP-0.2500+70[0100].png,781,3127,5912,958,4559,7249,5392,4436,3088,7101,7,6,6,6,5,5,5,5,5,5
TCGA-C8-A3M7-DX1_xmin41677_ymin66930_MPP-0.2500+71[0100].png,5912,215,4559,6326,6045,7694,4250,3526,3088,6795,7,7,7,7,7,7,6,6,6,5
TCGA-C8-A3M7-DX1_xmin41677_ymin66930_MPP-0.2500+72[0100].png,1813,1654,6321,7790,131,1652,7819,6619,594,237,7,7,6,6,6,5,5,5,5,5
TCGA-C8-A3M7-DX1_xmin41677_ymin66930_MPP-0.2500+73[0100].png,6795,958,6869,3088,3526,2308,215,5047,5912,5098,7,6,6,6,6,5,5,5,5,5
TCGA-C8-A3M7-DX1_xmin41677_ymin66930_MPP-0.2500+74[0100].png,6795,1813,4311,3088,7189,3526,1911,958,2686,1869,10,8,8,8,7,6,6,5,5,5
TCGA-C8-A3M7-DX1_xmin41677_ymin66930_MPP-0.2500+75[0100].png,1813,215,4377,958,840,6226,2308,7694,8081,5428,8,7,7,7,6,6,6,6,6,6
TCGA-C8-A3M7-DX1_xmin41677_ymin66930_MPP-0.2500+95[0100].png,3088,7694,6045,7880,7337,3526,5780,5717,2686,958,8,8,7,7,6,6,5,5,5,5
TCGA-C8-A3M7-DX1_xmin41677_ymin66930_MPP-0.2500+96[0100].png,3526,6321,2308,958,2650,2400,7694,2903,5780,7790,9,6,6,6,6,5,5,5,5,5
TCGA-C8-A3M7-DX1_xmin41677_ymin66930_MPP-0.2500+97[0100].png,7880,7134,1813,215,7819,3088,5872,4711,5561,1357,8,7,7,7,6,6,5,5,5,4
TCGA-C8-A3M7-DX1_xmin41677_ymin66930_MPP-0.2500+98[0100].png,3088,7694,5392,1813,2226,7880,3526,840,6869,5912,7,6,6,6,6,5,5,5,5,5
TCGA-C8-A3M7-DX1_xmin41677_ymin66930_MPP-0.2500+99[0100].png,3619,4711,5428,2686,5912,3526,6869,1652,4593,6045,8,7,6,6,6,6,5,5,5,5
TCGA-D8-A13Z-DX1_xmin30985_ymin49337_MPP-0.2500+106[0100].png,3088,4205,4817,4593,6795,4625,516,5428,3908,2957,7,5,5,5,5,5,5,5,5,5
TCGA-D8-A13Z-DX1_xmin30985_ymin49337_MPP-0.2500+107[0100].png,2226,5872,3088,3908,7880,6121,7694,5763,1476,7899,7,6,6,5,5,4,4,4,4,4
TCGA-D8-A13Z-DX1_xmin30985_ymin49337_MPP-0.2500+124[0100].png,3526,3365,2308,3000,5433,237,5717,3870,3088,5912,11,7,7,6,6,5,5,5,5,5
TCGA-D8-A13Z-DX1_xmin30985_ymin49337_MPP-0.2500+13[0100].png,3230,4947,4430,2493,3044,970,1682,6373,4711,2919,8,6,5,5,5,5,4,4,4,4
TCGA-D8-A13Z-DX1_xmin30985_ymin49337_MPP-0.2500+142[0100].png,7880,7738,6795,3127,3230,5780,1813,6269,3908,5097,8,7,6,6,6,6,5,5,5,5
TCGA-D8-A13Z-DX1_xmin30985_ymin49337_MPP-0.2500+14[0100].png,2780,2650,1356,1682,3088,915,5603,7694,6881,5763,5,5,5,5,5,5,5,4,4,4
TCGA-D8-A13Z-DX1_xmin30985_ymin49337_MPP-0.2500+15[0100].png,3526,2229,7694,3230,4290,389,7024,7134,4711,3088,6,6,5,5,5,5,4,4,4,4
TCGA-D8-A13Z-DX1_xmin30985_ymin49337_MPP-0.2500+161[0100].png,7694,2990,3526,3000,4480,1813,4160,5433,2034,4286,7,5,5,5,5,5,4,4,4,4
TCGA-D8-A13Z-DX1_xmin30985_ymin49337_MPP-0.2500+168[0100].png,1813,7459,4911,6045,215,7694,4143,4377,7808,7876,8,6,6,6,6,6,5,5,4,4
TCGA-D8-A13Z-DX1_xmin30985_ymin49337_MPP-0.2500+169[0100].png,3000,4817,3526,7604,4001,4250,6045,4290,2308,4775,6,6,5,5,5,5,5,5,5,4
TCGA-D8-A13Z-DX1_xmin30985_ymin49337_MPP-0.2500+186[0100].png,1624,4711,5912,389,215,319,578,3487,216,1654,5,5,5,5,5,4,4,4,4,4
TCGA-D8-A13Z-DX1_xmin30985_ymin49337_MPP-0.2500+187[0100].png,216,6678,5937,5763,7694,215,7101,1297,4817,7175,5,5,5,5,4,4,4,4,4,4
TCGA-D8-A13Z-DX1_xmin30985_ymin49337_MPP-0.2500+23[0100].png,6179,6321,5235,1506,6191,4817,3459,6023,5392,7089,5,5,5,4,4,4,4,4,4,4
TCGA-D8-A13Z-DX1_xmin30985_ymin49337_MPP-0.2500+24[0100].png,2308,3088,3000,5780,7694,6795,2998,1150,2751,5937,5,5,5,5,5,4,4,4,4,4
TCGA-D8-A13Z-DX1_xmin30985_ymin49337_MPP-0.2500+25[0100].png,3526,7694,2308,3889,2336,1682,1357,4642,7408,1356,8,6,6,6,6,5,5,5,4,4
TCGA-D8-A13Z-DX1_xmin30985_ymin49337_MPP-0.2500+32[0100].png,7694,6678,1967,1682,2609,1297,389,130,2540,1209,7,5,5,5,4,4,4,4,4,4
TCGA-D8-A13Z-DX1_xmin30985_ymin49337_MPP-0.2500+403[0100].png,5098,8073,5937,3209,3619,216,6321,5557,2493,3176,8,7,5,5,5,5,4,4,4,4
TCGA-D8-A13Z-DX1_xmin30985_ymin49337_MPP-0.2500+404[0100].png,3000,4817,1813,1361,1311,781,124,2990,276,2685,6,6,5,5,5,5,5,4,4,4
TCGA-D8-A13Z-DX1_xmin30985_ymin49337_MPP-0.2500+41[0100].png,3908,2308,2557,781,4947,6829,5780,2650,5392,389,7,7,6,6,5,5,5,5,4,4
TCGA-D8-A13Z-DX1_xmin30985_ymin49337_MPP-0.2500+421[0100].png,725,153,4817,5797,6321,5433,515,4602,1311,168,6,5,5,5,5,5,4,4,4,4
TCGA-D8-A13Z-DX1_xmin30985_ymin49337_MPP-0.2500+422[0100].png,4711,6321,7808,781,5872,3230,5392,6807,5763,4494,6,6,6,5,5,5,4,4,4,4
TCGA-D8-A13Z-DX1_xmin30985_ymin49337_MPP-0.2500+423[0100].png,6678,6045,3526,7695,2751,8081,7790,1463,7337,4369,8,6,6,6,5,5,5,5,5,5
TCGA-D8-A13Z-DX1_xmin30985_ymin49337_MPP-0.2500+424[0100].png,216,5780,915,7249,7175,1654,1977,7024,6227,5561,6,6,5,5,5,5,5,4,4,4
TCGA-D8-A13Z-DX1_xmin30985_ymin49337_MPP-0.2500+425[0100].png,4817,1846,7899,7442,4199,7948,4602,3079,8081,7408,6,5,5,5,5,5,4,4,4,4
TCGA-D8-A13Z-DX1_xmin30985_ymin49337_MPP-0.2500+42[0100].png,7175,4817,5433,2493,5065,278,2308,216,725,2278,5,5,5,5,5,5,4,4,4,4
TCGA-D8-A13Z-DX1_xmin30985_ymin49337_MPP-0.2500+43[0100].png,3526,6321,3836,2308,7694,7549,4436,2226,1911,3088,7,7,6,6,6,5,5,5,5,5
TCGA-D8-A13Z-DX1_xmin30985_ymin49337_MPP-0.2500+449[0100].png,2226,2308,5912,145,5780,5007,4817,5872,4369,5428,8,8,6,6,5,5,5,4,4,4
TCGA-D8-A13Z-DX1_xmin30985_ymin49337_MPP-0.2500+450[0100].png,3526,6678,7484,1842,6795,4817,3870,3619,965,237,6,6,5,5,5,5,5,5,5,4
TCGA-D8-A13Z-DX1_xmin30985_ymin49337_MPP-0.2500+48[0100].png,4817,7189,7694,840,4436,1157,778,5937,6795,2308,8,6,6,5,5,5,5,5,5,5
TCGA-D8-A13Z-DX1_xmin30985_ymin49337_MPP-0.2500+57[0100].png,3088,6321,2308,262,4080,1506,5912,5780,5259,7694,8,6,6,5,5,5,5,5,4,4
TCGA-D8-A13Z-DX1_xmin30985_ymin49337_MPP-0.2500+58[0100].png,3434,5023,6321,958,5999,6657,4250,2686,2469,6192,6,6,5,5,5,4,4,4,4,4
TCGA-D8-A13Z-DX1_xmin30985_ymin49337_MPP-0.2500+63[0100].png,3870,1813,4711,3230,3626,389,6321,1977,2180,7089,7,7,5,5,4,4,4,4,4,4
TCGA-D8-A13Z-DX1_xmin30985_ymin49337_MPP-0.2500+6[0100].png,2308,7134,6678,3088,7549,5763,3209,7337,3631,6269,11,10,6,5,5,5,4,4,4,4
TCGA-D8-A13Z-DX1_xmin30985_ymin49337_MPP-0.2500+72[0100].png,3526,3836,3889,5098,6321,8081,7853,6511,1652,2308,8,7,6,5,5,5,4,4,4,4
TCGA-D8-A13Z-DX1_xmin30985_ymin49337_MPP-0.2500+73[0100].png,6795,594,6321,215,7694,4480,4278,2903,2815,3044,5,5,5,5,5,5,4,4,4,4
TCGA-D8-A13Z-DX1_xmin30985_ymin49337_MPP-0.2500+7[0100].png,693,7880,124,5780,578,7694,1954,4602,6321,8140,6,6,5,5,5,5,4,4,4,4
TCGA-D8-A13Z-DX1_xmin30985_ymin49337_MPP-0.2500+89[0100].png,3526,2308,1654,6321,5937,3908,7484,4377,4436,1967,9,7,7,7,6,6,5,5,5,4
TCGA-D8-A13Z-DX1_xmin30985_ymin49337_MPP-0.2500+8[0100].png,6321,6869,5763,145,1654,7948,6830,4072,8082,1203,7,5,5,4,4,4,4,4,4,4
TCGA-D8-A13Z-DX1_xmin30985_ymin49337_MPP-0.2500+90[0100].png,3044,7175,7024,5428,5780,7089,8049,6321,7750,6179,7,6,5,5,5,5,5,5,4,4
TCGA-D8-A142-DX1_xmin62151_ymin41337_MPP-0.2500+104[0100].png,1652,7808,3836,4911,7024,4711,144,3088,1842,216,7,6,5,5,5,5,5,5,5,5
TCGA-D8-A142-DX1_xmin62151_ymin41337_MPP-0.2500+105[0100].png,215,5872,4711,276,6678,186,582,518,781,6045,7,6,5,5,5,5,5,5,5,4
TCGA-D8-A142-DX1_xmin62151_ymin41337_MPP-0.2500+128[0100].png,1652,2960,7028,2320,4711,3030,2686,216,4436,1811,10,10,7,6,6,5,5,5,5,5
TCGA-D8-A142-DX1_xmin62151_ymin41337_MPP-0.2500+129[0100].png,778,4001,958,7948,215,1682,6354,3088,8013,3526,7,6,5,4,4,4,4,4,4,4
TCGA-D8-A142-DX1_xmin62151_ymin41337_MPP-0.2500+130[0100].png,725,6652,3487,3204,5780,124,7119,331,5610,915,6,5,5,5,5,5,5,5,5,5
TCGA-D8-A142-DX1_xmin62151_ymin41337_MPP-0.2500+153[0100].png,3526,6045,3889,4436,2093,4711,958,7899,3971,7674,6,5,5,5,4,4,4,4,4,4
TCGA-D8-A142-DX1_xmin62151_ymin41337_MPP-0.2500+179[0100].png,2943,2320,7459,1682,7091,4559,958,7694,6252,7028,10,7,7,6,5,5,5,5,5,5
TCGA-D8-A142-DX1_xmin62151_ymin41337_MPP-0.2500+180[0100].png,7091,2977,4436,1652,331,958,3981,2666,1813,216,9,9,8,7,6,6,5,5,5,4
TCGA-D8-A142-DX1_xmin62151_ymin41337_MPP-0.2500+206[0100].png,7459,7129,601,3849,1476,4311,2320,4642,6226,4711,13,9,7,7,6,6,5,5,5,5
TCGA-D8-A142-DX1_xmin62151_ymin41337_MPP-0.2500+207[0100].png,4559,781,6964,1297,3044,2180,3230,3209,912,4001,6,5,5,5,5,5,5,4,4,4
TCGA-D8-A142-DX1_xmin62151_ymin41337_MPP-0.2500+235[0100].png,7459,2320,7028,7948,2954,5507,8066,4843,6045,3230,16,14,10,7,6,6,6,5,5,5
TCGA-D8-A142-DX1_xmin62151_ymin41337_MPP-0.2500+236[0100].png,7459,7948,958,6226,3088,2320,5507,215,4131,331,11,11,8,6,6,6,5,5,5,5
TCGA-D8-A142-DX1_xmin62151_ymin41337_MPP-0.2500+237[0100].png,4311,1476,4436,3254,2780,6121,7694,3230,5763,7337,6,6,5,5,5,5,4,4,4,4
TCGA-D8-A142-DX1_xmin62151_ymin41337_MPP-0.2500+238[0100].png,915,4436,1813,215,6652,3088,4559,8013,2140,4247,7,6,6,6,6,5,5,5,4,4
TCGA-D8-A142-DX1_xmin62151_ymin41337_MPP-0.2500+266[0100].png,5100,1696,2943,6738,7459,7028,3849,601,2954,4436,11,11,10,10,10,6,6,6,5,5
TCGA-D8-A142-DX1_xmin62151_ymin41337_MPP-0.2500+267[0100].png,2028,1476,5872,4480,7024,4436,6674,2776,958,7249,7,6,6,5,5,5,4,4,4,4
TCGA-D8-A142-DX1_xmin62151_ymin41337_MPP-0.2500+268[0100].png,6045,5937,3088,1679,216,7694,5872,3619,7591,7663,9,8,6,5,5,5,4,4,4,4
TCGA-D8-A142-DX1_xmin62151_ymin41337_MPP-0.2500+269[0100].png,7895,7694,1311,6628,2226,1270,4436,4001,6795,1373,6,6,5,5,5,5,4,4,4,4
TCGA-D8-A142-DX1_xmin62151_ymin41337_MPP-0.2500+270[0100].png,216,7175,516,4436,7694,915,130,2140,2226,4775,7,6,5,5,5,5,4,4,4,4
TCGA-D8-A142-DX1_xmin62151_ymin41337_MPP-0.2500+27[0100].png,144,2226,2977,4436,1652,781,958,4911,1476,3836,7,6,5,5,5,5,4,4,4,4
TCGA-D8-A142-DX1_xmin62151_ymin41337_MPP-0.2500+28[0100].png,4436,1311,3487,6652,4911,958,7119,8016,1857,1373,8,5,5,5,5,5,5,4,4,4
TCGA-D8-A142-DX1_xmin62151_ymin41337_MPP-0.2500+295[0100].png,5937,778,958,4711,2666,4602,2967,7459,7948,5098,6,6,6,5,5,5,5,5,4,4
TCGA-D8-A142-DX1_xmin62151_ymin41337_MPP-0.2500+296[0100].png,7459,2226,2954,1813,6795,7249,2140,2977,3550,6588,8,7,6,6,5,5,5,5,4,4
TCGA-D8-A142-DX1_xmin62151_ymin41337_MPP-0.2500+297[0100].png,958,2226,7948,778,4911,1297,6321,2493,4559,8081,6,6,5,5,5,5,5,5,5,5
TCGA-D8-A142-DX1_xmin62151_ymin41337_MPP-0.2500+298[0100].png,216,1357,3230,6121,4947,1682,6179,5763,7089,6657,5,5,5,5,5,5,4,4,4,4
TCGA-D8-A142-DX1_xmin62151_ymin41337_MPP-0.2500+29[0100].png,3088,915,3836,1813,6121,2815,4602,2977,3230,2686,6,6,6,5,5,5,5,4,4,4
TCGA-D8-A142-DX1_xmin62151_ymin41337_MPP-0.2500+323[0100].png,3849,2320,4376,781,958,1652,7948,2666,1025,2686,6,6,6,5,5,5,5,5,5,4
TCGA-D8-A142-DX1_xmin62151_ymin41337_MPP-0.2500+324[0100].png,7459,7028,216,594,1030,5937,4817,3088,6252,582,7,7,6,5,5,5,5,5,4,4
TCGA-D8-A142-DX1_xmin62151_ymin41337_MPP-0.2500+325[0100].png,144,4711,1652,4068,1203,2223,7024,6321,4436,1312,6,6,6,5,5,5,5,5,5,5
TCGA-D8-A142-DX1_xmin62151_ymin41337_MPP-0.2500+352[0100].png,4436,215,781,7880,898,4602,3088,604,6045,5797,8,7,6,5,5,4,4,4,4,4
TCGA-D8-A142-DX1_xmin62151_ymin41337_MPP-0.2500+353[0100].png,3849,7948,7091,781,4436,958,5097,3619,144,6226,6,6,6,6,5,5,5,5,5,5
TCGA-D8-A142-DX1_xmin62151_ymin41337_MPP-0.2500+354[0100].png,7459,215,828,958,6619,7948,6226,582,4311,781,7,7,6,6,6,6,6,5,5,5
TCGA-D8-A142-DX1_xmin62151_ymin41337_MPP-0.2500+355[0100].png,3836,331,7694,781,4711,6321,276,6226,5797,5433,6,5,5,5,5,5,4,4,4,4
TCGA-D8-A142-DX1_xmin62151_ymin41337_MPP-0.2500+356[0100].png,3088,4430,2588,2666,1813,6869,44,6321,4436,4290,7,6,6,5,5,5,5,5,5,4
TCGA-D8-A142-DX1_xmin62151_ymin41337_MPP-0.2500+357[0100].png,7152,3189,958,6045,2686,2977,2308,5780,12,935,6,6,5,4,4,4,4,4,4,4
TCGA-D8-A142-DX1_xmin62151_ymin41337_MPP-0.2500+382[0100].png,2320,7459,7948,5937,6217,1696,7119,1373,3849,629,13,9,8,7,6,6,5,5,5,5
TCGA-D8-A142-DX1_xmin62151_ymin41337_MPP-0.2500+383[0100].png,1652,4436,2140,2336,7695,5937,781,6795,7869,6902,6,6,5,5,5,5,5,5,4,4
TCGA-D8-A142-DX1_xmin62151_ymin41337_MPP-0.2500+384[0100].png,7694,7249,4602,4911,2430,1311,7189,4711,5673,1882,6,6,6,5,5,5,5,5,5,4
TCGA-D8-A142-DX1_xmin62151_ymin41337_MPP-0.2500+385[0100].png,6045,4711,6022,6226,453,2226,1813,7808,1476,6321,6,6,6,6,5,5,5,5,5,5
TCGA-D8-A142-DX1_xmin62151_ymin41337_MPP-0.2500+386[0100].png,6321,1652,808,5937,1842,4559,781,5213,7175,2870,7,7,7,5,5,5,5,5,5,5
TCGA-D8-A142-DX1_xmin62151_ymin41337_MPP-0.2500+387[0100].png,186,4817,4436,3526,7091,7189,6045,1089,6321,216,6,6,5,5,5,5,4,4,4,4
TCGA-D8-A142-DX1_xmin62151_ymin41337_MPP-0.2500+412[0100].png,8013,958,1813,3836,7694,4311,7459,6045,2226,2977,6,6,6,6,5,5,5,5,5,5
TCGA-D8-A142-DX1_xmin62151_ymin41337_MPP-0.2500+413[0100].png,7459,144,778,1297,6121,4311,2320,6217,2977,6252,7,5,5,5,5,5,4,4,4,4
TCGA-D8-A142-DX1_xmin62151_ymin41337_MPP-0.2500+414[0100].png,4436,5937,7808,781,7410,7459,518,3487,3836,331,6,6,5,5,4,4,4,4,4,4
TCGA-D8-A142-DX1_xmin62151_ymin41337_MPP-0.2500+415[0100].png,1476,5937,2226,7024,3728,1652,6045,2278,4168,781,7,6,5,5,5,5,4,4,4,4
TCGA-D8-A142-DX1_xmin62151_ymin41337_MPP-0.2500+416[0100].png,781,515,725,276,2308,389,216,7119,1813,267,8,7,6,5,5,5,5,5,4,4
TCGA-D8-A142-DX1_xmin62151_ymin41337_MPP-0.2500+417[0100].png,958,7694,2841,7175,1813,1842,215,7091,7880,45,8,7,5,5,5,5,5,5,4,4
TCGA-D8-A142-DX1_xmin62151_ymin41337_MPP-0.2500+418[0100].png,4711,7808,216,453,5716,2089,839,3044,2646,3836,6,5,5,5,4,4,4,4,4,4
TCGA-D8-A142-DX1_xmin62151_ymin41337_MPP-0.2500+439[0100].png,6766,215,516,781,4131,4447,7024,5717,4377,5099,7,7,6,6,5,5,5,4,4,4
TCGA-D8-A142-DX1_xmin62151_ymin41337_MPP-0.2500+43[0100].png,781,7189,4559,2226,4436,6179,7895,5611,3442,1203,9,7,6,5,5,5,5,5,5,5
TCGA-D8-A142-DX1_xmin62151_ymin41337_MPP-0.2500+445[0100].png,5937,2226,7024,781,958,6045,4143,4711,7249,3971,7,6,6,5,5,5,4,4,4,4
TCGA-D8-A142-DX1_xmin62151_ymin41337_MPP-0.2500+446[0100].png,1813,2140,1476,2226,1842,7119,8013,7089,8066,6578,7,5,5,5,5,5,4,4,4,4
TCGA-D8-A142-DX1_xmin62151_ymin41337_MPP-0.2500+447[0100].png,8081,215,1813,2226,4817,778,3329,7819,4050,2043,8,7,7,5,5,5,5,4,4,4
TCGA-D8-A142-DX1_xmin62151_ymin41337_MPP-0.2500+448[0100].png,2977,781,5937,7819,725,7249,2583,3088,8013,168,5,5,5,5,4,4,4,4,4,4
TCGA-D8-A142-DX1_xmin62151_ymin41337_MPP-0.2500+449[0100].png,958,2226,1361,1476,3088,5797,2602,7249,3526,693,6,6,5,5,5,5,5,5,5,5
TCGA-D8-A142-DX1_xmin62151_ymin41337_MPP-0.2500+44[0100].png,1813,781,1361,4559,5912,267,6226,6048,3901,4436,8,6,6,5,5,4,4,4,4,4
TCGA-D8-A142-DX1_xmin62151_ymin41337_MPP-0.2500+450[0100].png,781,6222,2990,6856,1652,7591,4436,7733,594,2686,5,4,4,4,4,4,4,4,4,4
TCGA-D8-A142-DX1_xmin62151_ymin41337_MPP-0.2500+451[0100].png,2666,4911,7249,1652,216,3889,215,4436,725,276,7,6,5,5,5,5,5,4,4,4
TCGA-D8-A142-DX1_xmin62151_ymin41337_MPP-0.2500+45[0100].png,3526,2226,4911,216,1911,5872,1813,7024,4143,7694,8,8,6,5,5,5,5,5,5,5
TCGA-D8-A142-DX1_xmin62151_ymin41337_MPP-0.2500+46[0100].png,4711,1356,5780,1813,7189,781,6619,6208,1652,7085,8,5,5,5,4,4,4,4,4,4
TCGA-D8-A142-DX1_xmin62151_ymin41337_MPP-0.2500+470[0100].png,215,2140,4559,124,915,2650,6807,1836,7819,2977,8,7,5,5,4,4,4,4,4,4
TCGA-D8-A142-DX1_xmin62151_ymin41337_MPP-0.2500+471[0100].png,1813,4436,516,781,6321,1476,6121,2226,2650,932,8,6,6,4,4,4,4,4,4,4
TCGA-D8-A142-DX1_xmin62151_ymin41337_MPP-0.2500+476[0100].png,781,7175,1652,3088,332,5937,7899,8066,2226,1297,6,5,5,5,5,5,5,5,5,4
TCGA-D8-A142-DX1_xmin62151_ymin41337_MPP-0.2500+479[0100].png,2320,958,5203,7149,778,1476,7249,5859,4436,2043,8,7,6,6,5,5,5,5,5,4
TCGA-D8-A142-DX1_xmin62151_ymin41337_MPP-0.2500+47[0100].png,4711,7175,725,3088,7819,7694,2009,6619,4447,2226,6,6,5,5,5,5,4,4,4,4
TCGA-D8-A142-DX1_xmin62151_ymin41337_MPP-0.2500+480[0100].png,2226,6780,7028,828,2320,5860,7948,215,4843,6226,6,6,6,6,6,5,5,5,5,4
TCGA-D8-A142-DX1_xmin62151_ymin41337_MPP-0.2500+481[0100].png,958,1813,216,1008,582,781,5717,4911,5424,6979,6,6,5,5,5,4,4,4,4,4
TCGA-D8-A142-DX1_xmin62151_ymin41337_MPP-0.2500+482[0100].png,4711,2977,7175,3030,7129,2140,7819,5872,1813,1811,7,6,6,5,5,5,5,5,4,4
TCGA-D8-A142-DX1_xmin62151_ymin41337_MPP-0.2500+483[0100].png,1476,935,2226,8013,3526,5610,4711,7175,5428,781,6,6,5,5,5,5,5,5,5,5
TCGA-D8-A142-DX1_xmin62151_ymin41337_MPP-0.2500+484[0100].png,4436,4711,331,7189,601,267,2226,6045,6563,1813,7,7,7,6,6,5,5,5,5,5
TCGA-D8-A142-DX1_xmin62151_ymin41337_MPP-0.2500+485[0100].png,216,1476,778,7807,7899,6869,1813,734,2198,7024,7,7,6,5,5,5,5,5,4,4
TCGA-D8-A142-DX1_xmin62151_ymin41337_MPP-0.2500+499[0100].png,1476,7819,2990,8013,4436,3209,1842,5797,4559,3414,8,6,6,5,5,5,5,4,4,4
TCGA-D8-A142-DX1_xmin62151_ymin41337_MPP-0.2500+500[0100].png,1813,1476,215,7819,2990,4325,4947,3971,4377,5515,7,6,5,5,4,4,4,4,4,4
TCGA-D8-A142-DX1_xmin62151_ymin41337_MPP-0.2500+507[0100].png,7459,2320,215,4436,5937,4376,2776,1813,7694,6724,7,6,5,5,5,5,4,4,4,4
TCGA-D8-A142-DX1_xmin62151_ymin41337_MPP-0.2500+508[0100].png,781,2226,6263,725,4711,8081,1311,3619,2223,7175,8,5,5,5,5,4,4,4,4,4
TCGA-D8-A142-DX1_xmin62151_ymin41337_MPP-0.2500+509[0100].png,2226,7694,5741,3836,1311,6045,7869,421,6931,276,7,5,5,5,5,5,5,5,4,4
TCGA-D8-A142-DX1_xmin62151_ymin41337_MPP-0.2500+510[0100].png,958,1652,2226,5937,267,4311,7164,7175,2359,216,6,5,5,5,5,5,4,4,4,4
TCGA-D8-A142-DX1_xmin62151_ymin41337_MPP-0.2500+525[0100].png,781,7175,215,5207,2977,276,6782,2320,6045,725,5,5,5,5,5,5,5,4,4,4
TCGA-D8-A142-DX1_xmin62151_ymin41337_MPP-0.2500+537[0100].png,1652,7733,5741,1476,7175,7880,7694,2043,2336,216,7,7,6,6,5,5,5,4,4,4
TCGA-D8-A142-DX1_xmin62151_ymin41337_MPP-0.2500+538[0100].png,215,4311,4602,7101,1813,3889,7880,7337,7175,2977,7,6,5,5,5,5,4,4,4,4
TCGA-D8-A142-DX1_xmin62151_ymin41337_MPP-0.2500+548[0100].png,215,7948,7337,7165,331,4436,4711,8013,168,7024,7,6,5,5,5,5,5,5,5,5
TCGA-D8-A142-DX1_xmin62151_ymin41337_MPP-0.2500+553[0100].png,1813,1297,4131,4436,6521,5741,7175,276,582,3823,6,5,5,4,4,4,4,4,4,4
TCGA-D8-A142-DX1_xmin62151_ymin41337_MPP-0.2500+554[0100].png,3836,781,915,7249,1652,4377,2299,186,3000,1813,9,7,7,6,5,4,4,4,4,4
TCGA-D8-A142-DX1_xmin62151_ymin41337_MPP-0.2500+561[0100].png,4436,6121,8066,2666,5780,3526,2226,5937,958,5872,6,5,5,5,5,5,5,5,4,4
TCGA-D8-A142-DX1_xmin62151_ymin41337_MPP-0.2500+562[0100].png,7024,215,4911,5780,3000,7119,4436,2990,958,778,8,7,6,6,5,5,5,4,4,4
TCGA-D8-A142-DX1_xmin62151_ymin41337_MPP-0.2500+577[0100].png,2990,331,7819,6321,2226,1813,6678,7367,6744,5872,7,6,6,6,6,6,5,5,5,5
TCGA-D8-A142-DX1_xmin62151_ymin41337_MPP-0.2500+578[0100].png,2780,4911,693,4817,781,1813,7694,4711,3126,958,8,8,7,6,6,6,6,6,5,5
TCGA-D8-A142-DX1_xmin62151_ymin41337_MPP-0.2500+579[0100].png,7819,1813,1297,215,958,2990,8014,3093,4817,3442,7,6,5,5,5,5,4,4,4,4
TCGA-D8-A142-DX1_xmin62151_ymin41337_MPP-0.2500+581[0100].png,4436,6227,1842,7819,6045,3487,5717,332,6048,1813,8,7,6,6,6,6,4,4,4,4
TCGA-D8-A142-DX1_xmin62151_ymin41337_MPP-0.2500+598[0100].png,4436,5780,3079,276,5428,7249,6226,4817,5872,2780,6,5,5,4,4,4,4,4,4,4
TCGA-D8-A142-DX1_xmin62151_ymin41337_MPP-0.2500+599[0100].png,7459,582,629,2954,1652,778,2943,215,276,267,14,8,6,6,6,6,6,5,5,4
TCGA-D8-A142-DX1_xmin62151_ymin41337_MPP-0.2500+605[0100].png,3088,216,4131,958,915,8066,144,1842,475,4711,7,6,6,5,5,5,5,4,4,4
TCGA-D8-A142-DX1_xmin62151_ymin41337_MPP-0.2500+606[0100].png,1569,215,1652,2336,3526,1654,3501,2903,331,7024,7,6,5,5,4,4,4,4,4,4
TCGA-D8-A142-DX1_xmin62151_ymin41337_MPP-0.2500+608[0100].png,215,2686,5872,7835,4711,1813,6226,7175,390,2336,6,6,5,5,5,5,5,4,4,4
TCGA-D8-A142-DX1_xmin62151_ymin41337_MPP-0.2500+609[0100].png,2320,7152,7948,216,2194,629,3849,836,3836,3088,7,6,5,5,5,5,5,5,4,4
TCGA-D8-A142-DX1_xmin62151_ymin41337_MPP-0.2500+610[0100].png,215,6321,1652,601,2990,3030,7948,2062,297,1897,9,6,6,5,5,5,5,5,4,4
TCGA-D8-A142-DX1_xmin62151_ymin41337_MPP-0.2500+619[0100].png,4376,3088,4311,144,6054,4436,1652,6045,215,216,6,6,6,6,5,5,5,4,4,4
TCGA-D8-A142-DX1_xmin62151_ymin41337_MPP-0.2500+61[0100].png,4436,1476,331,4911,6321,1008,5797,1203,332,237,8,8,6,5,5,5,5,5,4,4
TCGA-D8-A142-DX1_xmin62151_ymin41337_MPP-0.2500+620[0100].png,725,1813,4436,3088,5048,215,3030,7880,7612,2062,8,7,6,6,5,5,4,4,4,4
TCGA-D8-A142-DX1_xmin62151_ymin41337_MPP-0.2500+621[0100].png,215,4911,1476,7091,2226,932,7442,1203,2977,5937,6,6,6,5,5,5,5,5,5,5
TCGA-D8-A142-DX1_xmin62151_ymin41337_MPP-0.2500+622[0100].png,4711,7249,3626,4911,5741,6121,2140,332,1813,2686,7,6,6,6,6,5,5,5,4,4
TCGA-D8-A142-DX1_xmin62151_ymin41337_MPP-0.2500+623[0100].png,2226,4436,7948,781,4080,2140,2917,215,6321,297,5,5,5,5,4,4,4,4,4,4
TCGA-D8-A142-DX1_xmin62151_ymin41337_MPP-0.2500+624[0100].png,5937,1813,6226,7442,4436,6795,3619,1569,5999,2967,7,6,6,6,5,5,4,4,4,4
TCGA-D8-A142-DX1_xmin62151_ymin41337_MPP-0.2500+625[0100].png,2226,215,4436,4711,781,1218,3088,2686,7189,1813,6,6,6,5,5,4,4,4,4,4
TCGA-D8-A142-DX1_xmin62151_ymin41337_MPP-0.2500+62[0100].png,3088,7808,3329,1813,320,3526,1476,828,4150,5498,6,5,5,5,5,5,5,4,4,4
TCGA-D8-A142-DX1_xmin62151_ymin41337_MPP-0.2500+631[0100].png,912,5428,4480,5741,267,2249,578,781,6179,4436,7,6,6,5,5,5,5,5,4,4
TCGA-D8-A142-DX1_xmin62151_ymin41337_MPP-0.2500+632[0100].png,453,7119,1297,629,2320,6121,1696,7948,958,144,7,6,5,4,4,4,4,4,4,4
TCGA-D8-A142-DX1_xmin62151_ymin41337_MPP-0.2500+633[0100].png,2320,7459,601,7028,1652,2686,6226,1791,629,7948,11,9,6,6,5,5,5,5,5,5
TCGA-D8-A142-DX1_xmin62151_ymin41337_MPP-0.2500+634[0100].png,215,6194,7459,5937,8013,1297,6738,2320,2685,5780,7,7,6,6,5,5,5,5,5,5
TCGA-D8-A142-DX1_xmin62151_ymin41337_MPP-0.2500+637[0100].png,1311,1682,3487,6048,7175,215,6807,2686,5717,3849,6,6,6,5,5,5,5,5,5,4
TCGA-D8-A142-DX1_xmin62151_ymin41337_MPP-0.2500+638[0100].png,3088,3619,958,2226,3477,2308,6321,4711,3901,6829,7,6,6,5,5,5,5,5,5,4
TCGA-D8-A142-DX1_xmin62151_ymin41337_MPP-0.2500+639[0100].png,7694,594,2666,1652,6795,3088,935,7790,7089,276,7,6,6,6,6,5,5,5,5,4
TCGA-D8-A142-DX1_xmin62151_ymin41337_MPP-0.2500+63[0100].png,215,216,4436,7337,3971,1311,8066,254,1203,781,8,7,7,6,5,5,5,4,4,4
TCGA-D8-A142-DX1_xmin62151_ymin41337_MPP-0.2500+640[0100].png,215,6045,7948,7694,5428,5912,515,4711,958,237,6,5,5,5,5,5,5,5,4,4
TCGA-D8-A142-DX1_xmin62151_ymin41337_MPP-0.2500+641[0100].png,7459,6226,629,1813,7129,8013,2943,1030,4001,1654,12,9,7,5,5,5,5,5,5,5
TCGA-D8-A142-DX1_xmin62151_ymin41337_MPP-0.2500+64[0100].png,915,267,1652,8066,958,215,4250,6931,2666,3230,6,6,6,5,5,4,4,4,4,4
TCGA-D8-A142-DX1_xmin62151_ymin41337_MPP-0.2500+81[0100].png,7091,4436,7175,5937,2815,7808,4817,5325,4911,2127,9,8,7,7,6,6,5,5,5,5
TCGA-D8-A142-DX1_xmin62151_ymin41337_MPP-0.2500+82[0100].png,2226,1813,4436,3971,7694,5763,8013,5872,2000,2666,8,8,6,6,5,5,5,5,5,4
TCGA-D8-A142-DX1_xmin62151_ymin41337_MPP-0.2500+83[0100].png,331,958,781,7694,2666,4711,7119,7091,7450,495,7,6,6,6,6,6,5,5,5,5
TCGA-D8-A142-DX1_xmin62151_ymin41337_MPP-0.2500+84[0100].png,4436,389,958,4711,1373,331,5428,2686,1652,6869,7,5,5,5,5,5,5,4,4,4
TCGA-D8-A142-DX1_xmin62151_ymin41337_MPP-0.2500+85[0100].png,6678,4063,3044,124,7175,3526,5780,6194,7549,2557,6,6,5,5,4,4,4,4,4,4
TCGA-D8-A143-DX1_xmin52429_ymin19478_MPP-0.2500+110[0100].png,1652,3209,3088,6045,958,1813,5912,2226,8013,6226,9,8,7,7,6,5,5,5,5,5
TCGA-D8-A143-DX1_xmin52429_ymin19478_MPP-0.2500+111[0100].png,7694,131,1813,6795,2756,4911,7880,912,5780,4711,8,5,5,5,4,4,4,4,4,4
TCGA-D8-A143-DX1_xmin52429_ymin19478_MPP-0.2500+112[0100].png,1682,5392,840,6321,3088,3836,958,3230,3526,5098,7,6,6,6,6,6,5,5,5,5
TCGA-D8-A143-DX1_xmin52429_ymin19478_MPP-0.2500+11[0100].png,1813,958,5912,1652,3088,237,2226,2903,5038,3230,13,9,9,9,7,6,5,5,5,5
TCGA-D8-A143-DX1_xmin52429_ymin19478_MPP-0.2500+12[0100].png,3088,2308,1652,5937,2226,5797,1476,6869,3526,6795,10,10,9,8,8,7,7,7,6,6
TCGA-D8-A143-DX1_xmin52429_ymin19478_MPP-0.2500+130[0100].png,215,2308,5428,6321,3088,7189,3000,5763,7391,5797,9,8,6,6,6,6,5,5,5,5
TCGA-D8-A143-DX1_xmin52429_ymin19478_MPP-0.2500+131[0100].png,6045,215,7674,6226,3088,237,5392,5937,4711,7916,10,7,6,6,5,5,5,5,5,4
TCGA-D8-A143-DX1_xmin52429_ymin19478_MPP-0.2500+13[0100].png,3088,2226,1652,3526,237,7134,2308,7790,840,1836,9,8,8,7,7,6,6,5,5,5
TCGA-D8-A143-DX1_xmin52429_ymin19478_MPP-0.2500+149[0100].png,2308,3088,1652,7880,5098,7134,8013,8148,144,6045,9,9,7,7,6,6,6,6,5,5
TCGA-D8-A143-DX1_xmin52429_ymin19478_MPP-0.2500+14[0100].png,3526,7129,6795,6869,958,8013,3889,215,6226,4311,12,8,7,7,7,7,6,6,6,5
TCGA-D8-A143-DX1_xmin52429_ymin19478_MPP-0.2500+150[0100].png,3088,1297,4817,2308,1813,594,7694,578,3619,1977,7,6,6,6,6,5,5,5,5,5
TCGA-D8-A143-DX1_xmin52429_ymin19478_MPP-0.2500+151[0100].png,3870,215,3526,2308,4817,958,2226,6321,6869,4311,7,6,6,6,6,5,5,5,5,5
TCGA-D8-A143-DX1_xmin52429_ymin19478_MPP-0.2500+152[0100].png,1813,1652,6045,5741,1476,5999,4311,168,215,3030,9,8,8,7,7,6,6,5,5,5
TCGA-D8-A143-DX1_xmin52429_ymin19478_MPP-0.2500+15[0100].png,1652,5098,6226,7134,3526,7948,1836,2308,8081,6657,8,6,6,5,5,5,5,5,5,4
TCGA-D8-A143-DX1_xmin52429_ymin19478_MPP-0.2500+162[0100].png,2903,1476,6045,1813,3127,4711,4492,6226,215,8013,8,7,7,7,6,6,5,5,5,5
TCGA-D8-A143-DX1_xmin52429_ymin19478_MPP-0.2500+163[0100].png,1652,2226,1813,4311,5671,6795,5912,5065,1508,958,10,8,7,6,6,6,6,5,5,5
TCGA-D8-A143-DX1_xmin52429_ymin19478_MPP-0.2500+166[0100].png,6045,7694,4311,3526,2308,840,6795,2557,3254,6227,8,8,6,6,6,5,5,5,4,4
TCGA-D8-A143-DX1_xmin52429_ymin19478_MPP-0.2500+169[0100].png,3088,6795,237,3209,2308,2226,7134,6045,1682,5741,13,10,7,6,5,5,5,5,5,5
TCGA-D8-A143-DX1_xmin52429_ymin19478_MPP-0.2500+16[0100].png,1652,1813,1836,2308,5937,958,4131,5741,781,3088,8,6,6,5,5,5,5,5,5,4
TCGA-D8-A143-DX1_xmin52429_ymin19478_MPP-0.2500+170[0100].png,3088,2308,6054,5392,6869,5047,6045,6795,7694,2062,7,7,6,6,6,5,5,5,5,5
TCGA-D8-A143-DX1_xmin52429_ymin19478_MPP-0.2500+171[0100].png,215,2308,1652,4311,5098,131,3836,2226,2990,7249,8,7,7,6,5,5,5,5,5,4
TCGA-D8-A143-DX1_xmin52429_ymin19478_MPP-0.2500+172[0100].png,2226,1813,2028,3088,2686,7694,6795,5780,1652,2635,8,7,6,6,6,5,5,5,5,5
TCGA-D8-A143-DX1_xmin52429_ymin19478_MPP-0.2500+173[0100].png,1652,1476,1813,3088,5937,7024,276,144,2226,215,7,6,6,5,5,5,5,5,5,5
TCGA-D8-A143-DX1_xmin52429_ymin19478_MPP-0.2500+174[0100].png,215,6045,2308,7808,1652,2686,1297,8140,3619,2812,6,6,5,5,4,4,4,4,4,4
TCGA-D8-A143-DX1_xmin52429_ymin19478_MPP-0.2500+180[0100].png,1813,958,1476,7119,778,5203,601,2226,144,7459,12,8,6,6,6,5,5,5,5,5
TCGA-D8-A143-DX1_xmin52429_ymin19478_MPP-0.2500+181[0100].png,1652,778,7249,216,7819,390,215,1476,4711,1813,8,7,6,6,5,5,5,5,5,5
TCGA-D8-A143-DX1_xmin52429_ymin19478_MPP-0.2500+182[0100].png,2226,958,1652,7119,3526,8140,6795,5166,7175,4817,8,8,7,6,5,5,5,5,5,5
TCGA-D8-A143-DX1_xmin52429_ymin19478_MPP-0.2500+183[0100].png,2226,7694,5741,216,8013,1357,5797,1813,215,1775,9,7,7,7,5,5,5,5,5,4
TCGA-D8-A143-DX1_xmin52429_ymin19478_MPP-0.2500+184[0100].png,958,7808,1813,3619,1767,3836,4311,5023,7024,6795,6,5,5,5,5,5,5,5,5,4
TCGA-D8-A143-DX1_xmin52429_ymin19478_MPP-0.2500+185[0100].png,3088,5780,5392,5797,5428,6321,168,2267,1652,4377,9,7,6,5,5,5,4,4,4,4
TCGA-D8-A143-DX1_xmin52429_ymin19478_MPP-0.2500+188[0100].png,7694,4593,2308,3088,1922,6795,5912,131,6048,2766,6,6,6,5,5,5,5,4,4,4
TCGA-D8-A143-DX1_xmin52429_ymin19478_MPP-0.2500+191[0100].png,6045,1652,2226,215,3088,390,6321,3030,5428,1813,7,7,6,6,5,5,5,5,5,5
TCGA-D8-A143-DX1_xmin52429_ymin19478_MPP-0.2500+192[0100].png,1652,1813,4436,7175,5937,3526,6045,7119,3088,2776,9,7,7,6,6,5,5,5,5,4
TCGA-D8-A143-DX1_xmin52429_ymin19478_MPP-0.2500+193[0100].png,1652,1813,7738,215,3836,6048,2226,3889,5797,4436,9,9,6,6,5,5,5,5,5,5
TCGA-D8-A143-DX1_xmin52429_ymin19478_MPP-0.2500+194[0100].png,215,145,958,4311,5834,6795,3088,389,781,2226,7,6,6,6,5,5,5,5,5,5
TCGA-D8-A143-DX1_xmin52429_ymin19478_MPP-0.2500+197[0100].png,1813,6054,215,582,6869,1652,6194,7249,6619,2990,13,6,6,6,5,5,5,5,5,5
TCGA-D8-A143-DX1_xmin52429_ymin19478_MPP-0.2500+198[0100].png,215,1813,4436,1476,7249,7694,1652,6856,6931,7819,11,9,6,6,5,5,5,4,4,4
TCGA-D8-A143-DX1_xmin52429_ymin19478_MPP-0.2500+199[0100].png,1813,1652,3088,215,1775,8013,1476,390,4311,237,8,8,7,7,5,5,5,5,5,4
TCGA-D8-A143-DX1_xmin52429_ymin19478_MPP-0.2500+200[0100].png,6795,778,390,3526,215,3088,1652,578,4377,1813,7,6,6,6,5,5,5,5,4,4
TCGA-D8-A143-DX1_xmin52429_ymin19478_MPP-0.2500+201[0100].png,7249,5937,3526,3088,1977,4817,3044,7880,4250,4168,7,6,6,5,5,5,5,4,4,4
TCGA-D8-A143-DX1_xmin52429_ymin19478_MPP-0.2500+202[0100].png,2226,6121,3209,6321,1813,8013,1652,7694,3030,216,9,6,5,5,5,5,5,5,4,4
TCGA-D8-A143-DX1_xmin52429_ymin19478_MPP-0.2500+203[0100].png,3088,5937,1842,4376,5392,3870,7959,319,216,2493,8,5,5,5,5,5,5,4,4,4
TCGA-D8-A143-DX1_xmin52429_ymin19478_MPP-0.2500+207[0100].png,3088,7694,3526,7880,1813,7869,3870,6226,5717,1652,8,8,6,6,6,5,5,4,4,4
TCGA-D8-A143-DX1_xmin52429_ymin19478_MPP-0.2500+211[0100].png,1652,215,390,1813,958,582,2226,5741,7119,1476,12,8,7,6,6,5,5,5,5,5
TCGA-D8-A143-DX1_xmin52429_ymin19478_MPP-0.2500+212[0100].png,1813,958,1652,8013,3619,2320,601,4311,3889,6226,10,9,7,7,6,6,6,6,6,5
TCGA-D8-A143-DX1_xmin52429_ymin19478_MPP-0.2500+213[0100].png,1652,4436,7024,5561,5937,215,3088,5780,1813,3971,10,8,6,6,6,6,6,5,5,5
TCGA-D8-A143-DX1_xmin52429_ymin19478_MPP-0.2500+214[0100].png,1652,2226,7091,6045,582,4817,3230,215,6702,4559,13,9,7,7,6,6,6,5,5,5
TCGA-D8-A143-DX1_xmin52429_ymin19478_MPP-0.2500+215[0100].png,1652,1813,3088,1476,6869,958,3526,7119,144,7694,14,10,7,7,7,6,6,6,6,5
TCGA-D8-A143-DX1_xmin52429_ymin19478_MPP-0.2500+217[0100].png,2226,1652,6321,7175,6931,5912,4559,6619,3836,2990,8,7,6,6,5,5,5,5,5,5
TCGA-D8-A143-DX1_xmin52429_ymin19478_MPP-0.2500+218[0100].png,4817,1842,4559,3088,144,1813,7175,5780,2226,215,8,7,6,6,5,5,5,5,5,5
TCGA-D8-A143-DX1_xmin52429_ymin19478_MPP-0.2500+219[0100].png,2226,781,7249,5937,3526,1476,4436,1813,4143,2776,10,8,7,7,6,6,6,5,5,5
TCGA-D8-A143-DX1_xmin52429_ymin19478_MPP-0.2500+220[0100].png,2308,5912,215,4817,725,4436,7249,6702,7024,2228,6,6,6,5,5,5,4,4,4,4
TCGA-D8-A143-DX1_xmin52429_ymin19478_MPP-0.2500+223[0100].png,6045,1652,582,6226,215,1767,3477,2226,5741,808,7,6,6,5,5,5,5,4,4,4
TCGA-D8-A143-DX1_xmin52429_ymin19478_MPP-0.2500+227[0100].png,6045,3088,3889,390,6795,2278,1842,5097,2226,7694,8,7,6,6,6,5,5,5,5,5
TCGA-D8-A143-DX1_xmin52429_ymin19478_MPP-0.2500+234[0100].png,1652,144,7948,3088,3870,2226,215,2977,1813,3836,11,8,7,6,6,6,6,6,6,6
TCGA-D8-A143-DX1_xmin52429_ymin19478_MPP-0.2500+235[0100].png,1652,7459,2320,7948,4311,6226,8013,1813,144,3870,16,13,12,9,9,8,8,8,7,7
TCGA-D8-A143-DX1_xmin52429_ymin19478_MPP-0.2500+237[0100].png,1813,8013,7819,215,6045,840,725,6795,4194,4377,9,6,6,6,6,5,5,5,5,5
TCGA-D8-A143-DX1_xmin52429_ymin19478_MPP-0.2500+238[0100].png,6321,1652,3044,2226,5428,319,7694,6724,2756,6720,8,6,6,6,5,5,5,5,4,4
TCGA-D8-A143-DX1_xmin52429_ymin19478_MPP-0.2500+239[0100].png,2226,1813,3836,3044,5872,6702,4436,215,2493,2308,7,7,6,5,5,5,5,5,4,4
TCGA-D8-A143-DX1_xmin52429_ymin19478_MPP-0.2500+240[0100].png,215,6869,3088,958,2308,516,8013,389,7948,7957,6,5,5,5,5,5,4,4,4,4
TCGA-D8-A143-DX1_xmin52429_ymin19478_MPP-0.2500+246[0100].png,5937,3526,3836,7880,5780,5797,3088,7164,6931,4593,8,7,7,6,6,6,5,5,5,4
TCGA-D8-A143-DX1_xmin52429_ymin19478_MPP-0.2500+255[0100].png,1652,1813,3088,958,215,2226,1836,144,6045,1476,26,13,11,9,8,7,6,6,6,6
TCGA-D8-A143-DX1_xmin52429_ymin19478_MPP-0.2500+256[0100].png,1652,1813,144,215,3088,3526,6045,7948,7129,7695,16,12,10,8,7,7,6,6,6,5
TCGA-D8-A143-DX1_xmin52429_ymin19478_MPP-0.2500+257[0100].png,6321,5937,7694,1652,1813,7880,7249,781,1157,6054,7,7,7,6,6,6,6,5,5,5
TCGA-D8-A143-DX1_xmin52429_ymin19478_MPP-0.2500+258[0100].png,2226,8081,215,3526,7694,267,1813,6678,1297,5937,7,7,6,5,5,5,5,5,5,5
TCGA-D8-A143-DX1_xmin52429_ymin19478_MPP-0.2500+259[0100].png,1813,1652,5428,1476,3526,3836,215,6321,958,3230,8,8,8,7,6,6,6,5,5,5
TCGA-D8-A143-DX1_xmin52429_ymin19478_MPP-0.2500+260[0100].png,3088,1652,4711,4286,215,2666,958,216,7024,186,8,8,7,5,5,5,5,5,5,5
TCGA-D8-A143-DX1_xmin52429_ymin19478_MPP-0.2500+261[0100].png,1652,2226,4160,3526,4436,215,3434,7694,4606,3044,10,9,6,6,5,5,5,5,5,5
TCGA-D8-A143-DX1_xmin52429_ymin19478_MPP-0.2500+262[0100].png,3088,4376,5912,6045,7337,4711,4817,7091,7189,3127,7,6,5,5,5,5,5,5,5,4
TCGA-D8-A143-DX1_xmin52429_ymin19478_MPP-0.2500+263[0100].png,1652,5937,2666,4376,2967,5472,778,6137,781,216,6,5,5,4,4,4,4,4,4,4
TCGA-D8-A143-DX1_xmin52429_ymin19478_MPP-0.2500+264[0100].png,4817,5937,8013,7694,1652,7249,7175,3526,935,7459,8,7,5,5,5,5,4,4,4,4
TCGA-D8-A143-DX1_xmin52429_ymin19478_MPP-0.2500+265[0100].png,215,2226,6795,1569,6931,3088,5873,5097,5780,4817,9,6,5,5,5,5,5,4,4,4
TCGA-D8-A143-DX1_xmin52429_ymin19478_MPP-0.2500+266[0100].png,5797,8013,3088,2226,5344,958,215,1869,4376,131,7,7,7,6,6,6,6,5,5,5
TCGA-D8-A143-DX1_xmin52429_ymin19478_MPP-0.2500+276[0100].png,1652,1813,958,7129,4311,144,3889,2320,6226,1476,18,13,10,9,9,8,7,7,7,7
TCGA-D8-A143-DX1_xmin52429_ymin19478_MPP-0.2500+277[0100].png,1652,5428,1813,4711,4559,2990,1312,4376,3526,4430,9,8,7,6,6,5,5,5,5,5
TCGA-D8-A143-DX1_xmin52429_ymin19478_MPP-0.2500+278[0100].png,725,4711,3836,4376,7694,6869,4436,3434,4001,5780,7,6,5,5,5,4,4,4,4,4
TCGA-D8-A143-DX1_xmin52429_ymin19478_MPP-0.2500+279[0100].png,7694,2226,1476,6321,1813,3088,7028,144,5259,7249,8,7,6,6,6,6,5,5,5,5
TCGA-D8-A143-DX1_xmin52429_ymin19478_MPP-0.2500+280[0100].png,6045,1652,6326,3088,8041,5797,5780,7189,4205,4817,7,7,6,5,5,5,5,4,4,4
TCGA-D8-A143-DX1_xmin52429_ymin19478_MPP-0.2500+281[0100].png,215,297,7694,2226,2320,1813,3230,44,5780,2308,12,7,7,6,6,6,6,5,5,5
TCGA-D8-A143-DX1_xmin52429_ymin19478_MPP-0.2500+282[0100].png,1652,4311,4711,4725,5780,1813,601,4259,216,4817,8,7,6,6,5,5,5,5,5,5
TCGA-D8-A143-DX1_xmin52429_ymin19478_MPP-0.2500+283[0100].png,3088,7694,131,7337,2226,215,2646,4259,7152,5023,9,7,6,5,5,5,5,4,4,4
TCGA-D8-A143-DX1_xmin52429_ymin19478_MPP-0.2500+284[0100].png,3000,1652,5797,6045,3044,4711,2226,297,3889,5392,7,7,6,6,6,5,5,4,4,4
TCGA-D8-A143-DX1_xmin52429_ymin19478_MPP-0.2500+285[0100].png,4259,778,5428,5937,7880,1813,2320,1652,3526,6795,8,7,7,6,6,6,6,5,5,5
TCGA-D8-A143-DX1_xmin52429_ymin19478_MPP-0.2500+286[0100].png,7694,1652,3088,4377,7249,958,3889,7129,1476,1569,12,10,9,7,7,6,6,6,6,5
TCGA-D8-A143-DX1_xmin52429_ymin19478_MPP-0.2500+287[0100].png,8013,3526,1813,6321,6226,2083,2686,7360,1569,5741,7,6,5,5,5,4,4,4,4,4
TCGA-D8-A143-DX1_xmin52429_ymin19478_MPP-0.2500+296[0100].png,1652,958,6226,3870,2320,3088,5498,6902,1813,5344,18,15,14,10,9,8,8,7,7,7
TCGA-D8-A143-DX1_xmin52429_ymin19478_MPP-0.2500+297[0100].png,6321,1813,3526,5937,7549,4711,215,915,7694,594,6,6,6,6,6,5,5,5,5,4
TCGA-D8-A143-DX1_xmin52429_ymin19478_MPP-0.2500+298[0100].png,2226,237,5872,4817,8013,4430,6226,2977,6321,2308,7,6,6,6,6,5,5,5,5,5
TCGA-D8-A143-DX1_xmin52429_ymin19478_MPP-0.2500+299[0100].png,5937,7694,4817,1813,44,1324,389,6795,4711,1652,9,6,6,5,5,5,5,5,5,5
TCGA-D8-A143-DX1_xmin52429_ymin19478_MPP-0.2500+300[0100].png,3209,4376,958,5780,8081,4817,5428,781,6264,6263,7,6,5,5,5,5,5,5,5,5
TCGA-D8-A143-DX1_xmin52429_ymin19478_MPP-0.2500+301[0100].png,5872,1476,7189,7808,5428,2450,7165,4817,601,4377,7,6,6,6,6,5,5,5,5,5
TCGA-D8-A143-DX1_xmin52429_ymin19478_MPP-0.2500+302[0100].png,1652,4817,4436,7091,5428,1911,1682,3526,495,7089,6,6,6,5,5,5,5,5,5,4
TCGA-D8-A143-DX1_xmin52429_ymin19478_MPP-0.2500+303[0100].png,4311,7694,2226,2320,5860,7976,6321,6869,1652,2954,9,9,8,8,7,6,6,6,6,5
TCGA-D8-A143-DX1_xmin52429_ymin19478_MPP-0.2500+304[0100].png,7459,1652,6217,2749,3870,629,6869,215,5100,3526,10,9,7,7,6,6,6,5,5,5
TCGA-D8-A143-DX1_xmin52429_ymin19478_MPP-0.2500+305[0100].png,6226,8013,1476,237,958,7694,5937,3836,389,2226,8,8,7,7,6,5,5,4,4,4
TCGA-D8-A143-DX1_xmin52429_ymin19478_MPP-0.2500+306[0100].png,3526,7694,1813,3889,2308,7024,4311,6045,1682,1297,10,9,8,7,7,6,6,6,6,6
TCGA-D8-A143-DX1_xmin52429_ymin19478_MPP-0.2500+307[0100].png,1652,3836,7430,6226,6795,1813,390,7129,5780,3526,7,6,6,6,6,6,5,5,5,5
TCGA-D8-A143-DX1_xmin52429_ymin19478_MPP-0.2500+316[0100].png,2320,6226,1652,7459,1696,1297,4311,3526,6738,2960,18,18,16,15,8,8,7,7,7,7
TCGA-D8-A143-DX1_xmin52429_ymin19478_MPP-0.2500+317[0100].png,4817,1813,781,5433,6795,6045,7337,5741,828,4377,9,8,7,6,6,6,6,5,5,5
TCGA-D8-A143-DX1_xmin52429_ymin19478_MPP-0.2500+318[0100].png,216,7249,4711,958,2140,1813,5392,6045,1869,7410,7,7,7,6,5,5,5,5,5,4
TCGA-D8-A143-DX1_xmin52429_ymin19478_MPP-0.2500+319[0100].png,2666,781,3000,1813,310,131,6121,3230,7853,1842,6,5,5,5,5,4,4,4,4,4
TCGA-D8-A143-DX1_xmin52429_ymin19478_MPP-0.2500+31[0100].png,2226,1652,1813,5763,2308,6226,237,5047,3088,8081,11,10,9,8,8,7,7,6,6,6
TCGA-D8-A143-DX1_xmin52429_ymin19478_MPP-0.2500+320[0100].png,4817,7694,781,2903,2977,4290,495,1476,1652,5741,9,8,5,5,5,4,4,4,4,4
TCGA-D8-A143-DX1_xmin52429_ymin19478_MPP-0.2500+321[0100].png,5780,629,6321,1716,3088,7249,6652,1312,2278,5937,5,5,5,5,5,5,5,4,4,4
TCGA-D8-A143-DX1_xmin52429_ymin19478_MPP-0.2500+322[0100].png,215,4430,7694,5937,6795,237,3836,5912,7119,2815,7,7,6,6,5,5,5,4,4,4
TCGA-D8-A143-DX1_xmin52429_ymin19478_MPP-0.2500+323[0100].png,5937,6321,216,4711,3526,7694,958,237,4559,1813,8,7,6,6,6,6,6,6,5,5
TCGA-D8-A143-DX1_xmin52429_ymin19478_MPP-0.2500+324[0100].png,2320,1696,3526,2960,6226,6869,7459,1911,5937,958,8,8,7,6,6,6,6,6,5,5
TCGA-D8-A143-DX1_xmin52429_ymin19478_MPP-0.2500+325[0100].png,3526,1652,3209,6194,4711,3088,4436,5433,2140,6678,6,6,6,5,5,5,5,4,4,4
TCGA-D8-A143-DX1_xmin52429_ymin19478_MPP-0.2500+326[0100].png,7694,6045,3526,958,2666,6795,3477,3127,4143,6655,7,7,6,6,5,5,5,4,4,4
TCGA-D8-A143-DX1_xmin52429_ymin19478_MPP-0.2500+327[0100].png,1813,5428,601,958,5741,7024,7835,4131,1652,1833,8,7,7,6,6,5,5,5,4,4
TCGA-D8-A143-DX1_xmin52429_ymin19478_MPP-0.2500+32[0100].png,1813,1652,4311,5912,6045,6795,5392,2903,2308,5741,12,11,6,6,6,6,6,6,6,5
TCGA-D8-A143-DX1_xmin52429_ymin19478_MPP-0.2500+339[0100].png,4436,394,1813,216,2226,6869,5780,4494,6045,5797,7,7,6,5,5,5,5,5,5,5
TCGA-D8-A143-DX1_xmin52429_ymin19478_MPP-0.2500+33[0100].png,2308,7694,840,2990,6795,2226,6869,1813,335,5834,7,6,6,5,5,5,5,5,4,4
TCGA-D8-A143-DX1_xmin52429_ymin19478_MPP-0.2500+340[0100].png,1813,7091,1911,6869,7249,6045,958,7175,1297,2043,6,6,5,5,5,5,4,4,4,4
TCGA-D8-A143-DX1_xmin52429_ymin19478_MPP-0.2500+341[0100].png,781,215,1652,2226,4436,4711,6321,7694,1311,3127,10,8,8,8,8,7,6,5,5,4
TCGA-D8-A143-DX1_xmin52429_ymin19478_MPP-0.2500+342[0100].png,3088,1476,2226,7694,3127,3526,5428,5937,4436,5203,7,7,7,6,6,6,5,5,5,5
TCGA-D8-A143-DX1_xmin52429_ymin19478_MPP-0.2500+343[0100].png,1813,7694,1652,4817,2226,840,4781,6045,7948,4711,9,6,5,5,5,4,4,4,4,4
TCGA-D8-A143-DX1_xmin52429_ymin19478_MPP-0.2500+344[0100].png,2226,5937,6226,6678,389,5133,7175,7804,7024,5912,7,7,5,5,5,4,4,4,4,4
TCGA-D8-A143-DX1_xmin52429_ymin19478_MPP-0.2500+345[0100].png,7694,6045,3889,5937,3088,2226,778,6321,3836,2903,7,7,6,6,6,6,6,6,5,5
TCGA-D8-A143-DX1_xmin52429_ymin19478_MPP-0.2500+346[0100].png,215,6321,1813,2226,1476,7694,3526,1845,1652,7091,9,9,8,6,6,6,5,5,5,5
TCGA-D8-A143-DX1_xmin52429_ymin19478_MPP-0.2500+358[0100].png,4559,3836,2226,840,3230,5428,958,1476,168,1652,6,6,5,5,5,5,5,5,5,4
TCGA-D8-A143-DX1_xmin52429_ymin19478_MPP-0.2500+359[0100].png,1652,2226,778,4436,2278,5702,5780,4625,2815,1357,11,8,7,6,5,5,5,5,5,4
TCGA-D8-A143-DX1_xmin52429_ymin19478_MPP-0.2500+360[0100].png,3088,1813,3526,1652,7091,7694,4711,958,6045,2226,8,8,7,7,6,6,5,5,5,5
TCGA-D8-A143-DX1_xmin52429_ymin19478_MPP-0.2500+361[0100].png,3030,3619,1813,7189,144,2226,5797,1652,7091,4311,6,6,6,5,5,5,5,5,5,4
TCGA-D8-A143-DX1_xmin52429_ymin19478_MPP-0.2500+362[0100].png,1297,2226,6795,4817,3088,7442,4311,5741,131,6121,7,7,6,6,5,5,5,4,4,4
TCGA-D8-A143-DX1_xmin52429_ymin19478_MPP-0.2500+363[0100].png,4817,8081,5741,5937,630,1716,2756,5344,4112,7024,5,5,5,5,4,4,4,4,4,4
TCGA-D8-A143-DX1_xmin52429_ymin19478_MPP-0.2500+364[0100].png,958,7024,2226,6226,7694,5912,5741,5023,2977,3526,8,7,6,6,6,6,5,5,5,5
TCGA-D8-A143-DX1_xmin52429_ymin19478_MPP-0.2500+365[0100].png,1652,2226,3526,7694,6795,215,4311,7337,6702,3619,8,8,8,7,7,6,6,5,5,4
TCGA-D8-A143-DX1_xmin52429_ymin19478_MPP-0.2500+370[0100].png,1813,6226,958,215,7835,1652,7808,3526,5433,1911,9,8,7,6,6,6,6,6,5,5
TCGA-D8-A143-DX1_xmin52429_ymin19478_MPP-0.2500+379[0100].png,3030,6226,4436,2308,5763,7129,4711,5810,7119,1235,7,7,6,5,5,5,5,4,4,4
TCGA-D8-A143-DX1_xmin52429_ymin19478_MPP-0.2500+381[0100].png,4436,215,6045,6321,1813,958,6869,7175,2666,3030,9,9,7,6,6,5,5,5,5,4
TCGA-D8-A143-DX1_xmin52429_ymin19478_MPP-0.2500+382[0100].png,1652,1813,2226,2686,215,3044,5912,3088,2359,1297,11,10,7,6,6,5,5,5,5,5
TCGA-D8-A143-DX1_xmin52429_ymin19478_MPP-0.2500+383[0100].png,2226,216,215,319,3088,2977,6702,935,1218,5780,8,8,7,6,6,5,5,4,4,4
TCGA-D8-A143-DX1_xmin52429_ymin19478_MPP-0.2500+384[0100].png,3088,5937,1813,216,1652,958,6960,516,2903,6869,7,7,7,7,6,6,5,5,5,5
TCGA-D8-A143-DX1_xmin52429_ymin19478_MPP-0.2500+385[0100].png,3088,215,453,2308,958,3526,1652,4436,3021,7249,8,8,6,6,5,5,5,5,5,5
TCGA-D8-A143-DX1_xmin52429_ymin19478_MPP-0.2500+386[0100].png,8013,6045,1476,3088,1652,6724,4492,144,1911,7835,8,7,6,6,6,6,5,5,5,5
TCGA-D8-A143-DX1_xmin52429_ymin19478_MPP-0.2500+389[0100].png,1813,1476,2226,215,958,8013,1911,6321,6795,1652,13,9,8,8,8,8,7,6,5,5
TCGA-D8-A143-DX1_xmin52429_ymin19478_MPP-0.2500+390[0100].png,1813,4436,1652,215,7442,7024,7948,237,4559,958,11,6,6,5,5,4,4,4,4,4
TCGA-D8-A143-DX1_xmin52429_ymin19478_MPP-0.2500+399[0100].png,1652,6045,216,958,2226,4817,1813,3836,5561,1476,10,8,8,8,7,7,7,7,5,5
TCGA-D8-A143-DX1_xmin52429_ymin19478_MPP-0.2500+402[0100].png,4711,1652,3030,1842,1813,216,4376,958,836,144,9,9,6,6,6,6,6,6,5,5
TCGA-D8-A143-DX1_xmin52429_ymin19478_MPP-0.2500+403[0100].png,1652,1476,7694,7089,4436,5937,958,144,725,380,10,6,6,5,5,5,5,5,4,4
TCGA-D8-A143-DX1_xmin52429_ymin19478_MPP-0.2500+404[0100].png,215,2308,2226,1297,725,8013,7249,1842,6702,4559,8,7,7,6,6,5,5,5,5,5
TCGA-D8-A143-DX1_xmin52429_ymin19478_MPP-0.2500+405[0100].png,1813,5741,6619,958,7249,3209,6179,840,4050,3526,8,6,5,5,5,5,5,4,4,4
TCGA-D8-A143-DX1_xmin52429_ymin19478_MPP-0.2500+406[0100].png,2308,958,7119,2226,6321,5207,2903,4311,8013,5717,8,7,6,6,5,5,5,5,5,5
TCGA-D8-A143-DX1_xmin52429_ymin19478_MPP-0.2500+407[0100].png,1652,215,1813,6054,6226,144,4050,958,7948,7808,11,8,8,6,5,5,5,5,4,4
TCGA-D8-A143-DX1_xmin52429_ymin19478_MPP-0.2500+409[0100].png,215,1813,1652,1476,2226,7459,144,2686,778,4311,18,16,12,8,8,8,7,6,5,5
TCGA-D8-A143-DX1_xmin52429_ymin19478_MPP-0.2500+422[0100].png,1652,5937,215,4311,1813,2226,7694,6321,6045,6869,10,8,7,7,7,6,6,6,5,5
TCGA-D8-A143-DX1_xmin52429_ymin19478_MPP-0.2500+423[0100].png,1652,3044,4311,5741,781,144,2226,5392,335,958,11,7,6,6,5,5,5,5,5,5
TCGA-D8-A143-DX1_xmin52429_ymin19478_MPP-0.2500+424[0100].png,4436,2226,215,5780,2308,4559,958,144,6045,3030,10,9,6,6,6,6,6,5,5,5
TCGA-D8-A143-DX1_xmin52429_ymin19478_MPP-0.2500+425[0100].png,3030,1813,4068,958,6045,1476,2336,4492,144,267,9,8,7,7,6,6,6,5,5,5
TCGA-D8-A143-DX1_xmin52429_ymin19478_MPP-0.2500+426[0100].png,1813,1652,1476,6795,215,4436,3477,5038,3836,3526,12,10,6,6,6,6,6,5,5,5
TCGA-D8-A143-DX1_xmin52429_ymin19478_MPP-0.2500+427[0100].png,1652,1813,1911,2686,958,8013,2308,1150,1842,4559,10,8,7,7,7,6,5,5,5,5
TCGA-D8-A143-DX1_xmin52429_ymin19478_MPP-0.2500+428[0100].png,1813,1652,958,2226,144,5912,215,6869,7119,578,13,12,11,9,7,6,6,5,5,5
TCGA-D8-A143-DX1_xmin52429_ymin19478_MPP-0.2500+439[0100].png,958,1652,7694,6045,7835,1813,4559,2226,778,725,11,10,7,7,7,7,6,6,5,5
TCGA-D8-A143-DX1_xmin52429_ymin19478_MPP-0.2500+440[0100].png,216,1652,6045,3088,5741,34,7024,3526,4259,7819,7,7,6,6,6,5,5,4,4,4
TCGA-D8-A143-DX1_xmin52429_ymin19478_MPP-0.2500+443[0100].png,2226,124,8013,7694,830,1476,3209,3088,6095,3526,7,6,6,6,6,5,5,5,5,5
TCGA-D8-A143-DX1_xmin52429_ymin19478_MPP-0.2500+444[0100].png,215,5741,958,2226,1476,7694,7899,3088,3230,1813,9,8,7,7,6,6,6,5,5,5
TCGA-D8-A143-DX1_xmin52429_ymin19478_MPP-0.2500+445[0100].png,1652,1813,2903,215,3088,5937,1911,725,6931,4492,14,8,7,7,7,6,5,5,5,5
TCGA-D8-A143-DX1_xmin52429_ymin19478_MPP-0.2500+446[0100].png,958,215,390,1813,1652,2308,2226,1476,216,7249,10,8,8,7,6,6,6,6,5,5
TCGA-D8-A143-DX1_xmin52429_ymin19478_MPP-0.2500+447[0100].png,1652,1476,1813,144,958,2226,215,5912,8013,5741,13,12,9,8,8,8,8,7,7,6
TCGA-D8-A143-DX1_xmin52429_ymin19478_MPP-0.2500+460[0100].png,4436,4711,4143,2666,6964,4817,215,7694,515,5937,7,7,6,5,5,5,5,5,5,4
TCGA-D8-A143-DX1_xmin52429_ymin19478_MPP-0.2500+462[0100].png,1813,215,5741,778,4711,2226,390,2157,5561,3477,9,7,6,6,5,5,5,5,5,5
TCGA-D8-A143-DX1_xmin52429_ymin19478_MPP-0.2500+463[0100].png,958,6321,5937,7694,215,6869,4311,4947,7459,5027,7,7,7,6,6,6,6,5,5,5
TCGA-D8-A143-DX1_xmin52429_ymin19478_MPP-0.2500+464[0100].png,215,2226,131,3088,4711,7175,6321,8013,5741,4559,11,8,7,6,6,5,5,5,5,5
TCGA-D8-A143-DX1_xmin52429_ymin19478_MPP-0.2500+465[0100].png,1652,4436,1813,6321,1476,6869,3030,2903,7459,215,8,6,6,6,6,6,6,6,5,5
TCGA-D8-A143-DX1_xmin52429_ymin19478_MPP-0.2500+466[0100].png,1813,215,6321,1652,958,2226,7459,3836,4322,6045,12,10,9,9,7,7,6,5,5,5
TCGA-D8-A143-DX1_xmin52429_ymin19478_MPP-0.2500+482[0100].png,1652,2226,1813,958,5741,4559,5023,794,215,5561,9,8,7,7,6,6,5,5,5,5
TCGA-D8-A143-DX1_xmin52429_ymin19478_MPP-0.2500+483[0100].png,1652,958,3030,4436,2226,2157,144,5433,7119,7694,9,7,7,6,6,5,5,5,5,5
TCGA-D8-A143-DX1_xmin52429_ymin19478_MPP-0.2500+484[0100].png,1652,958,2308,2588,3127,215,6226,8188,3870,6321,11,7,6,6,6,6,5,5,5,5
TCGA-D8-A143-DX1_xmin52429_ymin19478_MPP-0.2500+485[0100].png,1813,1652,5912,1911,3088,582,3127,3870,7249,2226,11,11,8,6,5,5,5,5,5,5
TCGA-D8-A143-DX1_xmin52429_ymin19478_MPP-0.2500+500[0100].png,2226,4817,7694,215,216,1652,725,1813,8140,6321,8,6,5,5,5,5,5,5,4,4
TCGA-D8-A143-DX1_xmin52429_ymin19478_MPP-0.2500+501[0100].png,1813,2226,6321,2686,390,5912,1652,215,1506,4001,12,11,7,7,6,6,5,5,5,5
TCGA-D8-A143-DX1_xmin52429_ymin19478_MPP-0.2500+502[0100].png,1476,1813,6045,215,5741,958,7835,256,262,1652,8,8,7,7,6,6,6,5,5,5
TCGA-D8-A143-DX1_xmin52429_ymin19478_MPP-0.2500+503[0100].png,1652,3526,6795,5937,1813,4436,2308,6045,6226,5780,13,9,8,7,7,7,7,6,6,6
TCGA-D8-A143-DX1_xmin52429_ymin19478_MPP-0.2500+504[0100].png,1813,3870,215,1476,1652,3088,4311,7694,7808,7119,9,8,8,7,6,6,6,5,5,5
TCGA-D8-A143-DX1_xmin52429_ymin19478_MPP-0.2500+51[0100].png,1652,3088,1813,2226,2308,6795,3889,7694,8013,6045,14,11,10,9,8,7,6,6,6,6
TCGA-D8-A143-DX1_xmin52429_ymin19478_MPP-0.2500+52[0100].png,1652,6795,958,5428,6226,1813,2967,237,2308,4311,9,8,7,7,7,7,6,6,6,6
TCGA-D8-A143-DX1_xmin52429_ymin19478_MPP-0.2500+53[0100].png,4311,215,5912,6702,145,3889,7869,1813,5498,4436,7,6,6,6,6,6,6,5,4,4
TCGA-D8-A143-DX1_xmin52429_ymin19478_MPP-0.2500+71[0100].png,1813,5912,4311,8013,2308,215,6321,6045,3526,7694,10,8,8,7,7,7,7,7,7,7
TCGA-D8-A143-DX1_xmin52429_ymin19478_MPP-0.2500+72[0100].png,2308,3088,215,5392,1813,3526,6226,7134,6795,5937,12,9,9,7,7,6,6,5,5,5
TCGA-D8-A143-DX1_xmin52429_ymin19478_MPP-0.2500+73[0100].png,5780,1652,6045,4711,2308,215,3526,601,2903,5912,8,8,6,6,6,5,5,5,4,4
TCGA-D8-A143-DX1_xmin52429_ymin19478_MPP-0.2500+90[0100].png,1652,3526,3088,6226,6045,3230,6795,3870,7694,4376,9,8,8,6,6,6,6,6,6,5
TCGA-D8-A143-DX1_xmin52429_ymin19478_MPP-0.2500+91[0100].png,3088,6045,1813,1652,3526,215,5392,2226,6869,7869,14,10,9,9,8,7,6,5,5,5
TCGA-D8-A143-DX1_xmin52429_ymin19478_MPP-0.2500+92[0100].png,7694,5780,6795,1652,4112,601,1569,4711,3500,7164,9,9,7,5,5,5,5,5,4,4
TCGA-D8-A1JF-DX1_xmin24865_ymin52345_MPP-0.2500+0[0100].png,958,3088,4376,6795,6869,4746,1846,1842,1911,4642,7,6,6,5,5,5,4,4,4,4
TCGA-D8-A1JF-DX1_xmin24865_ymin52345_MPP-0.2500+14[0100].png,778,3619,6222,3487,5780,6048,7819,4377,4436,6226,7,7,6,6,5,5,5,5,5,4
TCGA-D8-A1JF-DX1_xmin24865_ymin52345_MPP-0.2500+15[0100].png,3526,2686,3000,1911,7442,5325,958,7249,6869,1811,7,6,5,5,5,5,5,5,5,4
TCGA-D8-A1JF-DX1_xmin24865_ymin52345_MPP-0.2500+1[0100].png,216,2034,516,4436,6588,2557,6045,3586,1157,7024,6,5,5,5,5,4,4,4,4,4
TCGA-D8-A1JF-DX1_xmin24865_ymin52345_MPP-0.2500+26[0100].png,1813,4072,1911,4377,958,550,4436,2686,237,2043,8,7,7,7,6,6,6,6,5,5
TCGA-D8-A1JF-DX1_xmin24865_ymin52345_MPP-0.2500+28[0100].png,3127,2650,8165,3619,389,2686,6121,5428,2451,5023,6,6,5,5,5,5,5,5,5,4
TCGA-D8-A1JF-DX1_xmin24865_ymin52345_MPP-0.2500+39[0100].png,1911,2043,1476,2686,3487,3855,7819,6321,4072,2815,8,7,7,6,5,5,5,5,5,4
TCGA-D8-A1JF-DX1_xmin24865_ymin52345_MPP-0.2500+49[0100].png,6869,2308,5937,7134,3961,958,3526,2278,7694,5259,6,6,6,5,5,5,5,5,5,5
TCGA-D8-A1JF-DX1_xmin24865_ymin52345_MPP-0.2500+50[0100].png,7249,778,515,5780,1813,958,840,7694,477,7899,7,6,5,5,5,5,4,4,4,4
TCGA-D8-A1JF-DX1_xmin24865_ymin52345_MPP-0.2500+55[0100].png,1696,5937,1569,12,958,778,2094,2646,4377,6869,9,6,5,5,5,5,5,5,5,5
TCGA-D8-A1JF-DX1_xmin24865_ymin52345_MPP-0.2500+5[0100].png,2650,4817,6321,1654,276,2226,7819,582,5872,6191,6,6,5,5,5,5,5,5,4,4
TCGA-D8-A1JF-DX1_xmin24865_ymin52345_MPP-0.2500+61[0100].png,3088,4817,5098,6321,1682,3000,3526,8126,5650,4112,8,7,6,5,5,5,4,4,4,4
TCGA-D8-A1JF-DX1_xmin24865_ymin52345_MPP-0.2500+62[0100].png,5780,4072,2308,5527,1506,124,2278,4143,5912,297,7,5,5,5,4,4,4,4,4,4
TCGA-D8-A1JF-DX1_xmin24865_ymin52345_MPP-0.2500+63[0100].png,1311,693,4711,958,4817,4377,304,3000,915,5098,7,6,6,6,6,5,5,4,4,4
TCGA-D8-A1JF-DX1_xmin24865_ymin52345_MPP-0.2500+6[0100].png,7249,781,1311,4436,4559,1813,2686,5937,2557,3526,7,7,6,6,6,6,5,5,4,4
TCGA-D8-A1JF-DX1_xmin24865_ymin52345_MPP-0.2500+72[0100].png,7880,2308,1654,5834,2990,237,778,5780,3209,4309,8,7,7,7,6,5,5,5,5,4
TCGA-D8-A1JF-DX1_xmin24865_ymin52345_MPP-0.2500+73[0100].png,1813,332,5163,2226,7163,4250,4377,958,3000,262,7,6,5,5,5,5,5,4,4,4
TCGA-D8-A1JF-DX1_xmin24865_ymin52345_MPP-0.2500+7[0100].png,7249,8166,1476,4311,6265,7948,4377,1813,2493,5325,6,5,5,5,5,5,5,5,4,4
TCGA-D8-A1JG-DX1_xmin15677_ymin69205_MPP-0.2500+0[0100].png,7028,958,7249,6321,7948,5872,601,216,7899,6795,8,8,7,6,6,5,5,5,5,5
TCGA-D8-A1JG-DX1_xmin15677_ymin69205_MPP-0.2500+110[0100].png,6321,516,515,1813,582,7695,4436,4911,2226,5937,7,6,5,5,5,5,5,5,5,4
TCGA-D8-A1JG-DX1_xmin15677_ymin69205_MPP-0.2500+111[0100].png,3849,7948,3901,7790,7024,4711,828,781,7249,7101,8,6,5,5,5,5,5,5,5,4
TCGA-D8-A1JG-DX1_xmin15677_ymin69205_MPP-0.2500+112[0100].png,2320,7948,6226,2540,4559,958,7459,2960,781,2943,6,6,6,6,6,5,5,5,5,4
TCGA-D8-A1JG-DX1_xmin15677_ymin69205_MPP-0.2500+113[0100].png,1813,2686,7899,4436,3487,7819,2540,4376,6045,840,5,5,5,5,4,4,4,4,4,4
TCGA-D8-A1JG-DX1_xmin15677_ymin69205_MPP-0.2500+129[0100].png,4436,6480,4602,215,4311,6321,4376,6045,2686,7249,8,6,6,6,6,5,5,5,5,5
TCGA-D8-A1JG-DX1_xmin15677_ymin69205_MPP-0.2500+130[0100].png,4711,4377,3088,958,7819,1869,2990,1652,4116,1463,8,7,6,6,6,5,5,5,5,4
TCGA-D8-A1JG-DX1_xmin15677_ymin69205_MPP-0.2500+135[0100].png,6724,2602,781,1476,7175,12,7819,7028,958,6045,8,7,6,6,5,5,5,5,5,5
TCGA-D8-A1JG-DX1_xmin15677_ymin69205_MPP-0.2500+136[0100].png,1846,2885,7694,778,4911,4559,2841,4001,1476,8014,6,5,5,5,5,4,4,4,4,4
TCGA-D8-A1JG-DX1_xmin15677_ymin69205_MPP-0.2500+137[0100].png,778,3365,7948,4711,781,6795,267,7450,7442,8101,6,6,6,5,5,5,5,4,4,4
TCGA-D8-A1JG-DX1_xmin15677_ymin69205_MPP-0.2500+142[0100].png,1911,7819,4311,734,1842,1476,898,3631,8013,4377,8,7,5,5,5,5,5,4,4,4
TCGA-D8-A1JG-DX1_xmin15677_ymin69205_MPP-0.2500+150[0100].png,2686,4377,4436,7948,5561,7360,7249,958,7819,2666,8,7,6,6,5,5,5,4,4,4
TCGA-D8-A1JG-DX1_xmin15677_ymin69205_MPP-0.2500+151[0100].png,4559,7028,3127,6121,2646,4436,2686,2990,3889,3619,6,6,5,5,5,5,5,5,5,5
TCGA-D8-A1JG-DX1_xmin15677_ymin69205_MPP-0.2500+152[0100].png,7249,7819,7442,2686,5937,12,6226,5610,5603,3901,7,6,6,5,5,5,5,5,4,4
TCGA-D8-A1JG-DX1_xmin15677_ymin69205_MPP-0.2500+153[0100].png,2686,7819,5603,7024,7948,6321,6179,1476,958,4817,8,6,6,6,5,5,5,5,5,5
TCGA-D8-A1JG-DX1_xmin15677_ymin69205_MPP-0.2500+163[0100].png,2686,5937,516,7442,7694,2646,6354,6321,276,6892,6,6,5,5,5,4,4,4,4,4
TCGA-D8-A1JG-DX1_xmin15677_ymin69205_MPP-0.2500+173[0100].png,2686,297,6795,6869,4398,6054,6121,190,7442,1554,6,5,5,5,5,4,4,4,4,4
TCGA-D8-A1JG-DX1_xmin15677_ymin69205_MPP-0.2500+174[0100].png,958,7948,7249,1911,453,1696,5065,5023,6321,1476,7,6,6,4,4,4,4,4,4,4
TCGA-D8-A1JG-DX1_xmin15677_ymin69205_MPP-0.2500+175[0100].png,2278,1813,1209,958,6054,4436,6869,1357,6121,2602,7,6,6,5,5,5,5,5,5,4
TCGA-D8-A1JG-DX1_xmin15677_ymin69205_MPP-0.2500+176[0100].png,1476,2686,2034,3626,7880,389,3000,2903,3487,7733,7,6,6,5,5,5,5,5,4,4
TCGA-D8-A1JG-DX1_xmin15677_ymin69205_MPP-0.2500+177[0100].png,7249,4050,1311,1813,4311,3442,216,4436,4947,6226,12,6,6,5,5,5,5,5,5,4
TCGA-D8-A1JG-DX1_xmin15677_ymin69205_MPP-0.2500+178[0100].png,1312,4436,3209,3365,1911,6045,7880,8126,3526,215,5,5,5,5,5,4,4,4,4,4
TCGA-D8-A1JG-DX1_xmin15677_ymin69205_MPP-0.2500+190[0100].png,7819,7028,958,3230,2943,6226,5860,1654,7337,3901,6,5,5,5,5,5,5,5,4,4
TCGA-D8-A1JG-DX1_xmin15677_ymin69205_MPP-0.2500+200[0100].png,215,1476,6321,44,2140,958,2226,2903,1652,1911,9,6,6,5,5,5,5,5,5,5
TCGA-D8-A1JG-DX1_xmin15677_ymin69205_MPP-0.2500+201[0100].png,4377,7119,7089,1813,1624,6226,7160,7808,3971,8140,11,6,5,5,5,5,5,4,4,4
TCGA-D8-A1JG-DX1_xmin15677_ymin69205_MPP-0.2500+202[0100].png,3127,6869,828,7819,3626,4377,2226,7948,4602,7249,6,5,5,5,5,5,5,5,5,5
TCGA-D8-A1JG-DX1_xmin15677_ymin69205_MPP-0.2500+203[0100].png,6045,1476,7721,5872,2990,958,7880,582,5428,7819,8,7,6,6,6,6,5,5,5,5
TCGA-D8-A1JG-DX1_xmin15677_ymin69205_MPP-0.2500+226[0100].png,3088,237,168,5428,6227,778,7175,4559,2319,3961,6,6,6,6,5,5,5,5,4,4
TCGA-D8-A1JG-DX1_xmin15677_ymin69205_MPP-0.2500+227[0100].png,4436,8110,168,3088,7175,3434,4817,594,1682,5428,6,5,5,5,5,4,4,4,4,4
TCGA-D8-A1JG-DX1_xmin15677_ymin69205_MPP-0.2500+228[0100].png,2308,7337,5912,6226,267,6321,4972,5065,2686,3088,6,6,6,6,5,5,5,4,4,4
TCGA-D8-A1JG-DX1_xmin15677_ymin69205_MPP-0.2500+229[0100].png,3088,781,7694,1842,2226,7189,6321,5259,3637,601,8,7,6,6,5,5,5,5,4,4
TCGA-D8-A1JG-DX1_xmin15677_ymin69205_MPP-0.2500+243[0100].png,4436,6814,7595,5428,7249,7175,7360,4250,1813,3487,6,6,6,6,6,5,5,5,5,5
TCGA-D8-A1JG-DX1_xmin15677_ymin69205_MPP-0.2500+253[0100].png,3908,5797,5207,145,124,5741,8081,794,4311,2998,6,6,5,5,5,5,4,4,4,4
TCGA-D8-A1JG-DX1_xmin15677_ymin69205_MPP-0.2500+254[0100].png,4711,3526,7694,3088,2493,1297,5098,7957,3702,4494,7,6,6,6,5,5,5,4,4,4
TCGA-D8-A1JG-DX1_xmin15677_ymin69205_MPP-0.2500+255[0100].png,3526,7869,7175,5937,3088,1813,6045,5763,7819,2919,7,6,6,6,6,6,6,5,4,4
TCGA-D8-A1JG-DX1_xmin15677_ymin69205_MPP-0.2500+276[0100].png,1652,215,7899,7249,1813,840,5428,2990,7674,2043,7,6,6,6,5,5,5,5,5,5
TCGA-D8-A1JG-DX1_xmin15677_ymin69205_MPP-0.2500+277[0100].png,7948,4436,1813,453,2226,7028,4072,6678,1476,6226,7,6,5,5,5,5,5,5,5,5
TCGA-D8-A1JG-DX1_xmin15677_ymin69205_MPP-0.2500+278[0100].png,2650,2990,2062,4150,267,5912,7249,7819,2686,6045,6,6,6,5,5,5,5,5,5,4
TCGA-D8-A1JG-DX1_xmin15677_ymin69205_MPP-0.2500+279[0100].png,1624,215,3526,1440,2502,124,5682,7501,4100,3901,7,6,6,5,5,5,4,4,4,4
TCGA-D8-A1JG-DX1_xmin15677_ymin69205_MPP-0.2500+280[0100].png,1813,5912,2650,4642,168,3093,6960,958,7819,3926,6,5,5,5,5,5,4,4,4,4
TCGA-D8-A1JG-DX1_xmin15677_ymin69205_MPP-0.2500+281[0100].png,3088,7819,6179,515,6724,2815,257,5561,216,7352,7,6,5,5,5,4,4,4,4,4
TCGA-D8-A1JG-DX1_xmin15677_ymin69205_MPP-0.2500+282[0100].png,1652,6321,958,3526,1813,145,582,4559,8165,7337,8,6,6,5,5,4,4,4,4,4
TCGA-D8-A1JG-DX1_xmin15677_ymin69205_MPP-0.2500+301[0100].png,781,7249,1911,8188,6633,1813,4377,2034,215,2977,7,6,5,5,5,5,5,5,5,5
TCGA-D8-A1JG-DX1_xmin15677_ymin69205_MPP-0.2500+302[0100].png,7819,781,276,2686,958,725,1476,2180,2226,168,8,7,6,6,6,5,5,5,5,4
TCGA-D8-A1JG-DX1_xmin15677_ymin69205_MPP-0.2500+303[0100].png,4311,7819,5610,7249,1089,6766,297,2226,4116,4817,7,6,6,5,5,5,5,5,5,5
TCGA-D8-A1JG-DX1_xmin15677_ymin69205_MPP-0.2500+304[0100].png,4436,2686,5023,5433,3459,5912,215,2990,8101,2226,8,7,7,6,6,5,5,5,5,4
TCGA-D8-A1JG-DX1_xmin15677_ymin69205_MPP-0.2500+305[0100].png,3365,7899,4911,6321,1836,3527,8014,1203,8101,1476,6,5,5,5,5,5,4,4,4,4
TCGA-D8-A1JG-DX1_xmin15677_ymin69205_MPP-0.2500+306[0100].png,4436,2106,5937,5741,6265,4311,7024,6869,6048,5673,9,7,6,5,5,5,4,4,4,4
TCGA-D8-A1JG-DX1_xmin15677_ymin69205_MPP-0.2500+307[0100].png,2815,3836,3526,3044,2308,7694,7869,3230,6563,8081,7,6,6,5,5,5,4,4,4,4
TCGA-D8-A1JG-DX1_xmin15677_ymin69205_MPP-0.2500+308[0100].png,7091,2815,915,1967,3526,5392,4376,3088,5937,5433,6,6,6,5,5,5,5,4,4,4
TCGA-D8-A1JG-DX1_xmin15677_ymin69205_MPP-0.2500+325[0100].png,331,1813,4377,3619,4480,2919,7819,2062,216,2686,6,6,6,6,5,5,5,5,4,4
TCGA-D8-A1JG-DX1_xmin15677_ymin69205_MPP-0.2500+326[0100].png,4311,1654,7249,453,4436,215,7360,5433,1476,3893,7,7,6,5,5,5,5,5,4,4
TCGA-D8-A1JG-DX1_xmin15677_ymin69205_MPP-0.2500+327[0100].png,2686,7948,4377,7880,7819,4436,7091,2308,7249,2990,7,7,7,7,6,6,5,5,5,5
TCGA-D8-A1JG-DX1_xmin15677_ymin69205_MPP-0.2500+328[0100].png,6048,2686,1813,1569,168,4072,781,4377,2650,8148,7,7,5,5,5,5,5,5,4,4
TCGA-D8-A1JG-DX1_xmin15677_ymin69205_MPP-0.2500+329[0100].png,4711,6265,4001,1569,6869,8014,3889,453,935,7899,7,7,5,5,5,5,5,5,5,5
TCGA-D8-A1JG-DX1_xmin15677_ymin69205_MPP-0.2500+330[0100].png,4436,215,7819,3971,958,3189,1842,1357,1157,3901,6,6,5,5,5,5,5,5,5,5
TCGA-D8-A1JG-DX1_xmin15677_ymin69205_MPP-0.2500+331[0100].png,781,4436,5872,7249,6321,3981,7808,2841,1297,4711,8,7,6,6,6,5,5,5,5,5
TCGA-D8-A1JG-DX1_xmin15677_ymin69205_MPP-0.2500+332[0100].png,781,331,7175,4911,1008,8049,515,6795,1311,7694,9,8,7,6,5,5,5,5,5,5
TCGA-D8-A1JG-DX1_xmin15677_ymin69205_MPP-0.2500+333[0100].png,4711,781,4817,7025,216,3044,2326,6446,5098,7337,7,7,6,6,5,5,4,4,4,4
TCGA-D8-A1JG-DX1_xmin15677_ymin69205_MPP-0.2500+334[0100].png,2999,781,3526,3088,4711,4205,4746,7175,237,2751,8,8,7,5,5,5,4,4,4,4
TCGA-D8-A1JG-DX1_xmin15677_ymin69205_MPP-0.2500+351[0100].png,2686,3000,4311,2278,958,2226,7808,781,2780,6814,7,7,5,5,5,5,5,4,4,4
TCGA-D8-A1JG-DX1_xmin15677_ymin69205_MPP-0.2500+352[0100].png,7249,958,6622,4072,6226,3637,5937,4080,6892,8150,10,7,6,5,5,5,5,5,5,5
TCGA-D8-A1JG-DX1_xmin15677_ymin69205_MPP-0.2500+353[0100].png,7819,2686,840,4311,6194,778,3365,1476,7523,6045,12,10,6,6,6,5,5,5,5,5
TCGA-D8-A1JG-DX1_xmin15677_ymin69205_MPP-0.2500+359[0100].png,4436,5097,2493,2776,2140,725,7895,4911,3030,4817,8,6,6,6,5,5,5,5,5,5
TCGA-D8-A1JG-DX1_xmin15677_ymin69205_MPP-0.2500+360[0100].png,7166,7698,5797,6902,215,7175,2686,6619,5065,3526,5,5,5,5,5,5,4,4,4,4
TCGA-D8-A1JG-DX1_xmin15677_ymin69205_MPP-0.2500+378[0100].png,6321,4436,2686,5163,6045,1569,7899,2226,958,6190,7,7,6,6,6,5,5,5,5,5
TCGA-D8-A1JG-DX1_xmin15677_ymin69205_MPP-0.2500+386[0100].png,1652,5937,4817,1297,5797,582,1624,2226,144,7091,8,6,6,6,6,5,5,5,5,5
TCGA-D8-A1JG-DX1_xmin15677_ymin69205_MPP-0.2500+400[0100].png,6321,215,2666,4436,3526,3889,3127,6194,3626,840,9,6,6,6,5,5,5,5,5,5
TCGA-D8-A1JG-DX1_xmin15677_ymin69205_MPP-0.2500+426[0100].png,5872,1157,4817,5120,216,5780,7899,6078,1842,2751,6,6,5,5,5,5,5,5,4,4
TCGA-D8-A1JG-DX1_xmin15677_ymin69205_MPP-0.2500+427[0100].png,7249,2140,7189,7129,5097,7694,6619,5780,3021,7895,6,6,6,5,5,5,4,4,4,4
TCGA-D8-A1JG-DX1_xmin15677_ymin69205_MPP-0.2500+59[0100].png,898,7948,267,516,2249,7360,4911,1613,276,2686,6,6,5,5,5,5,5,5,5,4
TCGA-D8-A1JG-DX1_xmin15677_ymin69205_MPP-0.2500+60[0100].png,6321,4436,4548,781,237,2666,1159,2990,1613,215,5,5,5,5,4,4,4,4,4,4
TCGA-D8-A1JG-DX1_xmin15677_ymin69205_MPP-0.2500+61[0100].png,1476,958,4593,4817,4311,3088,2308,6045,3487,6960,6,5,5,5,5,5,5,4,4,4
TCGA-D8-A1JG-DX1_xmin15677_ymin69205_MPP-0.2500+7[0100].png,6045,4377,7694,1569,1476,215,7835,4436,2780,1696,10,7,6,6,6,5,5,5,4,4
TCGA-D8-A1JG-DX1_xmin15677_ymin69205_MPP-0.2500+83[0100].png,958,7024,1813,2977,2140,7853,6045,7442,781,7410,7,7,7,6,6,5,5,5,4,4
TCGA-D8-A1JG-DX1_xmin15677_ymin69205_MPP-0.2500+84[0100].png,7948,5937,4436,601,2990,5207,1911,2686,794,4559,9,8,6,6,6,6,5,5,5,5
TCGA-D8-A1JG-DX1_xmin15677_ymin69205_MPP-0.2500+85[0100].png,5603,186,7880,7819,124,7549,2226,4311,8081,453,6,6,5,5,5,5,4,4,4,4
TCGA-D8-A1JL-DX1_xmin39765_ymin24835_MPP-0.2500+12[0100].png,2308,3230,778,5937,3526,215,2990,7249,4001,5428,6,6,6,5,5,5,5,5,4,4
TCGA-D8-A1JL-DX1_xmin39765_ymin24835_MPP-0.2500+13[0100].png,216,6321,1476,124,5937,4711,3675,215,4311,7869,7,6,6,6,5,5,5,5,5,4
TCGA-D8-A1JL-DX1_xmin39765_ymin24835_MPP-0.2500+147[0100].png,3526,5780,3088,6045,7189,2870,2542,5937,297,7869,7,6,5,5,5,5,4,4,4,4
TCGA-D8-A1JL-DX1_xmin39765_ymin24835_MPP-0.2500+164[0100].png,6321,7694,6045,7880,3000,5937,3044,3088,5428,3021,6,6,6,5,5,5,5,5,5,4
TCGA-D8-A1JL-DX1_xmin39765_ymin24835_MPP-0.2500+19[0100].png,7134,2226,215,6795,2308,3000,3526,453,256,5937,6,6,6,6,6,6,5,5,5,5
TCGA-D8-A1JL-DX1_xmin39765_ymin24835_MPP-0.2500+263[0100].png,3230,7880,5937,6795,3044,2666,216,4817,4725,1813,7,6,6,5,5,5,5,4,4,4
TCGA-D8-A1JL-DX1_xmin39765_ymin24835_MPP-0.2500+264[0100].png,6045,3088,2226,778,3434,5937,5428,6345,8013,6595,10,6,6,6,5,5,5,4,4,4
TCGA-D8-A1JL-DX1_xmin39765_ymin24835_MPP-0.2500+289[0100].png,4711,2308,5717,3088,1842,331,778,8049,1311,6321,7,7,6,5,5,5,5,5,5,4
TCGA-D8-A1JL-DX1_xmin39765_ymin24835_MPP-0.2500+290[0100].png,3230,516,1869,6795,7222,7189,1842,2977,216,3088,8,6,5,5,5,5,5,5,5,4
TCGA-D8-A1JL-DX1_xmin39765_ymin24835_MPP-0.2500+307[0100].png,7694,6321,7337,2226,6678,5428,7869,5937,6960,4725,7,6,5,5,5,5,5,4,4,4
TCGA-D8-A1JL-DX1_xmin39765_ymin24835_MPP-0.2500+324[0100].png,3088,4430,7007,7249,5023,7694,4947,781,5912,5999,6,6,6,5,5,5,5,5,5,4
TCGA-D8-A1JL-DX1_xmin39765_ymin24835_MPP-0.2500+325[0100].png,4817,5428,6795,4711,7694,331,276,935,215,1652,7,6,5,5,5,4,4,4,4,4
TCGA-D8-A1JL-DX1_xmin39765_ymin24835_MPP-0.2500+340[0100].png,781,4376,778,2815,5937,4711,2686,935,7175,7089,8,7,5,5,5,5,5,5,4,4
TCGA-D8-A1JL-DX1_xmin39765_ymin24835_MPP-0.2500+341[0100].png,7694,7448,3981,44,1624,630,2977,6678,604,601,6,5,5,5,4,4,4,4,4,4
TCGA-D8-A1JL-DX1_xmin39765_ymin24835_MPP-0.2500+342[0100].png,2226,5428,4436,1297,2249,5780,237,144,453,190,6,6,5,5,5,5,5,4,4,4
TCGA-D8-A1JL-DX1_xmin39765_ymin24835_MPP-0.2500+351[0100].png,4436,215,4817,6727,4150,130,3526,5872,3126,3088,7,6,6,5,5,5,5,5,5,4
TCGA-D8-A1JL-DX1_xmin39765_ymin24835_MPP-0.2500+354[0100].png,5741,276,781,1813,215,4436,7175,5937,5780,466,6,6,5,4,4,4,4,4,4,4
TCGA-D8-A1JL-DX1_xmin39765_ymin24835_MPP-0.2500+355[0100].png,725,5937,3459,7442,216,2903,516,6623,5872,2540,6,6,6,5,5,5,4,4,4,4
TCGA-D8-A1JL-DX1_xmin39765_ymin24835_MPP-0.2500+356[0100].png,1911,335,4817,7175,7265,2686,2977,4911,2780,2540,5,5,5,5,5,5,5,4,4,4
TCGA-D8-A1JL-DX1_xmin39765_ymin24835_MPP-0.2500+357[0100].png,5872,2226,3889,2815,2841,215,3487,2106,4436,958,7,5,5,5,5,5,4,4,4,4
TCGA-D8-A1JL-DX1_xmin39765_ymin24835_MPP-0.2500+358[0100].png,7091,5937,5872,4711,725,6121,1652,3487,2841,5717,6,6,6,5,5,5,5,5,4,4
TCGA-D8-A1JL-DX1_xmin39765_ymin24835_MPP-0.2500+359[0100].png,4817,6321,4001,7808,7175,6795,4602,4911,7674,7694,7,6,5,5,5,5,5,4,4,4
TCGA-D8-A1JL-DX1_xmin39765_ymin24835_MPP-0.2500+368[0100].png,5937,1813,216,781,7695,8066,5872,6321,3836,1857,7,6,6,6,5,5,5,5,5,4
TCGA-D8-A1JL-DX1_xmin39765_ymin24835_MPP-0.2500+371[0100].png,778,781,6795,3487,7694,124,4436,7360,5810,3230,8,7,5,5,5,5,5,4,4,4
TCGA-D8-A1JL-DX1_xmin39765_ymin24835_MPP-0.2500+372[0100].png,6856,4817,7694,7175,215,3619,5038,2583,5937,1311,6,6,6,5,5,5,5,5,4,4
TCGA-D8-A1JL-DX1_xmin39765_ymin24835_MPP-0.2500+373[0100].png,2977,5937,781,3434,4043,2540,2666,6045,6121,7750,6,6,6,5,5,5,5,5,5,5
TCGA-D8-A1JL-DX1_xmin39765_ymin24835_MPP-0.2500+374[0100].png,4817,2977,7410,216,7694,2540,5937,267,4711,958,8,7,7,7,6,6,5,5,5,5
TCGA-D8-A1JL-DX1_xmin39765_ymin24835_MPP-0.2500+375[0100].png,4436,2815,6045,3981,5937,4911,3094,6321,4817,1859,7,7,7,6,6,5,5,5,5,4
TCGA-D8-A1JL-DX1_xmin39765_ymin24835_MPP-0.2500+37[0100].png,3230,1842,3088,3434,2197,5433,453,6354,5763,2650,6,5,5,4,4,4,4,4,4,4
TCGA-D8-A1JL-DX1_xmin39765_ymin24835_MPP-0.2500+382[0100].png,781,2226,7880,5428,237,8013,4817,7337,7694,7189,6,6,5,5,5,5,5,4,4,4
TCGA-D8-A1JL-DX1_xmin39765_ymin24835_MPP-0.2500+384[0100].png,7694,3200,7337,4436,1842,1311,6652,3526,781,1682,7,6,6,6,5,5,5,5,5,5
TCGA-D8-A1JL-DX1_xmin39765_ymin24835_MPP-0.2500+385[0100].png,4436,3487,6265,4911,3209,168,781,3626,3908,4602,7,6,6,6,5,5,5,4,4,4
TCGA-D8-A1JL-DX1_xmin39765_ymin24835_MPP-0.2500+386[0100].png,7750,7024,4911,2226,7089,6724,7694,8101,1476,216,6,6,5,5,5,5,5,4,4,4
TCGA-D8-A1JL-DX1_xmin39765_ymin24835_MPP-0.2500+387[0100].png,781,4711,2776,6078,3526,216,4817,44,4376,4259,10,6,5,5,5,5,5,5,5,4
TCGA-D8-A1JL-DX1_xmin39765_ymin24835_MPP-0.2500+388[0100].png,4436,7091,2917,3836,5106,6678,4911,124,4711,3835,9,7,5,5,5,5,5,5,5,4
TCGA-D8-A1JL-DX1_xmin39765_ymin24835_MPP-0.2500+389[0100].png,6678,216,2686,1842,4436,4911,7249,4602,6121,124,6,6,6,6,6,5,5,4,4,4
TCGA-D8-A1JL-DX1_xmin39765_ymin24835_MPP-0.2500+390[0100].png,262,7337,2815,4430,4593,7695,6931,6321,594,1297,5,5,5,5,5,5,4,4,4,4
TCGA-D8-A1JL-DX1_xmin39765_ymin24835_MPP-0.2500+391[0100].png,5872,781,124,7899,1357,4436,2249,3526,1150,2140,6,6,6,6,5,5,5,5,4,4
TCGA-D8-A1JL-DX1_xmin39765_ymin24835_MPP-0.2500+392[0100].png,6616,781,5424,1813,4817,216,4602,2686,932,6269,6,5,5,5,5,4,4,4,4,4
TCGA-D8-A1JL-DX1_xmin39765_ymin24835_MPP-0.2500+393[0100].png,4711,4436,6588,4602,2127,1813,3434,7549,781,1311,6,6,6,6,5,5,5,5,5,5
TCGA-D8-A1JL-DX1_xmin39765_ymin24835_MPP-0.2500+3[0100].png,7337,6321,4711,2766,1476,3526,7694,7738,4250,2990,6,5,5,5,5,4,4,4,4,4
TCGA-D8-A1JL-DX1_xmin39765_ymin24835_MPP-0.2500+400[0100].png,124,6121,6048,7899,4001,7175,1807,2009,6678,1209,9,6,6,5,5,5,4,4,4,4
TCGA-D8-A1JL-DX1_xmin39765_ymin24835_MPP-0.2500+401[0100].png,781,3088,7808,331,3728,1813,2841,1794,7694,6217,6,6,6,5,5,5,5,4,4,4
TCGA-D8-A1JL-DX1_xmin39765_ymin24835_MPP-0.2500+402[0100].png,4817,781,3908,2646,7024,1842,3981,2666,145,216,7,6,5,5,5,4,4,4,4,4
TCGA-D8-A1JL-DX1_xmin39765_ymin24835_MPP-0.2500+403[0100].png,216,2666,781,3487,7091,6121,267,915,1361,2226,6,6,5,5,5,5,5,5,5,5
TCGA-D8-A1JL-DX1_xmin39765_ymin24835_MPP-0.2500+404[0100].png,2336,124,216,7175,3088,7819,6217,6121,5163,215,6,5,5,5,5,5,5,5,5,5
TCGA-D8-A1JL-DX1_xmin39765_ymin24835_MPP-0.2500+405[0100].png,4436,5937,5872,3128,6678,1440,781,4817,6795,4911,6,5,5,4,4,4,4,4,4,4
TCGA-D8-A1JL-DX1_xmin39765_ymin24835_MPP-0.2500+406[0100].png,582,781,4817,4911,267,1633,1842,216,2703,839,5,5,5,5,5,4,4,4,4,4
TCGA-D8-A1JL-DX1_xmin39765_ymin24835_MPP-0.2500+407[0100].png,7694,6795,6227,2686,4911,3626,8165,2540,4625,2815,8,6,6,6,5,5,5,5,5,5
TCGA-D8-A1JL-DX1_xmin39765_ymin24835_MPP-0.2500+408[0100].png,1624,1311,6121,3836,4817,44,5428,3000,4376,1463,7,6,6,5,5,4,4,4,4,4
TCGA-D8-A1JL-DX1_xmin39765_ymin24835_MPP-0.2500+409[0100].png,4817,5872,4436,4911,1356,2666,3094,267,6940,5097,8,7,6,5,5,5,5,4,4,4
TCGA-D8-A1JL-DX1_xmin39765_ymin24835_MPP-0.2500+417[0100].png,4376,5717,7175,594,958,7442,781,7089,6045,2794,7,6,6,5,5,5,5,5,5,4
TCGA-D8-A1JL-DX1_xmin39765_ymin24835_MPP-0.2500+418[0100].png,3487,4436,3000,6121,7733,7750,2917,7089,3469,4063,9,6,6,6,5,5,5,5,4,4
TCGA-D8-A1JL-DX1_xmin39765_ymin24835_MPP-0.2500+419[0100].png,781,4376,1654,5603,7694,5780,7408,1842,237,2780,9,9,6,6,5,5,5,5,4,4
TCGA-D8-A1JL-DX1_xmin39765_ymin24835_MPP-0.2500+420[0100].png,3901,4436,6652,4911,237,2917,1311,6678,216,4711,6,6,6,6,5,5,5,5,5,5
TCGA-D8-A1JL-DX1_xmin39765_ymin24835_MPP-0.2500+421[0100].png,389,6321,3088,3487,2686,7694,4711,5937,4436,3230,6,6,6,6,5,5,5,5,5,5
TCGA-D8-A1JL-DX1_xmin39765_ymin24835_MPP-0.2500+422[0100].png,186,3981,7175,6264,6795,781,2686,4602,3487,124,7,6,6,5,5,5,5,5,5,5
TCGA-D8-A1JL-DX1_xmin39765_ymin24835_MPP-0.2500+423[0100].png,1209,7249,3220,8013,915,828,4817,186,7089,2780,6,5,5,5,5,5,5,5,5,5
TCGA-D8-A1JL-DX1_xmin39765_ymin24835_MPP-0.2500+424[0100].png,781,5872,4911,3127,4817,5433,515,4436,44,5947,7,6,6,5,5,5,5,5,5,5
TCGA-D8-A1JL-DX1_xmin39765_ymin24835_MPP-0.2500+425[0100].png,7175,781,7249,5937,5166,5872,7152,3088,4911,2686,7,6,6,6,5,5,5,5,4,4
TCGA-D8-A1JL-DX1_xmin39765_ymin24835_MPP-0.2500+426[0100].png,5611,6121,2140,2977,7450,5433,1440,7694,2540,7024,6,6,5,4,4,4,4,4,4,4
TCGA-D8-A1JL-DX1_xmin39765_ymin24835_MPP-0.2500+427[0100].png,4711,6121,4311,4817,124,804,7695,781,915,5872,8,6,6,6,5,5,5,5,4,4
TCGA-D8-A1JL-DX1_xmin39765_ymin24835_MPP-0.2500+428[0100].png,4817,2815,3836,3230,2540,1218,4711,215,6321,781,8,7,6,5,5,5,5,4,4,4
TCGA-D8-A1JL-DX1_xmin39765_ymin24835_MPP-0.2500+429[0100].png,6782,216,4278,7089,7674,4340,516,2140,5872,7854,5,5,5,5,4,4,4,4,4,4
TCGA-D8-A1JL-DX1_xmin39765_ymin24835_MPP-0.2500+433[0100].png,5428,1842,516,186,7442,1624,216,4711,2841,5872,6,5,5,5,5,5,5,4,4,4
TCGA-D8-A1JL-DX1_xmin39765_ymin24835_MPP-0.2500+435[0100].png,781,2841,7249,5937,2977,4711,2666,2336,44,2281,7,7,6,6,6,6,5,5,5,5
TCGA-D8-A1JL-DX1_xmin39765_ymin24835_MPP-0.2500+436[0100].png,1311,781,3230,4911,7175,4240,2776,582,5097,331,6,6,6,6,5,5,5,5,5,5
TCGA-D8-A1JL-DX1_xmin39765_ymin24835_MPP-0.2500+437[0100].png,781,6321,3901,216,7317,3482,898,124,4711,5428,6,5,5,5,5,5,5,5,4,4
TCGA-D8-A1JL-DX1_xmin39765_ymin24835_MPP-0.2500+438[0100].png,6856,2841,216,7694,1813,4436,4068,3088,4817,7337,7,6,5,5,5,5,5,5,5,5
TCGA-D8-A1JL-DX1_xmin39765_ymin24835_MPP-0.2500+439[0100].png,781,778,6321,6121,1977,6856,4559,5937,4817,5872,11,5,5,5,5,5,5,5,5,4
TCGA-D8-A1JL-DX1_xmin39765_ymin24835_MPP-0.2500+440[0100].png,168,4436,5937,5763,124,6194,4602,7853,6789,216,7,6,6,6,6,5,5,5,4,4
TCGA-D8-A1JL-DX1_xmin39765_ymin24835_MPP-0.2500+441[0100].png,4436,898,7819,4711,2815,781,725,4911,7750,601,11,7,6,5,5,5,5,5,5,5
TCGA-D8-A1JL-DX1_xmin39765_ymin24835_MPP-0.2500+442[0100].png,2815,2583,958,2841,4436,216,1312,3626,6892,7089,6,6,5,5,5,4,4,4,4,4
TCGA-D8-A1JL-DX1_xmin39765_ymin24835_MPP-0.2500+443[0100].png,5872,4817,7694,7024,6678,6321,4711,828,1842,216,7,6,6,5,5,5,5,5,5,5
TCGA-D8-A1JL-DX1_xmin39765_ymin24835_MPP-0.2500+444[0100].png,4436,1463,4911,1297,6563,2223,7175,5673,1311,7410,7,7,6,5,5,5,5,5,5,4
TCGA-D8-A1JL-DX1_xmin39765_ymin24835_MPP-0.2500+445[0100].png,781,6869,4817,3835,1811,5433,6657,7089,4063,3434,6,5,5,5,5,5,5,5,4,4
TCGA-D8-A1JL-DX1_xmin39765_ymin24835_MPP-0.2500+446[0100].png,781,7175,2228,216,2223,7089,7091,6045,76,2226,9,7,6,6,5,5,5,5,4,4
TCGA-D8-A1JL-DX1_xmin39765_ymin24835_MPP-0.2500+447[0100].png,6048,2281,237,3908,2780,2540,7899,7249,958,3526,6,6,5,5,5,5,5,5,5,5
TCGA-D8-A1JL-DX1_xmin39765_ymin24835_MPP-0.2500+448[0100].png,1157,8081,5872,6045,2235,7869,3487,3000,2998,7035,9,6,6,6,6,5,5,4,4,4
TCGA-D8-A1JL-DX1_xmin39765_ymin24835_MPP-0.2500+449[0100].png,216,4436,5780,5872,4817,5937,8081,6045,6321,6479,8,7,5,5,5,4,4,4,4,4
TCGA-D8-A1JL-DX1_xmin39765_ymin24835_MPP-0.2500+450[0100].png,7249,6045,7808,190,2960,7175,216,5872,3870,7948,9,8,7,6,5,5,5,5,5,5
TCGA-D8-A1JL-DX1_xmin39765_ymin24835_MPP-0.2500+451[0100].png,4911,7819,4436,2650,781,6121,216,331,7694,6226,7,6,5,5,5,5,4,4,4,4
TCGA-D8-A1JL-DX1_xmin39765_ymin24835_MPP-0.2500+452[0100].png,2493,7007,2977,6045,7750,186,2488,5937,1652,958,7,6,6,6,5,5,5,5,5,5
TCGA-D8-A1JL-DX1_xmin39765_ymin24835_MPP-0.2500+453[0100].png,216,4817,4911,2540,6227,6179,4376,4436,781,3545,8,7,7,6,5,5,5,5,5,4
TCGA-D8-A1JL-DX1_xmin39765_ymin24835_MPP-0.2500+454[0100].png,4436,1842,7450,6045,2666,4494,2686,3094,6960,216,7,6,5,5,5,5,5,5,4,4
TCGA-D8-A1JL-DX1_xmin39765_ymin24835_MPP-0.2500+455[0100].png,5872,781,2666,4711,7695,3094,2815,3000,5937,8165,6,6,6,5,5,4,4,4,4,4
TCGA-D8-A1JL-DX1_xmin39765_ymin24835_MPP-0.2500+456[0100].png,7024,3836,124,3044,6623,4911,5937,1311,1157,1476,6,5,5,5,5,5,5,4,4,4
TCGA-D8-A1JL-DX1_xmin39765_ymin24835_MPP-0.2500+457[0100].png,2140,216,7175,1297,6321,2919,7189,2756,3365,4711,7,6,5,5,5,4,4,4,4,4
TCGA-D8-A1JL-DX1_xmin39765_ymin24835_MPP-0.2500+458[0100].png,7360,4001,216,5937,168,1209,2794,5780,7337,781,5,5,5,5,5,4,4,4,4,4
TCGA-D8-A1JL-DX1_xmin39765_ymin24835_MPP-0.2500+459[0100].png,3823,3230,1169,4817,7091,2666,4377,6045,516,5797,7,7,7,7,5,5,5,5,5,5
TCGA-D8-A1JL-DX1_xmin39765_ymin24835_MPP-0.2500+460[0100].png,216,781,2529,516,124,1811,4311,804,3230,7265,8,7,6,5,5,4,4,4,4,4
TCGA-D8-A1JL-DX1_xmin39765_ymin24835_MPP-0.2500+461[0100].png,4711,3836,1463,4817,3094,781,7694,4436,1311,7085,6,6,6,6,5,5,5,5,5,5
TCGA-D8-A1JL-DX1_xmin39765_ymin24835_MPP-0.2500+462[0100].png,7694,4817,5872,3094,2815,3434,594,4259,276,4911,10,9,6,6,6,6,5,5,5,5
TCGA-D8-A1JL-DX1_xmin39765_ymin24835_MPP-0.2500+463[0100].png,216,186,168,8081,4911,4559,781,5872,4436,1652,7,6,5,5,5,5,5,5,5,5
TCGA-D8-A1JL-DX1_xmin39765_ymin24835_MPP-0.2500+464[0100].png,216,6121,5780,7024,5937,6217,1813,5114,4911,7694,9,7,6,5,5,5,5,5,4,4
TCGA-D8-A1JL-DX1_xmin39765_ymin24835_MPP-0.2500+465[0100].png,7249,3526,5937,7024,6321,2990,7819,2815,7175,958,7,6,6,6,6,6,5,5,5,5
TCGA-D8-A1JL-DX1_xmin39765_ymin24835_MPP-0.2500+466[0100].png,5872,1476,4436,6121,935,8140,7750,2780,7694,3126,6,6,6,5,5,5,5,5,5,4
TCGA-D8-A1JL-DX1_xmin39765_ymin24835_MPP-0.2500+467[0100].png,7694,168,7175,6678,725,4602,5114,124,6511,1813,7,6,6,6,6,5,5,5,5,5
TCGA-D8-A1JL-DX1_xmin39765_ymin24835_MPP-0.2500+468[0100].png,7249,2226,4376,7750,2977,6045,124,7694,516,1008,8,6,6,5,5,5,5,5,5,4
TCGA-D8-A1JL-DX1_xmin39765_ymin24835_MPP-0.2500+469[0100].png,4602,4436,1813,7695,216,5424,124,781,4559,516,8,7,7,6,6,5,5,5,5,5
TCGA-D8-A1JL-DX1_xmin39765_ymin24835_MPP-0.2500+470[0100].png,3526,3088,6321,2815,7078,5097,5166,778,5207,5428,6,6,6,6,5,5,5,5,4,4
TCGA-D8-A1JL-DX1_xmin39765_ymin24835_MPP-0.2500+471[0100].png,1813,6045,781,3527,2977,7089,1494,4259,2557,7880,7,6,5,5,5,5,4,4,4,4
TCGA-D8-A1JL-DX1_xmin39765_ymin24835_MPP-0.2500+472[0100].png,1133,6795,1652,7024,6321,5207,2320,1310,4001,4480,8,6,6,6,6,5,5,5,5,5
TCGA-D8-A1JL-DX1_xmin39765_ymin24835_MPP-0.2500+473[0100].png,7595,5428,3526,8140,4436,6869,7880,4311,7694,781,5,5,5,5,5,4,4,4,4,4
TCGA-D8-A1JL-DX1_xmin39765_ymin24835_MPP-0.2500+474[0100].png,5912,7007,6121,216,7024,582,7694,7175,4911,1593,8,6,6,5,5,5,5,4,4,4
TCGA-D8-A1JL-DX1_xmin39765_ymin24835_MPP-0.2500+475[0100].png,5937,6045,4817,6321,4711,216,7948,6678,7091,130,8,7,6,5,5,5,5,5,4,4
TCGA-D8-A1JL-DX1_xmin39765_ymin24835_MPP-0.2500+476[0100].png,8013,215,216,516,3501,5741,168,7899,267,4377,8,5,5,5,5,5,5,4,4,4
TCGA-D8-A1JL-DX1_xmin39765_ymin24835_MPP-0.2500+477[0100].png,7249,6321,2977,4436,2815,4559,2226,2540,8081,7694,7,7,6,6,5,5,5,5,5,5
TCGA-D8-A1JL-DX1_xmin39765_ymin24835_MPP-0.2500+478[0100].png,781,4817,3088,4711,186,216,4043,421,1476,8140,9,6,6,6,5,5,4,4,4,4
TCGA-D8-A1JL-DX1_xmin39765_ymin24835_MPP-0.2500+479[0100].png,5937,4711,3487,1026,4602,2666,2226,4290,4377,3088,6,6,6,6,5,5,5,5,5,5
TCGA-D8-A1JL-DX1_xmin39765_ymin24835_MPP-0.2500+480[0100].png,781,2686,4911,4711,124,2319,4436,5428,3094,693,7,5,5,5,5,5,5,4,4,4
TCGA-D8-A1JL-DX1_xmin39765_ymin24835_MPP-0.2500+481[0100].png,4817,4376,5937,4480,7249,3836,2557,3434,7189,7695,7,6,6,5,5,5,5,5,5,5
TCGA-D8-A1JL-DX1_xmin39765_ymin24835_MPP-0.2500+482[0100].png,4911,4602,6652,7899,781,5097,2666,5610,6553,216,7,6,6,6,6,6,5,5,5,5
TCGA-D8-A1JL-DX1_xmin39765_ymin24835_MPP-0.2500+483[0100].png,5937,4711,6511,6121,3126,5428,3204,5392,3901,7085,7,6,6,5,5,5,5,4,4,4
TCGA-D8-A1JL-DX1_xmin39765_ymin24835_MPP-0.2500+484[0100].png,4436,5741,216,7175,7007,3044,2686,6045,3527,781,7,6,6,5,5,5,5,5,5,5
TCGA-D8-A1JL-DX1_xmin39765_ymin24835_MPP-0.2500+485[0100].png,6045,7175,3230,6869,4430,168,2540,1356,3836,4622,7,5,5,5,4,4,4,4,4,4
TCGA-D8-A1JL-DX1_xmin39765_ymin24835_MPP-0.2500+486[0100].png,4817,2841,7694,6678,7024,1813,2780,5433,3204,2226,6,5,5,5,5,5,5,5,5,4
TCGA-D8-A1JL-DX1_xmin39765_ymin24835_MPP-0.2500+487[0100].png,6045,2140,7175,7948,2320,5763,7694,7819,5741,7129,7,6,6,6,5,5,5,5,4,4
TCGA-D8-A1JL-DX1_xmin39765_ymin24835_MPP-0.2500+488[0100].png,2960,2815,7459,5098,2320,4311,7694,781,629,7189,6,6,5,5,5,5,5,5,5,4
TCGA-D8-A1JL-DX1_xmin39765_ymin24835_MPP-0.2500+489[0100].png,1813,4436,168,5937,6321,7835,7249,2686,7337,828,6,6,6,5,5,5,4,4,4,4
TCGA-D8-A1JL-DX1_xmin39765_ymin24835_MPP-0.2500+494[0100].png,4911,216,5097,124,7694,5872,6966,515,44,8014,7,7,6,6,5,5,5,5,5,5
TCGA-D8-A1JL-DX1_xmin39765_ymin24835_MPP-0.2500+495[0100].png,2977,124,4817,7899,5114,7249,8066,186,216,4602,10,8,7,6,5,5,5,5,5,5
TCGA-D8-A1JL-DX1_xmin39765_ymin24835_MPP-0.2500+496[0100].png,781,216,2540,4817,276,2093,5023,5872,725,1311,9,7,7,6,6,5,5,5,5,5
TCGA-D8-A1JL-DX1_xmin39765_ymin24835_MPP-0.2500+497[0100].png,6678,4602,2540,4911,3901,331,7694,3230,1977,5717,7,6,6,5,5,5,5,5,5,5
TCGA-D8-A1JL-DX1_xmin39765_ymin24835_MPP-0.2500+498[0100].png,4436,7694,1297,781,4817,7007,2140,5872,2977,216,7,6,6,6,6,5,5,5,5,5
TCGA-D8-A1JL-DX1_xmin39765_ymin24835_MPP-0.2500+499[0100].png,124,781,6678,5872,2529,7695,6121,2815,1463,725,9,7,6,6,5,5,5,5,5,5
TCGA-D8-A1JL-DX1_xmin39765_ymin24835_MPP-0.2500+4[0100].png,1780,5741,3230,267,6045,1813,2815,7880,4063,7249,6,5,5,5,5,5,4,4,4,4
TCGA-D8-A1JL-DX1_xmin39765_ymin24835_MPP-0.2500+500[0100].png,6321,3901,3000,2106,4376,4336,4817,7175,5428,5872,7,6,5,5,5,5,5,4,4,4
TCGA-D8-A1JL-DX1_xmin39765_ymin24835_MPP-0.2500+501[0100].png,781,7364,5937,7948,1008,3230,186,4711,2977,6808,9,6,6,5,5,5,5,4,4,4
TCGA-D8-A1JL-DX1_xmin39765_ymin24835_MPP-0.2500+502[0100].png,7694,453,7948,781,5937,7175,7007,5912,4622,3230,7,7,7,6,6,5,5,5,4,4
TCGA-D8-A1JL-DX1_xmin39765_ymin24835_MPP-0.2500+503[0100].png,3088,7694,5428,7410,7549,2977,4150,4436,1312,7164,9,8,6,5,5,5,4,4,4,4
TCGA-D8-A1JL-DX1_xmin39765_ymin24835_MPP-0.2500+504[0100].png,7091,8101,7694,168,7189,6795,3000,8013,8165,453,7,6,6,5,5,5,5,4,4,4
TCGA-D8-A1JL-DX1_xmin39765_ymin24835_MPP-0.2500+511[0100].png,781,935,725,216,267,912,2977,6678,513,3908,8,7,7,6,6,6,6,5,5,5
TCGA-D8-A1JL-DX1_xmin39765_ymin24835_MPP-0.2500+512[0100].png,2540,6045,2646,6321,4817,3434,7364,7249,7410,4777,6,6,5,5,5,5,5,5,5,4
TCGA-D8-A1JL-DX1_xmin39765_ymin24835_MPP-0.2500+513[0100].png,3088,781,5872,1001,6121,186,6321,7895,4642,216,9,7,6,5,5,5,5,5,5,5
TCGA-D8-A1JL-DX1_xmin39765_ymin24835_MPP-0.2500+514[0100].png,124,5872,2815,2977,915,4494,453,7189,5763,186,7,6,6,5,5,5,5,4,4,4
TCGA-D8-A1JL-DX1_xmin39765_ymin24835_MPP-0.2500+515[0100].png,216,5872,2666,124,781,2977,2919,168,2093,4911,8,7,6,6,6,5,5,5,5,5
TCGA-D8-A1JL-DX1_xmin39765_ymin24835_MPP-0.2500+516[0100].png,781,7694,124,7091,513,5097,2308,4817,912,7249,10,7,7,6,5,5,5,5,5,5
TCGA-D8-A1JL-DX1_xmin39765_ymin24835_MPP-0.2500+517[0100].png,4436,4602,7694,331,7175,186,2226,5780,3901,3487,10,8,5,5,5,5,5,5,5,5
TCGA-D8-A1JL-DX1_xmin39765_ymin24835_MPP-0.2500+518[0100].png,7175,216,3893,7694,6795,2666,1169,4911,3088,7695,8,8,7,6,6,6,5,5,5,5
TCGA-D8-A1JL-DX1_xmin39765_ymin24835_MPP-0.2500+519[0100].png,6045,6633,5098,5780,4436,7694,4911,3230,5424,781,7,6,5,5,5,4,4,4,4,4
TCGA-D8-A1JL-DX1_xmin39765_ymin24835_MPP-0.2500+520[0100].png,4376,7035,4001,7007,5937,915,7853,2451,4436,604,9,6,6,5,4,4,4,4,4,4
TCGA-D8-A1JL-DX1_xmin39765_ymin24835_MPP-0.2500+521[0100].png,3088,7089,5937,4436,781,6121,216,7733,5610,4725,11,6,5,5,5,5,5,4,4,4
TCGA-D8-A1JL-DX1_xmin39765_ymin24835_MPP-0.2500+528[0100].png,7694,2666,3836,2249,3526,4072,781,4711,1157,216,7,6,5,5,5,5,5,5,5,5
TCGA-D8-A1JL-DX1_xmin39765_ymin24835_MPP-0.2500+529[0100].png,7024,781,5428,3626,4063,2140,2686,1716,3981,237,8,7,6,5,5,5,5,5,5,5
TCGA-D8-A1JL-DX1_xmin39765_ymin24835_MPP-0.2500+530[0100].png,781,7367,4166,3626,5872,7024,352,5763,3088,6242,6,5,5,5,5,4,4,4,4,4
TCGA-D8-A1JL-DX1_xmin39765_ymin24835_MPP-0.2500+531[0100].png,4240,2999,7089,7410,1463,6960,4817,2666,781,2815,6,6,5,5,5,5,5,5,5,5
TCGA-D8-A1JL-DX1_xmin39765_ymin24835_MPP-0.2500+532[0100].png,4817,5937,4436,4711,6121,5717,781,6782,7007,4398,9,6,6,6,6,6,6,5,5,4
TCGA-D8-A1JL-DX1_xmin39765_ymin24835_MPP-0.2500+533[0100].png,781,7175,3000,257,2977,546,124,6045,4602,935,7,6,5,5,5,5,5,5,5,4
TCGA-D8-A1JL-DX1_xmin39765_ymin24835_MPP-0.2500+534[0100].png,4817,7694,124,7024,6964,2127,4436,516,6269,7085,7,7,6,6,5,5,5,4,4,4
TCGA-D8-A1JL-DX1_xmin39765_ymin24835_MPP-0.2500+535[0100].png,7694,237,4817,389,8081,2977,3088,958,6623,915,8,7,5,5,5,5,5,4,4,4
TCGA-D8-A1JL-DX1_xmin39765_ymin24835_MPP-0.2500+536[0100].png,4436,3230,4817,4711,124,4259,2540,4043,1356,6678,9,7,7,6,6,6,5,5,5,5
TCGA-D8-A1JL-DX1_xmin39765_ymin24835_MPP-0.2500+537[0100].png,7175,778,3044,4817,7750,3094,1476,3526,3088,2226,6,6,6,5,5,5,5,5,5,4
TCGA-D8-A1JL-DX1_xmin39765_ymin24835_MPP-0.2500+538[0100].png,781,3526,5912,4376,5611,5937,5763,5433,6121,389,7,6,6,5,5,5,5,5,5,5
TCGA-D8-A1JL-DX1_xmin39765_ymin24835_MPP-0.2500+53[0100].png,5780,237,2226,840,2990,3459,215,453,7448,1652,8,8,5,5,5,5,5,4,4,4
TCGA-D8-A1JL-DX1_xmin39765_ymin24835_MPP-0.2500+545[0100].png,6045,2977,216,5424,8014,217,6678,3209,3230,3088,9,8,6,5,5,5,5,5,5,4
TCGA-D8-A1JL-DX1_xmin39765_ymin24835_MPP-0.2500+546[0100].png,4711,3230,7694,6045,1842,6226,5097,5912,4286,215,6,6,5,5,5,5,5,4,4,4
TCGA-D8-A1JL-DX1_xmin39765_ymin24835_MPP-0.2500+547[0100].png,4711,1624,3088,7089,5797,6045,7175,7024,4377,3889,6,6,5,5,5,5,5,4,4,4
TCGA-D8-A1JL-DX1_xmin39765_ymin24835_MPP-0.2500+548[0100].png,1311,5872,516,4166,4602,686,958,4817,216,4911,7,6,6,6,6,5,4,4,4,4
TCGA-D8-A1JL-DX1_xmin39765_ymin24835_MPP-0.2500+549[0100].png,4436,781,124,216,4911,5872,6045,2977,7528,7175,9,8,8,6,6,5,5,5,5,5
TCGA-D8-A1JL-DX1_xmin39765_ymin24835_MPP-0.2500+550[0100].png,6678,6121,781,3901,4817,4602,4597,6960,1845,1846,6,6,6,5,5,5,4,4,4,4
TCGA-D8-A1JL-DX1_xmin39765_ymin24835_MPP-0.2500+551[0100].png,7091,6121,5937,898,2841,4436,2249,3901,3088,3482,6,6,5,5,5,5,4,4,4,4
TCGA-D8-A1JL-DX1_xmin39765_ymin24835_MPP-0.2500+552[0100].png,2977,7694,3901,3526,4150,1311,6121,935,7899,5797,9,6,6,6,5,5,5,5,4,4
TCGA-D8-A1JL-DX1_xmin39765_ymin24835_MPP-0.2500+553[0100].png,4817,3044,7694,7663,1157,3126,6623,6321,3000,6795,9,7,7,5,5,5,5,5,4,4
TCGA-D8-A1JL-DX1_xmin39765_ymin24835_MPP-0.2500+554[0100].png,4817,5741,5763,7694,4436,1977,2685,6678,6121,124,7,6,6,6,5,5,4,4,4,4
TCGA-D8-A1JL-DX1_xmin39765_ymin24835_MPP-0.2500+555[0100].png,5872,4817,3901,216,6045,6764,6678,1775,2686,4250,8,6,6,6,5,5,5,5,5,4
TCGA-D8-A1JL-DX1_xmin39765_ymin24835_MPP-0.2500+561[0100].png,7175,4817,781,2780,216,2430,5741,6960,7035,4911,9,6,6,6,6,5,5,5,5,5
TCGA-D8-A1JL-DX1_xmin39765_ymin24835_MPP-0.2500+562[0100].png,5780,2977,216,1811,5203,781,6045,453,7078,4436,8,8,7,6,5,5,5,5,5,4
TCGA-D8-A1JL-DX1_xmin39765_ymin24835_MPP-0.2500+563[0100].png,2977,124,216,2034,4711,5937,6784,6190,1463,276,6,5,5,5,5,4,4,4,4,4
TCGA-D8-A1JL-DX1_xmin39765_ymin24835_MPP-0.2500+564[0100].png,4311,216,4911,4376,8185,2977,6795,7410,4666,2815,8,6,6,6,5,5,4,4,4,4
TCGA-D8-A1JL-DX1_xmin39765_ymin24835_MPP-0.2500+565[0100].png,4436,7175,3088,781,3230,2106,4602,5872,168,2583,6,6,6,6,5,5,5,5,4,4
TCGA-D8-A1JL-DX1_xmin39765_ymin24835_MPP-0.2500+566[0100].png,828,7364,781,2140,124,3487,7694,186,3526,276,9,7,6,6,6,5,5,5,5,5
TCGA-D8-A1JL-DX1_xmin39765_ymin24835_MPP-0.2500+567[0100].png,781,7265,4817,1652,958,3971,3901,389,1203,1472,7,6,6,5,5,5,5,4,4,4
TCGA-D8-A1JL-DX1_xmin39765_ymin24835_MPP-0.2500+568[0100].png,216,4817,6045,781,3487,7360,4436,5428,5797,7035,8,7,7,6,6,6,5,5,5,5
TCGA-D8-A1JL-DX1_xmin39765_ymin24835_MPP-0.2500+569[0100].png,2226,6678,5428,6179,4817,1311,781,216,6078,6628,6,5,5,5,5,5,4,4,4,4
TCGA-D8-A1JL-DX1_xmin39765_ymin24835_MPP-0.2500+570[0100].png,6121,5763,4436,6964,4711,168,2990,1356,693,3088,8,7,7,6,5,5,4,4,4,4
TCGA-D8-A1JL-DX1_xmin39765_ymin24835_MPP-0.2500+571[0100].png,4911,4711,5872,1842,7166,6678,2115,7035,2226,2841,6,6,6,6,5,5,5,5,5,5
TCGA-D8-A1JL-DX1_xmin39765_ymin24835_MPP-0.2500+577[0100].png,5937,7899,781,4711,1209,276,4559,4817,2666,5872,6,6,5,5,5,4,4,4,4,4
TCGA-D8-A1JL-DX1_xmin39765_ymin24835_MPP-0.2500+578[0100].png,4911,7899,2226,1218,5937,4436,5763,1356,7249,6045,7,7,6,5,5,5,5,5,5,5
TCGA-D8-A1JL-DX1_xmin39765_ymin24835_MPP-0.2500+579[0100].png,4711,5428,216,781,389,6950,331,778,7733,7175,10,6,6,6,5,5,5,5,5,5
TCGA-D8-A1JL-DX1_xmin39765_ymin24835_MPP-0.2500+580[0100].png,781,3487,7694,7175,3230,2977,4817,4436,7189,6354,7,6,6,6,5,5,5,5,4,4
TCGA-D8-A1JL-DX1_xmin39765_ymin24835_MPP-0.2500+581[0100].png,1463,4436,2841,6045,276,186,7175,6194,7528,781,8,8,6,5,5,5,5,5,5,5
TCGA-D8-A1JL-DX1_xmin39765_ymin24835_MPP-0.2500+582[0100].png,4436,2815,1624,5872,5937,7694,4693,1842,267,2140,9,6,6,6,5,5,5,5,5,5
TCGA-D8-A1JL-DX1_xmin39765_ymin24835_MPP-0.2500+583[0100].png,781,6321,7694,7175,216,3501,124,4602,1463,5524,7,7,6,6,6,5,5,5,5,5
TCGA-D8-A1JL-DX1_xmin39765_ymin24835_MPP-0.2500+584[0100].png,4817,7024,335,3088,2666,4436,515,4711,4911,4311,7,6,6,6,6,5,5,5,5,5
TCGA-D8-A1JL-DX1_xmin39765_ymin24835_MPP-0.2500+585[0100].png,124,781,3526,7880,7175,2957,5937,4817,4602,1897,7,7,5,5,5,5,5,4,4,4
TCGA-D8-A1JL-DX1_xmin39765_ymin24835_MPP-0.2500+586[0100].png,216,1311,2841,4911,3836,5763,3094,6678,7249,2917,9,7,7,6,6,5,5,5,5,5
TCGA-D8-A1JL-DX1_xmin39765_ymin24835_MPP-0.2500+587[0100].png,124,781,915,7899,4911,7189,4559,6121,6678,2841,8,7,5,5,5,5,5,5,5,5
TCGA-D8-A1JL-DX1_xmin39765_ymin24835_MPP-0.2500+588[0100].png,781,2140,3230,6045,2609,8013,7694,6121,4911,5810,8,7,7,7,5,5,5,5,5,5
TCGA-D8-A1JL-DX1_xmin39765_ymin24835_MPP-0.2500+589[0100].png,781,5872,6678,4911,5937,5780,3094,44,2226,4775,8,6,6,6,6,5,5,5,5,5
TCGA-D8-A1JL-DX1_xmin39765_ymin24835_MPP-0.2500+590[0100].png,781,4602,3619,5937,4817,3626,2308,3526,216,4711,9,6,5,5,5,5,5,5,5,4
TCGA-D8-A1JL-DX1_xmin39765_ymin24835_MPP-0.2500+593[0100].png,3088,958,7175,781,6226,1652,7694,912,5937,7249,8,8,7,6,6,5,5,5,4,4
TCGA-D8-A1JL-DX1_xmin39765_ymin24835_MPP-0.2500+594[0100].png,6321,6619,781,7694,216,582,7024,6724,6226,2815,9,6,6,6,6,5,5,5,5,4
TCGA-D8-A1JL-DX1_xmin39765_ymin24835_MPP-0.2500+595[0100].png,4311,6226,7694,6321,131,4436,2977,4480,5433,1373,8,7,6,6,5,5,5,5,4,4
TCGA-D8-A1JL-DX1_xmin39765_ymin24835_MPP-0.2500+596[0100].png,2780,7694,3434,781,5203,2650,594,6795,4911,6321,6,5,5,5,5,5,5,4,4,4
TCGA-D8-A1JL-DX1_xmin39765_ymin24835_MPP-0.2500+597[0100].png,6045,3971,3088,215,6795,516,7091,3442,4436,3434,7,5,5,5,5,5,5,4,4,4
TCGA-D8-A1JL-DX1_xmin39765_ymin24835_MPP-0.2500+598[0100].png,5780,7175,4436,958,1652,2666,4817,1813,6045,7024,8,8,8,8,6,6,6,5,4,4
TCGA-D8-A1JL-DX1_xmin39765_ymin24835_MPP-0.2500+599[0100].png,5937,216,4711,124,7694,6563,7091,5433,6121,2666,7,7,6,6,6,6,6,5,5,5
TCGA-D8-A1JL-DX1_xmin39765_ymin24835_MPP-0.2500+600[0100].png,4436,216,3044,2127,2336,2841,1842,932,5912,516,10,7,7,6,6,6,5,5,5,5
TCGA-D8-A1JL-DX1_xmin39765_ymin24835_MPP-0.2500+601[0100].png,4711,7175,781,4436,4911,898,6265,5937,2249,1218,7,7,7,6,6,6,5,5,5,5
TCGA-D8-A1JL-DX1_xmin39765_ymin24835_MPP-0.2500+602[0100].png,4817,6121,781,6795,4436,2226,6321,3526,2794,453,8,7,7,6,6,5,5,5,5,5
TCGA-D8-A1JL-DX1_xmin39765_ymin24835_MPP-0.2500+603[0100].png,5797,216,781,7025,2666,4911,5780,1842,7249,518,7,7,6,6,6,6,5,5,5,5
TCGA-D8-A1JL-DX1_xmin39765_ymin24835_MPP-0.2500+604[0100].png,3230,2557,1842,781,5937,4166,5166,276,5433,5226,7,6,5,5,5,5,4,4,4,4
TCGA-D8-A1JL-DX1_xmin39765_ymin24835_MPP-0.2500+605[0100].png,4711,2686,7694,3044,5937,4436,1813,601,781,7360,9,7,6,6,6,6,6,5,5,5
TCGA-D8-A1JL-DX1_xmin39765_ymin24835_MPP-0.2500+606[0100].png,958,4311,2780,2841,7400,216,389,2249,4436,582,7,5,5,5,5,4,4,4,4,4
TCGA-D8-A1JL-DX1_xmin39765_ymin24835_MPP-0.2500+607[0100].png,3487,3088,2308,4911,2359,781,4817,7948,6563,5872,7,7,6,6,6,5,5,5,5,5
TCGA-D8-A1JL-DX1_xmin39765_ymin24835_MPP-0.2500+608[0100].png,958,1813,7442,515,6048,7024,5937,237,4711,331,7,7,7,6,6,6,6,5,5,5
TCGA-D8-A1JL-DX1_xmin39765_ymin24835_MPP-0.2500+609[0100].png,4436,7430,7899,1813,453,6226,3230,3836,5912,215,9,5,5,5,5,5,5,5,5,5
TCGA-D8-A1JL-DX1_xmin39765_ymin24835_MPP-0.2500+610[0100].png,7249,3501,781,5872,6321,594,7337,7024,7895,2776,7,6,6,5,5,5,5,5,5,5
TCGA-D8-A1JL-DX1_xmin39765_ymin24835_MPP-0.2500+611[0100].png,781,5881,915,4911,7948,3836,7360,4711,2977,5937,7,6,6,5,5,5,5,5,5,5
TCGA-D8-A1JL-DX1_xmin39765_ymin24835_MPP-0.2500+612[0100].png,7819,4143,4436,2977,781,7880,5098,2319,5097,7899,7,6,5,5,5,5,5,5,5,5
TCGA-D8-A1XK-DX1_xmin26340_ymin50273_MPP-0.2500+0[0100].png,215,3024,3209,6833,131,2990,1157,7337,5780,582,7,6,6,6,6,6,5,5,5,5
TCGA-D8-A1XK-DX1_xmin26340_ymin50273_MPP-0.2500+13[0100].png,6657,4160,3526,2967,2430,5203,162,2766,4911,2267,6,5,5,5,4,4,4,4,4,4
TCGA-D8-A1XK-DX1_xmin26340_ymin50273_MPP-0.2500+16[0100].png,4693,1836,2278,2308,541,1157,1297,7880,5834,6054,6,6,5,5,5,5,5,5,5,4
TCGA-D8-A1XK-DX1_xmin26340_ymin50273_MPP-0.2500+17[0100].png,781,1836,7695,3088,215,131,2766,6321,3500,7089,9,8,7,6,5,5,5,5,4,4
TCGA-D8-A1XK-DX1_xmin26340_ymin50273_MPP-0.2500+18[0100].png,3088,5834,7835,6657,2531,3026,1298,8081,3230,4691,8,6,6,6,6,5,5,5,4,4
TCGA-D8-A1XK-DX1_xmin26340_ymin50273_MPP-0.2500+1[0100].png,3088,6678,781,5392,1836,4250,7089,2766,7134,1842,8,6,6,6,6,5,5,5,5,5
TCGA-D8-A1XK-DX1_xmin26340_ymin50273_MPP-0.2500+20[0100].png,3088,4250,215,1652,335,4817,6652,5872,7134,7175,11,7,6,6,5,5,5,5,5,5
TCGA-D8-A1XK-DX1_xmin26340_ymin50273_MPP-0.2500+21[0100].png,3088,7694,8126,2756,4685,3030,5999,4711,2226,2180,6,6,5,5,5,5,4,4,4,4
TCGA-D8-A1XK-DX1_xmin26340_ymin50273_MPP-0.2500+22[0100].png,390,4322,5428,3044,3836,1652,7175,2226,5937,5433,6,6,5,5,5,5,5,5,5,4
TCGA-D8-A1XK-DX1_xmin26340_ymin50273_MPP-0.2500+23[0100].png,2766,3434,3526,319,4693,6807,2967,4250,7835,3044,6,6,6,6,6,5,5,5,5,5
TCGA-D8-A1XK-DX1_xmin26340_ymin50273_MPP-0.2500+27[0100].png,2336,5561,3346,7134,2531,5428,7694,2766,4642,1569,5,5,4,4,4,4,4,4,4,4
TCGA-D8-A1XK-DX1_xmin26340_ymin50273_MPP-0.2500+2[0100].png,1297,7694,3088,3026,7134,6702,4160,3526,5780,2493,8,8,7,6,6,5,5,5,5,5
TCGA-D8-A1XK-DX1_xmin26340_ymin50273_MPP-0.2500+33[0100].png,8081,7880,3901,2308,4376,7134,3044,5611,3026,3619,6,6,6,5,4,4,4,4,4,4
TCGA-D8-A1XK-DX1_xmin26340_ymin50273_MPP-0.2500+3[0100].png,6702,5834,3088,5872,5344,3026,7189,2756,44,2531,7,6,5,5,5,5,5,5,5,4
TCGA-D8-A1XK-DX1_xmin26340_ymin50273_MPP-0.2500+41[0100].png,3088,5428,1297,2531,7212,5937,4250,331,7694,2766,10,6,6,5,5,5,5,5,5,4
TCGA-D8-A1XK-DX1_xmin26340_ymin50273_MPP-0.2500+7[0100].png,794,2766,5038,3088,879,1203,4711,1836,7694,6563,7,7,5,5,5,5,5,5,4,4
TCGA-D8-A1XK-DX1_xmin26340_ymin50273_MPP-0.2500+8[0100].png,3230,215,5498,6807,808,2249,6652,6979,594,4685,7,6,6,5,5,5,4,4,4,4
TCGA-D8-A1XK-DX1_xmin26340_ymin50273_MPP-0.2500+9[0100].png,3026,5780,2870,7134,4436,2308,7694,216,840,6045,9,5,5,5,5,5,5,5,5,5
TCGA-D8-A1XQ-DX1_xmin61261_ymin33317_MPP-0.2500+100[0100].png,3836,5780,7450,2308,4725,5717,216,778,2326,4691,6,6,5,5,5,5,4,4,4,4
TCGA-D8-A1XQ-DX1_xmin61261_ymin33317_MPP-0.2500+101[0100].png,5611,3088,3836,1169,5912,3487,3527,6521,1357,6902,5,5,5,5,4,4,4,4,4,4
TCGA-D8-A1XQ-DX1_xmin61261_ymin33317_MPP-0.2500+102[0100].png,3675,7591,6724,4711,3230,7007,5780,3836,5741,4376,5,5,5,5,5,4,4,4,4,4
TCGA-D8-A1XQ-DX1_xmin61261_ymin33317_MPP-0.2500+103[0100].png,6795,1842,7694,3981,4911,2967,3209,3088,693,2476,6,6,5,4,4,4,4,4,4,4
TCGA-D8-A1XQ-DX1_xmin61261_ymin33317_MPP-0.2500+113[0100].png,237,4259,5392,276,7694,3209,4270,7853,5999,4430,7,5,5,5,4,4,4,4,4,4
TCGA-D8-A1XQ-DX1_xmin61261_ymin33317_MPP-0.2500+114[0100].png,3088,7694,1682,4711,2021,3230,5780,6479,6321,2308,9,5,5,5,5,4,4,4,4,4
TCGA-D8-A1XQ-DX1_xmin61261_ymin33317_MPP-0.2500+115[0100].png,4095,7337,5797,5735,1631,1373,3000,8016,495,4711,4,4,4,4,4,4,4,4,4,4
TCGA-D8-A1XQ-DX1_xmin61261_ymin33317_MPP-0.2500+116[0100].png,267,8148,5392,581,3209,389,8081,6678,4774,6999,6,5,4,4,4,4,4,4,3,3
TCGA-D8-A1XQ-DX1_xmin61261_ymin33317_MPP-0.2500+117[0100].png,1977,7189,3189,2336,4642,1440,2012,4993,389,688,5,4,4,4,4,4,4,4,4,4
TCGA-D8-A1XQ-DX1_xmin61261_ymin33317_MPP-0.2500+125[0100].png,1682,4593,6321,2308,3088,1842,7694,4261,3044,1373,5,4,4,4,4,4,4,3,3,3
TCGA-D8-A1XQ-DX1_xmin61261_ymin33317_MPP-0.2500+127[0100].png,7694,3088,5611,4725,6782,1842,4430,2756,2278,6702,7,6,5,5,4,4,4,4,4,4
TCGA-D8-A1XQ-DX1_xmin61261_ymin33317_MPP-0.2500+128[0100].png,5428,3836,5203,2666,4633,5741,4430,5023,3044,5912,9,9,6,6,4,4,4,4,4,4
TCGA-D8-A1XQ-DX1_xmin61261_ymin33317_MPP-0.2500+141[0100].png,4376,8081,404,215,3088,7880,3230,7694,6795,5741,7,6,5,5,5,5,4,4,4,4
TCGA-D8-A1XQ-DX1_xmin61261_ymin33317_MPP-0.2500+142[0100].png,7189,5834,6795,4112,5039,7694,5098,1297,4250,5433,6,5,4,4,4,4,4,4,4,4
TCGA-D8-A1XQ-DX1_xmin61261_ymin33317_MPP-0.2500+153[0100].png,3889,1682,5937,7166,1654,5999,3088,5065,1836,7018,5,5,5,4,4,4,4,4,3,3
TCGA-D8-A1XQ-DX1_xmin61261_ymin33317_MPP-0.2500+154[0100].png,2320,4080,7028,4311,2226,8013,1133,2336,47,7948,8,5,5,4,4,4,4,3,3,3
TCGA-D8-A1XQ-DX1_xmin61261_ymin33317_MPP-0.2500+155[0100].png,1682,5023,5428,7694,3088,836,840,5541,6678,5780,9,6,6,6,5,5,4,4,4,4
TCGA-D8-A1XQ-DX1_xmin61261_ymin33317_MPP-0.2500+156[0100].png,7695,3088,2308,4711,5392,3526,2115,3044,5780,1008,7,7,6,6,5,5,5,5,5,4
TCGA-D8-A1XQ-DX1_xmin61261_ymin33317_MPP-0.2500+168[0100].png,3088,4817,6045,3889,3836,5203,4340,5065,4160,1682,6,6,5,5,5,5,4,4,4,4
TCGA-D8-A1XQ-DX1_xmin61261_ymin33317_MPP-0.2500+169[0100].png,5780,7134,3088,6321,3000,7189,131,4593,2308,1001,7,6,6,5,5,5,5,5,4,4
TCGA-D8-A1XQ-DX1_xmin61261_ymin33317_MPP-0.2500+170[0100].png,3088,7134,3230,3527,5999,131,2666,6702,3526,3870,8,7,6,5,5,5,5,4,4,4
TCGA-D8-A1XQ-DX1_xmin61261_ymin33317_MPP-0.2500+183[0100].png,2308,5428,4711,7694,2903,3088,7695,4205,3209,7895,9,7,6,5,5,5,5,4,4,4
TCGA-D8-A1XQ-DX1_xmin61261_ymin33317_MPP-0.2500+184[0100].png,3088,2308,5065,7501,2903,5392,4711,7165,6892,5428,6,6,5,5,5,5,4,4,4,4
TCGA-D8-A1XQ-DX1_xmin61261_ymin33317_MPP-0.2500+196[0100].png,3088,3836,7165,3189,3044,7674,4725,8066,594,6227,9,6,5,5,5,4,4,4,4,4
TCGA-D8-A1XQ-DX1_xmin61261_ymin33317_MPP-0.2500+197[0100].png,131,237,5780,3209,5946,7166,4693,4711,2666,1842,7,7,7,6,5,5,5,5,5,5
TCGA-D8-A1XQ-DX1_xmin61261_ymin33317_MPP-0.2500+19[0100].png,1389,3526,2194,8000,6428,215,7484,7496,5302,4492,5,5,4,4,4,4,4,4,4,4
TCGA-D8-A1XQ-DX1_xmin61261_ymin33317_MPP-0.2500+1[0100].png,5428,5780,7694,2903,2870,3189,3088,6595,1682,1824,8,5,5,5,5,5,4,4,4,3
TCGA-D8-A1XQ-DX1_xmin61261_ymin33317_MPP-0.2500+210[0100].png,2308,4911,6902,5392,1297,2278,145,1356,3469,7694,8,6,5,5,5,5,5,5,5,5
TCGA-D8-A1XQ-DX1_xmin61261_ymin33317_MPP-0.2500+223[0100].png,3088,6724,5810,4711,1203,914,130,6966,6595,4998,7,6,6,5,5,5,4,4,4,4
TCGA-D8-A1XQ-DX1_xmin61261_ymin33317_MPP-0.2500+228[0100].png,3209,693,331,3088,7337,1846,4166,6620,7400,7175,5,5,5,4,4,4,4,4,4,4
TCGA-D8-A1XQ-DX1_xmin61261_ymin33317_MPP-0.2500+3[0100].png,3088,3209,1297,5098,5213,5166,4711,2326,3189,7166,11,8,6,5,5,5,5,4,4,4
TCGA-D8-A1XQ-DX1_xmin61261_ymin33317_MPP-0.2500+4[0100].png,5392,2308,2666,4711,5780,131,3527,3200,7733,2685,6,6,6,6,6,5,5,5,4,4
TCGA-D8-A1XQ-DX1_xmin61261_ymin33317_MPP-0.2500+71[0100].png,3088,5428,5392,3526,2278,6931,5937,3729,8081,1235,5,5,5,4,4,4,4,4,4,4
TCGA-D8-A1XQ-DX1_xmin61261_ymin33317_MPP-0.2500+72[0100].png,1682,1977,4205,5392,1463,4436,6292,5490,1654,2756,7,6,5,5,5,5,4,4,4,4
TCGA-D8-A1XQ-DX1_xmin61261_ymin33317_MPP-0.2500+86[0100].png,3088,2308,4376,840,4817,2967,7694,310,8148,3526,5,5,5,5,5,5,5,5,4,4
TCGA-D8-A1XQ-DX1_xmin61261_ymin33317_MPP-0.2500+87[0100].png,7808,4725,6702,1842,1977,44,3526,2194,322,2180,5,5,5,4,4,4,4,4,4,4
TCGA-D8-A27M-DX1_xmin54473_ymin16109_MPP-0.2500+105[0100].png,5937,7189,6321,4817,216,6931,8066,6795,1652,3189,6,6,6,5,5,5,5,5,5,5
TCGA-D8-A27M-DX1_xmin54473_ymin16109_MPP-0.2500+106[0100].png,1813,3088,7694,4311,1877,7024,5780,7948,2267,215,9,7,6,5,5,5,5,4,4,4
TCGA-D8-A27M-DX1_xmin54473_ymin16109_MPP-0.2500+109[0100].png,7134,3088,2308,7916,3836,6321,6192,1297,352,7899,6,5,5,4,4,4,4,4,4,4
TCGA-D8-A27M-DX1_xmin54473_ymin16109_MPP-0.2500+10[0100].png,6321,2308,3127,7134,5047,6678,5428,131,3466,2278,6,6,6,5,5,5,5,4,4,4
TCGA-D8-A27M-DX1_xmin54473_ymin16109_MPP-0.2500+110[0100].png,6321,781,7694,1602,2967,4622,2106,6657,4606,7589,7,5,5,4,4,4,4,4,4,4
TCGA-D8-A27M-DX1_xmin54473_ymin16109_MPP-0.2500+111[0100].png,1833,3044,5937,7948,453,1042,4911,2990,1155,1297,6,5,5,5,5,4,4,4,4,4
TCGA-D8-A27M-DX1_xmin54473_ymin16109_MPP-0.2500+117[0100].png,2326,3088,8140,2919,958,7091,4559,1682,5763,6678,6,6,5,5,5,5,5,5,5,5
TCGA-D8-A27M-DX1_xmin54473_ymin16109_MPP-0.2500+118[0100].png,3044,3526,1157,725,215,3024,6869,6321,7392,8081,7,6,6,5,5,5,4,4,4,4
TCGA-D8-A27M-DX1_xmin54473_ymin16109_MPP-0.2500+119[0100].png,958,2043,215,5047,3088,7134,2226,390,5797,8081,10,8,7,6,6,6,6,6,6,6
TCGA-D8-A27M-DX1_xmin54473_ymin16109_MPP-0.2500+11[0100].png,3088,2686,1476,7948,2062,5797,3678,4377,215,1794,8,6,6,5,5,5,4,4,4,4
TCGA-D8-A27M-DX1_xmin54473_ymin16109_MPP-0.2500+120[0100].png,7948,215,1813,5795,2967,1836,7129,1030,3088,3365,9,7,6,6,5,5,5,5,5,5
TCGA-D8-A27M-DX1_xmin54473_ymin16109_MPP-0.2500+129[0100].png,216,4817,5937,8081,7694,7695,5428,1460,6563,7189,6,6,6,6,6,6,6,6,6,5
TCGA-D8-A27M-DX1_xmin54473_ymin16109_MPP-0.2500+130[0100].png,4436,215,1297,3230,7733,5097,7024,3637,7694,2226,7,6,6,5,5,5,5,5,5,5
TCGA-D8-A27M-DX1_xmin54473_ymin16109_MPP-0.2500+131[0100].png,2967,7853,8101,1297,2226,2919,2062,4817,6795,4436,7,7,7,6,5,5,5,5,5,5
TCGA-D8-A27M-DX1_xmin54473_ymin16109_MPP-0.2500+132[0100].png,3088,4711,7129,3434,5937,4259,5194,3230,6702,5701,7,7,6,5,5,5,5,5,5,4
TCGA-D8-A27M-DX1_xmin54473_ymin16109_MPP-0.2500+141[0100].png,215,3088,781,2977,5065,4911,130,7819,1911,958,9,9,8,7,6,6,6,5,5,5
TCGA-D8-A27M-DX1_xmin54473_ymin16109_MPP-0.2500+142[0100].png,6045,4436,3088,7819,1813,7694,5872,8165,5047,3836,6,6,6,5,5,5,5,5,5,5
TCGA-D8-A27M-DX1_xmin54473_ymin16109_MPP-0.2500+143[0100].png,3088,7694,7175,4602,915,4436,3901,6964,1813,6264,7,7,6,5,5,5,5,5,5,4
TCGA-D8-A27M-DX1_xmin54473_ymin16109_MPP-0.2500+144[0100].png,215,7175,781,7819,5097,144,7089,915,4911,3500,7,6,6,5,5,5,5,5,5,5
TCGA-D8-A27M-DX1_xmin54473_ymin16109_MPP-0.2500+145[0100].png,3088,3836,6045,781,6121,5872,3026,1813,6321,7024,9,6,5,5,5,5,5,5,5,4
TCGA-D8-A27M-DX1_xmin54473_ymin16109_MPP-0.2500+146[0100].png,335,3030,781,5999,3889,5780,3209,162,7249,516,9,6,6,6,5,5,5,4,4,4
TCGA-D8-A27M-DX1_xmin54473_ymin16109_MPP-0.2500+149[0100].png,3823,6321,216,335,4290,145,1767,3836,1375,6269,6,6,6,5,5,4,4,4,4,4
TCGA-D8-A27M-DX1_xmin54473_ymin16109_MPP-0.2500+156[0100].png,1775,5797,7175,5912,3836,5392,2666,6652,5203,3088,6,6,5,5,5,5,5,5,5,5
TCGA-D8-A27M-DX1_xmin54473_ymin16109_MPP-0.2500+157[0100].png,5797,516,5872,5097,1311,5098,1836,7674,215,3526,6,6,6,5,5,5,5,5,5,5
TCGA-D8-A27M-DX1_xmin54473_ymin16109_MPP-0.2500+158[0100].png,7089,7175,915,4376,216,1836,3088,5428,4817,3230,8,7,6,6,6,6,5,5,5,5
TCGA-D8-A27M-DX1_xmin54473_ymin16109_MPP-0.2500+159[0100].png,7694,3088,6121,6678,5937,3526,3901,2977,4642,6227,9,6,6,5,5,5,5,5,4,4
TCGA-D8-A27M-DX1_xmin54473_ymin16109_MPP-0.2500+160[0100].png,6321,2308,7899,1682,725,693,1992,3870,1311,5912,6,6,5,5,5,5,4,4,4,4
TCGA-D8-A27M-DX1_xmin54473_ymin16109_MPP-0.2500+161[0100].png,4817,6321,3901,7694,2780,4642,7880,3088,7360,1375,7,7,6,6,6,6,5,5,5,5
TCGA-D8-A27M-DX1_xmin54473_ymin16109_MPP-0.2500+162[0100].png,6321,5780,7835,7337,131,3889,2278,216,7089,215,8,7,5,5,4,4,4,4,4,4
TCGA-D8-A27M-DX1_xmin54473_ymin16109_MPP-0.2500+171[0100].png,4817,2308,453,915,6782,3195,1775,5763,781,6807,7,6,6,6,6,6,5,5,5,5
TCGA-D8-A27M-DX1_xmin54473_ymin16109_MPP-0.2500+172[0100].png,1842,1652,693,781,4911,453,725,7448,7091,3088,6,5,5,5,5,5,4,4,4,4
TCGA-D8-A27M-DX1_xmin54473_ymin16109_MPP-0.2500+173[0100].png,6045,4911,6678,5872,2226,2602,2977,7089,1297,4817,7,6,6,6,6,6,5,5,5,5
TCGA-D8-A27M-DX1_xmin54473_ymin16109_MPP-0.2500+174[0100].png,7024,6045,124,216,781,3200,7089,3901,4436,5509,8,8,6,6,6,5,5,5,5,5
TCGA-D8-A27M-DX1_xmin54473_ymin16109_MPP-0.2500+175[0100].png,3836,145,1297,4711,1203,4911,2990,5912,2841,2780,6,6,5,5,5,5,5,5,4,4
TCGA-D8-A27M-DX1_xmin54473_ymin16109_MPP-0.2500+17[0100].png,5937,5797,131,7024,6045,2686,4642,3088,1696,5999,6,5,5,5,5,5,4,4,4,4
TCGA-D8-A27M-DX1_xmin54473_ymin16109_MPP-0.2500+186[0100].png,4817,5097,781,7694,4436,915,3088,267,6902,725,7,6,6,5,5,5,5,5,5,4
TCGA-D8-A27M-DX1_xmin54473_ymin16109_MPP-0.2500+187[0100].png,4911,215,3088,4436,2226,2018,5937,7694,2990,7175,7,7,6,5,5,5,5,5,5,5
TCGA-D8-A27M-DX1_xmin54473_ymin16109_MPP-0.2500+188[0100].png,781,4685,3209,4436,7450,5872,1846,7674,1652,4311,7,7,5,5,5,5,5,5,5,4
TCGA-D8-A27M-DX1_xmin54473_ymin16109_MPP-0.2500+18[0100].png,3127,1157,1652,1311,3823,215,331,2686,3514,2990,5,5,5,5,4,4,4,4,4,4
TCGA-D8-A27M-DX1_xmin54473_ymin16109_MPP-0.2500+19[0100].png,4377,1813,3626,3204,215,7948,8013,5047,5325,7249,6,6,6,5,5,5,5,4,4,4
TCGA-D8-A27M-DX1_xmin54473_ymin16109_MPP-0.2500+24[0100].png,453,3204,1813,7175,915,6657,4642,4143,6227,7899,7,7,6,5,4,4,4,4,4,4
TCGA-D8-A27M-DX1_xmin54473_ymin16109_MPP-0.2500+25[0100].png,1813,4711,4311,872,215,1508,7957,2278,5047,7948,11,6,5,5,5,5,5,5,5,4
TCGA-D8-A27M-DX1_xmin54473_ymin16109_MPP-0.2500+26[0100].png,4143,4376,5585,33,297,4259,2308,7916,5834,7733,5,5,5,4,4,4,4,4,4,4
TCGA-D8-A27M-DX1_xmin54473_ymin16109_MPP-0.2500+27[0100].png,7024,215,1311,601,3024,1967,3849,6269,2644,1845,5,5,5,5,4,4,4,4,4,4
TCGA-D8-A27M-DX1_xmin54473_ymin16109_MPP-0.2500+47[0100].png,4340,8081,2766,44,7175,3044,3230,2756,4693,4436,6,6,6,6,5,5,5,5,5,4
TCGA-D8-A27M-DX1_xmin54473_ymin16109_MPP-0.2500+85[0100].png,1842,5999,3088,5912,5098,4711,1312,5780,4160,7024,6,6,6,5,5,5,5,5,4,4
TCGA-D8-A27M-DX1_xmin54473_ymin16109_MPP-0.2500+93[0100].png,3088,5937,2308,3526,6782,7448,4143,840,8165,4290,13,7,6,5,5,4,4,4,4,4
TCGA-D8-A27M-DX1_xmin54473_ymin16109_MPP-0.2500+98[0100].png,2756,6045,4160,3836,7819,3823,5325,2977,8101,4693,6,6,5,4,4,4,4,4,4,4
TCGA-E2-A1AZ-DX1_xmin50286_ymin17075_MPP-0.2500+103[0100].png,1682,516,4691,7337,389,3268,1312,6678,7089,5308,6,5,5,5,5,4,4,4,4,4
TCGA-E2-A1AZ-DX1_xmin50286_ymin17075_MPP-0.2500+10[0100].png,5428,9,8166,1174,7134,516,1169,7485,2967,4817,7,6,6,5,5,5,5,5,5,5
TCGA-E2-A1AZ-DX1_xmin50286_ymin17075_MPP-0.2500+19[0100].png,7134,516,3637,1842,2308,5912,7565,5717,5424,297,9,6,6,5,5,5,4,4,4,4
TCGA-E2-A1AZ-DX1_xmin50286_ymin17075_MPP-0.2500+20[0100].png,4593,6192,8081,5392,3526,44,4080,2666,3836,1372,7,7,7,6,5,5,5,5,5,5
TCGA-E2-A1AZ-DX1_xmin50286_ymin17075_MPP-0.2500+21[0100].png,6678,2308,5392,4080,7134,5912,1389,4711,6807,4817,5,5,5,5,5,5,5,5,5,4
TCGA-E2-A1AZ-DX1_xmin50286_ymin17075_MPP-0.2500+22[0100].png,2278,7694,2308,7880,5106,124,6628,2919,389,5098,6,6,6,5,5,5,5,5,4,4
TCGA-E2-A1AZ-DX1_xmin50286_ymin17075_MPP-0.2500+29[0100].png,4817,3836,7880,5834,5603,2967,2308,3626,3000,2919,6,6,6,5,5,5,5,5,4,4
TCGA-E2-A1AZ-DX1_xmin50286_ymin17075_MPP-0.2500+30[0100].png,840,7134,5834,5023,4166,6511,3841,4250,3088,1298,7,7,6,6,5,5,5,5,4,4
TCGA-E2-A1AZ-DX1_xmin50286_ymin17075_MPP-0.2500+31[0100].png,5392,693,7694,7880,4100,389,3209,131,4817,3000,8,6,5,5,5,4,4,4,4,4
TCGA-E2-A1AZ-DX1_xmin50286_ymin17075_MPP-0.2500+39[0100].png,4080,6807,5603,131,6292,8000,7007,5912,2967,8166,10,6,5,5,4,4,4,4,4,4
TCGA-E2-A1AZ-DX1_xmin50286_ymin17075_MPP-0.2500+40[0100].png,215,131,2967,2766,3000,1836,162,7134,1174,5780,7,7,7,6,6,5,5,5,5,5
TCGA-E2-A1AZ-DX1_xmin50286_ymin17075_MPP-0.2500+48[0100].png,7948,2320,958,3849,7028,3526,4817,6226,5207,131,10,7,6,6,5,5,5,5,4,4
TCGA-E2-A1AZ-DX1_xmin50286_ymin17075_MPP-0.2500+49[0100].png,1389,5023,6511,131,4250,2967,8110,6321,1897,725,7,6,6,5,5,5,4,4,4,4
TCGA-E2-A1AZ-DX1_xmin50286_ymin17075_MPP-0.2500+50[0100].png,7880,2990,2766,4080,1842,3189,693,4250,2967,3487,7,6,6,5,5,5,5,5,5,5
TCGA-E2-A1AZ-DX1_xmin50286_ymin17075_MPP-0.2500+58[0100].png,5860,2960,1882,6226,7459,5207,2686,6869,1813,5100,13,9,8,7,7,5,5,5,5,5
TCGA-E2-A1AZ-DX1_xmin50286_ymin17075_MPP-0.2500+59[0100].png,4693,2766,7880,5834,7604,1836,4430,5023,5780,3823,6,6,6,5,5,5,5,5,5,5
TCGA-E2-A1AZ-DX1_xmin50286_ymin17075_MPP-0.2500+60[0100].png,3637,7694,3088,7880,5203,1613,4817,693,4100,6678,6,5,5,5,5,5,5,5,4,4
TCGA-E2-A1AZ-DX1_xmin50286_ymin17075_MPP-0.2500+70[0100].png,516,7694,2903,5780,215,6257,7853,8148,778,4143,6,6,5,5,5,4,4,4,4,3
TCGA-E2-A1AZ-DX1_xmin50286_ymin17075_MPP-0.2500+71[0100].png,1842,6121,4080,4100,5603,3000,3545,4250,2278,6226,8,5,5,5,5,5,5,5,4,4
TCGA-E2-A1AZ-DX1_xmin50286_ymin17075_MPP-0.2500+72[0100].png,840,5047,6931,3526,7880,4817,3678,1869,7400,4593,6,6,6,6,5,5,4,4,4,4
TCGA-E2-A1AZ-DX1_xmin50286_ymin17075_MPP-0.2500+81[0100].png,3209,1813,237,6321,693,8003,5520,4250,2493,7089,7,6,6,5,5,5,5,5,5,5
TCGA-E2-A1AZ-DX1_xmin50286_ymin17075_MPP-0.2500+82[0100].png,2766,4817,3209,8081,6595,5780,6678,1813,5741,4711,6,6,5,5,4,4,4,4,4,4
TCGA-E2-A1AZ-DX1_xmin50286_ymin17075_MPP-0.2500+83[0100].png,5872,7694,5780,3230,2250,2650,6479,131,6931,7549,5,5,5,4,4,4,4,4,4,4
TCGA-E2-A1AZ-DX1_xmin50286_ymin17075_MPP-0.2500+91[0100].png,8081,693,276,5735,1297,2977,7442,6931,7337,4430,8,5,5,4,4,4,4,4,4,4
TCGA-E2-A1AZ-DX1_xmin50286_ymin17075_MPP-0.2500+92[0100].png,5098,1977,4250,2083,6869,1297,44,2493,216,4376,6,5,5,5,5,4,4,4,4,4
TCGA-E2-A1AZ-DX1_xmin50286_ymin17075_MPP-0.2500+95[0100].png,4250,7175,5780,2226,2903,1463,3088,3526,5717,1460,6,5,5,5,4,4,4,4,4,4
TCGA-E2-A1AZ-DX1_xmin50286_ymin17075_MPP-0.2500+9[0100].png,4817,6192,4711,3088,6173,3526,7134,6226,8148,237,6,6,5,5,5,4,4,4,4,4
TCGA-E2-A1L7-DX1_xmin51554_ymin15424_MPP-0.2500+104[0100].png,1311,3088,1624,1897,5603,7835,3836,8066,4711,6960,7,6,6,5,5,5,5,5,5,5
TCGA-E2-A1L7-DX1_xmin51554_ymin15424_MPP-0.2500+106[0100].png,5780,3088,3836,5999,4711,7024,3526,5797,7189,3230,9,7,6,5,5,5,5,4,4,4
TCGA-E2-A1L7-DX1_xmin51554_ymin15424_MPP-0.2500+107[0100].png,5780,7024,3526,7880,2588,3088,6045,2308,7377,168,9,8,8,7,6,6,5,5,5,5
TCGA-E2-A1L7-DX1_xmin51554_ymin15424_MPP-0.2500+108[0100].png,5797,3088,4711,5780,2756,3836,3526,632,8126,7694,8,8,7,7,6,6,6,5,5,5
TCGA-E2-A1L7-DX1_xmin51554_ymin15424_MPP-0.2500+109[0100].png,3088,276,915,5797,5097,216,4311,8165,781,331,7,6,6,6,6,5,5,5,5,5
TCGA-E2-A1L7-DX1_xmin51554_ymin15424_MPP-0.2500+116[0100].png,162,3088,3889,7430,1682,2903,7400,3189,7089,5203,7,6,6,5,5,5,5,4,4,4
TCGA-E2-A1L7-DX1_xmin51554_ymin15424_MPP-0.2500+117[0100].png,5603,3526,3088,7880,7337,516,7808,4436,1869,1218,7,7,7,5,4,4,4,4,4,4
TCGA-E2-A1L7-DX1_xmin51554_ymin15424_MPP-0.2500+118[0100].png,3088,4311,5797,632,3230,781,237,3836,1297,6795,7,6,6,5,5,5,5,5,5,4
TCGA-E2-A1L7-DX1_xmin51554_ymin15424_MPP-0.2500+119[0100].png,3088,7175,2226,6226,4112,6269,1508,1602,389,1652,6,6,6,5,5,5,5,4,4,4
TCGA-E2-A1L7-DX1_xmin51554_ymin15424_MPP-0.2500+120[0100].png,3088,5344,1652,958,7880,3477,5859,2308,3631,6045,7,7,6,6,5,5,5,5,5,5
TCGA-E2-A1L7-DX1_xmin51554_ymin15424_MPP-0.2500+121[0100].png,1652,5937,5797,3088,2967,6807,1008,4711,2756,8148,7,7,6,5,5,5,5,5,5,5
TCGA-E2-A1L7-DX1_xmin51554_ymin15424_MPP-0.2500+122[0100].png,3526,3088,781,3908,4436,7694,3836,4711,1297,7899,10,9,6,5,5,5,5,5,4,4
TCGA-E2-A1L7-DX1_xmin51554_ymin15424_MPP-0.2500+123[0100].png,935,7175,145,4711,1476,331,5797,6795,8185,6045,6,6,6,6,5,5,5,5,5,5
TCGA-E2-A1L7-DX1_xmin51554_ymin15424_MPP-0.2500+124[0100].png,4911,6045,781,2977,5912,5999,1682,5937,6702,3526,6,6,5,5,5,5,5,5,5,5
TCGA-E2-A1L7-DX1_xmin51554_ymin15424_MPP-0.2500+125[0100].png,4711,3526,1652,7695,6045,594,1775,4817,6702,1297,8,7,7,6,6,5,5,5,5,5
TCGA-E2-A1L7-DX1_xmin51554_ymin15424_MPP-0.2500+131[0100].png,5780,5797,4711,1008,3836,1682,6902,2756,6226,5097,8,8,7,6,6,6,6,6,5,5
TCGA-E2-A1L7-DX1_xmin51554_ymin15424_MPP-0.2500+132[0100].png,3836,5797,2756,4205,3209,8081,1203,781,1836,4711,7,6,6,6,6,5,5,5,5,5
TCGA-E2-A1L7-DX1_xmin51554_ymin15424_MPP-0.2500+133[0100].png,3088,2756,1682,1297,6045,2308,7694,3526,7895,5797,13,10,7,7,7,6,6,6,5,5
TCGA-E2-A1L7-DX1_xmin51554_ymin15424_MPP-0.2500+134[0100].png,3088,3836,3526,4311,1652,7695,6702,215,3126,5097,10,7,6,6,6,6,5,5,5,5
TCGA-E2-A1L7-DX1_xmin51554_ymin15424_MPP-0.2500+135[0100].png,1652,6045,2977,7189,4711,4250,582,1203,7165,2226,9,8,7,7,7,6,5,5,5,5
TCGA-E2-A1L7-DX1_xmin51554_ymin15424_MPP-0.2500+136[0100].png,3088,516,7733,7694,4436,2780,3230,1682,4311,2967,10,6,6,5,5,5,5,5,5,5
TCGA-E2-A1L7-DX1_xmin51554_ymin15424_MPP-0.2500+137[0100].png,3088,4711,2666,4559,3526,5509,7694,686,1297,4250,8,7,6,6,6,6,5,5,5,5
TCGA-E2-A1L7-DX1_xmin51554_ymin15424_MPP-0.2500+138[0100].png,3088,7175,6795,2308,2756,6354,237,3230,7694,3836,8,6,6,5,5,5,5,5,5,5
TCGA-E2-A1L7-DX1_xmin51554_ymin15424_MPP-0.2500+139[0100].png,2308,3088,7175,2140,3981,5937,145,5428,5797,2115,8,7,7,6,5,5,4,4,4,4
TCGA-E2-A1L7-DX1_xmin51554_ymin15424_MPP-0.2500+140[0100].png,6045,5999,3044,215,4311,4436,3088,2430,331,7738,8,6,6,6,5,5,5,5,5,5
TCGA-E2-A1L7-DX1_xmin51554_ymin15424_MPP-0.2500+141[0100].png,3088,6045,2226,335,1813,632,3889,5937,2430,7134,11,6,5,5,5,5,5,4,4,4
TCGA-E2-A1L7-DX1_xmin51554_ymin15424_MPP-0.2500+144[0100].png,3088,2308,1836,3526,1157,840,3889,8110,4259,8081,7,6,6,6,5,5,5,4,4,4
TCGA-E2-A1L7-DX1_xmin51554_ymin15424_MPP-0.2500+145[0100].png,2308,5797,5344,3870,5203,6045,6227,632,4290,2140,9,8,7,7,5,5,5,5,5,4
TCGA-E2-A1L7-DX1_xmin51554_ymin15424_MPP-0.2500+146[0100].png,3088,7129,594,6045,7694,8148,5859,5099,2430,7880,8,6,6,6,5,5,5,5,4,4
TCGA-E2-A1L7-DX1_xmin51554_ymin15424_MPP-0.2500+147[0100].png,2308,3088,7694,3526,5797,8101,2967,781,4711,4034,7,6,6,5,5,5,5,5,5,4
TCGA-E2-A1L7-DX1_xmin51554_ymin15424_MPP-0.2500+148[0100].png,1842,1297,2977,4711,7694,5780,3088,5834,6045,1652,9,9,8,6,6,6,6,5,5,5
TCGA-E2-A1L7-DX1_xmin51554_ymin15424_MPP-0.2500+149[0100].png,7695,4711,7164,335,4911,1203,352,7948,4817,632,8,7,7,7,6,6,5,5,5,5
TCGA-E2-A1L7-DX1_xmin51554_ymin15424_MPP-0.2500+150[0100].png,3088,216,4436,7175,3836,6045,1297,594,5065,5872,8,6,6,6,6,5,5,4,4,4
TCGA-E2-A1L7-DX1_xmin51554_ymin15424_MPP-0.2500+151[0100].png,3088,1297,3836,2308,4817,335,3526,2756,5065,6795,11,9,7,7,6,6,6,6,6,5
TCGA-E2-A1L7-DX1_xmin51554_ymin15424_MPP-0.2500+152[0100].png,3356,7589,4322,2308,2140,2977,6795,331,1682,145,8,6,6,5,5,5,5,5,5,4
TCGA-E2-A1L7-DX1_xmin51554_ymin15424_MPP-0.2500+153[0100].png,3088,7175,3230,7377,2226,8013,4817,3526,3114,7089,6,6,5,5,5,5,5,5,5,5
TCGA-E2-A1L7-DX1_xmin51554_ymin15424_MPP-0.2500+154[0100].png,7485,3088,8081,1842,5498,601,6045,2703,215,7129,6,6,5,5,5,4,4,4,4,4
TCGA-E2-A1L7-DX1_xmin51554_ymin15424_MPP-0.2500+155[0100].png,1652,6045,3836,7134,4911,331,3908,7733,781,3088,8,7,6,6,6,5,5,5,5,5
TCGA-E2-A1L7-DX1_xmin51554_ymin15424_MPP-0.2500+156[0100].png,1654,3836,4250,1836,4711,7024,1351,1203,2308,7869,5,5,5,5,5,5,4,4,4,4
TCGA-E2-A1L7-DX1_xmin51554_ymin15424_MPP-0.2500+157[0100].png,1836,2756,4436,3526,7400,958,781,3230,4817,7694,7,7,7,7,6,5,5,5,5,5
TCGA-E2-A1L7-DX1_xmin51554_ymin15424_MPP-0.2500+158[0100].png,3088,7024,4436,3526,5428,216,3836,3030,2308,6045,12,8,7,7,6,6,6,6,6,5
TCGA-E2-A1L7-DX1_xmin51554_ymin15424_MPP-0.2500+162[0100].png,2588,6045,4711,6226,7024,3088,3836,1297,7694,7134,7,7,7,6,6,5,5,5,5,4
TCGA-E2-A1L7-DX1_xmin51554_ymin15424_MPP-0.2500+163[0100].png,389,5797,7694,7024,3901,3836,3526,6045,632,7175,8,6,6,6,5,5,5,5,5,4
TCGA-E2-A1L7-DX1_xmin51554_ymin15424_MPP-0.2500+164[0100].png,3088,1357,7175,5834,2430,6045,6652,2493,7694,7695,9,6,5,5,5,5,4,4,4,4
TCGA-E2-A1L7-DX1_xmin51554_ymin15424_MPP-0.2500+165[0100].png,1297,3088,7869,5780,4817,1836,7129,262,3230,5194,7,6,6,5,5,4,4,4,4,4
TCGA-E2-A1L7-DX1_xmin51554_ymin15424_MPP-0.2500+166[0100].png,3088,1836,7353,5834,2308,6795,3526,4250,7134,5780,6,5,5,5,5,5,5,5,5,5
TCGA-E2-A1L7-DX1_xmin51554_ymin15424_MPP-0.2500+169[0100].png,1297,5203,3442,215,3088,1652,2226,4711,2043,781,6,6,6,6,6,6,5,5,5,5
TCGA-E2-A1L7-DX1_xmin51554_ymin15424_MPP-0.2500+174[0100].png,7880,5392,3088,3526,2308,1297,7895,6045,6964,7694,8,8,7,6,5,5,5,5,5,4
TCGA-E2-A1L7-DX1_xmin51554_ymin15424_MPP-0.2500+175[0100].png,6045,958,131,4711,5780,5344,3088,2756,8081,5797,9,7,6,6,6,5,5,5,5,5
TCGA-E2-A1L7-DX1_xmin51554_ymin15424_MPP-0.2500+176[0100].png,781,1836,6045,2766,5392,3889,131,3088,8081,3836,6,6,6,5,5,5,5,5,4,4
TCGA-E2-A1L7-DX1_xmin51554_ymin15424_MPP-0.2500+177[0100].png,3088,4817,7357,4311,1297,6264,7694,4112,7880,4693,8,6,6,6,6,5,5,5,5,5
TCGA-E2-A1L7-DX1_xmin51554_ymin15424_MPP-0.2500+180[0100].png,3626,7175,4436,693,1775,2977,7733,7024,898,6702,7,7,7,5,5,5,5,5,5,4
TCGA-E2-A1L7-DX1_xmin51554_ymin15424_MPP-0.2500+185[0100].png,7694,3088,2308,2990,6045,6192,4250,6054,2967,3836,11,7,6,6,6,6,6,5,5,5
TCGA-E2-A1L7-DX1_xmin51554_ymin15424_MPP-0.2500+186[0100].png,4436,3088,2756,7089,4693,5780,594,1297,5689,4622,10,7,6,5,5,5,5,5,4,4
TCGA-E2-A1L7-DX1_xmin51554_ymin15424_MPP-0.2500+187[0100].png,3088,5098,7694,6795,2308,2977,1836,6902,3526,5344,15,6,6,6,6,5,5,5,5,5
TCGA-E2-A1L7-DX1_xmin51554_ymin15424_MPP-0.2500+188[0100].png,3088,2967,7694,1001,389,7880,3836,7134,7430,215,7,7,7,7,6,6,6,6,5,5
TCGA-E2-A1L7-DX1_xmin51554_ymin15424_MPP-0.2500+196[0100].png,3088,6045,7694,7808,2977,5797,7129,958,5780,5937,10,9,8,7,6,6,6,5,5,5
TCGA-E2-A1L7-DX1_xmin51554_ymin15424_MPP-0.2500+199[0100].png,3088,7694,237,3836,3526,7189,6902,4911,2903,516,9,8,7,6,6,5,5,5,5,5
TCGA-E2-A1L7-DX1_xmin51554_ymin15424_MPP-0.2500+200[0100].png,3088,2903,5780,3889,3631,276,4430,3487,686,8081,7,6,5,5,5,5,5,5,5,5
TCGA-E2-A1L7-DX1_xmin51554_ymin15424_MPP-0.2500+201[0100].png,4711,1297,276,6979,3088,2308,6964,515,1897,5392,10,7,7,6,6,5,5,5,5,4
TCGA-E2-A1L7-DX1_xmin51554_ymin15424_MPP-0.2500+211[0100].png,5392,2308,3088,3526,4311,6192,6795,7694,131,215,13,10,10,9,7,7,7,7,7,6
TCGA-E2-A1L7-DX1_xmin51554_ymin15424_MPP-0.2500+212[0100].png,3526,7880,6931,1842,8081,1813,4817,5392,2780,2308,7,7,6,6,6,5,5,5,5,5
TCGA-E2-A1L7-DX1_xmin51554_ymin15424_MPP-0.2500+213[0100].png,3088,7175,7957,8049,7249,3889,8081,2903,4112,5872,8,8,7,6,6,6,6,5,5,5
TCGA-E2-A1L7-DX1_xmin51554_ymin15424_MPP-0.2500+214[0100].png,4911,7024,7089,4817,7694,8148,7869,7937,4259,6226,7,6,6,6,5,5,5,5,5,5
TCGA-E2-A1L7-DX1_xmin51554_ymin15424_MPP-0.2500+224[0100].png,5098,8081,5392,3526,3637,3619,3088,7880,3889,5735,6,6,6,6,6,5,5,5,5,5
TCGA-E2-A1L7-DX1_xmin51554_ymin15424_MPP-0.2500+225[0100].png,7695,3088,5780,4711,7024,516,6045,6226,6902,3526,8,8,7,6,6,5,5,5,5,5
TCGA-E2-A1L7-DX1_xmin51554_ymin15424_MPP-0.2500+226[0100].png,3088,6045,2903,3526,5797,4311,7134,8081,840,5344,14,8,7,7,7,6,6,5,5,5
TCGA-E2-A1L7-DX1_xmin51554_ymin15424_MPP-0.2500+227[0100].png,3088,840,5392,7134,7694,5797,3526,237,2756,7391,11,6,6,6,6,6,6,5,5,5
TCGA-E2-A1L7-DX1_xmin51554_ymin15424_MPP-0.2500+238[0100].png,935,7694,6321,3088,2308,5097,5065,4436,1682,3526,7,7,6,6,5,5,5,5,5,5
TCGA-E2-A1L7-DX1_xmin51554_ymin15424_MPP-0.2500+239[0100].png,3088,5065,7089,5097,215,6702,1203,216,7880,515,7,7,6,6,5,5,5,5,5,5
TCGA-E2-A1L7-DX1_xmin51554_ymin15424_MPP-0.2500+240[0100].png,3088,5780,7694,5795,7024,4309,5392,8066,6045,1297,12,8,7,6,6,6,6,5,5,5
TCGA-E2-A1L7-DX1_xmin51554_ymin15424_MPP-0.2500+250[0100].png,6795,4143,3526,2308,6321,3088,2666,1652,5797,4322,9,7,7,7,7,7,5,5,5,5
TCGA-E2-A1L7-DX1_xmin51554_ymin15424_MPP-0.2500+251[0100].png,958,5392,6869,725,3526,5872,693,1476,1652,6856,9,6,6,6,6,5,5,5,5,4
TCGA-E2-A1L7-DX1_xmin51554_ymin15424_MPP-0.2500+252[0100].png,5834,3526,3088,4436,1813,7024,2666,3889,7175,7470,11,7,6,6,6,5,5,5,5,5
TCGA-E2-A1L7-DX1_xmin51554_ymin15424_MPP-0.2500+253[0100].png,3088,5780,2308,3526,5797,2588,331,5392,7694,4817,14,8,7,7,6,5,5,5,5,5
TCGA-E2-A1L7-DX1_xmin51554_ymin15424_MPP-0.2500+262[0100].png,2308,1813,3088,7694,5912,3526,7880,7134,5392,7957,9,8,8,8,6,6,5,5,5,5
TCGA-E2-A1L7-DX1_xmin51554_ymin15424_MPP-0.2500+263[0100].png,3088,7134,7694,2756,4436,2686,1813,5428,2226,2194,9,8,8,7,6,6,6,6,6,5
TCGA-E2-A1L7-DX1_xmin51554_ymin15424_MPP-0.2500+264[0100].png,4436,1652,3526,3088,7869,6902,6045,5392,6702,5585,7,7,6,6,6,6,5,5,5,5
TCGA-E2-A1L7-DX1_xmin51554_ymin15424_MPP-0.2500+268[0100].png,1813,3088,6795,5741,4160,6321,5780,131,6045,5797,12,10,9,6,6,5,5,5,5,5
TCGA-E2-A1L7-DX1_xmin51554_ymin15424_MPP-0.2500+269[0100].png,215,6795,1813,7134,3088,778,4080,5007,3526,3527,10,5,5,5,5,5,5,4,4,4
TCGA-E2-A1L7-DX1_xmin51554_ymin15424_MPP-0.2500+270[0100].png,5912,2990,2686,3088,1476,4711,2308,4311,5797,1836,7,7,7,6,6,6,6,5,5,4
TCGA-E2-A1L7-DX1_xmin51554_ymin15424_MPP-0.2500+271[0100].png,6702,1652,215,7134,2990,5047,8081,4911,7024,3789,9,7,6,6,6,5,5,5,5,5
TCGA-E2-A1L7-DX1_xmin51554_ymin15424_MPP-0.2500+272[0100].png,1652,3088,215,4711,2308,4376,7249,7694,1357,7134,9,8,6,5,5,5,5,5,5,5
TCGA-E2-A1L7-DX1_xmin51554_ymin15424_MPP-0.2500+274[0100].png,1652,3088,1813,267,4711,2686,44,131,8081,6869,10,7,7,6,5,5,5,5,4,4
TCGA-E2-A1L7-DX1_xmin51554_ymin15424_MPP-0.2500+275[0100].png,215,7948,2226,3527,8081,144,8013,5428,6045,7880,8,7,7,6,6,6,6,5,5,5
TCGA-E2-A1L7-DX1_xmin51554_ymin15424_MPP-0.2500+276[0100].png,3088,1297,7694,215,7337,8013,6595,7808,2249,2320,8,6,6,6,5,5,5,5,5,5
TCGA-E2-A1L7-DX1_xmin51554_ymin15424_MPP-0.2500+277[0100].png,2308,1813,7599,3836,1842,1682,2226,3044,7694,1357,7,5,5,5,5,5,5,5,5,4
TCGA-E2-A1L7-DX1_xmin51554_ymin15424_MPP-0.2500+28[0100].png,2226,3526,7024,4711,7175,6045,6702,2756,1297,5428,8,7,7,6,5,5,5,5,5,4
TCGA-E2-A1L7-DX1_xmin51554_ymin15424_MPP-0.2500+54[0100].png,1297,4436,3526,5937,3230,335,216,2756,4376,3836,7,7,6,6,5,5,5,5,5,5
TCGA-E2-A1L7-DX1_xmin51554_ymin15424_MPP-0.2500+55[0100].png,3088,5780,2308,4817,3526,3189,237,8081,5097,3836,11,8,7,6,6,6,6,5,5,5
TCGA-E2-A1L7-DX1_xmin51554_ymin15424_MPP-0.2500+67[0100].png,2308,3088,7895,2235,4205,3356,6795,3526,6960,2666,7,6,6,5,5,5,5,5,5,5
TCGA-E2-A1L7-DX1_xmin51554_ymin15424_MPP-0.2500+68[0100].png,3088,7694,5780,3836,594,6702,5671,4250,5097,1652,10,10,7,6,6,5,5,5,5,5
TCGA-E2-A1L7-DX1_xmin51554_ymin15424_MPP-0.2500+69[0100].png,3088,935,4711,1375,5797,781,7485,4817,3209,2235,11,7,7,6,6,5,5,5,5,4
TCGA-E2-A1L7-DX1_xmin51554_ymin15424_MPP-0.2500+79[0100].png,3088,7134,6045,7589,6226,2308,6902,7089,5038,1320,12,6,6,6,5,5,5,5,4,4
TCGA-E2-A1L7-DX1_xmin51554_ymin15424_MPP-0.2500+80[0100].png,3088,7024,4143,216,3889,516,6227,5780,5065,331,9,6,6,6,6,5,5,5,5,5
TCGA-E2-A1L7-DX1_xmin51554_ymin15424_MPP-0.2500+81[0100].png,3088,3836,237,7694,1716,4711,4259,6702,1977,3011,10,7,7,6,5,5,5,5,5,5
TCGA-E2-A1L7-DX1_xmin51554_ymin15424_MPP-0.2500+82[0100].png,3088,3836,2977,1297,8081,6702,6808,5872,2815,693,12,9,6,5,5,5,5,5,4,4
TCGA-E2-A1L7-DX1_xmin51554_ymin15424_MPP-0.2500+90[0100].png,915,1508,3088,6045,6652,7129,1297,4290,4150,6217,7,5,5,5,5,5,5,5,4,4
TCGA-E2-A1L7-DX1_xmin51554_ymin15424_MPP-0.2500+94[0100].png,3088,1842,2278,2308,7694,3044,3230,594,3209,5392,18,7,7,6,6,6,6,5,5,5
TCGA-E2-A1LH-DX1_xmin22770_ymin24149_MPP-0.2500+23[0100].png,3088,6321,3836,2028,7880,2308,5780,5912,6795,3526,8,7,6,6,6,5,5,5,5,5
TCGA-E2-A1LH-DX1_xmin22770_ymin24149_MPP-0.2500+31[0100].png,5937,5780,7189,6795,8165,4593,5912,2226,216,1624,10,6,5,5,5,5,5,4,4,4
TCGA-E2-A1LH-DX1_xmin22770_ymin24149_MPP-0.2500+39[0100].png,1297,7189,4436,7808,2666,3526,5428,7024,1652,3088,7,7,6,6,6,6,6,5,5,5
TCGA-E2-A1LH-DX1_xmin22770_ymin24149_MPP-0.2500+40[0100].png,3088,8014,7694,216,2308,828,3836,3030,335,6619,9,5,5,5,5,5,5,5,4,4
TCGA-E2-A1LH-DX1_xmin22770_ymin24149_MPP-0.2500+46[0100].png,3526,5780,7091,3088,2903,4711,1357,1297,6795,7648,8,8,7,6,5,5,5,4,4,4
TCGA-E2-A1LH-DX1_xmin22770_ymin24149_MPP-0.2500+47[0100].png,2028,2226,3088,5611,7808,4160,3230,6702,3526,915,5,5,5,5,5,5,5,4,4,4
TCGA-E2-A1LH-DX1_xmin22770_ymin24149_MPP-0.2500+53[0100].png,4817,2756,2308,2870,935,237,4711,1682,5937,6263,6,6,5,5,4,4,4,4,4,4
TCGA-E2-A1LH-DX1_xmin22770_ymin24149_MPP-0.2500+54[0100].png,6045,3088,4711,6321,4817,3230,594,335,7694,6807,8,7,7,6,5,5,5,5,4,4
TCGA-E2-A1LH-DX1_xmin22770_ymin24149_MPP-0.2500+55[0100].png,8081,1654,2308,237,6048,3088,4817,5780,3000,7164,6,6,5,5,5,5,5,5,4,4
TCGA-E2-A1LH-DX1_xmin22770_ymin24149_MPP-0.2500+5[0100].png,3088,4817,7400,5428,5097,3189,2140,2336,5098,3030,9,7,6,5,5,5,5,5,4,4
TCGA-E2-A1LH-DX1_xmin22770_ymin24149_MPP-0.2500+61[0100].png,3088,5780,2756,1842,2336,2493,5702,44,7007,6674,8,7,6,5,5,5,4,4,4,4
TCGA-E2-A1LH-DX1_xmin22770_ymin24149_MPP-0.2500+62[0100].png,4230,7189,5097,2588,3626,4711,8066,2756,3088,7430,5,5,5,5,5,5,4,4,4,4
TCGA-E2-A1LH-DX1_xmin22770_ymin24149_MPP-0.2500+63[0100].png,5433,5780,7189,1836,1767,5428,1356,7024,3044,4311,8,6,6,5,5,4,4,4,4,4
TCGA-E2-A1LH-DX1_xmin22770_ymin24149_MPP-0.2500+69[0100].png,3088,5428,594,4711,1157,216,3836,2666,3870,5741,11,7,6,5,5,5,4,4,4,4
TCGA-E2-A1LH-DX1_xmin22770_ymin24149_MPP-0.2500+6[0100].png,3088,3836,1297,3526,4711,1836,2903,8081,7694,7146,10,6,5,5,5,5,5,5,4,4
TCGA-E2-A1LI-DX1_xmin44715_ymin18434_MPP-0.2500+113[0100].png,3526,1311,3088,2903,2977,6045,7501,7175,332,1652,7,6,6,5,5,5,5,5,4,4
TCGA-E2-A1LI-DX1_xmin44715_ymin18434_MPP-0.2500+144[0100].png,3088,4711,7175,1813,958,4112,5235,2226,215,4250,11,6,6,6,5,5,5,5,5,5
TCGA-E2-A1LI-DX1_xmin44715_ymin18434_MPP-0.2500+160[0100].png,1652,3088,840,215,2226,3889,2666,4160,5392,3526,8,7,7,7,7,6,5,5,5,5
TCGA-E2-A1LI-DX1_xmin44715_ymin18434_MPP-0.2500+20[0100].png,331,7694,3088,5797,7175,2870,3469,44,3836,4278,8,7,6,5,5,5,5,5,5,4
TCGA-E2-A1LI-DX1_xmin44715_ymin18434_MPP-0.2500+21[0100].png,5797,7733,5810,5392,3088,6931,2756,2336,3619,2903,8,7,6,6,6,5,5,5,5,4
TCGA-E2-A1LI-DX1_xmin44715_ymin18434_MPP-0.2500+226[0100].png,3088,1836,6045,4112,7357,7880,7134,5834,2756,632,10,6,6,6,5,5,5,5,5,5
TCGA-E2-A1LI-DX1_xmin44715_ymin18434_MPP-0.2500+22[0100].png,1652,5872,1813,6931,5671,6702,5797,1897,7430,2336,7,6,6,5,5,5,5,5,5,4
TCGA-E2-A1LI-DX1_xmin44715_ymin18434_MPP-0.2500+23[0100].png,1652,3088,7275,215,5392,2226,1297,5937,6931,144,10,9,7,7,7,6,6,5,5,5
TCGA-E2-A1LI-DX1_xmin44715_ymin18434_MPP-0.2500+24[0100].png,2226,7589,3526,3088,3094,8049,3030,3986,935,5937,7,6,5,5,5,5,5,4,4,4
TCGA-E2-A1LI-DX1_xmin44715_ymin18434_MPP-0.2500+292[0100].png,3088,5937,3893,2308,5780,1813,7880,2977,3836,6795,8,6,6,5,5,5,5,5,5,4
TCGA-E2-A1LI-DX1_xmin44715_ymin18434_MPP-0.2500+298[0100].png,3088,215,3526,5780,4711,808,2540,3836,2308,7895,11,7,7,6,6,5,5,5,4,4
TCGA-E2-A1LI-DX1_xmin44715_ymin18434_MPP-0.2500+299[0100].png,215,7249,7733,7808,6869,2157,3088,7089,7222,6194,8,6,5,5,5,5,5,4,4,4
TCGA-E2-A1LI-DX1_xmin44715_ymin18434_MPP-0.2500+311[0100].png,1652,3088,6795,5392,1813,2226,7880,3044,5428,2308,8,7,7,6,6,5,5,5,5,5
TCGA-E2-A1LI-DX1_xmin44715_ymin18434_MPP-0.2500+315[0100].png,3088,2967,237,5428,4430,5780,7032,1001,4711,1652,9,7,5,5,5,4,4,4,4,4
TCGA-E2-A1LI-DX1_xmin44715_ymin18434_MPP-0.2500+316[0100].png,3088,5780,4711,5007,2756,1682,693,335,3044,7089,7,6,6,6,5,5,5,5,5,5
TCGA-E2-A1LI-DX1_xmin44715_ymin18434_MPP-0.2500+326[0100].png,5428,3088,7808,7165,725,7377,6045,6678,7134,630,6,6,5,5,4,4,4,4,4,4
TCGA-E2-A1LI-DX1_xmin44715_ymin18434_MPP-0.2500+330[0100].png,3088,3230,2666,5834,7869,7175,4436,693,3836,808,7,5,5,5,4,4,4,4,4,4
TCGA-E2-A1LI-DX1_xmin44715_ymin18434_MPP-0.2500+341[0100].png,3088,5392,4436,4143,267,1652,5716,5810,4430,7134,8,7,6,5,5,4,4,4,4,4
TCGA-E2-A1LI-DX1_xmin44715_ymin18434_MPP-0.2500+342[0100].png,6795,216,6702,2308,8081,5603,7880,3836,1297,335,5,5,5,5,5,4,4,4,4,4
TCGA-E2-A1LI-DX1_xmin44715_ymin18434_MPP-0.2500+34[0100].png,7694,1652,5097,3088,5937,5999,5780,4194,7880,898,6,6,5,5,5,5,5,4,4,4
TCGA-E2-A1LI-DX1_xmin44715_ymin18434_MPP-0.2500+358[0100].png,3088,3526,267,145,6045,594,2903,8110,4642,2997,6,5,4,4,4,4,4,4,4,4
TCGA-E2-A1LI-DX1_xmin44715_ymin18434_MPP-0.2500+35[0100].png,3088,3030,4711,7880,7175,3836,4430,1652,4160,932,8,7,5,5,5,5,5,5,4,4
TCGA-E2-A1LI-DX1_xmin44715_ymin18434_MPP-0.2500+36[0100].png,2226,7024,5797,2756,3195,1311,3908,5834,7733,1822,7,6,6,6,6,6,5,5,5,5
TCGA-E2-A1LI-DX1_xmin44715_ymin18434_MPP-0.2500+375[0100].png,4817,3044,3088,4711,1652,3230,8190,4122,6321,6905,8,7,5,5,5,5,4,4,4,4
TCGA-E2-A1LI-DX1_xmin44715_ymin18434_MPP-0.2500+37[0100].png,3088,2756,7485,2308,7175,2766,5797,5741,3893,6264,9,7,5,5,4,4,4,4,4,4
TCGA-E2-A1LI-DX1_xmin44715_ymin18434_MPP-0.2500+382[0100].png,3088,7895,216,5797,4911,3908,3079,6892,3326,4278,10,8,7,6,5,5,5,4,4,4
TCGA-E2-A1LI-DX1_xmin44715_ymin18434_MPP-0.2500+385[0100].png,1842,4430,3088,4711,2903,5834,1157,8148,2235,5065,6,6,6,5,5,4,4,4,4,4
TCGA-E2-A1LI-DX1_xmin44715_ymin18434_MPP-0.2500+386[0100].png,7337,5797,1842,5912,7694,7484,3088,3030,1775,794,8,7,6,5,5,5,5,5,5,4
TCGA-E2-A1LI-DX1_xmin44715_ymin18434_MPP-0.2500+38[0100].png,216,6045,7695,1297,781,516,725,3088,7589,7694,7,6,6,6,6,5,5,5,4,4
TCGA-E2-A1LI-DX1_xmin44715_ymin18434_MPP-0.2500+39[0100].png,6795,693,5780,3088,168,5834,7391,2308,3114,5763,6,6,5,5,5,5,5,5,5,4
TCGA-E2-A1LI-DX1_xmin44715_ymin18434_MPP-0.2500+40[0100].png,3088,216,4817,3526,4911,3030,6766,879,6782,2990,8,6,5,5,5,5,4,4,4,4
TCGA-E2-A1LI-DX1_xmin44715_ymin18434_MPP-0.2500+41[0100].png,2308,2756,2278,3030,5065,693,3126,5498,5872,186,7,6,6,6,6,5,4,4,4,4
TCGA-E2-A1LI-DX1_xmin44715_ymin18434_MPP-0.2500+56[0100].png,3088,2226,781,3209,7024,7694,1813,1836,2430,1842,7,7,6,5,5,5,4,4,4,4
TCGA-E2-A1LI-DX1_xmin44715_ymin18434_MPP-0.2500+57[0100].png,3088,5097,6321,3889,6931,3026,3619,3526,4524,632,9,5,5,5,5,5,5,5,5,5
TCGA-E2-A1LI-DX1_xmin44715_ymin18434_MPP-0.2500+58[0100].png,3030,3526,5741,4775,7694,5780,915,6833,6814,4470,6,6,5,5,5,5,4,4,4,4
TCGA-E2-A1LI-DX1_xmin44715_ymin18434_MPP-0.2500+59[0100].png,7835,2226,3088,5834,7694,6795,2308,725,5763,5097,7,6,6,5,5,5,5,5,4,4
TCGA-E2-A1LI-DX1_xmin44715_ymin18434_MPP-0.2500+76[0100].png,3088,3836,2666,693,5097,2226,331,1813,5937,4112,12,6,5,5,5,5,5,5,5,4
TCGA-E2-A1LI-DX1_xmin44715_ymin18434_MPP-0.2500+77[0100].png,3088,2588,4817,7134,4711,1682,4364,7835,131,594,8,5,5,5,5,5,4,4,4,4
TCGA-E2-A1LI-DX1_xmin44715_ymin18434_MPP-0.2500+78[0100].png,3637,2967,5872,1297,6678,1977,6045,3230,1654,1652,6,5,5,5,5,5,4,4,4,4
TCGA-E2-A1LI-DX1_xmin44715_ymin18434_MPP-0.2500+96[0100].png,3088,7694,3836,1682,4430,6045,5780,4290,4725,5937,9,7,6,5,5,5,4,4,4,4
TCGA-E2-A1LI-DX1_xmin44715_ymin18434_MPP-0.2500+97[0100].png,4322,6045,1357,1836,2226,5392,7880,1298,1652,1654,6,5,5,5,5,5,4,4,4,4
