file,top_codes,top_counts
TCGA-A1-A0SK-DX1_xmin45749_ymin25055_MPP-0.2500+111[1000].png,6724,7733,6960,131,7222,4637,6222,352,2265,7869,7,5,4,4,4,4,4,4,4,4
TCGA-A1-A0SK-DX1_xmin45749_ymin25055_MPP-0.2500+122[1000].png,4833,7733,4143,2308,6602,8148,5810,2840,6652,6269,5,5,4,4,4,4,4,4,4,4
TCGA-A1-A0SK-DX1_xmin45749_ymin25055_MPP-0.2500+130[1000].png,4817,2417,5392,2870,2194,3189,4775,4160,7400,873,6,5,5,5,4,4,4,4,4,4
TCGA-A1-A0SP-DX1_xmin6798_ymin53719_MPP-0.2500+100[1000].png,3526,4527,4198,7224,7695,5039,5065,4492,8081,2198,8,5,5,5,5,5,5,4,4,4
TCGA-A1-A0SP-DX1_xmin6798_ymin53719_MPP-0.2500+101[1000].png,4711,1297,808,2635,4322,5810,3908,5834,3131,5780,8,6,6,5,5,5,4,4,4,4
TCGA-A1-A0SP-DX1_xmin6798_ymin53719_MPP-0.2500+102[1000].png,3088,1842,581,44,1235,2308,3472,7089,6905,7694,5,5,5,5,4,4,4,4,4,4
TCGA-A1-A0SP-DX1_xmin6798_ymin53719_MPP-0.2500+106[1000].png,808,3526,5098,3209,4711,3088,4817,1357,1813,1440,7,5,4,4,4,4,4,4,4,4
TCGA-A1-A0SP-DX1_xmin6798_ymin53719_MPP-0.2500+107[1000].png,6226,1682,1842,3088,7134,7880,7694,3536,6054,5039,7,5,5,5,5,5,5,4,4,4
TCGA-A1-A0SP-DX1_xmin6798_ymin53719_MPP-0.2500+113[1000].png,8148,1297,7694,7175,2903,5392,4364,6321,7807,7880,5,5,5,4,4,4,4,4,4,4
TCGA-A1-A0SP-DX1_xmin6798_ymin53719_MPP-0.2500+114[1000].png,4711,7694,1297,982,3230,7733,7880,808,3044,2756,7,6,6,6,5,5,5,4,4,4
TCGA-A1-A0SP-DX1_xmin6798_ymin53719_MPP-0.2500+115[1000].png,1297,2776,5097,1877,7695,1842,3011,4160,4711,898,7,6,6,5,5,5,4,4,4,4
TCGA-A1-A0SP-DX1_xmin6798_ymin53719_MPP-0.2500+116[1000].png,6702,335,3088,216,4250,2308,3889,4160,808,6812,6,6,6,6,5,5,5,5,4,4
TCGA-A1-A0SP-DX1_xmin6798_ymin53719_MPP-0.2500+117[1000].png,5428,879,4430,3088,2308,1463,322,8148,3526,7589,6,5,5,5,5,4,4,4,4,4
TCGA-A1-A0SP-DX1_xmin6798_ymin53719_MPP-0.2500+126[1000].png,3088,3011,1297,331,5834,7134,7869,2903,4711,4859,8,6,5,5,5,5,5,5,5,4
TCGA-A1-A0SP-DX1_xmin6798_ymin53719_MPP-0.2500+127[1000].png,3088,3526,4290,2308,2870,632,3209,5038,5810,1586,9,6,6,6,5,5,5,4,4,4
TCGA-A1-A0SP-DX1_xmin6798_ymin53719_MPP-0.2500+128[1000].png,2308,6702,3889,1203,4143,4711,3088,3526,1842,5603,6,6,6,5,5,5,5,5,4,4
TCGA-A1-A0SP-DX1_xmin6798_ymin53719_MPP-0.2500+129[1000].png,3088,4160,3836,7733,4711,4673,1297,4774,7165,5433,7,6,6,5,5,5,5,4,4,4
TCGA-A1-A0SP-DX1_xmin6798_ymin53719_MPP-0.2500+132[1000].png,7733,2967,2903,2756,4072,2054,6905,2308,1008,3088,7,6,6,6,5,5,5,4,4,4
TCGA-A1-A0SP-DX1_xmin6798_ymin53719_MPP-0.2500+140[1000].png,3088,6795,7162,5344,4198,988,6054,3189,5810,4372,8,6,6,6,5,5,5,5,4,4
TCGA-A1-A0SP-DX1_xmin6798_ymin53719_MPP-0.2500+143[1000].png,3088,988,7165,3298,808,2308,2292,1836,3870,4430,8,6,6,5,5,5,5,4,4,4
TCGA-A1-A0SP-DX1_xmin6798_ymin53719_MPP-0.2500+146[1000].png,4160,331,3088,7733,5780,6226,4470,5603,8081,3477,8,6,5,5,5,5,4,4,4,4
TCGA-A1-A0SP-DX1_xmin6798_ymin53719_MPP-0.2500+147[1000].png,3526,7189,1297,7807,1508,7957,1203,5913,5937,4859,6,6,5,5,5,4,4,4,4,4
TCGA-A1-A0SP-DX1_xmin6798_ymin53719_MPP-0.2500+154[1000].png,3088,2308,1320,8148,5780,3526,1869,2977,3189,4711,9,6,5,5,5,5,4,4,4,4
TCGA-A1-A0SP-DX1_xmin6798_ymin53719_MPP-0.2500+157[1000].png,5797,335,5780,3088,6045,7189,1842,5065,7222,601,6,6,6,5,5,5,5,4,4,4
TCGA-A1-A0SP-DX1_xmin6798_ymin53719_MPP-0.2500+158[1000].png,3189,2903,331,3024,145,7880,2756,6964,389,1297,5,5,5,5,5,5,4,4,4,4
TCGA-A1-A0SP-DX1_xmin6798_ymin53719_MPP-0.2500+159[1000].png,7134,5344,1098,5780,4817,3823,2430,7733,2903,6054,6,6,5,5,5,4,4,4,4,4
TCGA-A1-A0SP-DX1_xmin6798_ymin53719_MPP-0.2500+160[1000].png,5810,7189,2635,389,7162,591,915,1652,3298,4711,5,5,5,5,4,4,4,4,4,4
TCGA-A1-A0SP-DX1_xmin6798_ymin53719_MPP-0.2500+161[1000].png,3088,1682,3861,3526,3029,4376,3112,5428,3870,3469,8,5,4,4,4,4,4,4,4,4
TCGA-A1-A0SP-DX1_xmin6798_ymin53719_MPP-0.2500+162[1000].png,3088,5780,4711,5038,7134,3889,781,3296,7733,3836,9,5,5,5,5,5,5,5,4,4
TCGA-A1-A0SP-DX1_xmin6798_ymin53719_MPP-0.2500+163[1000].png,3088,5810,390,7694,7134,4492,5344,331,3254,3437,8,5,5,5,5,4,4,4,4,4
TCGA-A1-A0SP-DX1_xmin6798_ymin53719_MPP-0.2500+171[1000].png,5007,7485,3088,7024,3437,4817,5834,335,3836,2977,6,6,6,6,5,5,5,4,4,4
TCGA-A1-A0SP-DX1_xmin6798_ymin53719_MPP-0.2500+172[1000].png,2756,2635,4160,5039,6905,3088,7175,2308,5810,7162,6,6,5,5,5,5,4,4,4,4
TCGA-A1-A0SP-DX1_xmin6798_ymin53719_MPP-0.2500+173[1000].png,1586,7733,808,1842,2504,2308,5810,3861,3298,6634,6,5,5,5,5,4,4,4,4,4
TCGA-A1-A0SP-DX1_xmin6798_ymin53719_MPP-0.2500+174[1000].png,808,3088,1654,7089,3021,2235,2336,4541,2028,7589,7,5,5,5,4,4,4,4,4,4
TCGA-A1-A0SP-DX1_xmin6798_ymin53719_MPP-0.2500+175[1000].png,5428,1682,6045,3526,6054,4711,5344,1652,3088,5671,6,5,5,5,4,4,4,4,4,4
TCGA-A1-A0SP-DX1_xmin6798_ymin53719_MPP-0.2500+176[1000].png,7134,7222,3189,2635,7430,4911,6964,1413,7709,1842,5,5,5,5,5,4,4,4,4,4
TCGA-A1-A0SP-DX1_xmin6798_ymin53719_MPP-0.2500+177[1000].png,5235,915,2766,7869,4533,1571,2635,7134,3373,1297,7,5,5,5,5,5,5,4,4,4
TCGA-A1-A0SP-DX1_xmin6798_ymin53719_MPP-0.2500+178[1000].png,1508,6321,2308,915,3356,267,3870,3469,2198,4290,6,5,5,5,5,5,5,5,5,5
TCGA-A1-A0SP-DX1_xmin6798_ymin53719_MPP-0.2500+179[1000].png,808,6908,4112,6463,7880,131,7165,145,6045,4424,7,5,5,5,5,5,4,4,4,4
TCGA-A1-A0SP-DX1_xmin6798_ymin53719_MPP-0.2500+183[1000].png,3088,44,7212,3482,7032,7024,5039,297,6677,331,8,5,4,4,4,4,4,4,4,4
TCGA-A1-A0SP-DX1_xmin6798_ymin53719_MPP-0.2500+184[1000].png,3088,2903,1586,1297,7694,4311,3951,6222,4833,3526,7,5,5,5,4,4,4,4,4,4
TCGA-A1-A0SP-DX1_xmin6798_ymin53719_MPP-0.2500+185[1000].png,7165,693,1297,4911,5797,3088,5203,4711,7175,2319,6,5,5,5,5,5,4,4,4,4
TCGA-A1-A0SP-DX1_xmin6798_ymin53719_MPP-0.2500+186[1000].png,915,7129,5810,1297,331,1775,3131,1373,3088,988,6,6,6,5,5,5,5,5,5,4
TCGA-A1-A0SP-DX1_xmin6798_ymin53719_MPP-0.2500+187[1000].png,3088,4711,5065,5780,2502,808,335,1586,935,4240,9,7,6,6,5,4,4,4,4,4
TCGA-A1-A0SP-DX1_xmin6798_ymin53719_MPP-0.2500+188[1000].png,5498,3088,7733,3836,836,2308,7129,7189,6219,5735,6,6,6,5,5,5,5,5,5,4
TCGA-A1-A0SP-DX1_xmin6798_ymin53719_MPP-0.2500+189[1000].png,3088,5797,915,5344,145,1508,5498,3065,781,477,7,6,6,5,5,5,4,4,4,4
TCGA-A1-A0SP-DX1_xmin6798_ymin53719_MPP-0.2500+190[1000].png,3526,5834,5780,7162,4993,2308,7129,7165,594,254,7,6,6,6,5,5,5,5,5,5
TCGA-A1-A0SP-DX1_xmin6798_ymin53719_MPP-0.2500+192[1000].png,5780,3088,3526,6795,162,1312,4711,7539,2635,6905,6,5,5,5,5,5,4,4,4,4
TCGA-A1-A0SP-DX1_xmin6798_ymin53719_MPP-0.2500+193[1000].png,3836,5780,2136,4651,5716,6795,5166,6702,1357,1772,6,5,4,4,4,4,4,4,4,4
TCGA-A1-A0SP-DX1_xmin6798_ymin53719_MPP-0.2500+206[1000].png,131,7695,2493,8066,8148,3836,6226,1842,7400,8081,6,6,5,5,5,4,4,4,4,4
TCGA-A1-A0SP-DX1_xmin6798_ymin53719_MPP-0.2500+207[1000].png,1602,4711,5203,4821,5912,4160,1357,3836,4492,495,5,5,4,4,4,4,4,4,4,4
TCGA-A1-A0SP-DX1_xmin6798_ymin53719_MPP-0.2500+211[1000].png,4821,3088,515,7733,7621,6702,6902,131,6045,4990,7,6,5,5,4,4,4,4,4,4
TCGA-A1-A0SP-DX1_xmin6798_ymin53719_MPP-0.2500+221[1000].png,3088,1320,6795,1297,5797,1682,4436,4911,958,4725,8,4,4,4,4,4,4,4,3,3
TCGA-A1-A0SP-DX1_xmin6798_ymin53719_MPP-0.2500+224[1000].png,3088,5810,4911,7162,3500,3836,3127,1413,5007,7828,9,6,5,5,5,5,4,4,4,4
TCGA-A1-A0SP-DX1_xmin6798_ymin53719_MPP-0.2500+225[1000].png,5780,7733,7189,2308,5097,915,2054,6782,900,1836,6,6,5,5,5,5,5,4,4,4
TCGA-A1-A0SP-DX1_xmin6798_ymin53719_MPP-0.2500+226[1000].png,3088,5834,2493,1476,6902,7895,840,4711,4290,1842,6,5,5,5,4,4,4,4,4,4
TCGA-A1-A0SP-DX1_xmin6798_ymin53719_MPP-0.2500+234[1000].png,7165,6702,1389,7089,7129,4911,3088,4685,3870,4372,6,5,5,5,5,5,4,4,4,4
TCGA-A1-A0SP-DX1_xmin6798_ymin53719_MPP-0.2500+235[1000].png,958,2967,5872,3836,4711,5235,2308,2336,3088,5213,7,6,5,5,5,5,5,5,4,4
TCGA-A1-A0SP-DX1_xmin6798_ymin53719_MPP-0.2500+239[1000].png,1297,5797,3088,4259,1373,5717,3889,8110,6795,6702,7,7,6,5,4,4,4,4,4,4
TCGA-A1-A0SP-DX1_xmin6798_ymin53719_MPP-0.2500+240[1000].png,5780,6919,6702,7129,1150,6905,4160,7694,958,4376,6,6,6,5,5,5,5,5,5,5
TCGA-A1-A0SP-DX1_xmin6798_ymin53719_MPP-0.2500+248[1000].png,1297,4160,7733,4711,1375,5780,8110,5937,7695,4311,6,6,6,6,5,5,5,5,5,4
TCGA-A1-A0SP-DX1_xmin6798_ymin53719_MPP-0.2500+249[1000].png,6045,1322,4311,7694,808,982,7484,3088,2699,7430,8,8,5,5,5,4,4,4,4,4
TCGA-A1-A0SP-DX1_xmin6798_ymin53719_MPP-0.2500+253[1000].png,7165,808,3088,7134,5872,7694,1373,4410,5097,4259,6,6,6,5,4,4,4,4,4,4
TCGA-A1-A0SP-DX1_xmin6798_ymin53719_MPP-0.2500+261[1000].png,3088,1869,4711,5797,1836,335,7694,4205,371,5780,8,6,5,5,5,4,4,4,4,4
TCGA-A1-A0SP-DX1_xmin6798_ymin53719_MPP-0.2500+262[1000].png,3526,3088,1150,7694,5797,2308,6984,7733,2699,7089,6,6,6,6,5,5,5,5,5,5
TCGA-A1-A0SP-DX1_xmin6798_ymin53719_MPP-0.2500+263[1000].png,1836,4533,2308,5047,2997,7694,4711,6652,6388,7222,6,5,5,5,5,5,5,4,4,4
TCGA-A1-A0SP-DX1_xmin6798_ymin53719_MPP-0.2500+266[1000].png,3836,3088,7895,2265,808,1297,2876,371,8081,1476,6,6,5,5,5,5,4,4,4,4
TCGA-A1-A0SP-DX1_xmin6798_ymin53719_MPP-0.2500+276[1000].png,5912,3477,965,830,3908,7165,6711,1836,7835,7391,6,5,4,4,4,4,4,4,3,3
TCGA-A1-A0SP-DX1_xmin6798_ymin53719_MPP-0.2500+277[1000].png,3088,7612,8148,2588,335,3836,4711,5797,632,4311,7,5,5,5,5,4,4,4,4,4
TCGA-A1-A0SP-DX1_xmin6798_ymin53719_MPP-0.2500+46[1000].png,3088,5834,7337,7733,5671,8081,7694,3526,1652,5007,6,6,5,5,5,5,4,4,4,4
TCGA-A1-A0SP-DX1_xmin6798_ymin53719_MPP-0.2500+47[1000].png,7129,5797,4322,3088,6054,7555,7450,8110,2666,7807,7,6,6,6,6,5,5,5,4,4
TCGA-A1-A0SP-DX1_xmin6798_ymin53719_MPP-0.2500+91[1000].png,3088,1842,808,5454,2756,6919,5203,5999,5708,8101,7,6,5,5,5,4,4,4,4,4
TCGA-A1-A0SP-DX1_xmin6798_ymin53719_MPP-0.2500+92[1000].png,6902,7189,8013,3088,6808,3230,4859,6678,4492,7160,5,5,5,5,4,4,4,4,4,4
TCGA-A1-A0SP-DX1_xmin6798_ymin53719_MPP-0.2500+99[1000].png,7222,5203,5912,5896,4911,2000,5797,5498,7134,4100,7,6,5,5,5,5,5,5,4,4
TCGA-A2-A04P-DX1_xmin104246_ymin48517_MPP-0.2500+0[1000].png,5780,3836,7134,2756,7089,168,4160,3044,4693,2308,6,5,5,5,5,5,4,4,4,4
TCGA-A2-A04P-DX1_xmin104246_ymin48517_MPP-0.2500+12[1000].png,6795,3189,3088,1877,4436,168,7470,4817,5392,6657,5,5,5,4,4,4,4,4,4,4
TCGA-A2-A04P-DX1_xmin104246_ymin48517_MPP-0.2500+13[1000].png,2766,2308,5999,8148,1297,390,958,6931,2226,2801,5,5,5,5,5,4,4,4,4,4
TCGA-A2-A04P-DX1_xmin104246_ymin48517_MPP-0.2500+140[1000].png,3088,7212,4711,2766,4112,2278,7337,516,2493,2903,9,6,5,5,5,5,4,4,4,4
TCGA-A2-A04P-DX1_xmin104246_ymin48517_MPP-0.2500+141[1000].png,7189,5834,1389,6902,2083,216,3889,4693,4711,794,6,6,5,4,4,4,4,4,4,4
TCGA-A2-A04P-DX1_xmin104246_ymin48517_MPP-0.2500+142[1000].png,4436,2776,5999,4311,8110,7824,8081,3438,1311,5702,6,6,5,5,5,5,5,4,4,4
TCGA-A2-A04P-DX1_xmin104246_ymin48517_MPP-0.2500+150[1000].png,1836,3889,6045,1716,581,2635,2308,7565,7357,4259,5,5,5,5,4,4,4,4,4,4
TCGA-A2-A04P-DX1_xmin104246_ymin48517_MPP-0.2500+151[1000].png,2903,6807,1682,1297,5433,3209,168,1375,1322,2226,7,6,5,5,5,5,4,4,4,4
TCGA-A2-A04P-DX1_xmin104246_ymin48517_MPP-0.2500+152[1000].png,4259,2903,6702,2359,371,5023,6931,1836,1297,7733,5,5,5,4,4,4,4,4,4,4
TCGA-A2-A04P-DX1_xmin104246_ymin48517_MPP-0.2500+153[1000].png,1836,7695,4160,12,6054,3209,2115,5797,2278,7089,9,5,5,4,4,4,4,4,4,4
TCGA-A2-A04P-DX1_xmin104246_ymin48517_MPP-0.2500+162[1000].png,4259,5780,6807,7392,267,1508,2502,4364,1297,1842,6,5,5,4,4,4,4,4,4,4
TCGA-A2-A04P-DX1_xmin104246_ymin48517_MPP-0.2500+163[1000].png,5392,3526,215,7733,3889,5433,5780,5810,5834,6321,7,6,5,5,5,4,4,4,4,4
TCGA-A2-A04P-DX1_xmin104246_ymin48517_MPP-0.2500+164[1000].png,7134,8148,2308,3088,335,2766,2903,4559,5702,6321,7,7,6,5,5,5,4,4,4,4
TCGA-A2-A04P-DX1_xmin104246_ymin48517_MPP-0.2500+165[1000].png,6045,162,131,7694,6702,5937,7165,3024,1460,2278,6,5,5,5,5,5,5,4,4,4
TCGA-A2-A04P-DX1_xmin104246_ymin48517_MPP-0.2500+174[1000].png,1836,2967,5834,7175,1508,7016,5392,8110,2903,8013,8,5,5,4,4,4,4,4,4,4
TCGA-A2-A04P-DX1_xmin104246_ymin48517_MPP-0.2500+175[1000].png,3526,131,4492,5735,5912,8081,1297,7899,1571,3088,7,7,5,4,4,4,4,4,4,4
TCGA-A2-A04P-DX1_xmin104246_ymin48517_MPP-0.2500+176[1000].png,3088,131,4376,6054,267,7016,7249,8126,915,5834,6,6,4,4,4,4,4,4,4,4
TCGA-A2-A04P-DX1_xmin104246_ymin48517_MPP-0.2500+177[1000].png,7134,5834,4711,3088,781,8041,5344,5763,958,5603,7,6,5,5,5,5,5,4,4,4
TCGA-A2-A04P-DX1_xmin104246_ymin48517_MPP-0.2500+36[1000].png,6192,4711,5780,581,958,4261,7733,7134,8144,1508,7,6,5,5,5,5,4,4,4,4
TCGA-A2-A04P-DX1_xmin104246_ymin48517_MPP-0.2500+37[1000].png,7694,6628,4250,8081,3088,3230,5424,3889,335,7129,6,6,6,5,5,4,4,4,4,4
TCGA-A2-A04P-DX1_xmin104246_ymin48517_MPP-0.2500+48[1000].png,4711,1320,7869,3088,7134,2766,5194,5780,2780,2292,5,5,5,5,5,4,4,4,4,4
TCGA-A2-A04P-DX1_xmin104246_ymin48517_MPP-0.2500+49[1000].png,2903,3088,5047,5344,2021,2308,145,1508,1320,5599,8,6,5,5,5,5,5,4,4,4
TCGA-A2-A04P-DX1_xmin104246_ymin48517_MPP-0.2500+50[1000].png,6321,5671,1508,516,6054,958,8148,7189,7589,1297,7,5,5,5,5,5,4,4,4,4
TCGA-A2-A04P-DX1_xmin104246_ymin48517_MPP-0.2500+60[1000].png,3889,2226,3637,1652,4322,1682,6931,5797,3199,7540,6,5,5,5,4,4,4,4,4,4
TCGA-A2-A04P-DX1_xmin104246_ymin48517_MPP-0.2500+70[1000].png,3088,145,2308,7869,5780,5392,1298,915,6222,3637,9,6,6,5,5,5,4,4,4,4
TCGA-A2-A04P-DX1_xmin104246_ymin48517_MPP-0.2500+83[1000].png,7175,7957,3088,124,5912,4582,2903,2018,958,5203,5,4,4,4,4,4,4,4,4,4
TCGA-A2-A04Q-DX1_xmin20868_ymin17804_MPP-0.2500+10[1000].png,131,6999,9,5344,5203,1476,7470,3021,958,6321,6,4,4,4,4,4,4,4,4,4
TCGA-A2-A04Q-DX1_xmin20868_ymin17804_MPP-0.2500+18[1000].png,1836,1312,6054,5854,7733,6657,1375,515,4199,4376,7,6,5,4,4,4,4,4,4,4
TCGA-A2-A04Q-DX1_xmin20868_ymin17804_MPP-0.2500+25[1000].png,7540,840,6999,4316,6795,915,6045,6226,5735,3466,6,5,4,4,4,4,4,4,4,4
TCGA-A2-A04Q-DX1_xmin20868_ymin17804_MPP-0.2500+3[1000].png,958,453,1842,4993,124,7733,7647,4072,601,3011,8,7,5,5,5,5,4,4,4,4
TCGA-A2-A04Q-DX1_xmin20868_ymin17804_MPP-0.2500+4[1000].png,6321,697,5433,267,2308,1569,297,4259,8110,5937,8,6,5,5,5,5,4,4,4,4
TCGA-A2-A04T-DX1_xmin72145_ymin39078_MPP-0.2500+103[1000].png,1836,7007,1569,3088,3889,7249,5780,3189,6054,1389,6,5,5,4,4,4,4,4,4,4
TCGA-A2-A04T-DX1_xmin72145_ymin39078_MPP-0.2500+104[1000].png,4143,7189,1813,1842,6045,7674,3469,6036,2557,1775,5,5,4,4,4,4,4,4,4,4
TCGA-A2-A04T-DX1_xmin72145_ymin39078_MPP-0.2500+105[1000].png,131,3088,4559,389,2336,2967,7671,1476,2320,3030,7,6,6,4,4,4,4,4,4,4
TCGA-A2-A04T-DX1_xmin72145_ymin39078_MPP-0.2500+106[1000].png,5834,3088,1297,3619,8013,4559,7165,5810,1842,5099,6,6,5,5,5,5,4,4,4,4
TCGA-A2-A04T-DX1_xmin72145_ymin39078_MPP-0.2500+116[1000].png,958,2766,7880,1652,2308,1682,3088,7134,8066,6045,7,6,6,6,5,5,5,5,4,4
TCGA-A2-A04T-DX1_xmin72145_ymin39078_MPP-0.2500+117[1000].png,215,267,7948,4436,3088,4711,5912,3021,3127,1977,5,5,5,5,4,4,4,4,4,3
TCGA-A2-A04T-DX1_xmin72145_ymin39078_MPP-0.2500+118[1000].png,7948,3908,7249,7899,7459,7589,1842,4001,7134,3209,6,5,5,5,5,5,5,5,4,4
TCGA-A2-A04T-DX1_xmin72145_ymin39078_MPP-0.2500+128[1000].png,3908,2308,9,7880,7134,6795,5797,7175,3088,5872,6,6,6,6,5,5,5,5,5,4
TCGA-A2-A04T-DX1_xmin72145_ymin39078_MPP-0.2500+129[1000].png,3836,4311,2766,3526,6045,6678,2588,5702,2012,6354,5,5,5,5,4,4,4,4,4,4
TCGA-A2-A04T-DX1_xmin72145_ymin39078_MPP-0.2500+130[1000].png,7948,1008,3230,958,3209,3870,3619,131,2083,6830,6,5,5,4,4,4,4,4,4,4
TCGA-A2-A04T-DX1_xmin72145_ymin39078_MPP-0.2500+138[1000].png,3088,2756,2967,7899,5834,958,2766,5213,6173,4711,8,6,6,5,5,5,5,4,4,4
TCGA-A2-A04T-DX1_xmin72145_ymin39078_MPP-0.2500+13[1000].png,1836,958,5686,4711,1373,2477,4693,3021,6137,1001,6,6,5,5,4,4,4,4,4,4
TCGA-A2-A04T-DX1_xmin72145_ymin39078_MPP-0.2500+141[1000].png,4311,3024,915,389,131,6809,4080,4377,5834,6502,8,6,5,4,4,4,4,4,4,4
TCGA-A2-A04T-DX1_xmin72145_ymin39078_MPP-0.2500+142[1000].png,3526,1842,6226,321,3024,6979,8081,6702,7028,1312,6,6,5,5,4,4,4,4,4,4
TCGA-A2-A04T-DX1_xmin72145_ymin39078_MPP-0.2500+152[1000].png,2194,3088,3526,6502,7880,7694,3971,2308,515,5999,5,5,5,5,4,4,4,4,4,4
TCGA-A2-A04T-DX1_xmin72145_ymin39078_MPP-0.2500+156[1000].png,1508,2336,2766,3024,83,4711,2903,516,6321,2812,5,5,5,4,4,4,4,4,4,4
TCGA-A2-A04T-DX1_xmin72145_ymin39078_MPP-0.2500+165[1000].png,6702,3836,3209,5834,2326,4833,4436,2140,2018,5101,6,6,6,5,5,5,5,4,4,4
TCGA-A2-A04T-DX1_xmin72145_ymin39078_MPP-0.2500+172[1000].png,4711,3088,1270,582,131,516,1508,6194,254,1772,5,5,5,5,5,4,4,4,4,4
TCGA-A2-A04T-DX1_xmin72145_ymin39078_MPP-0.2500+173[1000].png,958,3836,2766,5999,2336,131,2326,2226,6979,5735,5,5,5,5,5,5,4,4,4,4
TCGA-A2-A04T-DX1_xmin72145_ymin39078_MPP-0.2500+174[1000].png,7880,958,4377,1413,7694,2967,1652,6869,1869,662,6,5,5,4,4,4,4,4,4,4
TCGA-A2-A04T-DX1_xmin72145_ymin39078_MPP-0.2500+177[1000].png,6045,1476,6795,6809,131,1911,6966,8081,2967,216,7,5,4,4,4,4,4,4,4,4
TCGA-A2-A04T-DX1_xmin72145_ymin39078_MPP-0.2500+178[1000].png,2226,5098,2766,7948,3477,2870,3526,1897,4843,1539,5,4,4,4,4,4,4,4,3,3
TCGA-A2-A04T-DX1_xmin72145_ymin39078_MPP-0.2500+179[1000].png,7899,145,7501,2815,131,5603,453,7028,2226,6321,5,5,5,5,4,4,4,4,4,4
TCGA-A2-A04T-DX1_xmin72145_ymin39078_MPP-0.2500+185[1000].png,3836,2766,7134,6022,4430,3500,5235,7212,4194,2870,8,6,6,6,5,5,4,4,4,4
TCGA-A2-A04T-DX1_xmin72145_ymin39078_MPP-0.2500+186[1000].png,4725,778,3189,3329,4817,3021,4711,7134,5098,3088,6,6,5,5,4,4,4,4,4,4
TCGA-A2-A04T-DX1_xmin72145_ymin39078_MPP-0.2500+187[1000].png,7134,781,1682,131,7091,7175,7948,1569,1869,2666,7,5,5,5,4,4,4,4,4,4
TCGA-A2-A04T-DX1_xmin72145_ymin39078_MPP-0.2500+188[1000].png,6192,7360,2967,516,7808,1297,958,2766,1361,1916,6,5,5,5,4,4,4,4,4,4
TCGA-A2-A04T-DX1_xmin72145_ymin39078_MPP-0.2500+189[1000].png,4911,5937,1508,7459,7948,3088,1297,453,2308,7876,5,5,5,5,5,5,4,4,4,4
TCGA-A2-A04T-DX1_xmin72145_ymin39078_MPP-0.2500+190[1000].png,3209,2967,2903,1836,4430,781,2278,352,5213,5603,6,5,5,5,5,5,5,4,4,4
TCGA-A2-A04T-DX1_xmin72145_ymin39078_MPP-0.2500+191[1000].png,5065,5047,3000,6045,3836,262,2967,6960,5094,3926,5,4,4,4,4,4,4,4,4,4
TCGA-A2-A04T-DX1_xmin72145_ymin39078_MPP-0.2500+192[1000].png,1842,3088,1569,7694,781,3207,2776,8013,7189,5610,7,6,5,5,5,4,4,4,4,4
TCGA-A2-A04T-DX1_xmin72145_ymin39078_MPP-0.2500+193[1000].png,7948,4711,1911,4602,3088,5094,7808,6045,958,4817,6,5,5,5,5,4,4,4,4,4
TCGA-A2-A04T-DX1_xmin72145_ymin39078_MPP-0.2500+199[1000].png,3526,3088,4100,6677,6702,6192,4711,1682,2021,33,8,5,4,4,4,4,4,4,3,3
TCGA-A2-A04T-DX1_xmin72145_ymin39078_MPP-0.2500+200[1000].png,1476,7249,4711,7899,5834,4430,7599,5735,4377,7589,7,6,6,6,5,5,5,4,4,4
TCGA-A2-A04T-DX1_xmin72145_ymin39078_MPP-0.2500+201[1000].png,2140,7134,7091,2967,1836,958,5741,3208,3088,145,5,5,5,4,4,4,4,4,4,4
TCGA-A2-A04T-DX1_xmin72145_ymin39078_MPP-0.2500+202[1000].png,2308,3230,131,4711,958,1297,6321,44,7134,915,7,7,6,5,5,5,5,4,4,4
TCGA-A2-A04T-DX1_xmin72145_ymin39078_MPP-0.2500+203[1000].png,7539,4436,4817,267,1755,6814,5344,7880,7089,2326,7,6,5,5,4,4,4,4,4,4
TCGA-A2-A04T-DX1_xmin72145_ymin39078_MPP-0.2500+204[1000].png,3088,4436,2967,2766,4271,3189,4376,2405,5780,3230,6,5,5,5,4,4,4,4,4,4
TCGA-A2-A04T-DX1_xmin72145_ymin39078_MPP-0.2500+205[1000].png,3230,7392,8013,1476,5912,5716,3088,1357,2482,840,5,5,5,5,5,4,4,4,4,4
TCGA-A2-A04T-DX1_xmin72145_ymin39078_MPP-0.2500+206[1000].png,4160,3889,1476,3088,1311,7589,4377,7459,2320,1911,6,5,5,5,4,4,4,4,4,4
TCGA-A2-A04T-DX1_xmin72145_ymin39078_MPP-0.2500+207[1000].png,3088,3836,840,7733,7948,6795,5367,4340,6657,2223,6,6,6,5,5,4,4,4,4,4
TCGA-A2-A04T-DX1_xmin72145_ymin39078_MPP-0.2500+212[1000].png,3088,8081,1682,5561,44,6121,1297,1476,6702,2686,6,5,5,5,5,4,4,4,4,4
TCGA-A2-A04T-DX1_xmin72145_ymin39078_MPP-0.2500+213[1000].png,1842,5735,3356,1772,1569,2766,4559,4311,3088,1911,6,5,5,5,5,5,5,5,5,4
TCGA-A2-A04T-DX1_xmin72145_ymin39078_MPP-0.2500+214[1000].png,1654,7612,632,2308,34,4251,6045,1508,7750,7694,5,4,4,4,4,4,4,4,4,4
TCGA-A2-A04T-DX1_xmin72145_ymin39078_MPP-0.2500+215[1000].png,6428,5780,1652,2375,7694,145,8013,321,4501,1682,5,5,5,4,4,4,4,4,4,4
TCGA-A2-A04T-DX1_xmin72145_ymin39078_MPP-0.2500+216[1000].png,5780,3836,1682,6565,6054,4711,7189,5424,3510,1842,7,6,5,5,5,5,5,4,4,4
TCGA-A2-A04T-DX1_xmin72145_ymin39078_MPP-0.2500+217[1000].png,3088,2493,1842,145,5999,5717,1682,4436,6173,5834,6,6,5,5,5,5,4,4,4,4
TCGA-A2-A04T-DX1_xmin72145_ymin39078_MPP-0.2500+218[1000].png,2308,5047,5392,2235,7869,1569,331,7950,7134,6321,7,5,5,5,5,4,4,4,4,4
TCGA-A2-A04T-DX1_xmin72145_ymin39078_MPP-0.2500+219[1000].png,3088,915,4080,131,5717,2062,7819,3836,7916,9,7,6,5,5,5,5,4,4,4,4
TCGA-A2-A04T-DX1_xmin72145_ymin39078_MPP-0.2500+220[1000].png,4711,5207,5735,6702,3889,4430,1242,7134,5702,915,6,5,4,4,4,4,4,4,4,4
TCGA-A2-A04T-DX1_xmin72145_ymin39078_MPP-0.2500+222[1000].png,2308,3127,4817,1311,3088,5047,781,6045,6795,5735,6,6,5,5,5,5,4,4,4,4
TCGA-A2-A04T-DX1_xmin72145_ymin39078_MPP-0.2500+225[1000].png,5780,2308,1357,6964,958,8081,7565,2018,2430,7948,6,6,4,4,4,4,4,4,4,4
TCGA-A2-A04T-DX1_xmin72145_ymin39078_MPP-0.2500+226[1000].png,6795,1297,8101,4376,2624,2031,4100,7093,3637,7189,7,5,5,5,4,4,4,4,4,4
TCGA-A2-A04T-DX1_xmin72145_ymin39078_MPP-0.2500+227[1000].png,1842,1375,8148,7134,9,5433,6762,3469,5735,4430,5,5,5,5,5,5,4,4,4,4
TCGA-A2-A04T-DX1_xmin72145_ymin39078_MPP-0.2500+228[1000].png,7016,4001,1836,6595,4711,2815,6702,1476,131,958,6,5,5,5,4,4,4,4,4,4
TCGA-A2-A04T-DX1_xmin72145_ymin39078_MPP-0.2500+229[1000].png,7275,131,2308,3836,2766,935,7134,958,1842,6808,5,5,5,5,4,4,4,4,4,4
TCGA-A2-A04T-DX1_xmin72145_ymin39078_MPP-0.2500+230[1000].png,7134,3209,3230,7089,4419,794,4817,7450,6795,632,8,5,5,5,4,4,4,4,4,4
TCGA-A2-A04T-DX1_xmin72145_ymin39078_MPP-0.2500+231[1000].png,4436,131,2083,5810,8066,7880,5611,4251,5780,693,6,5,5,5,5,5,4,4,4,4
TCGA-A2-A04T-DX1_xmin72145_ymin39078_MPP-0.2500+232[1000].png,7134,2967,7880,4100,1001,2903,2477,662,7249,1932,7,7,5,5,5,5,4,4,4,4
TCGA-A2-A04T-DX1_xmin72145_ymin39078_MPP-0.2500+233[1000].png,8013,3088,6754,2870,781,830,3526,389,7032,5506,6,6,5,5,5,5,4,4,4,4
TCGA-A2-A04T-DX1_xmin72145_ymin39078_MPP-0.2500+237[1000].png,5780,1836,7948,2477,1463,1813,6045,7899,7604,2876,8,6,5,5,5,5,4,4,4,4
TCGA-A2-A04T-DX1_xmin72145_ymin39078_MPP-0.2500+238[1000].png,7357,6795,3088,958,7134,5603,5561,1297,1836,594,6,5,5,5,5,5,4,4,4,4
TCGA-A2-A04T-DX1_xmin72145_ymin39078_MPP-0.2500+239[1000].png,3088,1911,2903,3207,2780,3526,5097,1794,1476,2012,8,7,6,5,5,5,4,4,4,4
TCGA-A2-A04T-DX1_xmin72145_ymin39078_MPP-0.2500+240[1000].png,215,3088,6652,8081,2308,5937,6814,915,8144,5999,6,6,5,5,5,5,4,4,4,4
TCGA-A2-A04T-DX1_xmin72145_ymin39078_MPP-0.2500+241[1000].png,5611,7869,7091,7028,3526,7899,3637,4486,2278,5392,5,5,5,4,4,4,4,4,4,4
TCGA-A2-A04T-DX1_xmin72145_ymin39078_MPP-0.2500+242[1000].png,3088,12,1842,3243,5741,4199,4968,6036,389,7501,6,5,5,5,5,5,4,4,4,4
TCGA-A2-A04T-DX1_xmin72145_ymin39078_MPP-0.2500+243[1000].png,778,4436,1682,958,6045,8066,335,131,1476,3176,6,6,5,5,4,4,4,4,4,4
TCGA-A2-A04T-DX1_xmin72145_ymin39078_MPP-0.2500+244[1000].png,131,5872,5717,215,7539,4693,6276,12,958,7880,7,7,5,5,4,4,4,4,4,4
TCGA-A2-A04T-DX1_xmin72145_ymin39078_MPP-0.2500+245[1000].png,840,2903,7160,6809,1413,4693,6782,7694,2776,1476,6,6,5,5,4,4,4,4,4,4
TCGA-A2-A04T-DX1_xmin72145_ymin39078_MPP-0.2500+246[1000].png,5392,131,7032,6979,7442,5780,7249,4711,7465,7091,5,5,4,4,4,4,4,4,4,4
TCGA-A2-A04T-DX1_xmin72145_ymin39078_MPP-0.2500+250[1000].png,1836,3836,5098,5780,2235,7134,131,5392,126,3044,6,6,5,4,4,4,4,4,4,4
TCGA-A2-A04T-DX1_xmin72145_ymin39078_MPP-0.2500+251[1000].png,958,2766,7134,8013,2686,4072,7540,4711,1696,4980,6,5,5,5,4,4,4,4,4,4
TCGA-A2-A04T-DX1_xmin72145_ymin39078_MPP-0.2500+252[1000].png,7948,2140,2903,5810,4711,3151,5392,3836,7134,7599,7,6,5,5,5,5,4,4,4,4
TCGA-A2-A04T-DX1_xmin72145_ymin39078_MPP-0.2500+253[1000].png,3088,4100,7134,6226,352,4072,1373,2308,3243,6702,7,6,5,5,5,4,4,4,4,4
TCGA-A2-A04T-DX1_xmin72145_ymin39078_MPP-0.2500+254[1000].png,958,2766,3889,3209,44,3044,371,4430,4711,3127,9,5,5,5,5,4,4,4,4,4
TCGA-A2-A04T-DX1_xmin72145_ymin39078_MPP-0.2500+255[1000].png,7249,4711,1836,1977,2870,1586,4582,6795,4430,3889,7,6,6,5,5,4,4,4,4,4
TCGA-A2-A04T-DX1_xmin72145_ymin39078_MPP-0.2500+256[1000].png,958,2308,3836,5999,1813,3088,2330,778,6833,453,7,7,7,6,5,5,5,5,4,4
TCGA-A2-A04T-DX1_xmin72145_ymin39078_MPP-0.2500+257[1000].png,4100,7555,389,7694,932,697,7189,3088,7377,2801,5,5,4,4,4,4,4,4,4,4
TCGA-A2-A04T-DX1_xmin72145_ymin39078_MPP-0.2500+258[1000].png,1297,131,7134,840,3619,2751,778,453,34,7875,6,6,6,5,5,5,4,4,4,4
TCGA-A2-A04T-DX1_xmin72145_ymin39078_MPP-0.2500+259[1000].png,4100,6045,5716,7175,7165,237,4833,8148,2609,7808,7,5,5,5,5,5,4,4,4,4
TCGA-A2-A04T-DX1_xmin72145_ymin39078_MPP-0.2500+263[1000].png,7134,2320,2336,4711,216,978,1836,7819,7880,331,6,4,4,4,4,4,4,4,4,4
TCGA-A2-A04T-DX1_xmin72145_ymin39078_MPP-0.2500+264[1000].png,7089,2766,2194,2018,2308,3260,2140,4198,5912,2235,7,6,5,5,5,4,4,4,4,4
TCGA-A2-A04T-DX1_xmin72145_ymin39078_MPP-0.2500+265[1000].png,7899,7091,2265,5999,2766,5421,7950,4311,958,5392,5,5,5,4,4,4,4,4,4,4
TCGA-A2-A04T-DX1_xmin72145_ymin39078_MPP-0.2500+266[1000].png,7948,5476,1631,7501,675,1977,2308,3836,840,6652,6,5,4,4,4,4,4,4,4,4
TCGA-A2-A04T-DX1_xmin72145_ymin39078_MPP-0.2500+267[1000].png,4711,958,4968,5810,7091,5392,5999,3088,2840,8165,8,8,6,5,5,5,4,4,4,4
TCGA-A2-A04T-DX1_xmin72145_ymin39078_MPP-0.2500+268[1000].png,778,7869,5912,3209,6137,7260,4436,5065,927,879,6,5,5,5,4,4,4,4,4,4
TCGA-A2-A04T-DX1_xmin72145_ymin39078_MPP-0.2500+269[1000].png,5603,2967,1157,3088,267,6702,6219,6036,6227,840,5,5,5,5,4,4,4,4,4,4
TCGA-A2-A04T-DX1_xmin72145_ymin39078_MPP-0.2500+26[1000].png,2766,7175,6795,4817,2493,453,2502,4259,1311,216,5,5,5,5,5,5,4,4,4,4
TCGA-A2-A04T-DX1_xmin72145_ymin39078_MPP-0.2500+270[1000].png,3088,5806,6137,3230,5477,331,2400,4376,8148,8082,6,5,5,5,4,4,4,4,4,4
TCGA-A2-A04T-DX1_xmin72145_ymin39078_MPP-0.2500+271[1000].png,1001,2756,4711,2766,6720,6795,1716,6137,6054,5912,5,5,4,4,4,4,4,4,4,4
TCGA-A2-A04T-DX1_xmin72145_ymin39078_MPP-0.2500+276[1000].png,8041,237,4160,216,6795,1842,2602,2965,697,6045,6,5,5,4,4,4,4,4,4,4
TCGA-A2-A04T-DX1_xmin72145_ymin39078_MPP-0.2500+27[1000].png,7249,5716,7948,2062,3836,4377,4811,7409,7134,1813,5,5,5,4,4,4,4,4,4,3
TCGA-A2-A04T-DX1_xmin72145_ymin39078_MPP-0.2500+281[1000].png,4311,5780,4072,7501,3597,162,4947,495,7160,1836,6,5,5,4,4,4,4,4,4,4
TCGA-A2-A04T-DX1_xmin72145_ymin39078_MPP-0.2500+282[1000].png,7134,5999,1357,4100,2903,7249,6321,7880,2967,5433,7,6,6,5,5,5,4,4,4,4
TCGA-A2-A04T-DX1_xmin72145_ymin39078_MPP-0.2500+283[1000].png,8126,4100,5735,1063,4711,1357,6657,7442,7024,6192,5,5,4,4,4,4,4,4,4,4
TCGA-A2-A04T-DX1_xmin72145_ymin39078_MPP-0.2500+28[1000].png,2903,4817,5702,1911,7733,5433,1476,958,4286,840,6,4,4,4,4,4,4,4,4,4
TCGA-A2-A04T-DX1_xmin72145_ymin39078_MPP-0.2500+294[1000].png,5098,5780,4080,1842,6931,2083,453,4430,237,3836,6,6,5,5,5,4,4,4,4,4
TCGA-A2-A04T-DX1_xmin72145_ymin39078_MPP-0.2500+295[1000].png,2308,7694,1297,7189,1836,3637,5000,5099,7604,128,6,5,5,5,4,4,4,4,4,4
TCGA-A2-A04T-DX1_xmin72145_ymin39078_MPP-0.2500+296[1000].png,2308,2226,4711,6219,3088,2903,1001,5937,1311,7899,7,6,5,5,5,5,4,4,4,4
TCGA-A2-A04T-DX1_xmin72145_ymin39078_MPP-0.2500+307[1000].png,958,7134,3024,3209,2477,4559,335,4711,7733,2644,7,7,5,5,5,4,4,4,4,4
TCGA-A2-A04T-DX1_xmin72145_ymin39078_MPP-0.2500+308[1000].png,958,6321,7948,4080,2308,7091,2967,4911,2766,5678,6,5,5,5,4,4,4,4,4,4
TCGA-A2-A04T-DX1_xmin72145_ymin39078_MPP-0.2500+30[1000].png,2180,5392,4001,2308,6045,5561,4143,2967,594,601,5,5,4,4,4,4,4,4,4,4
TCGA-A2-A04T-DX1_xmin72145_ymin39078_MPP-0.2500+31[1000].png,6045,4711,5454,2766,7134,6054,5854,7808,2336,5428,8,6,5,5,5,4,4,4,4,4
TCGA-A2-A04T-DX1_xmin72145_ymin39078_MPP-0.2500+320[1000].png,5097,6931,131,7175,7957,958,830,4436,7189,7733,6,5,5,5,5,5,4,4,4,4
TCGA-A2-A04T-DX1_xmin72145_ymin39078_MPP-0.2500+324[1000].png,453,2308,6321,131,7091,22,2226,725,1476,7459,7,5,4,4,4,4,4,4,4,4
TCGA-A2-A04T-DX1_xmin72145_ymin39078_MPP-0.2500+326[1000].png,4430,7880,4290,131,3469,1979,3114,4166,7589,8089,6,5,5,5,4,4,4,4,4,4
TCGA-A2-A04T-DX1_xmin72145_ymin39078_MPP-0.2500+32[1000].png,958,4311,632,3836,3088,2686,131,7869,4377,4376,6,5,4,4,4,4,4,4,4,4
TCGA-A2-A04T-DX1_xmin72145_ymin39078_MPP-0.2500+332[1000].png,5780,1842,1297,5392,2766,1911,2194,216,1905,4711,5,5,5,5,5,5,5,4,4,4
TCGA-A2-A04T-DX1_xmin72145_ymin39078_MPP-0.2500+336[1000].png,2336,4072,7694,7674,7249,2766,1767,321,7589,6045,5,5,5,5,5,4,4,4,4,4
TCGA-A2-A04T-DX1_xmin72145_ymin39078_MPP-0.2500+337[1000].png,958,1842,4080,8081,2308,4833,5203,7899,7189,7249,6,5,4,4,4,4,4,4,4,4
TCGA-A2-A04T-DX1_xmin72145_ymin39078_MPP-0.2500+33[1000].png,3088,7450,4436,6321,5392,4833,3021,6502,5780,958,5,5,5,4,4,4,4,4,4,4
TCGA-A2-A04T-DX1_xmin72145_ymin39078_MPP-0.2500+38[1000].png,7134,131,2180,5718,4100,4250,9,7189,5717,3981,8,6,6,5,5,5,5,4,4,4
TCGA-A2-A04T-DX1_xmin72145_ymin39078_MPP-0.2500+39[1000].png,1842,267,5585,4143,7948,1613,3192,3619,335,3209,5,5,4,4,4,4,4,4,4,4
TCGA-A2-A04T-DX1_xmin72145_ymin39078_MPP-0.2500+42[1000].png,1842,7134,958,781,3526,3088,510,4143,2336,6192,6,6,6,6,5,5,4,4,4,4
TCGA-A2-A04T-DX1_xmin72145_ymin39078_MPP-0.2500+47[1000].png,582,7249,453,7357,7119,6602,8082,1836,4911,1682,6,5,5,5,4,4,4,4,4,4
TCGA-A2-A04T-DX1_xmin72145_ymin39078_MPP-0.2500+51[1000].png,5780,2308,3626,7028,5999,267,1842,6388,5555,6571,6,6,5,5,5,4,4,4,4,4
TCGA-A2-A04T-DX1_xmin72145_ymin39078_MPP-0.2500+52[1000].png,4817,8185,5717,237,3088,7353,7134,215,7694,6678,7,6,5,4,4,4,4,4,4,4
TCGA-A2-A04T-DX1_xmin72145_ymin39078_MPP-0.2500+58[1000].png,7880,1836,958,131,4642,8082,1312,3526,6881,2028,5,5,4,4,4,4,4,4,4,4
TCGA-A2-A04T-DX1_xmin72145_ymin39078_MPP-0.2500+59[1000].png,1897,8003,3189,5392,4725,1297,8095,8013,8016,2577,5,4,4,4,4,4,4,4,4,4
TCGA-A2-A04T-DX1_xmin72145_ymin39078_MPP-0.2500+63[1000].png,2812,693,47,4947,6480,958,6321,6036,3836,7249,7,5,5,5,5,4,4,4,4,4
TCGA-A2-A04T-DX1_xmin72145_ymin39078_MPP-0.2500+6[1000].png,4711,6045,7189,1298,4282,8003,3889,958,778,1373,6,5,5,4,4,4,4,4,4,4
TCGA-A2-A04T-DX1_xmin72145_ymin39078_MPP-0.2500+70[1000].png,3088,6226,7501,2967,1476,7957,6354,5163,1389,958,7,7,6,6,5,5,4,4,4,4
TCGA-A2-A04T-DX1_xmin72145_ymin39078_MPP-0.2500+71[1000].png,7459,131,2094,4311,1836,516,7165,1476,7091,3936,9,6,6,5,5,5,5,5,4,4
TCGA-A2-A04T-DX1_xmin72145_ymin39078_MPP-0.2500+72[1000].png,1476,1716,1836,5780,6045,3526,6321,6226,6807,2766,6,5,5,5,4,4,4,4,4,4
TCGA-A2-A04T-DX1_xmin72145_ymin39078_MPP-0.2500+74[1000].png,7948,6045,7589,7189,4436,3526,5999,6801,237,7134,5,5,5,5,5,5,4,4,4,4
TCGA-A2-A04T-DX1_xmin72145_ymin39078_MPP-0.2500+75[1000].png,2903,7880,1836,1357,4725,2686,145,8081,4430,2776,7,6,5,5,4,4,4,4,4,4
TCGA-A2-A04T-DX1_xmin72145_ymin39078_MPP-0.2500+82[1000].png,3209,3088,5717,7165,7694,7948,4538,5203,5603,4447,5,5,4,4,4,4,4,4,4,4
TCGA-A2-A04T-DX1_xmin72145_ymin39078_MPP-0.2500+83[1000].png,2140,7880,3908,335,8089,44,1476,6808,144,1836,6,6,4,4,4,4,4,4,4,4
TCGA-A2-A04T-DX1_xmin72145_ymin39078_MPP-0.2500+84[1000].png,8148,2336,7501,6045,7540,8013,3247,3209,2308,2766,7,6,5,5,5,5,5,4,4,4
TCGA-A2-A04T-DX1_xmin72145_ymin39078_MPP-0.2500+85[1000].png,3088,7501,1836,8013,4311,5834,8140,6571,3296,3889,7,6,6,5,5,5,4,4,4,4
TCGA-A2-A04T-DX1_xmin72145_ymin39078_MPP-0.2500+91[1000].png,3836,6795,582,781,6190,1654,5097,2903,5532,958,6,6,5,5,5,5,5,5,5,5
TCGA-A2-A04T-DX1_xmin72145_ymin39078_MPP-0.2500+93[1000].png,7501,7249,3088,2198,7189,131,2308,4947,7459,1836,7,7,7,5,5,5,5,4,4,4
TCGA-A2-A04T-DX1_xmin72145_ymin39078_MPP-0.2500+94[1000].png,6657,2766,1389,2780,3044,1476,6814,1911,4250,4968,5,5,5,5,5,4,4,4,4,4
TCGA-A2-A04T-DX1_xmin72145_ymin39078_MPP-0.2500+95[1000].png,3836,1836,5735,5717,3526,8110,5797,5702,516,7134,8,7,5,5,5,5,5,4,4,4
TCGA-A2-A04T-DX1_xmin72145_ymin39078_MPP-0.2500+96[1000].png,2308,8081,2776,632,898,3981,7875,3889,7948,6795,9,5,5,5,4,4,4,4,4,4
TCGA-A2-A0CM-DX1_xmin18562_ymin56852_MPP-0.2500+102[1000].png,1373,6724,2180,5717,5797,697,3088,4430,3029,267,6,6,5,4,4,4,4,4,4,4
TCGA-A2-A0CM-DX1_xmin18562_ymin56852_MPP-0.2500+103[1000].png,5039,4817,6702,8049,5780,3836,1413,2967,4711,693,6,5,5,4,4,4,4,4,3,3
TCGA-A2-A0CM-DX1_xmin18562_ymin56852_MPP-0.2500+108[1000].png,1977,7695,1297,3088,3728,833,6711,8081,4143,6428,6,6,5,5,4,4,4,4,4,4
TCGA-A2-A0CM-DX1_xmin18562_ymin56852_MPP-0.2500+115[1000].png,3088,1977,2029,8140,3836,5235,6702,1063,390,516,8,5,4,4,4,4,4,4,4,4
TCGA-A2-A0CM-DX1_xmin18562_ymin56852_MPP-0.2500+116[1000].png,5364,3208,4711,6054,8110,1624,5428,7249,3088,5937,5,4,4,4,4,4,4,4,4,4
TCGA-A2-A0CM-DX1_xmin18562_ymin56852_MPP-0.2500+117[1000].png,4711,5039,978,5937,4143,2903,2756,2308,237,3000,7,5,4,4,4,4,4,4,4,4
TCGA-A2-A0CM-DX1_xmin18562_ymin56852_MPP-0.2500+118[1000].png,1297,5392,6269,390,6192,7134,5996,2903,2031,4436,6,6,5,5,5,5,5,5,4,4
TCGA-A2-A0CM-DX1_xmin18562_ymin56852_MPP-0.2500+119[1000].png,6702,7733,7649,1836,3088,7695,5780,7222,5097,6795,6,5,5,5,5,5,4,4,4,4
TCGA-A2-A0CM-DX1_xmin18562_ymin56852_MPP-0.2500+120[1000].png,6054,1373,6905,7149,3088,3728,6219,267,5810,4911,8,6,5,4,4,4,4,4,4,4
TCGA-A2-A0CM-DX1_xmin18562_ymin56852_MPP-0.2500+127[1000].png,4711,7165,3088,1297,7189,7880,6720,3836,915,553,7,5,5,4,4,4,4,4,4,4
TCGA-A2-A0CM-DX1_xmin18562_ymin56852_MPP-0.2500+128[1000].png,1476,7733,7249,1001,2967,168,3088,7189,4492,6724,6,5,5,5,5,4,4,4,4,4
TCGA-A2-A0CM-DX1_xmin18562_ymin56852_MPP-0.2500+129[1000].png,7808,5780,6054,4817,4322,1842,915,3298,4055,3088,7,5,5,5,4,4,4,4,4,4
TCGA-A2-A0CM-DX1_xmin18562_ymin56852_MPP-0.2500+130[1000].png,2140,215,3088,7694,6306,4501,6795,1476,6192,7091,6,5,5,5,4,4,4,4,4,4
TCGA-A2-A0CM-DX1_xmin18562_ymin56852_MPP-0.2500+131[1000].png,1813,3619,4968,1682,516,4198,2308,7880,6045,982,7,5,5,5,4,4,4,4,4,4
TCGA-A2-A0CM-DX1_xmin18562_ymin56852_MPP-0.2500+132[1000].png,4774,7165,7895,2308,2967,34,5937,145,3044,5203,5,5,4,4,4,4,4,4,4,4
TCGA-A2-A0CM-DX1_xmin18562_ymin56852_MPP-0.2500+133[1000].png,8148,4711,2031,5253,4673,7695,7807,6045,3026,7024,5,5,4,4,4,4,4,4,4,4
TCGA-A2-A0CM-DX1_xmin18562_ymin56852_MPP-0.2500+142[1000].png,3088,1842,1682,8041,6388,2776,5810,4711,7869,2031,7,6,5,4,4,4,4,4,4,4
TCGA-A2-A0CM-DX1_xmin18562_ymin56852_MPP-0.2500+143[1000].png,1767,5392,7695,7733,267,3627,7808,4968,2602,8041,5,5,4,4,4,4,4,4,4,3
TCGA-A2-A0CM-DX1_xmin18562_ymin56852_MPP-0.2500+144[1000].png,781,390,6702,982,2226,7733,5702,7695,3619,840,5,5,4,4,4,4,4,4,4,4
TCGA-A2-A0CM-DX1_xmin18562_ymin56852_MPP-0.2500+145[1000].png,7694,5999,7222,3209,4160,3836,6702,3310,331,5810,6,5,5,4,4,4,4,4,4,4
TCGA-A2-A0CM-DX1_xmin18562_ymin56852_MPP-0.2500+146[1000].png,7880,3088,4711,6702,6724,5673,6045,352,7733,2375,6,6,5,5,5,5,4,4,4,4
TCGA-A2-A0CM-DX1_xmin18562_ymin56852_MPP-0.2500+147[1000].png,2903,7540,1297,6121,4593,781,1413,267,1373,7392,7,5,5,4,4,4,4,4,4,4
TCGA-A2-A0CM-DX1_xmin18562_ymin56852_MPP-0.2500+148[1000].png,4711,1413,1682,1297,3088,4968,3527,1654,915,7016,5,5,5,5,5,5,4,4,4,4
TCGA-A2-A0CM-DX1_xmin18562_ymin56852_MPP-0.2500+155[1000].png,3088,915,6192,5097,7695,3836,8049,2405,3026,3727,7,4,4,4,4,4,4,4,4,3
TCGA-A2-A0CM-DX1_xmin18562_ymin56852_MPP-0.2500+159[1000].png,3088,5780,1652,3836,7948,2083,5498,2493,6226,335,9,6,6,6,5,4,4,4,4,4
TCGA-A2-A0CM-DX1_xmin18562_ymin56852_MPP-0.2500+160[1000].png,7694,7134,8082,131,4410,7089,7589,144,7895,836,7,5,4,4,4,4,4,4,4,4
TCGA-A2-A0CM-DX1_xmin18562_ymin56852_MPP-0.2500+161[1000].png,3088,1280,1652,6054,6724,2903,2646,591,322,1297,5,5,5,4,4,4,4,4,4,4
TCGA-A2-A0CM-DX1_xmin18562_ymin56852_MPP-0.2500+162[1000].png,6054,6702,2967,7189,6931,3088,4774,215,2226,2411,5,5,5,4,4,4,4,4,4,4
TCGA-A2-A0CM-DX1_xmin18562_ymin56852_MPP-0.2500+163[1000].png,8041,898,1089,3675,3021,5912,2093,6702,390,1311,6,5,4,4,4,4,4,4,4,4
TCGA-A2-A0CM-DX1_xmin18562_ymin56852_MPP-0.2500+164[1000].png,7733,4711,2635,371,553,898,697,7337,390,5881,6,5,5,4,4,4,4,4,4,4
TCGA-A2-A0CM-DX1_xmin18562_ymin56852_MPP-0.2500+165[1000].png,2870,6652,4711,6571,1280,2967,840,8081,7733,553,5,5,5,5,5,4,4,4,4,4
TCGA-A2-A0CM-DX1_xmin18562_ymin56852_MPP-0.2500+168[1000].png,3088,5392,131,3836,2336,2028,7647,6378,1842,6219,5,5,5,4,4,4,4,4,4,4
TCGA-A2-A0CM-DX1_xmin18562_ymin56852_MPP-0.2500+173[1000].png,3088,6724,2967,3349,4604,4711,5999,5433,6378,4160,6,5,4,4,4,4,4,3,3,3
TCGA-A2-A0CM-DX1_xmin18562_ymin56852_MPP-0.2500+174[1000].png,7165,6724,2336,7337,5810,8110,3469,6702,5477,6428,7,6,5,5,5,4,4,4,4,4
TCGA-A2-A0CM-DX1_xmin18562_ymin56852_MPP-0.2500+175[1000].png,3836,6702,4410,1509,1297,1842,7695,1977,7089,2000,5,5,5,4,4,4,4,4,4,4
TCGA-A2-A0CM-DX1_xmin18562_ymin56852_MPP-0.2500+176[1000].png,7733,7134,4492,2870,2226,4821,2180,2336,6306,1682,5,4,4,4,4,4,4,4,3,3
TCGA-A2-A0CM-DX1_xmin18562_ymin56852_MPP-0.2500+177[1000].png,7565,331,3526,4651,1196,4311,131,3469,958,5810,6,5,5,4,4,4,4,4,4,4
TCGA-A2-A0CM-DX1_xmin18562_ymin56852_MPP-0.2500+178[1000].png,7733,6905,2870,808,898,3675,3437,4436,5454,267,6,6,5,5,5,4,4,4,4,4
TCGA-A2-A0CM-DX1_xmin18562_ymin56852_MPP-0.2500+185[1000].png,6702,1977,4711,267,3230,5701,6809,2870,7337,781,7,5,4,4,4,4,4,4,4,3
TCGA-A2-A0CM-DX1_xmin18562_ymin56852_MPP-0.2500+186[1000].png,2336,898,8081,5094,3477,7357,7875,6702,6801,4965,7,5,5,5,4,4,4,4,4,4
TCGA-A2-A0CM-DX1_xmin18562_ymin56852_MPP-0.2500+187[1000].png,5999,2278,5872,3836,7324,2219,335,4833,7733,3896,5,5,5,4,4,4,4,4,4,4
TCGA-A2-A0CM-DX1_xmin18562_ymin56852_MPP-0.2500+188[1000].png,4711,5872,6919,6814,5213,7134,1586,1373,6502,3112,7,6,6,5,5,4,4,4,4,4
TCGA-A2-A0CM-DX1_xmin18562_ymin56852_MPP-0.2500+201[1000].png,4711,7165,3088,215,558,6720,1373,1857,2990,7647,5,5,4,4,4,4,4,3,3,3
TCGA-A2-A0CM-DX1_xmin18562_ymin56852_MPP-0.2500+218[1000].png,4968,5428,2635,6931,3000,216,2977,558,7450,7647,8,5,4,4,4,4,4,4,4,4
TCGA-A2-A0CM-DX1_xmin18562_ymin56852_MPP-0.2500+51[1000].png,7189,1480,1463,4160,1297,3836,2841,7175,1375,3024,4,4,4,4,4,4,4,4,4,4
TCGA-A2-A0CM-DX1_xmin18562_ymin56852_MPP-0.2500+58[1000].png,331,6054,6724,3209,1357,972,5741,4533,1297,7853,6,5,5,5,5,4,4,4,4,4
TCGA-A2-A0CM-DX1_xmin18562_ymin56852_MPP-0.2500+64[1000].png,7450,5797,1297,1373,5094,6292,6702,2308,8041,3615,5,5,5,5,4,4,4,4,4,4
TCGA-A2-A0CM-DX1_xmin18562_ymin56852_MPP-0.2500+77[1000].png,8082,3836,2666,7032,2336,215,267,4965,7869,828,5,5,5,5,5,4,4,4,4,4
TCGA-A2-A0CM-DX1_xmin18562_ymin56852_MPP-0.2500+89[1000].png,4711,262,6388,2903,6702,6724,1842,5810,389,1203,5,5,4,4,4,4,4,4,4,4
TCGA-A2-A0CM-DX1_xmin18562_ymin56852_MPP-0.2500+90[1000].png,5101,2903,4711,4430,4693,4478,2751,3477,44,3961,6,6,5,5,4,4,4,4,4,4
TCGA-A2-A0D0-DX1_xmin68482_ymin39071_MPP-0.2500+275[1000].png,5717,2226,7189,4817,267,3000,131,3243,7091,7134,5,5,5,4,4,4,4,4,4,4
TCGA-A2-A0D0-DX1_xmin68482_ymin39071_MPP-0.2500+303[1000].png,2903,216,7459,582,5799,4100,3209,4524,1476,5133,6,6,5,5,5,4,4,4,4,4
TCGA-A2-A0D0-DX1_xmin68482_ymin39071_MPP-0.2500+304[1000].png,2400,6724,5780,4965,1063,7078,7450,7134,1716,7165,5,5,5,5,4,4,4,4,4,4
TCGA-A2-A0D0-DX1_xmin68482_ymin39071_MPP-0.2500+311[1000].png,1842,3088,3858,7149,5780,8066,5797,215,1869,2903,5,5,5,5,5,4,4,4,4,4
TCGA-A2-A0D0-DX1_xmin68482_ymin39071_MPP-0.2500+332[1000].png,1813,958,4430,1311,1356,4085,3088,1652,237,3000,6,5,5,4,4,4,4,4,4,4
TCGA-A2-A0D0-DX1_xmin68482_ymin39071_MPP-0.2500+339[1000].png,7078,632,5392,131,3526,7189,1297,5797,7400,6702,5,5,5,4,4,4,4,4,4,4
TCGA-A2-A0D0-DX1_xmin68482_ymin39071_MPP-0.2500+395[1000].png,6807,2226,1767,1682,6054,781,1842,7869,5392,6702,5,5,5,5,5,4,4,4,4,4
TCGA-A2-A0D0-DX1_xmin68482_ymin39071_MPP-0.2500+400[1000].png,7175,2903,7695,7222,44,6724,7377,2083,4711,1652,6,6,6,6,5,5,5,4,4,4
TCGA-A2-A0D0-DX1_xmin68482_ymin39071_MPP-0.2500+426[1000].png,2226,3088,3619,1652,2756,7695,4755,3836,2635,7694,6,5,5,5,5,5,4,4,4,3
TCGA-A2-A0D0-DX1_xmin68482_ymin39071_MPP-0.2500+427[1000].png,4311,6724,7249,6571,6227,836,4247,898,2870,3637,6,5,5,5,4,4,4,4,4,4
TCGA-A2-A0D0-DX1_xmin68482_ymin39071_MPP-0.2500+454[1000].png,1652,1297,267,215,2226,1476,5872,2083,7695,1842,7,6,5,5,4,4,4,4,4,4
TCGA-A2-A0D0-DX1_xmin68482_ymin39071_MPP-0.2500+455[1000].png,3088,958,1869,7001,2635,7733,7880,2977,2666,7134,6,6,6,5,4,4,4,4,4,4
TCGA-A2-A0D0-DX1_xmin68482_ymin39071_MPP-0.2500+456[1000].png,3088,6724,2226,7249,6984,5392,2278,7695,2990,335,6,5,5,5,5,5,4,4,4,4
TCGA-A2-A0D0-DX1_xmin68482_ymin39071_MPP-0.2500+483[1000].png,1297,6960,2336,5433,2876,3836,4160,6048,5673,581,6,5,5,4,4,4,4,4,4,4
TCGA-A2-A0D0-DX1_xmin68482_ymin39071_MPP-0.2500+484[1000].png,7091,3889,3088,5392,6724,4436,3199,8190,5302,4711,6,6,6,5,5,5,5,4,4,4
TCGA-A2-A0D0-DX1_xmin68482_ymin39071_MPP-0.2500+485[1000].png,7694,6931,1373,561,215,7695,4436,2666,1008,5235,8,5,5,5,5,5,5,5,4,4
TCGA-A2-A0D0-DX1_xmin68482_ymin39071_MPP-0.2500+512[1000].png,778,4250,935,2903,1103,2411,4160,7389,5913,7165,5,4,4,4,4,4,4,4,4,4
TCGA-A2-A0D0-DX1_xmin68482_ymin39071_MPP-0.2500+513[1000].png,8144,958,6702,6807,3199,7808,3088,2903,6808,3000,6,5,5,4,4,4,4,4,4,4
TCGA-A2-A0D0-DX1_xmin68482_ymin39071_MPP-0.2500+514[1000].png,267,5741,935,4711,2265,131,836,7733,8082,5009,5,5,5,4,4,4,4,4,4,3
TCGA-A2-A0D0-DX1_xmin68482_ymin39071_MPP-0.2500+541[1000].png,4711,6702,5047,7337,4430,697,2666,7222,3836,7165,7,6,6,5,5,5,5,4,4,4
TCGA-A2-A0D0-DX1_xmin68482_ymin39071_MPP-0.2500+542[1000].png,4711,7249,6306,7612,5797,1911,5047,6173,1652,7875,5,4,4,4,4,4,4,4,4,4
TCGA-A2-A0D0-DX1_xmin68482_ymin39071_MPP-0.2500+543[1000].png,7869,8081,1476,836,5872,2801,2308,5999,6984,3021,6,4,4,4,4,4,4,4,4,4
TCGA-A2-A0D0-DX1_xmin68482_ymin39071_MPP-0.2500+571[1000].png,215,1813,7916,8082,7189,2083,2018,4259,3722,3260,8,6,5,5,4,4,4,4,4,4
TCGA-A2-A0D0-DX1_xmin68482_ymin39071_MPP-0.2500+572[1000].png,6702,3144,131,6045,5937,2053,5913,1813,5834,1842,8,6,5,5,4,4,4,4,4,4
TCGA-A2-A0D0-DX1_xmin68482_ymin39071_MPP-0.2500+589[1000].png,4430,3836,1586,2226,1992,215,5213,3230,6966,4711,5,5,4,4,4,4,4,4,4,4
TCGA-A2-A0D0-DX1_xmin68482_ymin39071_MPP-0.2500+590[1000].png,2751,6536,8082,2430,7165,8013,6724,7249,582,6054,5,5,4,4,4,4,4,4,4,4
TCGA-A2-A0D0-DX1_xmin68482_ymin39071_MPP-0.2500+591[1000].png,1652,1869,7808,7189,1813,2336,3209,5213,2801,1593,8,5,5,5,5,4,4,4,4,4
TCGA-A2-A0D0-DX1_xmin68482_ymin39071_MPP-0.2500+601[1000].png,4711,7695,5780,7189,130,131,2751,5810,915,7337,6,6,5,5,4,4,4,4,4,4
TCGA-A2-A0D0-DX1_xmin68482_ymin39071_MPP-0.2500+609[1000].png,5611,7647,1813,2083,2430,5097,4651,2400,7224,6321,5,5,5,5,4,4,4,4,4,4
TCGA-A2-A0D0-DX1_xmin68482_ymin39071_MPP-0.2500+617[1000].png,1652,4711,7694,267,2226,1842,1813,7119,1297,3088,8,7,7,6,6,5,5,5,4,4
TCGA-A2-A0D0-DX1_xmin68482_ymin39071_MPP-0.2500+618[1000].png,4711,2903,840,389,8110,1652,8089,7589,3728,5213,6,6,5,5,5,4,4,4,4,4
TCGA-A2-A0D0-DX1_xmin68482_ymin39071_MPP-0.2500+619[1000].png,5498,2083,4430,8041,4911,2776,4193,7612,900,3469,5,5,5,4,4,4,4,4,4,3
TCGA-A2-A0D0-DX1_xmin68482_ymin39071_MPP-0.2500+620[1000].png,3526,1652,2602,817,7134,2990,2278,4582,725,6999,5,5,4,4,4,4,4,4,4,4
TCGA-A2-A0D0-DX1_xmin68482_ymin39071_MPP-0.2500+624[1000].png,2265,3088,267,1842,6724,5999,8041,4711,4377,4593,6,6,5,4,4,4,4,4,4,4
TCGA-A2-A0D0-DX1_xmin68482_ymin39071_MPP-0.2500+625[1000].png,3209,836,4436,6795,4250,1652,958,697,131,8081,7,5,5,4,4,4,4,4,4,4
TCGA-A2-A0D0-DX1_xmin68482_ymin39071_MPP-0.2500+626[1000].png,7950,2226,3477,5428,1476,8144,5834,7189,1324,6227,5,5,4,4,4,4,4,3,3,3
TCGA-A2-A0D0-DX1_xmin68482_ymin39071_MPP-0.2500+627[1000].png,8013,2903,267,2028,1652,5999,3346,2400,1476,7175,7,6,6,6,6,5,5,4,4,4
TCGA-A2-A0D0-DX1_xmin68482_ymin39071_MPP-0.2500+628[1000].png,1476,2812,7612,4251,8081,836,7695,3349,3030,516,5,5,5,4,4,4,4,4,4,4
TCGA-A2-A0D0-DX1_xmin68482_ymin39071_MPP-0.2500+629[1000].png,3088,4143,5213,5810,7694,3477,2226,6321,594,1460,7,5,5,5,5,5,5,5,5,4
TCGA-A2-A0D0-DX1_xmin68482_ymin39071_MPP-0.2500+630[1000].png,7165,6724,808,5235,2336,4278,3836,5872,4711,2340,7,5,5,4,4,4,4,4,4,4
TCGA-A2-A0D0-DX1_xmin68482_ymin39071_MPP-0.2500+645[1000].png,215,2226,3088,4430,1836,6919,4725,6502,6809,2903,6,6,6,5,5,5,4,4,4,4
TCGA-A2-A0D0-DX1_xmin68482_ymin39071_MPP-0.2500+646[1000].png,6808,1842,2028,4711,2903,4436,215,7612,6724,2031,5,4,4,4,4,4,4,4,4,4
TCGA-A2-A0D0-DX1_xmin68482_ymin39071_MPP-0.2500+647[1000].png,6795,5872,5810,5913,256,3858,3889,2588,697,1775,5,4,4,4,4,4,4,4,4,4
TCGA-A2-A0D0-DX1_xmin68482_ymin39071_MPP-0.2500+648[1000].png,215,1652,3021,44,6321,4311,267,2801,5392,7733,7,7,5,5,4,4,4,4,4,4
TCGA-A2-A0D0-DX1_xmin68482_ymin39071_MPP-0.2500+649[1000].png,6724,6192,2903,6137,958,2226,335,5213,5277,2990,6,6,5,5,5,4,4,4,4,4
TCGA-A2-A0D0-DX1_xmin68482_ymin39071_MPP-0.2500+652[1000].png,4711,215,6931,6054,2686,2308,1905,2106,2903,1652,6,6,5,4,4,4,4,4,4,4
TCGA-A2-A0D0-DX1_xmin68482_ymin39071_MPP-0.2500+653[1000].png,1842,5454,5717,6054,4711,7694,2028,7819,4131,8082,6,5,5,5,5,4,4,4,4,4
TCGA-A2-A0D0-DX1_xmin68482_ymin39071_MPP-0.2500+654[1000].png,1297,3209,1652,7853,4250,3268,1132,3477,7165,898,10,9,6,5,5,4,4,4,4,4
TCGA-A2-A0D0-DX1_xmin68482_ymin39071_MPP-0.2500+655[1000].png,836,7165,2226,4376,5101,3526,332,8081,3478,7175,6,5,5,4,4,4,4,4,4,4
TCGA-A2-A0D0-DX1_xmin68482_ymin39071_MPP-0.2500+656[1000].png,4711,5039,5007,6045,267,6678,2278,725,7249,1813,5,4,4,4,4,4,4,4,4,4
TCGA-A2-A0D0-DX1_xmin68482_ymin39071_MPP-0.2500+657[1000].png,1813,34,3858,3088,7032,6720,4817,4430,6702,5999,6,5,5,4,4,4,4,4,4,4
TCGA-A2-A0D0-DX1_xmin68482_ymin39071_MPP-0.2500+658[1000].png,2031,3477,3088,4711,2308,5097,836,5999,3176,1476,7,5,5,5,5,5,5,5,4,4
TCGA-A2-A0D0-DX1_xmin68482_ymin39071_MPP-0.2500+659[1000].png,2226,6814,1652,5937,1767,7895,3021,7165,6054,1813,7,7,5,5,4,4,4,4,4,4
TCGA-A2-A0D0-DX1_xmin68482_ymin39071_MPP-0.2500+673[1000].png,1652,1813,7134,2226,7165,5834,4430,3836,2083,7501,7,7,6,5,5,5,5,4,4,4
TCGA-A2-A0D0-DX1_xmin68482_ymin39071_MPP-0.2500+674[1000].png,8081,4436,6045,2000,6192,2903,1389,958,335,6054,6,5,4,4,4,4,4,4,4,4
TCGA-A2-A0D0-DX1_xmin68482_ymin39071_MPP-0.2500+675[1000].png,5741,6702,2000,1813,7916,3114,10,6919,7160,2226,6,6,4,4,4,4,4,4,4,4
TCGA-A2-A0D0-DX1_xmin68482_ymin39071_MPP-0.2500+676[1000].png,5392,4436,6045,162,836,2686,958,2028,1977,2977,6,5,4,4,4,4,4,4,4,3
TCGA-A2-A0D0-DX1_xmin68482_ymin39071_MPP-0.2500+677[1000].png,4833,6054,1297,2226,4436,8082,3029,958,6321,3230,5,5,5,5,5,4,4,4,4,4
TCGA-A2-A0D0-DX1_xmin68482_ymin39071_MPP-0.2500+678[1000].png,3088,7249,1652,1476,7024,1470,4240,1911,7165,5810,6,6,5,5,5,4,4,4,4,4
TCGA-A2-A0D0-DX1_xmin68482_ymin39071_MPP-0.2500+681[1000].png,6045,3088,1476,4905,515,6321,6615,8013,6208,8073,6,5,5,4,4,4,4,4,4,4
TCGA-A2-A0D0-DX1_xmin68482_ymin39071_MPP-0.2500+682[1000].png,3088,215,3044,4311,5686,6724,8081,3836,1842,2083,6,5,5,4,4,4,4,4,4,4
TCGA-A2-A0D0-DX1_xmin68482_ymin39071_MPP-0.2500+683[1000].png,3088,7695,3526,1297,3477,6054,3836,1569,1813,390,6,6,6,5,5,4,4,4,4,4
TCGA-A2-A0D0-DX1_xmin68482_ymin39071_MPP-0.2500+684[1000].png,237,4711,6045,332,3088,7149,5717,5937,5235,2977,6,6,5,5,5,5,4,4,4,4
TCGA-A2-A0D0-DX1_xmin68482_ymin39071_MPP-0.2500+685[1000].png,6045,8081,3230,872,4430,804,389,6022,5780,6966,6,5,5,5,5,4,4,4,4,4
TCGA-A2-A0D0-DX1_xmin68482_ymin39071_MPP-0.2500+686[1000].png,4711,5912,3088,1476,6782,693,3597,2140,1375,1813,8,5,5,5,4,4,4,4,4,4
TCGA-A2-A0D0-DX1_xmin68482_ymin39071_MPP-0.2500+687[1000].png,836,2140,7733,7165,7024,7808,1842,5509,7694,3000,6,5,5,5,4,4,4,4,4,4
TCGA-A2-A0D0-DX1_xmin68482_ymin39071_MPP-0.2500+688[1000].png,958,3209,4436,5741,4711,267,2686,8148,8110,2903,6,5,5,5,4,4,4,4,4,4
TCGA-A2-A0D0-DX1_xmin68482_ymin39071_MPP-0.2500+702[1000].png,5392,778,781,1476,3088,4711,11,1652,6960,8110,6,5,5,5,5,5,5,4,4,4
TCGA-A2-A0D0-DX1_xmin68482_ymin39071_MPP-0.2500+703[1000].png,2903,958,6321,7695,237,4711,7948,154,254,144,7,6,6,5,5,5,4,4,4,4
TCGA-A2-A0D0-DX1_xmin68482_ymin39071_MPP-0.2500+704[1000].png,7695,6702,4311,3836,3044,1357,958,4711,1905,1063,5,5,5,4,4,4,4,4,4,4
TCGA-A2-A0D0-DX1_xmin68482_ymin39071_MPP-0.2500+705[1000].png,7819,675,7165,1476,2903,7134,4160,3207,6795,7470,4,4,4,4,4,4,4,4,4,4
TCGA-A2-A0D0-DX1_xmin68482_ymin39071_MPP-0.2500+706[1000].png,1297,3088,2644,6702,4725,5097,4527,1652,4905,8082,6,5,5,4,4,4,4,4,4,4
TCGA-A2-A0D0-DX1_xmin68482_ymin39071_MPP-0.2500+707[1000].png,836,3088,778,8081,5412,130,3879,279,1813,4711,6,5,4,4,4,4,4,4,4,4
TCGA-A2-A0D0-DX1_xmin68482_ymin39071_MPP-0.2500+710[1000].png,1297,778,5428,1977,1571,1813,4711,3349,3452,594,6,5,5,5,5,4,4,4,4,4
TCGA-A2-A0D0-DX1_xmin68482_ymin39071_MPP-0.2500+711[1000].png,131,2686,5203,1652,662,5810,2194,1869,1157,3044,7,5,5,5,5,4,3,3,3,3
TCGA-A2-A0D0-DX1_xmin68482_ymin39071_MPP-0.2500+712[1000].png,7899,1571,216,1652,2028,2776,7138,2278,5094,7134,6,5,5,5,4,4,4,4,4,4
TCGA-A2-A0D0-DX1_xmin68482_ymin39071_MPP-0.2500+713[1000].png,5392,6045,958,7165,5367,5912,2083,828,4240,6054,6,6,5,5,5,5,5,4,4,4
TCGA-A2-A0D0-DX1_xmin68482_ymin39071_MPP-0.2500+714[1000].png,7165,4817,958,3088,1571,840,2903,4711,2115,215,6,6,5,5,4,4,4,4,4,4
TCGA-A2-A0D0-DX1_xmin68482_ymin39071_MPP-0.2500+715[1000].png,2223,6227,7450,1682,332,4436,3526,7465,5097,352,5,5,5,4,4,4,4,4,4,4
TCGA-A2-A0D0-DX1_xmin68482_ymin39071_MPP-0.2500+716[1000].png,2226,4711,2308,7093,2717,3088,7869,2903,5741,7895,6,5,4,4,4,4,4,4,4,4
TCGA-A2-A0D0-DX1_xmin68482_ymin39071_MPP-0.2500+717[1000].png,6724,3526,8013,6905,8081,3858,2326,1842,5999,5797,7,6,5,5,4,4,4,4,4,4
TCGA-A2-A0D0-DX1_xmin68482_ymin39071_MPP-0.2500+730[1000].png,1297,4711,958,1652,6702,6724,131,7189,7808,2194,7,7,6,6,6,5,5,5,5,5
TCGA-A2-A0D0-DX1_xmin68482_ymin39071_MPP-0.2500+731[1000].png,267,4436,7694,2083,7091,5428,1652,4911,1842,8140,6,5,4,4,4,4,4,4,4,3
TCGA-A2-A0D0-DX1_xmin68482_ymin39071_MPP-0.2500+732[1000].png,3298,7089,6219,4691,7948,371,6869,1297,1150,7916,5,5,5,4,4,4,4,4,4,4
TCGA-A2-A0D0-DX1_xmin68482_ymin39071_MPP-0.2500+733[1000].png,4711,1476,958,4311,5561,4376,2686,1297,8082,5450,6,5,5,4,4,4,4,4,4,4
TCGA-A2-A0D0-DX1_xmin68482_ymin39071_MPP-0.2500+734[1000].png,697,6966,5097,6678,5392,5133,267,7175,7540,4001,6,5,5,4,4,4,4,4,4,4
TCGA-A2-A0D0-DX1_xmin68482_ymin39071_MPP-0.2500+735[1000].png,7695,2226,3469,8013,2326,6219,7337,7119,1372,898,5,5,5,4,4,4,4,4,4,3
TCGA-A2-A0D0-DX1_xmin68482_ymin39071_MPP-0.2500+736[1000].png,1813,2903,7808,7149,6652,7649,5912,5682,3729,5059,8,6,6,5,5,5,5,4,4,4
TCGA-A2-A0D0-DX1_xmin68482_ymin39071_MPP-0.2500+739[1000].png,7694,1842,6795,3247,1543,6905,5780,972,1652,6702,6,5,5,4,4,4,4,4,4,4
TCGA-A2-A0D0-DX1_xmin68482_ymin39071_MPP-0.2500+740[1000].png,2903,7249,2308,2180,898,1767,4965,2226,1977,4425,6,5,5,4,4,4,4,4,3,3
TCGA-A2-A0D0-DX1_xmin68482_ymin39071_MPP-0.2500+741[1000].png,7733,1652,371,6054,2308,2226,7189,2650,2903,4436,5,5,5,5,4,4,4,4,4,4
TCGA-A2-A0D0-DX1_xmin68482_ymin39071_MPP-0.2500+742[1000].png,7119,1586,4711,2903,7165,4501,697,1235,7249,2870,5,5,5,4,4,4,4,4,4,4
TCGA-A2-A0D0-DX1_xmin68482_ymin39071_MPP-0.2500+743[1000].png,5203,1842,5515,3088,4430,781,4711,2226,347,8013,5,5,5,5,4,4,4,4,4,4
TCGA-A2-A0D0-DX1_xmin68482_ymin39071_MPP-0.2500+744[1000].png,3088,3477,4100,5392,7189,6702,2308,3971,6720,7357,9,5,5,5,5,4,4,4,4,4
TCGA-A2-A0D0-DX1_xmin68482_ymin39071_MPP-0.2500+745[1000].png,3088,2140,4711,1682,7189,267,7155,7165,8162,5872,7,6,5,5,5,5,4,4,4,4
TCGA-A2-A0D0-DX1_xmin68482_ymin39071_MPP-0.2500+746[1000].png,3088,1476,1373,3199,267,215,6795,4198,2686,3526,6,6,5,5,4,4,4,4,4,4
TCGA-A2-A0D0-DX1_xmin68482_ymin39071_MPP-0.2500+758[1000].png,7189,1063,1842,5937,6480,7589,3088,1373,6054,7695,6,6,5,5,5,5,5,5,5,4
TCGA-A2-A0D0-DX1_xmin68482_ymin39071_MPP-0.2500+759[1000].png,7165,144,1169,612,2226,725,7189,4968,3356,215,8,6,5,5,5,5,5,4,4,4
TCGA-A2-A0D0-DX1_xmin68482_ymin39071_MPP-0.2500+760[1000].png,2226,840,4436,836,2686,8013,3088,2903,4725,553,8,4,4,4,4,4,4,4,4,4
TCGA-A2-A0D0-DX1_xmin68482_ymin39071_MPP-0.2500+761[1000].png,1813,4911,215,7694,2226,5912,5555,7149,1373,5495,5,5,5,5,5,5,4,4,4,4
TCGA-A2-A0D0-DX1_xmin68482_ymin39071_MPP-0.2500+762[1000].png,5428,7249,5555,4376,7694,7337,7165,3889,1373,688,5,5,4,4,4,4,4,4,4,4
TCGA-A2-A0D0-DX1_xmin68482_ymin39071_MPP-0.2500+763[1000].png,267,1297,6045,453,2430,7249,1476,651,5101,6931,5,5,5,5,5,4,4,4,4,4
TCGA-A2-A0D0-DX1_xmin68482_ymin39071_MPP-0.2500+764[1000].png,1463,915,2903,2336,6979,2226,237,4711,7249,5741,5,5,4,4,4,4,4,4,4,4
TCGA-A2-A0D0-DX1_xmin68482_ymin39071_MPP-0.2500+765[1000].png,4711,7899,7733,4322,7808,5065,7024,7249,2967,7819,6,6,5,4,4,4,4,4,4,4
TCGA-A2-A0D0-DX1_xmin68482_ymin39071_MPP-0.2500+766[1000].png,5039,7189,697,1373,319,6995,3176,5094,2967,4908,5,5,4,4,4,4,4,4,4,4
TCGA-A2-A0D0-DX1_xmin68482_ymin39071_MPP-0.2500+769[1000].png,2226,3088,6321,6054,5999,1652,256,3200,7808,958,6,6,5,5,5,4,4,4,4,4
TCGA-A2-A0D0-DX1_xmin68482_ymin39071_MPP-0.2500+770[1000].png,958,516,7249,7899,840,778,215,7175,3675,4711,8,6,5,5,5,5,4,4,4,4
TCGA-A2-A0D0-DX1_xmin68482_ymin39071_MPP-0.2500+771[1000].png,3088,215,7165,935,7189,390,5603,1367,6892,1373,5,5,5,4,4,4,4,4,4,4
TCGA-A2-A0D0-DX1_xmin68482_ymin39071_MPP-0.2500+772[1000].png,8013,1911,2666,1413,6054,4711,4436,331,6217,6724,6,5,5,5,5,4,4,4,4,4
TCGA-A2-A0D0-DX1_xmin68482_ymin39071_MPP-0.2500+773[1000].png,267,215,4711,5872,2650,6321,131,216,450,3230,6,6,5,5,5,5,5,4,4,4
TCGA-A2-A0D0-DX1_xmin68482_ymin39071_MPP-0.2500+774[1000].png,7694,6702,3088,5717,2226,2278,7695,4436,6306,2967,7,6,5,5,5,5,4,4,4,4
TCGA-A2-A0D0-DX1_xmin68482_ymin39071_MPP-0.2500+775[1000].png,1813,1476,1297,601,697,4072,186,5213,2336,6795,5,5,4,4,4,4,4,4,4,4
TCGA-A2-A0D0-DX1_xmin68482_ymin39071_MPP-0.2500+787[1000].png,2226,5203,267,7165,3088,4311,6744,4711,5717,4715,6,5,5,5,5,4,4,4,4,4
TCGA-A2-A0D0-DX1_xmin68482_ymin39071_MPP-0.2500+788[1000].png,215,2336,145,3088,7149,5603,7222,7224,5671,4725,8,5,5,5,5,4,4,4,4,4
TCGA-A2-A0D0-DX1_xmin68482_ymin39071_MPP-0.2500+789[1000].png,1373,4080,1571,2226,6571,6869,215,4968,2140,697,6,5,5,5,4,4,4,4,4,4
TCGA-A2-A0D0-DX1_xmin68482_ymin39071_MPP-0.2500+790[1000].png,553,1813,1682,2336,6814,216,6293,958,7165,7694,6,5,5,5,5,4,4,4,4,4
TCGA-A2-A0D0-DX1_xmin68482_ymin39071_MPP-0.2500+791[1000].png,7410,4436,1842,404,5912,7024,1311,3088,5937,5999,5,4,4,4,4,4,4,4,4,4
TCGA-A2-A0D0-DX1_xmin68482_ymin39071_MPP-0.2500+792[1000].png,7189,2028,6137,389,144,215,8081,1297,1109,237,5,4,4,4,4,4,4,4,4,4
TCGA-A2-A0D0-DX1_xmin68482_ymin39071_MPP-0.2500+793[1000].png,6795,215,4725,3349,7880,688,4911,3526,44,7828,6,6,5,5,4,4,4,4,4,4
TCGA-A2-A0D0-DX1_xmin68482_ymin39071_MPP-0.2500+794[1000].png,2666,6809,7249,6321,7020,2903,3349,2308,7869,4711,4,4,4,4,4,4,4,4,4,4
TCGA-A2-A0D0-DX1_xmin68482_ymin39071_MPP-0.2500+795[1000].png,6905,3088,6045,6674,8148,6795,2903,872,7134,3526,6,5,5,5,4,4,4,4,4,4
TCGA-A2-A0D0-DX1_xmin68482_ymin39071_MPP-0.2500+798[1000].png,3144,5937,5392,267,1361,4311,2469,5428,7733,1373,6,6,5,5,4,4,4,4,4,4
TCGA-A2-A0D0-DX1_xmin68482_ymin39071_MPP-0.2500+799[1000].png,2226,2336,144,3088,4859,4436,7189,2977,4965,3125,5,4,4,4,4,4,4,4,4,4
TCGA-A2-A0D0-DX1_xmin68482_ymin39071_MPP-0.2500+800[1000].png,6724,267,4480,2265,4198,836,3442,4501,5097,5515,5,4,4,4,4,4,4,4,3,3
TCGA-A2-A0D0-DX1_xmin68482_ymin39071_MPP-0.2500+801[1000].png,6045,7808,2903,3088,6795,6054,4593,6619,5937,4911,8,5,5,5,5,4,4,4,4,4
TCGA-A2-A0D0-DX1_xmin68482_ymin39071_MPP-0.2500+802[1000].png,2885,840,958,1977,3021,237,404,7899,7189,781,6,6,5,5,4,4,4,4,4,4
TCGA-A2-A0D0-DX1_xmin68482_ymin39071_MPP-0.2500+803[1000].png,5428,6321,7647,7948,3094,6782,5166,697,7165,8101,6,6,5,4,4,4,4,4,4,4
TCGA-A2-A0D0-DX1_xmin68482_ymin39071_MPP-0.2500+804[1000].png,6724,6227,3466,6571,840,1813,4311,836,8081,215,5,5,5,5,5,4,4,4,4,4
TCGA-A2-A0D0-DX1_xmin68482_ymin39071_MPP-0.2500+815[1000].png,7501,6960,4833,7694,6809,3858,1413,7165,3346,7043,4,4,4,4,4,4,4,4,4,4
TCGA-A2-A0D0-DX1_xmin68482_ymin39071_MPP-0.2500+816[1000].png,1297,3088,5937,6724,215,4711,2903,2990,237,7869,7,6,5,5,5,5,4,4,4,4
TCGA-A2-A0D0-DX1_xmin68482_ymin39071_MPP-0.2500+817[1000].png,8013,7249,2226,553,1413,3230,1613,2278,4725,44,6,6,5,5,5,5,4,4,4,4
TCGA-A2-A0D0-DX1_xmin68482_ymin39071_MPP-0.2500+818[1000].png,3088,4711,1813,6054,4774,1958,958,6571,7709,4194,7,6,5,5,4,4,4,3,3,3
TCGA-A2-A0D0-DX1_xmin68482_ymin39071_MPP-0.2500+819[1000].png,215,7165,1905,6265,958,3836,4711,2140,578,6966,5,5,4,4,4,4,4,4,4,4
TCGA-A2-A0D0-DX1_xmin68482_ymin39071_MPP-0.2500+820[1000].png,3836,5999,6321,7189,1297,6045,2336,3299,237,7674,5,5,5,5,5,4,4,4,4,4
TCGA-A2-A0D0-DX1_xmin68482_ymin39071_MPP-0.2500+821[1000].png,3088,1842,371,3889,6814,145,8144,4436,8013,1476,5,4,4,4,4,4,4,4,4,4
TCGA-A2-A0D0-DX1_xmin68482_ymin39071_MPP-0.2500+822[1000].png,2028,2557,3088,6869,4711,7222,1652,4559,697,2400,6,5,5,4,4,4,4,4,4,4
TCGA-A2-A0D0-DX1_xmin68482_ymin39071_MPP-0.2500+823[1000].png,8013,1977,958,5047,4711,1682,6931,6724,1842,808,6,5,5,5,5,5,5,4,4,4
TCGA-A2-A0D0-DX1_xmin68482_ymin39071_MPP-0.2500+824[1000].png,267,5203,216,9,2028,4376,5999,237,4711,662,6,5,5,4,4,4,4,4,4,4
TCGA-A2-A0D0-DX1_xmin68482_ymin39071_MPP-0.2500+825[1000].png,7189,6571,1813,2903,2336,5599,2666,6795,958,2977,5,4,4,4,4,4,4,4,4,4
TCGA-A2-A0D0-DX1_xmin68482_ymin39071_MPP-0.2500+826[1000].png,6321,1813,3088,6892,2990,4711,6795,7149,2686,2308,7,6,6,5,5,5,5,4,4,4
TCGA-A2-A0D0-DX1_xmin68482_ymin39071_MPP-0.2500+827[1000].png,215,2140,7091,7733,2308,6054,5937,7450,1157,6702,6,5,4,4,4,4,4,4,4,4
TCGA-A2-A0D0-DX1_xmin68482_ymin39071_MPP-0.2500+828[1000].png,6054,5364,8082,7189,6795,2776,6808,4072,267,7165,6,4,4,4,4,4,4,4,4,4
TCGA-A2-A0D0-DX1_xmin68482_ymin39071_MPP-0.2500+829[1000].png,6045,840,6226,958,215,2903,8016,5735,168,3626,6,5,5,5,4,4,4,4,4,4
TCGA-A2-A0D0-DX1_xmin68482_ymin39071_MPP-0.2500+830[1000].png,6321,1813,6045,958,5097,237,7549,5428,3088,4691,6,6,5,5,5,5,4,4,4,4
TCGA-A2-A0D0-DX1_xmin68482_ymin39071_MPP-0.2500+831[1000].png,4430,1297,1586,4376,6321,6054,4311,7899,1905,1413,6,5,5,5,5,5,4,4,4,4
TCGA-A2-A0D0-DX1_xmin68482_ymin39071_MPP-0.2500+832[1000].png,3088,4817,4261,2903,2028,6919,5096,6724,7549,1373,8,5,5,4,4,4,4,4,4,4
TCGA-A2-A0D0-DX1_xmin68482_ymin39071_MPP-0.2500+833[1000].png,6702,1813,7337,1063,6306,4711,7164,3619,2308,2140,4,4,4,4,4,4,4,4,4,4
TCGA-A2-A0D0-DX1_xmin68482_ymin39071_MPP-0.2500+844[1000].png,3836,5912,1813,4833,267,935,215,2903,7880,1716,6,6,5,5,4,4,4,4,4,4
TCGA-A2-A0D0-DX1_xmin68482_ymin39071_MPP-0.2500+845[1000].png,1767,1682,5937,5872,836,404,3030,4376,215,958,6,5,5,4,4,4,4,4,4,4
TCGA-A2-A0D0-DX1_xmin68482_ymin39071_MPP-0.2500+846[1000].png,1813,8013,6795,4436,371,3469,4559,6121,4501,7189,6,5,5,5,5,5,4,4,4,4
TCGA-A2-A0D0-DX1_xmin68482_ymin39071_MPP-0.2500+847[1000].png,5392,1682,4968,5097,4377,3021,2226,321,267,4376,5,5,5,5,5,5,5,4,4,4
TCGA-A2-A0D0-DX1_xmin68482_ymin39071_MPP-0.2500+848[1000].png,5392,3088,7337,7694,7400,2140,1413,4711,2083,6814,7,5,5,5,5,5,4,4,4,4
TCGA-A2-A0D0-DX1_xmin68482_ymin39071_MPP-0.2500+849[1000].png,4711,1476,1977,4436,8013,33,3708,3088,6892,4978,7,6,5,5,4,4,4,4,4,3
TCGA-A2-A0D0-DX1_xmin68482_ymin39071_MPP-0.2500+850[1000].png,2226,3088,4817,7149,215,1652,5937,3526,8066,553,5,5,5,5,4,4,4,4,4,4
TCGA-A2-A0D0-DX1_xmin68482_ymin39071_MPP-0.2500+851[1000].png,2140,4293,6226,3836,5392,4311,3088,1413,215,6931,4,4,4,4,4,4,4,4,3,3
TCGA-A2-A0D0-DX1_xmin68482_ymin39071_MPP-0.2500+852[1000].png,5937,4377,6809,5213,2870,267,6868,2666,4968,582,5,5,5,5,5,4,4,4,4,4
TCGA-A2-A0D0-DX1_xmin68482_ymin39071_MPP-0.2500+853[1000].png,215,6809,7149,2903,4311,1652,5235,321,6321,963,7,5,5,5,5,4,4,4,4,4
TCGA-A2-A0D0-DX1_xmin68482_ymin39071_MPP-0.2500+854[1000].png,2226,7189,836,1911,6795,4430,1842,7694,2326,4436,6,6,6,5,5,4,4,4,4,4
TCGA-A2-A0D0-DX1_xmin68482_ymin39071_MPP-0.2500+855[1000].png,3088,237,6190,3861,4911,2308,2028,4436,1842,8110,5,5,5,4,4,4,4,4,4,4
TCGA-A2-A0D0-DX1_xmin68482_ymin39071_MPP-0.2500+856[1000].png,6045,7224,1476,6192,781,1911,131,6842,7869,1506,6,5,5,5,5,4,4,4,4,4
TCGA-A2-A0D0-DX1_xmin68482_ymin39071_MPP-0.2500+857[1000].png,6045,3044,215,2308,6571,3836,7694,5047,2977,1150,5,5,5,5,4,4,4,4,3,3
TCGA-A2-A0D0-DX1_xmin68482_ymin39071_MPP-0.2500+858[1000].png,697,215,6869,7948,3000,7674,2903,1476,256,2308,6,5,5,5,5,4,4,4,4,4
TCGA-A2-A0D0-DX1_xmin68482_ymin39071_MPP-0.2500+859[1000].png,6045,4762,6931,7091,6795,1682,3230,3477,1652,1476,6,5,5,5,5,4,4,4,4,4
TCGA-A2-A0D0-DX1_xmin68482_ymin39071_MPP-0.2500+860[1000].png,267,1842,1373,7249,1911,4711,7695,958,3088,8110,6,6,5,4,4,4,4,4,4,4
TCGA-A2-A0D0-DX1_xmin68482_ymin39071_MPP-0.2500+861[1000].png,4376,3209,5392,4143,2903,4911,2083,3971,4711,6595,6,5,5,5,4,4,4,4,4,4
TCGA-A2-A0D0-DX1_xmin68482_ymin39071_MPP-0.2500+862[1000].png,3088,7694,7222,1297,6724,3836,7828,6618,8110,1476,5,5,5,5,4,4,4,4,4,4
TCGA-A2-A0D0-DX1_xmin68482_ymin39071_MPP-0.2500+873[1000].png,1297,1652,5392,1357,6702,6782,7501,2644,6724,7869,6,6,5,4,4,4,4,4,4,4
TCGA-A2-A0D0-DX1_xmin68482_ymin39071_MPP-0.2500+874[1000].png,958,5392,1652,1813,4311,1222,2903,4559,2609,1339,7,6,5,5,4,4,4,4,4,4
TCGA-A2-A0D0-DX1_xmin68482_ymin39071_MPP-0.2500+875[1000].png,6321,7869,4711,2411,7808,6702,2028,6045,2299,915,6,5,5,5,4,4,4,4,4,4
TCGA-A2-A0D0-DX1_xmin68482_ymin39071_MPP-0.2500+876[1000].png,6428,4436,5603,2308,7808,7091,781,6984,6702,6724,5,5,5,5,5,4,4,4,4,4
TCGA-A2-A0D0-DX1_xmin68482_ymin39071_MPP-0.2500+877[1000].png,958,1297,7249,1813,6724,3477,6674,5392,8013,144,6,5,5,5,5,5,5,4,4,4
TCGA-A2-A0D0-DX1_xmin68482_ymin39071_MPP-0.2500+878[1000].png,4311,3021,2756,7540,237,1813,958,725,1373,3981,6,5,5,5,5,5,5,4,4,4
TCGA-A2-A0D0-DX1_xmin68482_ymin39071_MPP-0.2500+879[1000].png,3209,4725,2476,2885,5937,5741,5910,4593,5872,1811,5,5,4,4,4,4,4,4,4,4
TCGA-A2-A0D0-DX1_xmin68482_ymin39071_MPP-0.2500+880[1000].png,1297,6045,3088,7807,5392,7853,6620,3209,1813,7175,5,5,4,4,4,4,4,4,4,4
TCGA-A2-A0D0-DX1_xmin68482_ymin39071_MPP-0.2500+881[1000].png,5428,958,4711,7880,7899,6045,5392,4492,7189,7539,6,6,6,6,5,4,4,4,4,4
TCGA-A2-A0D0-DX1_xmin68482_ymin39071_MPP-0.2500+882[1000].png,1297,2028,2903,1652,2308,4947,958,5097,7808,3088,7,7,6,5,5,4,4,4,4,4
TCGA-A2-A0D0-DX1_xmin68482_ymin39071_MPP-0.2500+883[1000].png,6054,2226,7189,4711,5797,2083,4080,7808,4198,516,6,5,5,4,4,4,4,4,4,4
TCGA-A2-A0D0-DX1_xmin68482_ymin39071_MPP-0.2500+884[1000].png,958,3088,7733,591,4436,4559,34,2870,4593,2977,7,5,5,5,5,5,4,4,4,4
TCGA-A2-A0D0-DX1_xmin68482_ymin39071_MPP-0.2500+885[1000].png,7694,5065,8013,477,5392,935,6795,781,4711,5203,5,5,5,4,4,4,4,4,4,4
TCGA-A2-A0D0-DX1_xmin68482_ymin39071_MPP-0.2500+886[1000].png,2666,3088,4711,7175,1297,6045,7695,3487,6121,7869,5,5,5,5,5,5,4,4,4,4
TCGA-A2-A0D0-DX1_xmin68482_ymin39071_MPP-0.2500+887[1000].png,5799,5937,3126,6321,237,6724,6702,5454,5097,2308,5,5,5,5,5,5,5,5,5,4
TCGA-A2-A0D0-DX1_xmin68482_ymin39071_MPP-0.2500+888[1000].png,267,7733,6905,3526,5213,5166,1297,215,6192,5047,6,6,5,5,5,4,4,4,4,4
TCGA-A2-A0D0-DX1_xmin68482_ymin39071_MPP-0.2500+889[1000].png,2226,215,144,6264,778,7165,5428,4376,6054,3260,8,5,5,4,4,4,4,4,4,4
TCGA-A2-A0D0-DX1_xmin68482_ymin39071_MPP-0.2500+890[1000].png,7189,4711,215,2336,6045,5872,2308,5606,1813,7222,7,6,6,5,5,4,4,4,4,4
TCGA-A2-A0D0-DX1_xmin68482_ymin39071_MPP-0.2500+891[1000].png,1842,6702,6045,4711,1652,8037,124,4833,836,1476,8,6,5,5,5,5,4,4,4,4
TCGA-A2-A0ST-DX1_xmin109446_ymin18274_MPP-0.2500+144[1000].png,3044,131,982,4817,4436,725,5780,331,7694,6902,6,5,5,4,4,4,4,4,3,3
TCGA-A2-A0ST-DX1_xmin109446_ymin18274_MPP-0.2500+145[1000].png,4593,4259,3126,3299,5854,3088,4911,468,3889,168,5,5,4,4,4,4,4,4,4,4
TCGA-A2-A0ST-DX1_xmin109446_ymin18274_MPP-0.2500+146[1000].png,3088,3230,725,7733,2870,4436,4817,1836,1842,7612,5,5,5,5,5,4,4,4,4,4
TCGA-A2-A0ST-DX1_xmin109446_ymin18274_MPP-0.2500+159[1000].png,516,1813,7835,7189,1716,4524,1652,935,3296,6908,6,5,5,5,4,4,4,4,4,4
TCGA-A2-A0ST-DX1_xmin109446_ymin18274_MPP-0.2500+160[1000].png,5038,215,1992,145,3000,4322,5780,7195,7899,3088,7,4,4,4,4,4,4,4,4,4
TCGA-A2-A0ST-DX1_xmin109446_ymin18274_MPP-0.2500+161[1000].png,1654,53,5937,1992,44,5912,1716,7880,5023,7065,5,5,5,5,4,4,4,4,4,4
TCGA-A2-A0ST-DX1_xmin109446_ymin18274_MPP-0.2500+162[1000].png,4817,5780,4250,4492,1297,7807,6219,3088,6724,5872,5,5,5,4,4,4,4,4,4,4
TCGA-A2-A0ST-DX1_xmin109446_ymin18274_MPP-0.2500+163[1000].png,2308,3836,3088,145,5780,7694,130,7733,4711,1571,5,5,5,5,5,5,4,4,4,4
TCGA-A2-A0ST-DX1_xmin109446_ymin18274_MPP-0.2500+164[1000].png,6795,3088,5038,3836,632,4322,2502,6919,2299,3986,5,5,4,4,4,4,4,4,4,4
TCGA-A2-A0ST-DX1_xmin109446_ymin18274_MPP-0.2500+165[1000].png,3209,7189,3836,8081,1356,5292,4143,2967,390,131,7,5,5,4,4,4,4,4,4,4
TCGA-A2-A0ST-DX1_xmin109446_ymin18274_MPP-0.2500+166[1000].png,7694,5937,2870,3088,1655,162,1842,3000,5428,2226,5,5,5,4,4,4,4,4,4,4
TCGA-A2-A0ST-DX1_xmin109446_ymin18274_MPP-0.2500+167[1000].png,5735,6595,2776,6999,5810,5392,982,168,5971,7694,4,4,4,4,4,4,4,4,4,4
TCGA-A2-A0ST-DX1_xmin109446_ymin18274_MPP-0.2500+178[1000].png,5799,131,4322,3836,5946,5203,7175,6724,781,4817,5,5,5,5,4,4,4,4,4,4
TCGA-A2-A0ST-DX1_xmin109446_ymin18274_MPP-0.2500+179[1000].png,7807,3026,5937,4322,3209,1842,3527,7175,5797,1297,6,5,5,5,4,4,4,4,4,4
TCGA-A2-A0ST-DX1_xmin109446_ymin18274_MPP-0.2500+180[1000].png,1312,7189,4166,6856,2666,781,4080,2502,7808,3088,5,4,4,4,4,4,4,4,4,4
TCGA-A2-A0ST-DX1_xmin109446_ymin18274_MPP-0.2500+181[1000].png,4711,3088,2226,4436,8188,5810,6657,296,144,5937,8,6,6,5,4,4,4,4,4,3
TCGA-A2-A0ST-DX1_xmin109446_ymin18274_MPP-0.2500+182[1000].png,4725,3021,1312,7450,131,5392,1320,6702,3526,7152,6,6,5,5,5,4,4,4,4,4
TCGA-A2-A0ST-DX1_xmin109446_ymin18274_MPP-0.2500+183[1000].png,4711,3088,6724,1413,1297,2903,4430,1836,7612,3501,6,6,5,5,5,5,4,4,4,4
TCGA-A2-A0ST-DX1_xmin109446_ymin18274_MPP-0.2500+184[1000].png,5780,1357,5611,4376,3189,2997,2326,4833,2990,8081,5,5,5,5,4,4,4,4,4,4
TCGA-A2-A0ST-DX1_xmin109446_ymin18274_MPP-0.2500+185[1000].png,5872,6807,1357,3230,3088,1767,5428,1312,1586,7189,7,7,6,6,5,5,4,4,4,4
TCGA-A2-A0ST-DX1_xmin109446_ymin18274_MPP-0.2500+186[1000].png,2308,335,7612,145,3088,7694,1652,8073,6808,1357,6,6,6,5,5,4,4,4,4,4
TCGA-A2-A0ST-DX1_xmin109446_ymin18274_MPP-0.2500+187[1000].png,7189,4711,2278,7224,6652,5428,3526,1652,5383,4322,5,5,5,5,4,4,4,4,4,4
TCGA-A2-A0ST-DX1_xmin109446_ymin18274_MPP-0.2500+197[1000].png,3526,2990,5780,7808,7733,5023,4436,4492,3893,982,6,5,5,4,4,4,4,4,4,4
TCGA-A2-A0ST-DX1_xmin109446_ymin18274_MPP-0.2500+198[1000].png,7808,4492,7694,6193,1357,2756,693,3189,3088,7175,6,5,5,5,4,4,4,4,4,4
TCGA-A2-A0ST-DX1_xmin109446_ymin18274_MPP-0.2500+199[1000].png,7089,5780,4811,4259,4160,2967,7937,725,498,6054,6,5,4,4,4,4,4,4,4,4
TCGA-A2-A0ST-DX1_xmin109446_ymin18274_MPP-0.2500+200[1000].png,131,4430,7733,7032,5797,6045,2977,1297,7732,215,8,7,6,5,5,4,4,4,4,4
TCGA-A2-A0ST-DX1_xmin109446_ymin18274_MPP-0.2500+201[1000].png,4711,6795,5780,186,1682,4817,5065,6956,4911,7089,8,7,4,4,4,4,4,4,4,4
TCGA-A2-A0ST-DX1_xmin109446_ymin18274_MPP-0.2500+202[1000].png,6321,6795,3088,4055,5213,1842,6724,3356,6960,8188,5,5,4,4,4,4,4,4,4,4
TCGA-A2-A0ST-DX1_xmin109446_ymin18274_MPP-0.2500+203[1000].png,4711,5603,5213,7647,4250,4817,1203,1312,168,3836,6,5,5,4,4,4,4,4,4,4
TCGA-A2-A0ST-DX1_xmin109446_ymin18274_MPP-0.2500+204[1000].png,6702,7164,3044,2308,7175,3637,8165,4911,4436,7880,7,5,5,4,4,4,4,4,4,4
TCGA-A2-A0ST-DX1_xmin109446_ymin18274_MPP-0.2500+205[1000].png,3088,3908,7941,3204,1297,1109,5392,7880,3209,4725,6,4,4,4,4,4,4,4,4,4
TCGA-A2-A0ST-DX1_xmin109446_ymin18274_MPP-0.2500+206[1000].png,4436,131,4817,267,7089,390,7165,7377,2967,4711,5,5,5,4,4,4,4,4,4,4
TCGA-A2-A0ST-DX1_xmin109446_ymin18274_MPP-0.2500+207[1000].png,1842,7189,5862,5872,7549,5947,7119,7093,267,7880,6,5,5,5,5,4,4,4,4,4
TCGA-A2-A0ST-DX1_xmin109446_ymin18274_MPP-0.2500+215[1000].png,8110,4322,7189,3230,1312,4376,1194,6571,8082,3889,6,5,5,5,5,4,4,4,4,4
TCGA-A2-A0ST-DX1_xmin109446_ymin18274_MPP-0.2500+216[1000].png,4711,3209,6795,2411,4376,5780,4501,5606,725,7835,7,6,5,5,4,4,4,4,4,4
TCGA-A2-A0ST-DX1_xmin109446_ymin18274_MPP-0.2500+217[1000].png,2666,7189,2226,1682,124,215,1716,145,4251,4642,6,5,5,4,4,4,4,4,4,4
TCGA-A2-A0ST-DX1_xmin109446_ymin18274_MPP-0.2500+218[1000].png,5797,7612,1413,7091,2774,7876,2756,5094,3349,7134,8,6,5,4,4,4,4,4,4,4
TCGA-A2-A0ST-DX1_xmin109446_ymin18274_MPP-0.2500+219[1000].png,335,1813,6428,7694,6045,5419,6966,267,7880,3469,5,5,5,4,4,4,4,4,4,4
TCGA-A2-A0ST-DX1_xmin109446_ymin18274_MPP-0.2500+220[1000].png,7189,7869,3526,1652,3836,1977,6795,4480,4817,5797,5,5,5,5,4,4,4,4,4,4
TCGA-A2-A0ST-DX1_xmin109446_ymin18274_MPP-0.2500+221[1000].png,3088,2967,6571,6702,7807,4436,1813,4817,6321,2018,9,4,4,4,4,4,4,4,4,4
TCGA-A2-A0ST-DX1_xmin109446_ymin18274_MPP-0.2500+222[1000].png,7089,3044,3088,6054,1476,4501,4947,4950,168,2903,6,6,5,4,4,4,4,4,4,4
TCGA-A2-A0ST-DX1_xmin109446_ymin18274_MPP-0.2500+223[1000].png,3088,915,6979,7733,958,7549,44,1652,7694,2903,6,4,4,4,4,4,4,4,4,4
TCGA-A2-A0ST-DX1_xmin109446_ymin18274_MPP-0.2500+224[1000].png,8013,2308,4711,2666,144,7950,5810,7808,4622,6702,5,5,5,4,4,4,4,4,4,4
TCGA-A2-A0ST-DX1_xmin109446_ymin18274_MPP-0.2500+225[1000].png,3230,5428,1280,7828,1311,331,516,6045,4693,7119,6,4,4,4,4,4,4,4,4,4
TCGA-A2-A0ST-DX1_xmin109446_ymin18274_MPP-0.2500+235[1000].png,4711,1992,8081,2336,7175,7007,7853,6960,390,4430,5,4,4,4,4,4,4,4,4,4
TCGA-A2-A0ST-DX1_xmin109446_ymin18274_MPP-0.2500+236[1000].png,516,1842,267,3176,6856,7733,901,237,2299,808,6,5,5,4,4,4,4,4,4,3
TCGA-A2-A0ST-DX1_xmin109446_ymin18274_MPP-0.2500+237[1000].png,4436,7337,7733,836,2967,1682,2870,7189,3209,7694,6,6,4,4,4,4,4,4,4,4
TCGA-A2-A0ST-DX1_xmin109446_ymin18274_MPP-0.2500+238[1000].png,935,7485,7733,3126,516,8144,4278,3230,4492,1842,4,4,4,4,4,4,4,4,4,4
TCGA-A2-A0ST-DX1_xmin109446_ymin18274_MPP-0.2500+239[1000].png,3044,4112,8148,5213,915,2336,781,1297,7337,4250,6,5,5,5,4,4,4,4,4,4
TCGA-A2-A0ST-DX1_xmin109446_ymin18274_MPP-0.2500+240[1000].png,3088,7694,335,2903,6045,3804,2430,3836,6931,2635,5,5,5,5,4,4,4,4,4,4
TCGA-A2-A0ST-DX1_xmin109446_ymin18274_MPP-0.2500+241[1000].png,1842,6702,4965,4711,808,267,1357,935,6530,5461,5,5,5,5,4,4,4,4,4,4
TCGA-A2-A0ST-DX1_xmin109446_ymin18274_MPP-0.2500+242[1000].png,2308,1312,7835,7709,3254,215,7149,7591,6045,2226,6,5,5,4,4,4,4,4,4,4
TCGA-A2-A0ST-DX1_xmin109446_ymin18274_MPP-0.2500+243[1000].png,1297,7134,2031,594,7807,7695,2967,145,958,1682,5,5,5,4,4,4,4,4,4,4
TCGA-A2-A0ST-DX1_xmin109446_ymin18274_MPP-0.2500+244[1000].png,131,8081,781,7733,2967,4817,5433,2278,5498,1297,5,4,4,4,4,4,4,4,4,4
TCGA-A2-A0ST-DX1_xmin109446_ymin18274_MPP-0.2500+254[1000].png,7189,5038,3044,3836,5937,3268,1297,321,4817,5862,5,5,5,5,5,4,4,4,4,4
TCGA-A2-A0ST-DX1_xmin109446_ymin18274_MPP-0.2500+255[1000].png,7189,1716,2235,7119,3230,1196,7694,2336,2756,7212,5,4,4,4,4,4,4,4,4,4
TCGA-A2-A0ST-DX1_xmin109446_ymin18274_MPP-0.2500+256[1000].png,3209,7007,5717,5780,6678,1373,2308,7089,1682,7162,5,5,4,4,4,4,4,4,4,4
TCGA-A2-A0ST-DX1_xmin109446_ymin18274_MPP-0.2500+257[1000].png,6795,7165,6931,7501,216,5872,5999,7409,6045,4194,7,6,6,5,5,5,4,4,4,4
TCGA-A2-A0ST-DX1_xmin109446_ymin18274_MPP-0.2500+258[1000].png,4143,5780,1905,3088,7733,3477,6222,5741,2977,6795,5,5,5,5,4,4,4,4,4,4
TCGA-A2-A0ST-DX1_xmin109446_ymin18274_MPP-0.2500+259[1000].png,3619,4322,2140,5999,1977,131,7880,2226,1297,3230,6,6,5,5,5,4,4,4,4,4
TCGA-A2-A0ST-DX1_xmin109446_ymin18274_MPP-0.2500+260[1000].png,4817,1311,3021,6045,145,8148,4430,5780,352,6394,5,4,4,4,4,4,4,4,4,4
TCGA-A2-A0ST-DX1_xmin109446_ymin18274_MPP-0.2500+261[1000].png,3088,5810,3230,7089,6388,5023,781,2756,5133,3209,6,6,5,5,4,4,4,4,4,4
TCGA-A2-A0ST-DX1_xmin109446_ymin18274_MPP-0.2500+262[1000].png,2870,6045,5392,7694,1157,3836,4711,5603,352,3088,5,5,5,5,4,4,4,4,4,4
TCGA-A2-A0ST-DX1_xmin109446_ymin18274_MPP-0.2500+263[1000].png,3836,267,4376,4711,381,1389,4859,6595,5039,1169,5,5,4,4,4,4,4,4,4,4
TCGA-A2-A0ST-DX1_xmin109446_ymin18274_MPP-0.2500+264[1000].png,7694,1682,5834,3026,7224,5611,3619,5780,5454,8013,9,6,6,5,4,4,4,4,4,4
TCGA-A2-A0ST-DX1_xmin109446_ymin18274_MPP-0.2500+265[1000].png,3836,6795,781,6807,4430,7045,4376,808,2967,5780,6,6,5,5,5,5,4,4,4,4
TCGA-A2-A0ST-DX1_xmin109446_ymin18274_MPP-0.2500+273[1000].png,352,1297,5937,44,7835,3836,5203,836,4436,3619,6,6,5,5,5,5,5,5,5,4
TCGA-A2-A0ST-DX1_xmin109446_ymin18274_MPP-0.2500+274[1000].png,3088,6795,3030,3021,3526,131,8148,1413,216,697,7,5,5,5,4,4,4,4,4,4
TCGA-A2-A0ST-DX1_xmin109446_ymin18274_MPP-0.2500+275[1000].png,5780,2967,2308,1109,1655,267,1682,4410,131,7694,6,6,5,5,5,5,4,4,4,4
TCGA-A2-A0ST-DX1_xmin109446_ymin18274_MPP-0.2500+276[1000].png,5780,6931,808,2308,1836,3527,935,4322,2278,4199,6,5,5,5,5,5,4,4,4,4
TCGA-A2-A0ST-DX1_xmin109446_ymin18274_MPP-0.2500+277[1000].png,4250,6054,4711,6652,144,2070,3619,3268,7694,5097,5,5,5,5,4,4,4,4,4,4
TCGA-A2-A0ST-DX1_xmin109446_ymin18274_MPP-0.2500+278[1000].png,3088,1842,4817,7694,1813,2903,3254,7165,7853,254,6,6,5,5,5,4,4,4,4,3
TCGA-A2-A0ST-DX1_xmin109446_ymin18274_MPP-0.2500+279[1000].png,4911,8013,7189,5611,5999,1194,5671,4112,215,7032,7,5,5,5,4,4,4,4,4,4
TCGA-A2-A0ST-DX1_xmin109446_ymin18274_MPP-0.2500+280[1000].png,7694,6054,1297,8082,1357,1775,3438,2308,5741,5702,6,6,6,6,5,4,4,4,4,4
TCGA-A2-A0ST-DX1_xmin109446_ymin18274_MPP-0.2500+281[1000].png,1977,1297,6045,4160,4524,6931,7134,5166,2326,1652,6,6,5,5,4,4,4,4,4,4
TCGA-A2-A0ST-DX1_xmin109446_ymin18274_MPP-0.2500+282[1000].png,7149,3836,5735,4166,4911,3247,4430,840,5780,4376,5,5,5,5,4,4,4,4,4,4
TCGA-A2-A0ST-DX1_xmin109446_ymin18274_MPP-0.2500+283[1000].png,4376,3088,7430,8081,7808,2967,5498,8013,331,4325,7,6,5,5,5,5,5,4,4,4
TCGA-A2-A0ST-DX1_xmin109446_ymin18274_MPP-0.2500+284[1000].png,3088,7249,1297,6121,7007,3030,3026,4622,7869,2000,6,6,5,4,4,4,4,4,4,4
TCGA-A2-A0ST-DX1_xmin109446_ymin18274_MPP-0.2500+292[1000].png,131,2308,5716,1682,4501,3728,7694,3088,982,1833,6,5,5,5,5,4,4,4,4,4
TCGA-A2-A0ST-DX1_xmin109446_ymin18274_MPP-0.2500+293[1000].png,3209,335,5428,4817,3870,4436,1311,4376,2249,7134,7,6,5,4,4,4,4,4,4,4
TCGA-A2-A0ST-DX1_xmin109446_ymin18274_MPP-0.2500+294[1000].png,1001,4369,1413,4101,6222,4817,5797,3823,1218,781,5,5,5,4,4,4,4,4,4,4
TCGA-A2-A0ST-DX1_xmin109446_ymin18274_MPP-0.2500+295[1000].png,5203,5797,4817,6795,4965,8165,4430,1357,7324,4376,6,6,5,5,4,4,4,4,4,4
TCGA-A2-A0ST-DX1_xmin109446_ymin18274_MPP-0.2500+296[1000].png,5213,4250,44,1312,3044,2028,5763,1571,8066,7790,5,5,5,5,5,4,4,4,4,4
TCGA-A2-A0ST-DX1_xmin109446_ymin18274_MPP-0.2500+297[1000].png,3209,1652,5249,686,7337,958,1682,949,3088,6782,5,5,4,4,4,4,4,4,4,4
TCGA-A2-A0ST-DX1_xmin109446_ymin18274_MPP-0.2500+298[1000].png,145,4430,2751,5039,2308,5913,4250,3088,688,1716,6,5,5,4,4,4,4,4,4,4
TCGA-A2-A0ST-DX1_xmin109446_ymin18274_MPP-0.2500+299[1000].png,3192,693,4911,2486,7222,237,6595,4859,8081,5810,5,5,5,5,4,4,4,4,4,4
TCGA-A2-A0ST-DX1_xmin109446_ymin18274_MPP-0.2500+300[1000].png,3836,6346,3526,6678,781,5912,390,6326,2977,4911,5,4,4,4,4,4,4,4,4,4
TCGA-A2-A0ST-DX1_xmin109446_ymin18274_MPP-0.2500+301[1000].png,1682,2870,2776,3230,6054,2235,7189,4278,124,5735,5,5,5,5,5,5,4,4,4,4
TCGA-A2-A0ST-DX1_xmin109446_ymin18274_MPP-0.2500+302[1000].png,1842,3088,7869,4322,7733,2308,6905,5433,2756,1312,6,5,4,4,4,4,4,4,4,4
TCGA-A2-A0ST-DX1_xmin109446_ymin18274_MPP-0.2500+303[1000].png,3026,4711,1373,6795,2336,2308,3044,2557,5606,145,9,5,5,4,4,4,4,4,4,4
TCGA-A2-A0ST-DX1_xmin109446_ymin18274_MPP-0.2500+311[1000].png,4817,7835,5038,3836,7804,1652,390,44,3030,725,7,6,6,6,5,5,5,4,4,4
TCGA-A2-A0ST-DX1_xmin109446_ymin18274_MPP-0.2500+312[1000].png,4947,6702,4376,7694,1652,1966,6762,2255,8101,2226,5,5,5,4,4,4,4,4,4,4
TCGA-A2-A0ST-DX1_xmin109446_ymin18274_MPP-0.2500+313[1000].png,1312,4817,3088,390,352,5741,5235,6121,8148,7189,5,5,5,5,5,4,4,4,4,4
TCGA-A2-A0ST-DX1_xmin109446_ymin18274_MPP-0.2500+314[1000].png,3088,7807,516,5741,5872,3836,3207,6966,5629,3526,8,6,6,5,5,4,4,4,4,4
TCGA-A2-A0ST-DX1_xmin109446_ymin18274_MPP-0.2500+315[1000].png,7694,1966,1203,7134,6192,7721,6931,6809,7808,216,6,5,4,4,4,4,4,4,4,4
TCGA-A2-A0ST-DX1_xmin109446_ymin18274_MPP-0.2500+316[1000].png,237,7916,1977,4711,7470,3000,5708,4817,4527,3230,4,4,4,4,4,4,4,4,4,4
TCGA-A2-A0ST-DX1_xmin109446_ymin18274_MPP-0.2500+317[1000].png,7165,2870,6222,3088,7880,8148,3026,4063,7134,3230,5,5,5,5,5,4,4,4,4,4
TCGA-A2-A0ST-DX1_xmin109446_ymin18274_MPP-0.2500+318[1000].png,3088,5741,8081,5717,7694,2967,5101,6931,5780,1672,7,6,5,5,5,5,4,4,4,4
TCGA-A2-A0ST-DX1_xmin109446_ymin18274_MPP-0.2500+319[1000].png,3088,2308,7835,2226,331,237,5498,974,3021,2635,6,5,5,4,4,4,4,4,4,4
TCGA-A2-A0ST-DX1_xmin109446_ymin18274_MPP-0.2500+320[1000].png,2870,2226,7189,4430,5007,6702,1356,1842,781,1967,5,5,5,5,4,4,4,4,4,4
TCGA-A2-A0ST-DX1_xmin109446_ymin18274_MPP-0.2500+321[1000].png,4322,4817,5099,4430,2226,3026,3836,44,4436,256,5,5,4,4,4,4,4,4,4,4
TCGA-A2-A0ST-DX1_xmin109446_ymin18274_MPP-0.2500+322[1000].png,4322,7694,3088,3526,4250,6571,216,2666,3125,7400,7,6,5,5,5,5,4,4,4,4
TCGA-A2-A0ST-DX1_xmin109446_ymin18274_MPP-0.2500+331[1000].png,131,7337,390,3836,2666,4322,7189,6782,3088,778,7,5,5,5,5,5,4,4,4,4
TCGA-A2-A0ST-DX1_xmin109446_ymin18274_MPP-0.2500+332[1000].png,2336,7808,4322,1682,7166,6931,1312,1357,216,3208,7,6,5,5,4,4,4,4,4,4
TCGA-A2-A0ST-DX1_xmin109446_ymin18274_MPP-0.2500+333[1000].png,4436,1682,817,1833,131,1357,390,3836,7442,6276,4,4,4,4,4,4,4,4,4,4
TCGA-A2-A0ST-DX1_xmin109446_ymin18274_MPP-0.2500+334[1000].png,5937,3000,215,237,4911,7089,6807,3088,2666,1132,5,5,4,4,4,4,4,4,4,4
TCGA-A2-A0ST-DX1_xmin109446_ymin18274_MPP-0.2500+335[1000].png,6808,186,1361,4436,4376,3836,688,516,2083,7880,5,5,5,5,5,5,4,4,4,4
TCGA-A2-A0ST-DX1_xmin109446_ymin18274_MPP-0.2500+336[1000].png,4322,6702,1297,2157,7357,4376,6121,4606,5603,5023,6,6,4,4,4,4,4,4,4,4
TCGA-A2-A0ST-DX1_xmin109446_ymin18274_MPP-0.2500+337[1000].png,1297,7400,6480,6795,6809,1508,6807,2870,4711,44,8,6,5,5,5,4,4,4,4,4
TCGA-A2-A0ST-DX1_xmin109446_ymin18274_MPP-0.2500+338[1000].png,1897,1772,3026,7484,5428,1842,581,1836,4711,5235,6,5,5,4,4,4,4,4,4,4
TCGA-A2-A0ST-DX1_xmin109446_ymin18274_MPP-0.2500+339[1000].png,6795,7694,4593,7589,4376,1297,3487,390,1842,8013,7,7,6,5,5,5,4,4,4,4
TCGA-A2-A0ST-DX1_xmin109446_ymin18274_MPP-0.2500+340[1000].png,390,2308,7804,4480,3296,7694,3889,8081,7353,4322,7,5,5,5,5,5,4,4,4,4
TCGA-A2-A0ST-DX1_xmin109446_ymin18274_MPP-0.2500+350[1000].png,7694,3230,335,6931,3189,1312,604,784,3026,5098,8,6,6,5,5,4,4,4,4,4
TCGA-A2-A0ST-DX1_xmin109446_ymin18274_MPP-0.2500+351[1000].png,3044,6702,4711,216,5419,516,390,6054,368,4990,9,7,6,6,5,4,4,4,4,4
TCGA-A2-A0ST-DX1_xmin109446_ymin18274_MPP-0.2500+352[1000].png,5038,516,1682,6121,2531,5428,6652,390,4250,130,7,6,6,5,5,5,4,4,4,4
TCGA-A2-A0ST-DX1_xmin109446_ymin18274_MPP-0.2500+353[1000].png,131,7089,7804,2308,7162,4322,3189,3230,7589,352,5,5,5,5,5,5,4,4,4,4
TCGA-A2-A0ST-DX1_xmin109446_ymin18274_MPP-0.2500+354[1000].png,7189,6121,3088,2292,2751,2083,6830,2903,7175,145,5,4,4,4,4,4,4,4,4,4
TCGA-A2-A0SX-DX1_xmin53791_ymin56683_MPP-0.2500+104[1000].png,2635,2308,7134,335,4691,145,8081,2031,4322,3433,5,5,5,4,4,4,4,4,4,4
TCGA-A2-A0SX-DX1_xmin53791_ymin56683_MPP-0.2500+105[1000].png,6724,2903,5166,2666,1297,697,7695,1652,5213,2308,5,5,5,5,5,4,4,4,4,4
TCGA-A2-A0SX-DX1_xmin53791_ymin56683_MPP-0.2500+106[1000].png,3619,1297,3088,7337,7501,4112,2703,4843,2990,2430,7,6,5,5,4,4,4,4,4,4
TCGA-A2-A0SX-DX1_xmin53791_ymin56683_MPP-0.2500+109[1000].png,2308,1842,6045,1297,516,7694,1413,2493,840,8165,6,5,5,5,5,5,4,4,4,4
TCGA-A2-A0SX-DX1_xmin53791_ymin56683_MPP-0.2500+124[1000].png,7695,808,5810,4271,1586,7134,5671,3030,7195,237,6,5,4,4,4,4,4,3,3,3
TCGA-A2-A0SX-DX1_xmin53791_ymin56683_MPP-0.2500+18[1000].png,2903,1842,6054,5872,1297,7880,4271,6045,7869,781,6,5,5,4,4,4,4,4,4,4
TCGA-A2-A0SX-DX1_xmin53791_ymin56683_MPP-0.2500+19[1000].png,5428,3088,3836,7807,6045,6054,6724,6892,2226,335,7,7,6,6,4,4,4,4,4,4
TCGA-A2-A0SX-DX1_xmin53791_ymin56683_MPP-0.2500+25[1000].png,1682,3729,331,2226,7007,3088,7694,5428,6029,5603,7,5,5,4,4,4,4,4,4,4
TCGA-A2-A0SX-DX1_xmin53791_ymin56683_MPP-0.2500+26[1000].png,1652,5097,1297,3011,3088,6192,7880,4711,3433,4131,6,5,5,5,5,5,5,5,4,4
TCGA-A2-A0SX-DX1_xmin53791_ymin56683_MPP-0.2500+41[1000].png,2308,6045,131,3619,215,3597,3088,8148,7357,3526,5,5,5,5,4,4,4,4,4,4
TCGA-A2-A0SX-DX1_xmin53791_ymin56683_MPP-0.2500+68[1000].png,3088,1842,4259,7694,6321,6795,1682,836,6045,4122,7,6,5,5,5,5,5,5,4,4
TCGA-A2-A0SX-DX1_xmin53791_ymin56683_MPP-0.2500+74[1000].png,131,1842,5007,5671,4817,7377,168,5171,5065,5555,6,6,5,5,5,4,4,4,4,4
TCGA-A2-A0SX-DX1_xmin53791_ymin56683_MPP-0.2500+85[1000].png,7149,6964,7733,5810,594,1373,4711,3804,5686,7589,6,5,4,4,4,4,4,4,4,4
TCGA-A2-A0SX-DX1_xmin53791_ymin56683_MPP-0.2500+90[1000].png,3836,1682,3619,3088,7875,7485,3526,1845,3437,6964,6,5,5,5,5,4,4,4,4,4
TCGA-A2-A0SX-DX1_xmin53791_ymin56683_MPP-0.2500+91[1000].png,3088,7695,3011,131,1297,915,4817,898,7599,7134,6,5,5,5,4,4,4,4,4,4
TCGA-A2-A0T0-DX1_xmin72865_ymin59458_MPP-0.2500+100[1000].png,5872,1842,2226,3030,6292,3044,4436,6960,7337,6321,5,5,5,5,4,4,4,4,4,4
TCGA-A2-A0T0-DX1_xmin72865_ymin59458_MPP-0.2500+101[1000].png,1652,5454,7895,3908,8066,5392,4377,131,5213,6121,5,5,5,4,4,4,4,4,4,4
TCGA-A2-A0T0-DX1_xmin72865_ymin59458_MPP-0.2500+109[1000].png,4711,3000,662,7175,5937,6054,6795,1297,6045,5461,6,5,5,4,4,4,4,4,4,4
TCGA-A2-A0T0-DX1_xmin72865_ymin59458_MPP-0.2500+110[1000].png,2226,3469,7165,778,2157,725,958,1476,3192,7101,6,5,5,5,5,5,4,4,4,4
TCGA-A2-A0T0-DX1_xmin72865_ymin59458_MPP-0.2500+111[1000].png,958,4072,7224,4859,5610,4189,7948,4108,2226,215,10,6,4,4,4,4,4,4,4,4
TCGA-A2-A0T0-DX1_xmin72865_ymin59458_MPP-0.2500+130[1000].png,3030,1311,4501,8110,3626,4711,3189,145,2226,2557,5,5,5,5,5,5,4,4,4,4
TCGA-A2-A0T0-DX1_xmin72865_ymin59458_MPP-0.2500+140[1000].png,6830,6192,168,6321,7694,2903,5763,2226,7249,7695,6,5,5,5,5,4,4,4,4,4
TCGA-A2-A0T0-DX1_xmin72865_ymin59458_MPP-0.2500+143[1000].png,1652,7899,215,3619,6121,601,4480,2437,1509,3500,9,9,6,5,5,4,4,4,4,4
TCGA-A2-A0T0-DX1_xmin72865_ymin59458_MPP-0.2500+147[1000].png,215,8013,3526,3230,2609,5810,4711,1830,6226,4559,7,7,6,5,5,5,4,4,4,4
TCGA-A2-A0T0-DX1_xmin72865_ymin59458_MPP-0.2500+148[1000].png,2226,2903,4602,6045,8066,2686,6054,840,267,7195,6,6,5,5,5,4,4,4,4,4
TCGA-A2-A0T0-DX1_xmin72865_ymin59458_MPP-0.2500+149[1000].png,6054,6045,2903,215,778,5741,7694,4436,3088,1813,8,6,5,5,5,5,5,4,4,4
TCGA-A2-A0T0-DX1_xmin72865_ymin59458_MPP-0.2500+150[1000].png,1842,5937,5741,4911,5702,7164,781,319,3870,1767,8,7,6,6,5,4,4,4,4,4
TCGA-A2-A0T0-DX1_xmin72865_ymin59458_MPP-0.2500+151[1000].png,5428,7694,1911,6045,6321,5996,1652,1862,1813,4436,6,6,5,5,5,5,4,4,4,4
TCGA-A2-A0T0-DX1_xmin72865_ymin59458_MPP-0.2500+154[1000].png,6807,5741,168,6475,5735,216,1417,4377,5038,1425,6,5,5,4,4,4,4,4,4,4
TCGA-A2-A0T0-DX1_xmin72865_ymin59458_MPP-0.2500+15[1000].png,2990,2226,836,7880,7694,2957,6121,6744,4417,331,5,5,5,4,4,4,4,4,4,4
TCGA-A2-A0T0-DX1_xmin72865_ymin59458_MPP-0.2500+16[1000].png,778,7733,3126,6054,6321,3000,693,4311,5629,6678,8,6,6,5,5,5,5,5,4,4
TCGA-A2-A0T0-DX1_xmin72865_ymin59458_MPP-0.2500+17[1000].png,1652,4817,5428,781,3144,2226,4492,5912,7162,778,7,5,5,5,5,5,5,5,4,4
TCGA-A2-A0T0-DX1_xmin72865_ymin59458_MPP-0.2500+25[1000].png,4711,6194,8110,6321,840,2157,5780,215,4001,5996,6,6,5,5,5,5,4,4,4,4
TCGA-A2-A0T0-DX1_xmin72865_ymin59458_MPP-0.2500+26[1000].png,5741,2990,1813,6054,4674,5999,1476,1297,778,3230,6,5,5,5,5,5,4,4,4,4
TCGA-A2-A0T0-DX1_xmin72865_ymin59458_MPP-0.2500+34[1000].png,958,2320,6321,276,5999,2226,2265,2336,1696,5207,5,5,5,4,4,4,4,4,4,4
TCGA-A2-A0T0-DX1_xmin72865_ymin59458_MPP-0.2500+35[1000].png,7091,1652,1813,778,216,725,5603,7089,5999,3030,6,6,6,6,5,5,4,4,4,4
TCGA-A2-A0T0-DX1_xmin72865_ymin59458_MPP-0.2500+3[1000].png,7459,7948,601,2320,1624,2083,1947,453,2265,2841,15,6,6,6,5,5,5,5,4,4
TCGA-A2-A0T0-DX1_xmin72865_ymin59458_MPP-0.2500+44[1000].png,7459,2226,1911,958,7694,5810,144,7377,5741,3127,7,6,6,6,5,5,4,4,4,4
TCGA-A2-A0T0-DX1_xmin72865_ymin59458_MPP-0.2500+4[1000].png,1842,7899,4436,3088,3151,3207,7880,453,2226,7224,5,5,4,4,4,4,4,4,4,4
TCGA-A2-A0T0-DX1_xmin72865_ymin59458_MPP-0.2500+54[1000].png,1652,7175,2083,7249,5937,371,4436,1842,6226,262,6,5,5,5,5,5,4,4,4,4
TCGA-A2-A0T0-DX1_xmin72865_ymin59458_MPP-0.2500+5[1000].png,6321,2226,7899,1312,6795,5047,215,8082,5810,8165,7,6,5,5,5,5,5,4,4,4
TCGA-A2-A0T0-DX1_xmin72865_ymin59458_MPP-0.2500+62[1000].png,7694,1652,267,5912,2226,5937,1476,3000,2319,1654,8,7,5,5,5,4,4,4,4,4
TCGA-A2-A0T0-DX1_xmin72865_ymin59458_MPP-0.2500+63[1000].png,2903,6226,1373,5996,601,5860,2967,215,7674,4369,6,6,5,5,5,4,4,4,4,4
TCGA-A2-A0T0-DX1_xmin72865_ymin59458_MPP-0.2500+83[1000].png,5741,7175,5392,601,725,3893,5780,389,7091,1842,7,5,5,4,4,4,4,4,4,4
TCGA-A2-A0T0-DX1_xmin72865_ymin59458_MPP-0.2500+84[1000].png,4376,215,4711,2226,7880,6894,6054,1652,2021,5913,8,7,6,6,5,4,4,4,4,4
TCGA-A2-A0T0-DX1_xmin72865_ymin59458_MPP-0.2500+88[1000].png,7694,4436,3230,8013,5937,3254,5741,1297,1811,1842,7,5,5,5,5,4,4,4,4,4
TCGA-A2-A0T0-DX1_xmin72865_ymin59458_MPP-0.2500+8[1000].png,2226,3836,8081,4131,3030,3477,7835,4250,6795,332,8,5,5,4,4,4,4,4,4,4
TCGA-A2-A0T0-DX1_xmin72865_ymin59458_MPP-0.2500+90[1000].png,1842,2493,1652,331,4480,958,6321,4711,389,168,7,5,5,4,4,4,4,4,4,4
TCGA-A2-A0T0-DX1_xmin72865_ymin59458_MPP-0.2500+99[1000].png,4376,7091,4711,1654,3487,6054,6045,5065,3030,3000,6,6,5,5,5,5,5,4,4,4
TCGA-A2-A0T2-DX1_xmin63557_ymin56751_MPP-0.2500+237[1000].png,2226,1813,4436,8165,5872,7223,390,4711,237,2903,5,5,5,4,4,4,4,4,4,4
TCGA-A2-A0YE-DX1_xmin59206_ymin33505_MPP-0.2500+14[1000].png,5038,5741,216,5810,935,131,3487,5763,6702,7450,6,6,6,6,5,5,5,5,4,4
TCGA-A2-A0YE-DX1_xmin59206_ymin33505_MPP-0.2500+25[1000].png,4322,8066,8110,3088,6772,3011,7735,6511,2308,3619,6,6,5,5,5,4,4,4,4,4
TCGA-A2-A0YE-DX1_xmin59206_ymin33505_MPP-0.2500+2[1000].png,3088,6892,3889,7854,6045,7880,5039,2198,7337,3477,12,5,5,5,5,4,4,4,4,4
TCGA-A2-A0YE-DX1_xmin59206_ymin33505_MPP-0.2500+36[1000].png,3088,3889,7807,778,808,5937,7589,1320,7835,3209,7,6,6,5,5,5,4,4,4,4
TCGA-A2-A0YE-DX1_xmin59206_ymin33505_MPP-0.2500+37[1000].png,7195,1842,808,4278,2666,2841,4160,278,5912,7450,5,5,5,4,4,4,4,4,4,4
TCGA-A2-A0YE-DX1_xmin59206_ymin33505_MPP-0.2500+45[1000].png,2336,7941,3619,1361,1654,5603,2977,8165,2140,124,5,5,5,5,5,4,4,4,4,4
TCGA-A2-A0YE-DX1_xmin59206_ymin33505_MPP-0.2500+50[1000].png,216,6795,5038,1682,8049,7450,4911,4430,7222,8101,7,6,6,5,5,5,4,4,4,4
TCGA-A2-A0YE-DX1_xmin59206_ymin33505_MPP-0.2500+6[1000].png,516,4711,2226,6931,7835,1842,1361,5424,1356,5428,5,5,5,5,5,5,4,4,4,4
TCGA-A2-A0YE-DX1_xmin59206_ymin33505_MPP-0.2500+7[1000].png,4711,4322,3209,3637,7212,6702,3526,2278,5741,4100,6,6,5,4,4,4,4,4,4,4
TCGA-A2-A0YE-DX1_xmin59206_ymin33505_MPP-0.2500+89[1000].png,1836,1373,3526,44,3801,1008,4711,516,6121,958,5,5,5,4,4,4,4,4,4,4
TCGA-A2-A0YM-DX1_xmin44520_ymin66915_MPP-0.2500+100[1000].png,7959,3804,1836,7400,389,5039,4492,6657,3088,5937,5,5,5,4,4,4,4,4,4,4
TCGA-A2-A0YM-DX1_xmin44520_ymin66915_MPP-0.2500+101[1000].png,6192,145,2308,3296,352,8073,4968,4322,1842,6979,6,6,5,5,5,4,4,4,4,4
TCGA-A2-A0YM-DX1_xmin44520_ymin66915_MPP-0.2500+102[1000].png,1836,3088,6226,4833,2115,389,1569,2229,6809,7337,5,5,5,4,4,4,4,4,4,4
TCGA-A2-A0YM-DX1_xmin44520_ymin66915_MPP-0.2500+104[1000].png,1842,4430,3079,2510,2031,2278,1001,3836,4711,2033,5,5,5,5,5,5,5,4,4,4
TCGA-A2-A0YM-DX1_xmin44520_ymin66915_MPP-0.2500+110[1000].png,3836,4430,267,13,2609,3021,8013,335,2083,390,5,5,4,4,4,4,4,4,4,4
TCGA-A2-A0YM-DX1_xmin44520_ymin66915_MPP-0.2500+116[1000].png,7337,267,5039,6795,2699,6226,1413,5299,5433,898,6,6,5,5,4,4,4,4,4,4
TCGA-A2-A0YM-DX1_xmin44520_ymin66915_MPP-0.2500+117[1000].png,145,1842,468,1716,4492,3889,1877,2375,5097,6048,5,5,5,5,4,4,4,4,4,4
TCGA-A2-A0YM-DX1_xmin44520_ymin66915_MPP-0.2500+121[1000].png,3199,4711,5735,3298,3000,34,3750,2967,7222,4693,5,5,4,4,4,4,4,4,4,4
TCGA-A2-A0YM-DX1_xmin44520_ymin66915_MPP-0.2500+124[1000].png,7733,3024,4322,808,7189,5428,7093,3088,5039,1842,9,5,5,5,5,5,4,4,4,4
TCGA-A2-A0YM-DX1_xmin44520_ymin66915_MPP-0.2500+127[1000].png,145,3000,7694,4711,5717,1357,7134,6808,335,352,5,4,4,4,4,4,4,4,4,4
TCGA-A2-A0YM-DX1_xmin44520_ymin66915_MPP-0.2500+138[1000].png,1586,7357,1842,5603,5114,808,7869,6219,6321,1602,5,5,4,4,4,4,4,3,3,3
TCGA-A2-A0YM-DX1_xmin44520_ymin66915_MPP-0.2500+139[1000].png,267,3088,6999,2235,7165,2635,237,254,331,3298,7,6,5,5,4,4,4,4,4,4
TCGA-A2-A0YM-DX1_xmin44520_ymin66915_MPP-0.2500+142[1000].png,6966,3088,1977,5780,335,322,4833,5640,4322,7651,5,5,4,4,4,4,4,4,4,4
TCGA-A2-A0YM-DX1_xmin44520_ymin66915_MPP-0.2500+146[1000].png,7134,7212,1836,1682,7275,7733,126,1373,7165,3981,5,5,5,5,4,4,4,4,4,4
TCGA-A2-A0YM-DX1_xmin44520_ymin66915_MPP-0.2500+147[1000].png,2308,4261,267,1836,2194,6809,2235,389,3209,5872,6,6,6,5,4,4,4,4,4,4
TCGA-A2-A0YM-DX1_xmin44520_ymin66915_MPP-0.2500+15[1000].png,1508,898,7134,7540,3209,145,6054,8110,254,7709,6,5,5,4,4,4,4,4,4,4
TCGA-A2-A0YM-DX1_xmin44520_ymin66915_MPP-0.2500+164[1000].png,2308,5999,5810,1764,835,3114,4340,988,6509,2375,6,5,5,5,4,4,4,4,4,4
TCGA-A2-A0YM-DX1_xmin44520_ymin66915_MPP-0.2500+165[1000].png,6678,5424,4240,3088,8101,7162,162,3024,7695,2430,5,4,4,4,4,4,4,4,4,3
TCGA-A2-A0YM-DX1_xmin44520_ymin66915_MPP-0.2500+170[1000].png,1001,2870,1842,2815,1836,1356,331,3000,2583,1655,5,5,4,4,4,4,4,4,4,3
TCGA-A2-A0YM-DX1_xmin44520_ymin66915_MPP-0.2500+177[1000].png,1297,2326,2336,4911,5018,7733,1682,4968,6054,8148,5,4,4,4,4,4,4,4,3,3
TCGA-A2-A0YM-DX1_xmin44520_ymin66915_MPP-0.2500+181[1000].png,1836,1413,5603,7733,8110,5179,1322,4251,1977,1312,5,5,5,4,4,4,4,4,4,4
TCGA-A2-A0YM-DX1_xmin44520_ymin66915_MPP-0.2500+182[1000].png,1842,4430,145,7647,1413,516,6121,1312,808,4993,6,5,5,4,4,4,4,4,4,4
TCGA-A2-A0YM-DX1_xmin44520_ymin66915_MPP-0.2500+183[1000].png,1842,3088,3189,3230,4817,2110,267,7189,237,1772,6,6,6,5,5,4,4,4,4,4
TCGA-A2-A0YM-DX1_xmin44520_ymin66915_MPP-0.2500+187[1000].png,693,7134,3254,7549,1312,4538,6193,2308,4492,3088,5,5,4,4,4,4,4,4,4,4
TCGA-A2-A0YM-DX1_xmin44520_ymin66915_MPP-0.2500+194[1000].png,7165,7222,6502,216,5999,3088,3125,7807,808,1476,7,5,5,5,5,5,4,4,4,4
TCGA-A2-A0YM-DX1_xmin44520_ymin66915_MPP-0.2500+195[1000].png,2776,7651,2635,2308,335,7880,4711,7695,4480,6045,5,5,5,5,4,4,4,4,4,4
TCGA-A2-A0YM-DX1_xmin44520_ymin66915_MPP-0.2500+199[1000].png,1836,4322,7733,8110,6428,6711,4833,872,6979,3088,6,6,5,5,5,4,4,4,4,4
TCGA-A2-A0YM-DX1_xmin44520_ymin66915_MPP-0.2500+200[1000].png,2967,2226,3088,7895,2699,4322,2083,131,6321,3000,7,5,5,5,4,4,4,4,4,4
TCGA-A2-A0YM-DX1_xmin44520_ymin66915_MPP-0.2500+204[1000].png,6724,4430,3889,7337,7450,2903,5741,1476,840,1842,6,6,5,5,5,5,4,4,4,4
TCGA-A2-A0YM-DX1_xmin44520_ymin66915_MPP-0.2500+207[1000].png,5515,2635,8148,4642,5603,582,6807,3836,3260,3088,5,5,5,4,4,4,4,4,4,4
TCGA-A2-A0YM-DX1_xmin44520_ymin66915_MPP-0.2500+211[1000].png,4322,2308,7357,6809,4311,6702,5795,3030,808,553,5,5,4,4,4,4,4,4,4,3
TCGA-A2-A0YM-DX1_xmin44520_ymin66915_MPP-0.2500+212[1000].png,8082,1842,5912,331,2308,1836,4817,7222,7165,8013,7,5,5,5,5,4,4,4,4,4
TCGA-A2-A0YM-DX1_xmin44520_ymin66915_MPP-0.2500+215[1000].png,4322,7589,5810,8016,6321,4492,3247,3230,1842,935,7,6,5,5,5,5,5,4,4,4
TCGA-A2-A0YM-DX1_xmin44520_ymin66915_MPP-0.2500+216[1000].png,3889,1682,7880,7733,44,1842,5018,6628,3260,145,6,5,5,5,4,4,4,4,4,4
TCGA-A2-A0YM-DX1_xmin44520_ymin66915_MPP-0.2500+217[1000].png,5912,3088,2308,5098,2265,6173,5735,4492,6628,2967,6,6,5,5,5,4,4,4,4,4
TCGA-A2-A0YM-DX1_xmin44520_ymin66915_MPP-0.2500+218[1000].png,3000,1508,3189,3296,1842,2308,2448,4194,2493,6655,5,5,4,4,4,4,4,4,4,4
TCGA-A2-A0YM-DX1_xmin44520_ymin66915_MPP-0.2500+221[1000].png,5603,8089,6428,389,3153,7337,6678,2308,5843,4492,5,5,5,5,4,4,4,4,4,4
TCGA-A2-A0YM-DX1_xmin44520_ymin66915_MPP-0.2500+224[1000].png,7733,2308,1990,8082,3088,7599,5780,6795,6036,6966,5,5,4,4,4,4,4,4,3,3
TCGA-A2-A0YM-DX1_xmin44520_ymin66915_MPP-0.2500+225[1000].png,5834,1842,4168,5039,4369,131,6032,2000,5937,778,5,4,4,4,4,4,4,4,4,4
TCGA-A2-A0YM-DX1_xmin44520_ymin66915_MPP-0.2500+228[1000].png,1977,2766,1905,2684,5937,7222,3896,7651,966,321,6,5,4,4,4,4,4,4,3,3
TCGA-A2-A0YM-DX1_xmin44520_ymin66915_MPP-0.2500+229[1000].png,2265,4095,3896,7149,1977,2967,389,4968,553,7032,5,4,4,4,4,4,4,4,4,4
TCGA-A2-A0YM-DX1_xmin44520_ymin66915_MPP-0.2500+233[1000].png,3044,6808,2336,1413,3198,8126,7540,5780,5854,7589,7,6,5,5,4,4,4,4,4,4
TCGA-A2-A0YM-DX1_xmin44520_ymin66915_MPP-0.2500+234[1000].png,4968,1842,5797,7134,5741,808,4293,3526,4251,3841,7,5,5,5,4,4,4,4,4,4
TCGA-A2-A0YM-DX1_xmin44520_ymin66915_MPP-0.2500+235[1000].png,7337,6795,5741,6807,7807,5999,4261,1389,4965,2903,6,5,5,4,4,4,4,4,4,4
TCGA-A2-A0YM-DX1_xmin44520_ymin66915_MPP-0.2500+238[1000].png,5603,6032,1897,331,1833,6809,1270,4817,3329,3804,5,4,4,4,4,4,3,3,3,3
TCGA-A2-A0YM-DX1_xmin44520_ymin66915_MPP-0.2500+23[1000].png,5992,3619,2666,1932,3144,6678,130,2083,3024,6902,5,4,4,4,4,4,4,4,4,4
TCGA-A2-A0YM-DX1_xmin44520_ymin66915_MPP-0.2500+242[1000].png,808,3889,4492,3230,7880,7694,3088,7129,725,6727,5,5,5,5,4,4,4,4,4,4
TCGA-A2-A0YM-DX1_xmin44520_ymin66915_MPP-0.2500+247[1000].png,1977,2308,6702,6048,688,3728,186,7876,5603,131,5,5,5,4,4,4,4,4,4,4
TCGA-A2-A0YM-DX1_xmin44520_ymin66915_MPP-0.2500+24[1000].png,5213,2308,2267,1297,3889,4593,196,7360,3870,6830,5,5,4,4,4,4,4,4,4,4
TCGA-A2-A0YM-DX1_xmin44520_ymin66915_MPP-0.2500+250[1000].png,5912,3961,3021,3209,4711,2278,5797,5038,7134,496,5,4,4,4,4,4,4,4,4,4
TCGA-A2-A0YM-DX1_xmin44520_ymin66915_MPP-0.2500+251[1000].png,5937,4322,3329,3189,6571,2666,6702,5912,2557,8110,5,5,4,4,4,4,4,4,4,4
TCGA-A2-A0YM-DX1_xmin44520_ymin66915_MPP-0.2500+252[1000].png,3836,1836,1389,6795,4492,836,1979,4322,2870,267,5,5,5,5,4,4,4,4,4,4
TCGA-A2-A0YM-DX1_xmin44520_ymin66915_MPP-0.2500+255[1000].png,7733,4993,2756,6428,3836,3356,7223,6321,4711,4340,6,5,4,4,4,4,4,4,4,4
TCGA-A2-A0YM-DX1_xmin44520_ymin66915_MPP-0.2500+259[1000].png,2493,693,5810,1842,4527,267,7808,1672,216,2308,5,5,4,4,4,4,4,4,4,4
TCGA-A2-A0YM-DX1_xmin44520_ymin66915_MPP-0.2500+25[1000].png,2308,3088,1357,6966,7880,3230,5912,6595,4642,3637,6,5,4,4,4,4,4,4,3,3
TCGA-A2-A0YM-DX1_xmin44520_ymin66915_MPP-0.2500+260[1000].png,7880,5810,5716,7733,3896,7957,2336,2308,3088,5603,5,5,5,5,4,4,4,4,4,4
TCGA-A2-A0YM-DX1_xmin44520_ymin66915_MPP-0.2500+267[1000].png,2502,7165,5912,5039,4965,7733,131,267,4143,7134,6,5,4,4,4,4,4,3,3,3
TCGA-A2-A0YM-DX1_xmin44520_ymin66915_MPP-0.2500+268[1000].png,7337,2278,6966,1312,3836,2249,1586,3114,8081,6795,6,5,4,4,4,4,4,4,3,3
TCGA-A2-A0YM-DX1_xmin44520_ymin66915_MPP-0.2500+269[1000].png,3836,7555,7134,1357,237,808,6054,7485,7162,4322,6,5,4,4,4,4,4,4,4,4
TCGA-A2-A0YM-DX1_xmin44520_ymin66915_MPP-0.2500+270[1000].png,2198,7694,6054,6964,5999,4492,7337,7222,3176,267,6,5,5,5,4,4,4,4,4,4
TCGA-A2-A0YM-DX1_xmin44520_ymin66915_MPP-0.2500+276[1000].png,3836,1297,1508,2931,4376,3628,6782,808,3469,4322,7,6,4,4,4,4,4,4,4,4
TCGA-A2-A0YM-DX1_xmin44520_ymin66915_MPP-0.2500+277[1000].png,331,2967,3889,4240,2278,7353,2021,2018,3207,1857,6,6,4,4,4,4,4,4,4,3
TCGA-A2-A0YM-DX1_xmin44520_ymin66915_MPP-0.2500+278[1000].png,5912,4259,3298,1586,1375,4993,7089,1235,216,2249,5,5,4,4,4,4,4,4,3,3
TCGA-A2-A0YM-DX1_xmin44520_ymin66915_MPP-0.2500+288[1000].png,7733,3088,5509,4993,4990,7189,5717,1836,352,453,5,5,5,4,4,4,4,4,4,3
TCGA-A2-A0YM-DX1_xmin44520_ymin66915_MPP-0.2500+291[1000].png,7733,4251,131,1356,186,4230,1842,4693,3021,3889,7,5,4,4,4,4,4,4,4,4
TCGA-A2-A0YM-DX1_xmin44520_ymin66915_MPP-0.2500+292[1000].png,7733,3619,4112,4247,4821,7709,7189,3836,3527,8110,7,5,5,4,4,4,4,4,4,4
TCGA-A2-A0YM-DX1_xmin44520_ymin66915_MPP-0.2500+296[1000].png,7733,2967,3088,6036,6121,7501,321,1196,7175,7188,7,6,5,5,5,4,4,4,4,4
TCGA-A2-A0YM-DX1_xmin44520_ymin66915_MPP-0.2500+317[1000].png,7357,4711,3209,3908,1836,5603,1682,3504,7134,693,5,5,5,5,5,4,4,4,4,4
TCGA-A2-A0YM-DX1_xmin44520_ymin66915_MPP-0.2500+318[1000].png,840,3298,4293,1297,6321,1767,5392,7091,4150,5912,6,5,4,4,4,4,4,4,4,4
TCGA-A2-A0YM-DX1_xmin44520_ymin66915_MPP-0.2500+31[1000].png,6657,3230,5810,7808,5999,8110,2776,322,693,5937,5,5,5,4,4,4,4,4,4,4
TCGA-A2-A0YM-DX1_xmin44520_ymin66915_MPP-0.2500+32[1000].png,1001,1297,2967,5999,1979,7651,7357,6678,4527,6045,6,4,4,4,4,4,4,4,4,4
TCGA-A2-A0YM-DX1_xmin44520_ymin66915_MPP-0.2500+336[1000].png,1977,2967,1297,7540,371,131,2326,898,7162,3230,5,5,5,5,4,4,4,4,4,4
TCGA-A2-A0YM-DX1_xmin44520_ymin66915_MPP-0.2500+340[1000].png,8148,7880,7651,6121,1389,3356,1842,4166,1252,6809,5,5,4,4,4,4,4,4,4,4
TCGA-A2-A0YM-DX1_xmin44520_ymin66915_MPP-0.2500+341[1000].png,8013,3889,5039,1842,1312,4194,7540,335,6905,3088,6,5,5,5,4,4,4,4,4,4
TCGA-A2-A0YM-DX1_xmin44520_ymin66915_MPP-0.2500+342[1000].png,3088,4194,6795,4322,1460,8013,7733,4817,1836,1586,6,5,5,5,5,4,4,4,4,4
TCGA-A2-A0YM-DX1_xmin44520_ymin66915_MPP-0.2500+347[1000].png,2666,5912,2308,7880,5810,2278,5235,5603,808,5021,5,5,5,5,4,4,4,4,4,4
TCGA-A2-A0YM-DX1_xmin44520_ymin66915_MPP-0.2500+353[1000].png,5810,2967,267,2278,4430,1297,1298,1312,131,2028,5,5,5,4,4,4,4,4,4,4
TCGA-A2-A0YM-DX1_xmin44520_ymin66915_MPP-0.2500+357[1000].png,675,5999,3349,131,5708,4199,2308,7859,2336,915,4,4,4,4,4,4,4,4,4,4
TCGA-A2-A0YM-DX1_xmin44520_ymin66915_MPP-0.2500+358[1000].png,3889,8110,2308,2336,495,7360,2510,5433,335,6321,5,5,5,4,4,4,4,4,4,4
TCGA-A2-A0YM-DX1_xmin44520_ymin66915_MPP-0.2500+359[1000].png,6219,693,335,4774,7353,2493,632,6226,1312,6157,5,5,5,5,4,4,4,4,4,4
TCGA-A2-A0YM-DX1_xmin44520_ymin66915_MPP-0.2500+360[1000].png,1357,6321,3889,6678,5101,2967,1764,1008,4821,7165,5,4,4,4,4,4,4,4,4,4
TCGA-A2-A0YM-DX1_xmin44520_ymin66915_MPP-0.2500+363[1000].png,3209,808,7134,2235,1109,5604,8148,7733,7129,982,6,5,5,4,4,4,4,4,4,4
TCGA-A2-A0YM-DX1_xmin44520_ymin66915_MPP-0.2500+364[1000].png,8081,1842,7733,4430,2308,4492,2267,2326,7828,4160,7,6,6,5,5,5,4,4,4,4
TCGA-A2-A0YM-DX1_xmin44520_ymin66915_MPP-0.2500+374[1000].png,5810,6321,5741,4501,6048,6702,1977,4924,3026,3000,5,5,5,4,4,4,4,4,4,4
TCGA-A2-A0YM-DX1_xmin44520_ymin66915_MPP-0.2500+375[1000].png,2903,7589,5741,1586,4160,7189,6388,7649,1977,935,5,5,5,4,4,4,4,4,4,4
TCGA-A2-A0YM-DX1_xmin44520_ymin66915_MPP-0.2500+376[1000].png,3889,2308,3044,44,4693,5611,6801,2106,6795,3000,6,5,4,4,4,4,4,4,4,4
TCGA-A2-A0YM-DX1_xmin44520_ymin66915_MPP-0.2500+377[1000].png,6795,145,2235,7589,216,4259,5606,7450,6428,1356,5,5,5,5,5,5,4,4,4,4
TCGA-A2-A0YM-DX1_xmin44520_ymin66915_MPP-0.2500+37[1000].png,7733,7400,5912,5213,2903,6321,6905,7539,4711,1297,5,5,4,4,4,4,4,4,4,4
TCGA-A2-A0YM-DX1_xmin44520_ymin66915_MPP-0.2500+381[1000].png,679,5912,4430,4711,4501,3030,6782,5717,5872,3199,6,4,4,4,4,4,4,4,4,3
TCGA-A2-A0YM-DX1_xmin44520_ymin66915_MPP-0.2500+382[1000].png,331,1977,2319,7337,5795,3079,5235,6892,1897,2308,6,5,5,4,4,4,4,4,4,4
TCGA-A2-A0YM-DX1_xmin44520_ymin66915_MPP-0.2500+384[1000].png,1586,7032,1842,186,7016,7134,2308,1189,4711,335,5,5,5,4,4,4,4,4,4,4
TCGA-A2-A0YM-DX1_xmin44520_ymin66915_MPP-0.2500+385[1000].png,3088,3230,6121,2308,5213,2766,2699,5023,3189,7869,7,6,6,5,5,5,4,4,4,4
TCGA-A2-A0YM-DX1_xmin44520_ymin66915_MPP-0.2500+38[1000].png,5213,1842,808,5023,2685,7528,4410,1109,1967,1322,6,5,4,4,4,4,4,4,4,4
TCGA-A2-A0YM-DX1_xmin44520_ymin66915_MPP-0.2500+390[1000].png,131,1836,7485,4968,7880,4259,145,5213,1357,3889,8,8,5,5,5,5,4,4,4,4
TCGA-A2-A0YM-DX1_xmin44520_ymin66915_MPP-0.2500+391[1000].png,2070,3804,2194,1652,5179,2756,5762,3326,6808,1842,5,5,5,4,4,4,4,4,4,4
TCGA-A2-A0YM-DX1_xmin44520_ymin66915_MPP-0.2500+392[1000].png,2336,2194,352,5097,516,196,7101,2106,3209,4833,5,5,5,5,4,4,4,4,4,4
TCGA-A2-A0YM-DX1_xmin44520_ymin66915_MPP-0.2500+393[1000].png,1357,3088,5603,6711,6782,3986,6657,6674,1508,1586,5,5,5,5,4,4,4,4,4,4
TCGA-A2-A0YM-DX1_xmin44520_ymin66915_MPP-0.2500+399[1000].png,2012,4911,4711,5039,44,4160,7880,7134,5428,2488,6,6,5,5,5,5,4,4,4,4
TCGA-A2-A0YM-DX1_xmin44520_ymin66915_MPP-0.2500+39[1000].png,2226,2870,3619,5973,3209,3189,3230,2308,1008,1631,6,6,5,5,5,4,4,4,4,4
TCGA-A2-A0YM-DX1_xmin44520_ymin66915_MPP-0.2500+401[1000].png,7957,3298,7337,3908,162,352,6048,7303,516,1842,5,5,4,4,4,4,4,4,4,4
TCGA-A2-A0YM-DX1_xmin44520_ymin66915_MPP-0.2500+402[1000].png,5098,2870,6054,4100,44,5039,6966,1242,4250,4249,7,6,5,4,4,4,4,4,4,4
TCGA-A2-A0YM-DX1_xmin44520_ymin66915_MPP-0.2500+403[1000].png,1654,2308,7540,5810,4322,7189,7694,6480,4914,7733,6,5,4,4,4,4,4,4,4,4
TCGA-A2-A0YM-DX1_xmin44520_ymin66915_MPP-0.2500+407[1000].png,4993,5039,5179,7733,6357,3504,2308,4247,3000,516,6,5,5,4,4,4,4,4,4,4
TCGA-A2-A0YM-DX1_xmin44520_ymin66915_MPP-0.2500+409[1000].png,4817,4492,5039,4155,5912,2226,6121,3349,7694,2476,6,4,4,4,4,4,4,4,4,4
TCGA-A2-A0YM-DX1_xmin44520_ymin66915_MPP-0.2500+40[1000].png,1842,13,1836,7276,808,3487,4160,2375,2684,6711,6,4,4,4,4,4,4,4,4,4
TCGA-A2-A0YM-DX1_xmin44520_ymin66915_MPP-0.2500+416[1000].png,1682,6321,6905,5912,2967,6048,5999,1836,2870,1842,6,5,5,5,5,4,4,4,4,4
TCGA-A2-A0YM-DX1_xmin44520_ymin66915_MPP-0.2500+417[1000].png,5039,1297,1476,7357,3044,3088,145,7165,8089,3230,7,6,5,5,5,4,4,4,4,4
TCGA-A2-A0YM-DX1_xmin44520_ymin66915_MPP-0.2500+418[1000].png,8013,808,1836,1476,958,2308,3618,131,1150,7880,7,7,6,5,5,5,4,4,4,4
TCGA-A2-A0YM-DX1_xmin44520_ymin66915_MPP-0.2500+419[1000].png,7880,5344,2018,1654,7540,3021,8013,1297,3619,6480,5,4,4,4,4,4,4,4,4,4
TCGA-A2-A0YM-DX1_xmin44520_ymin66915_MPP-0.2500+41[1000].png,693,3892,7540,3000,7589,3044,5477,7212,1842,237,5,5,4,4,4,4,4,4,4,4
TCGA-A2-A0YM-DX1_xmin44520_ymin66915_MPP-0.2500+422[1000].png,1297,634,7708,3619,4691,7549,5741,5166,5912,808,7,5,5,5,4,4,4,4,4,4
TCGA-A2-A0YM-DX1_xmin44520_ymin66915_MPP-0.2500+426[1000].png,335,145,1312,5039,688,1836,3298,2876,7337,44,6,5,5,5,4,4,4,4,4,4
TCGA-A2-A0YM-DX1_xmin44520_ymin66915_MPP-0.2500+434[1000].png,44,7899,4160,4194,4143,4817,1357,3247,794,7337,6,5,5,5,4,4,4,4,4,4
TCGA-A2-A0YM-DX1_xmin44520_ymin66915_MPP-0.2500+435[1000].png,2226,3230,3044,5717,3870,3889,7166,5039,2870,8148,4,4,4,4,4,4,4,3,3,3
TCGA-A2-A0YM-DX1_xmin44520_ymin66915_MPP-0.2500+436[1000].png,3088,4711,3296,7916,4817,2226,6226,5428,7160,1977,9,6,6,5,5,5,5,5,4,4
TCGA-A2-A0YM-DX1_xmin44520_ymin66915_MPP-0.2500+439[1000].png,5780,2502,2308,3209,2967,131,5097,5424,8000,6795,7,6,6,5,5,5,5,4,4,4
TCGA-A2-A0YM-DX1_xmin44520_ymin66915_MPP-0.2500+452[1000].png,2198,4593,4968,3189,4947,3088,3209,1842,4143,7880,4,4,4,4,4,4,4,4,3,3
TCGA-A2-A0YM-DX1_xmin44520_ymin66915_MPP-0.2500+453[1000].png,7589,1842,7869,7880,1298,5098,390,7101,5249,6321,6,4,4,4,4,4,4,4,4,4
TCGA-A2-A0YM-DX1_xmin44520_ymin66915_MPP-0.2500+456[1000].png,131,2308,3044,3030,237,5603,5098,5292,4673,4947,6,6,5,5,4,4,4,4,4,4
TCGA-A2-A0YM-DX1_xmin44520_ymin66915_MPP-0.2500+48[1000].png,321,2766,3889,7694,2235,3247,3369,6054,2420,5166,6,5,4,4,4,4,4,4,4,4
TCGA-A2-A0YM-DX1_xmin44520_ymin66915_MPP-0.2500+49[1000].png,3526,8049,4410,5912,4198,2308,7337,5879,7591,6479,4,4,4,4,4,4,4,4,4,4
TCGA-A2-A0YM-DX1_xmin44520_ymin66915_MPP-0.2500+50[1000].png,3477,3088,6814,3091,3836,2577,6795,6809,3281,1357,6,6,5,4,4,4,4,4,4,4
TCGA-A2-A0YM-DX1_xmin44520_ymin66915_MPP-0.2500+53[1000].png,1977,3209,4168,2102,5133,6121,2493,7430,6264,1389,6,5,5,5,5,4,4,4,4,4
TCGA-A2-A0YM-DX1_xmin44520_ymin66915_MPP-0.2500+54[1000].png,2870,6795,4693,7357,4993,6830,7032,1463,1869,6121,5,5,5,4,4,4,4,4,4,4
TCGA-A2-A0YM-DX1_xmin44520_ymin66915_MPP-0.2500+55[1000].png,3510,6950,4376,8110,1836,3298,7357,2967,612,2493,4,4,4,4,4,4,4,4,4,3
TCGA-A2-A0YM-DX1_xmin44520_ymin66915_MPP-0.2500+56[1000].png,2870,2766,5213,5603,1905,4316,453,7134,8013,6678,7,6,5,5,4,4,4,4,4,4
TCGA-A2-A0YM-DX1_xmin44520_ymin66915_MPP-0.2500+57[1000].png,5834,6795,4322,5780,2756,2293,2685,515,2635,2255,5,5,4,4,4,4,4,4,4,4
TCGA-A2-A0YM-DX1_xmin44520_ymin66915_MPP-0.2500+58[1000].png,3207,321,3889,8014,1655,5780,6321,3021,44,2977,5,5,5,5,4,4,4,4,4,4
TCGA-A2-A0YM-DX1_xmin44520_ymin66915_MPP-0.2500+5[1000].png,4430,4322,7162,331,2000,3526,915,6856,6808,254,5,5,5,5,4,4,4,4,4,4
TCGA-A2-A0YM-DX1_xmin44520_ymin66915_MPP-0.2500+67[1000].png,5611,154,808,1682,6809,3648,7957,4430,3889,5023,5,5,4,4,4,4,4,4,4,4
TCGA-A2-A0YM-DX1_xmin44520_ymin66915_MPP-0.2500+68[1000].png,6678,5023,898,1842,7957,3088,8041,3619,988,5432,5,5,5,5,5,5,5,5,4,4
TCGA-A2-A0YM-DX1_xmin44520_ymin66915_MPP-0.2500+69[1000].png,5039,6048,7400,5454,6782,5098,5872,2018,856,3189,6,5,5,5,5,5,4,4,4,4
TCGA-A2-A0YM-DX1_xmin44520_ymin66915_MPP-0.2500+6[1000].png,1977,1654,1679,4833,4642,3021,3088,7880,6045,5499,5,4,4,4,4,4,4,4,4,4
TCGA-A2-A0YM-DX1_xmin44520_ymin66915_MPP-0.2500+73[1000].png,1836,6808,6509,7189,2326,6979,4993,7134,215,4166,5,4,4,4,4,4,4,4,4,4
TCGA-A2-A0YM-DX1_xmin44520_ymin66915_MPP-0.2500+75[1000].png,3088,3836,4480,3889,6428,4833,6782,7134,5603,7089,6,6,5,5,5,5,5,5,4,4
TCGA-A2-A0YM-DX1_xmin44520_ymin66915_MPP-0.2500+7[1000].png,6807,4833,145,5780,6428,6905,7565,2756,3189,6657,5,5,5,4,4,4,4,4,4,4
TCGA-A2-A0YM-DX1_xmin44520_ymin66915_MPP-0.2500+81[1000].png,5780,7695,5235,6702,6137,3029,5039,2235,1357,4633,5,4,4,4,4,4,4,4,3,3
TCGA-A2-A0YM-DX1_xmin44520_ymin66915_MPP-0.2500+84[1000].png,2482,6048,5433,6628,4693,1682,697,2308,5235,1767,4,4,4,4,4,4,4,4,4,4
TCGA-A2-A0YM-DX1_xmin44520_ymin66915_MPP-0.2500+85[1000].png,2194,1373,331,2278,3230,808,5810,7129,2226,6045,5,5,5,4,4,4,4,4,4,4
TCGA-A2-A0YM-DX1_xmin44520_ymin66915_MPP-0.2500+8[1000].png,3088,3230,2083,6321,4817,3889,6711,7134,3804,2198,6,5,4,4,4,4,4,4,4,4
TCGA-A2-A0YM-DX1_xmin44520_ymin66915_MPP-0.2500+90[1000].png,1312,5810,335,44,1515,7249,840,693,7430,1696,8,6,6,5,4,4,4,4,4,4
TCGA-A2-A0YM-DX1_xmin44520_ymin66915_MPP-0.2500+98[1000].png,4376,2666,2557,3986,7880,697,7448,7400,2308,2021,5,5,5,4,4,4,4,4,3,3
TCGA-A2-A0YM-DX1_xmin44520_ymin66915_MPP-0.2500+99[1000].png,4430,2967,2635,3209,2602,3296,2308,5937,3804,3346,5,5,5,5,4,4,4,4,4,4
TCGA-A2-A1G6-DX1_xmin57706_ymin69514_MPP-0.2500+14[1000].png,1813,4194,7024,4160,5912,2336,6226,8013,5799,1977,7,6,5,5,5,5,4,4,4,4
TCGA-A2-A3XS-DX1_xmin21421_ymin37486_MPP-0.2500+20[1000].png,2226,3088,7694,7377,352,5235,320,8000,7337,6795,6,5,4,4,4,4,4,4,4,4
TCGA-A2-A3XS-DX1_xmin21421_ymin37486_MPP-0.2500+21[1000].png,1652,958,4259,7733,5937,6045,1373,1586,510,3501,6,5,5,5,5,5,4,4,4,4
TCGA-A2-A3XS-DX1_xmin21421_ymin37486_MPP-0.2500+31[1000].png,6045,6795,168,3889,6984,840,898,7501,1811,4143,7,7,5,5,4,4,4,4,4,4
TCGA-A2-A3XS-DX1_xmin21421_ymin37486_MPP-0.2500+32[1000].png,2226,6795,7089,1977,6724,4259,8013,1373,5194,7175,10,7,5,5,5,5,4,4,4,4
TCGA-A2-A3XS-DX1_xmin21421_ymin37486_MPP-0.2500+33[1000].png,2666,6619,2685,6321,3030,3044,3209,3804,5912,3088,5,4,4,4,4,4,4,4,4,4
TCGA-A2-A3XS-DX1_xmin21421_ymin37486_MPP-0.2500+42[1000].png,7089,7134,1977,5937,6931,3526,6226,1995,781,5428,7,6,5,5,5,5,5,4,4,4
TCGA-A2-A3XS-DX1_xmin21421_ymin37486_MPP-0.2500+43[1000].png,7880,5780,1297,5428,1842,2308,3526,4859,6321,44,7,6,6,6,5,5,5,4,4,4
TCGA-A2-A3XS-DX1_xmin21421_ymin37486_MPP-0.2500+44[1000].png,4711,3088,1652,2226,5912,5561,553,464,8148,389,8,6,6,6,5,5,5,4,4,4
TCGA-A2-A3XS-DX1_xmin21421_ymin37486_MPP-0.2500+45[1000].png,6045,5810,5428,7869,6321,7651,1813,6931,4311,3477,6,5,5,4,4,4,4,4,4,4
TCGA-A2-A3XS-DX1_xmin21421_ymin37486_MPP-0.2500+46[1000].png,215,3526,3477,7223,7337,7430,6045,1813,685,6511,5,5,4,4,4,4,4,4,4,4
TCGA-A2-A3XS-DX1_xmin21421_ymin37486_MPP-0.2500+47[1000].png,6045,1357,8013,5428,6795,3836,6984,541,3230,6903,9,6,5,5,5,4,4,4,4,4
TCGA-A2-A3XS-DX1_xmin21421_ymin37486_MPP-0.2500+55[1000].png,44,1813,7119,7024,5912,3044,515,5702,5678,4533,6,6,5,5,5,4,4,4,4,4
TCGA-A2-A3XS-DX1_xmin21421_ymin37486_MPP-0.2500+56[1000].png,4198,335,3889,5797,5810,6045,7869,2336,145,6121,6,5,5,5,5,4,4,4,4,4
TCGA-A2-A3XS-DX1_xmin21421_ymin37486_MPP-0.2500+57[1000].png,3526,7695,7694,5999,5428,4430,7808,4693,828,335,7,6,6,6,5,5,4,4,4,4
TCGA-A2-A3XS-DX1_xmin21421_ymin37486_MPP-0.2500+58[1000].png,1813,4436,4194,1476,5039,1652,8148,6222,5937,3526,6,5,5,5,4,4,4,4,4,4
TCGA-A2-A3XS-DX1_xmin21421_ymin37486_MPP-0.2500+68[1000].png,6045,4711,2226,4259,321,7165,6219,6227,2445,3088,5,5,4,4,4,4,4,4,4,4
TCGA-A2-A3XS-DX1_xmin21421_ymin37486_MPP-0.2500+69[1000].png,4259,6795,5780,515,3088,335,2278,5912,6354,1794,6,6,5,5,5,5,5,5,5,4
TCGA-A2-A3XS-DX1_xmin21421_ymin37486_MPP-0.2500+70[1000].png,3526,6321,1652,898,5235,468,3192,7089,988,335,6,5,5,5,4,4,4,4,4,4
TCGA-A2-A3XS-DX1_xmin21421_ymin37486_MPP-0.2500+71[1000].png,3526,6795,2666,5194,145,8148,6226,6219,7189,44,6,5,5,5,4,4,4,4,4,4
TCGA-A2-A3XS-DX1_xmin21421_ymin37486_MPP-0.2500+79[1000].png,3889,3088,34,7880,5780,2756,1373,7895,5740,5203,6,5,5,5,5,4,4,3,3,3
TCGA-A2-A3XS-DX1_xmin21421_ymin37486_MPP-0.2500+80[1000].png,1297,5741,2557,2308,5433,2870,8148,4606,4968,7808,5,5,5,5,4,4,4,4,4,4
TCGA-A2-A3XS-DX1_xmin21421_ymin37486_MPP-0.2500+81[1000].png,2602,2666,601,5433,632,7357,3526,6226,389,2703,5,5,5,4,4,4,4,4,4,4
TCGA-A2-A3XT-DX1_xmin83566_ymin29931_MPP-0.2500+102[1000].png,3526,5499,3836,4968,162,7869,4817,1654,3230,2812,5,5,4,4,4,4,4,4,4,4
TCGA-A2-A3XT-DX1_xmin83566_ymin29931_MPP-0.2500+103[1000].png,1813,321,3526,131,3889,2870,7733,2308,3230,1155,7,6,6,5,5,4,4,4,4,4
TCGA-A2-A3XT-DX1_xmin83566_ymin29931_MPP-0.2500+104[1000].png,1813,3849,1476,215,7674,4377,5428,582,958,7134,9,7,6,5,5,5,5,5,5,4
TCGA-A2-A3XT-DX1_xmin83566_ymin29931_MPP-0.2500+107[1000].png,7337,3526,1351,8013,4436,2265,2308,697,1869,4711,7,6,5,5,5,5,4,4,4,4
TCGA-A2-A3XT-DX1_xmin83566_ymin29931_MPP-0.2500+112[1000].png,215,6045,5741,3030,4376,1652,3889,5203,6724,8041,9,6,5,5,5,4,4,4,4,4
TCGA-A2-A3XT-DX1_xmin83566_ymin29931_MPP-0.2500+113[1000].png,2226,1813,2602,7028,7249,1652,5194,6480,5561,12,8,6,5,5,5,4,4,4,4,4
TCGA-A2-A3XT-DX1_xmin83566_ymin29931_MPP-0.2500+114[1000].png,2308,958,6931,8013,2083,6045,6095,4947,4131,808,6,6,5,5,5,4,4,4,4,4
TCGA-A2-A3XT-DX1_xmin83566_ymin29931_MPP-0.2500+115[1000].png,6808,216,131,1297,6321,5763,553,7880,5203,4160,5,5,4,4,4,4,4,3,3,3
TCGA-A2-A3XT-DX1_xmin83566_ymin29931_MPP-0.2500+116[1000].png,3088,6219,267,3836,6702,8110,1203,5498,5780,697,6,6,5,5,4,4,4,4,4,4
TCGA-A2-A3XT-DX1_xmin83566_ymin29931_MPP-0.2500+121[1000].png,1652,5392,5946,5810,5039,6045,1312,5235,5741,3618,6,5,5,5,5,5,4,4,4,4
TCGA-A2-A3XT-DX1_xmin83566_ymin29931_MPP-0.2500+122[1000].png,1652,958,1911,7733,3030,7899,2194,1476,3442,5392,7,7,6,6,5,5,5,5,5,4
TCGA-A2-A3XT-DX1_xmin83566_ymin29931_MPP-0.2500+123[1000].png,7149,3836,958,5498,2226,332,7134,7442,5913,5561,5,5,5,5,4,4,4,4,4,4
TCGA-A2-A3XT-DX1_xmin83566_ymin29931_MPP-0.2500+124[1000].png,1813,3088,5428,4311,3247,6795,7899,1911,3044,2226,8,6,6,5,5,5,5,5,5,5
TCGA-A2-A3XT-DX1_xmin83566_ymin29931_MPP-0.2500+125[1000].png,335,215,3836,331,6931,4593,267,3823,5810,722,6,6,6,5,5,5,4,4,4,4
TCGA-A2-A3XT-DX1_xmin83566_ymin29931_MPP-0.2500+131[1000].png,3000,591,6036,3836,2083,6795,8081,3526,1842,6782,6,5,5,4,4,4,4,4,4,4
TCGA-A2-A3XT-DX1_xmin83566_ymin29931_MPP-0.2500+132[1000].png,4711,1842,2226,898,335,215,6869,144,3000,7024,6,5,5,5,5,4,4,4,4,4
TCGA-A2-A3XT-DX1_xmin83566_ymin29931_MPP-0.2500+133[1000].png,8081,3088,958,1652,836,4693,1813,7549,2609,1297,6,5,5,5,5,4,4,4,4,4
TCGA-A2-A3XT-DX1_xmin83566_ymin29931_MPP-0.2500+14[1000].png,215,1476,1652,1109,6814,958,5235,7599,3088,1813,9,7,5,5,5,5,5,5,4,4
TCGA-A2-A3XT-DX1_xmin83566_ymin29931_MPP-0.2500+15[1000].png,958,3030,4436,7819,2841,4685,4480,4430,697,2609,6,5,5,5,4,4,4,4,4,4
TCGA-A2-A3XT-DX1_xmin83566_ymin29931_MPP-0.2500+164[1000].png,7249,1813,215,8013,2140,958,5207,2870,335,5834,7,5,5,5,5,5,4,4,4,4
TCGA-A2-A3XT-DX1_xmin83566_ymin29931_MPP-0.2500+16[1000].png,725,2990,4143,1842,2028,1652,5937,6931,2093,8013,6,5,5,5,5,5,4,4,4,4
TCGA-A2-A3XT-DX1_xmin83566_ymin29931_MPP-0.2500+171[1000].png,2870,4194,3889,2226,5741,2650,3637,7899,4593,7591,7,5,5,5,4,4,4,4,4,4
TCGA-A2-A3XT-DX1_xmin83566_ymin29931_MPP-0.2500+172[1000].png,371,7101,215,3088,1652,4480,7694,6054,3433,44,6,5,5,5,5,5,5,4,4,4
TCGA-A2-A3XT-DX1_xmin83566_ymin29931_MPP-0.2500+173[1000].png,7694,2308,1652,3526,1869,2666,5741,5428,4430,3637,7,6,5,5,4,4,4,4,4,4
TCGA-A2-A3XT-DX1_xmin83566_ymin29931_MPP-0.2500+17[1000].png,1813,1652,1911,6045,2493,4311,2967,216,778,1476,5,5,4,4,4,4,4,4,4,4
TCGA-A2-A3XT-DX1_xmin83566_ymin29931_MPP-0.2500+180[1000].png,3088,1652,216,2226,5603,7612,6219,1215,371,453,7,6,6,5,4,4,4,4,4,4
TCGA-A2-A3XT-DX1_xmin83566_ymin29931_MPP-0.2500+182[1000].png,2226,215,6869,6795,958,697,2977,1476,5213,7212,9,6,5,5,5,4,4,4,4,4
TCGA-A2-A3XT-DX1_xmin83566_ymin29931_MPP-0.2500+183[1000].png,1911,215,3088,4693,1813,3030,5702,2115,2967,516,8,6,5,5,5,5,5,4,4,4
TCGA-A2-A3XT-DX1_xmin83566_ymin29931_MPP-0.2500+189[1000].png,1652,5392,352,215,7589,6121,2903,581,2967,2226,6,5,5,5,5,5,5,4,4,4
TCGA-A2-A3XT-DX1_xmin83566_ymin29931_MPP-0.2500+24[1000].png,2226,1813,4436,778,3189,2031,1203,2140,6045,144,7,5,5,4,4,4,4,4,4,4
TCGA-A2-A3XT-DX1_xmin83566_ymin29931_MPP-0.2500+25[1000].png,958,2308,6194,3000,6588,781,6226,4711,2885,7948,8,6,6,6,5,5,5,5,4,4
TCGA-A2-A3XT-DX1_xmin83566_ymin29931_MPP-0.2500+26[1000].png,7694,1652,7249,6226,4436,958,1911,8140,2336,3893,7,7,5,5,5,5,4,4,4,4
TCGA-A2-A3XT-DX1_xmin83566_ymin29931_MPP-0.2500+27[1000].png,4436,7222,8110,6045,6795,697,2226,1652,4711,3088,5,5,5,5,5,4,4,4,4,4
TCGA-A2-A3XT-DX1_xmin83566_ymin29931_MPP-0.2500+2[1000].png,4250,7694,2903,1813,778,5392,3230,2776,3044,1992,5,5,5,5,5,4,4,4,4,4
TCGA-A2-A3XT-DX1_xmin83566_ymin29931_MPP-0.2500+35[1000].png,3836,3088,1652,8110,778,4817,7175,7189,2557,5780,7,6,5,5,5,5,5,4,4,4
TCGA-A2-A3XT-DX1_xmin83566_ymin29931_MPP-0.2500+36[1000].png,6931,7694,4436,612,3500,7091,1652,276,7065,5213,6,5,5,5,5,5,4,4,4,4
TCGA-A2-A3XT-DX1_xmin83566_ymin29931_MPP-0.2500+37[1000].png,2226,4376,1654,6931,4311,1905,371,1911,3030,7442,5,5,5,4,4,4,4,4,4,4
TCGA-A2-A3XT-DX1_xmin83566_ymin29931_MPP-0.2500+43[1000].png,1716,3209,3619,7175,3901,693,7337,915,131,5947,6,5,5,4,4,4,4,4,4,4
TCGA-A2-A3XT-DX1_xmin83566_ymin29931_MPP-0.2500+51[1000].png,7119,1476,601,7539,1356,8049,7028,6226,3836,2967,6,6,6,5,5,5,5,5,4,4
TCGA-A2-A3XT-DX1_xmin83566_ymin29931_MPP-0.2500+52[1000].png,7733,725,2493,7165,1586,1652,1654,2482,4993,6045,6,5,5,5,4,4,4,4,4,4
TCGA-A2-A3XT-DX1_xmin83566_ymin29931_MPP-0.2500+53[1000].png,131,8110,1652,1312,3088,4711,630,2870,4430,267,5,5,5,5,5,5,5,5,4,4
TCGA-A2-A3XT-DX1_xmin83566_ymin29931_MPP-0.2500+5[1000].png,1813,2308,2226,3619,3088,7089,4559,4436,4311,1373,7,6,5,5,5,5,4,4,4,4
TCGA-A2-A3XT-DX1_xmin83566_ymin29931_MPP-0.2500+66[1000].png,5097,516,3230,331,7164,7899,1842,1869,4250,725,5,5,5,5,5,4,4,4,4,4
TCGA-A2-A3XT-DX1_xmin83566_ymin29931_MPP-0.2500+6[1000].png,5203,1813,6869,1476,7540,1298,6509,3030,2265,6809,7,5,5,5,4,4,4,4,4,4
TCGA-A2-A3XT-DX1_xmin83566_ymin29931_MPP-0.2500+73[1000].png,44,1652,5428,7808,7212,7899,1297,215,3088,6795,8,5,5,5,4,4,4,4,4,4
TCGA-A2-A3XT-DX1_xmin83566_ymin29931_MPP-0.2500+7[1000].png,4376,1813,6321,7360,5741,2140,2361,5561,7165,1842,5,5,4,4,4,4,4,4,4,4
TCGA-A2-A3XT-DX1_xmin83566_ymin29931_MPP-0.2500+82[1000].png,1476,4711,1813,5410,4559,5780,2967,1280,6702,4377,7,6,5,5,5,5,5,5,5,4
TCGA-A2-A3XT-DX1_xmin83566_ymin29931_MPP-0.2500+83[1000].png,1652,335,1813,3469,2293,2776,2226,3836,6809,5097,7,6,4,4,4,4,4,4,3,3
TCGA-A2-A3XT-DX1_xmin83566_ymin29931_MPP-0.2500+8[1000].png,3088,4711,3836,2021,8165,2967,2977,6772,2180,1813,6,6,5,5,5,4,4,4,4,4
TCGA-A2-A3XT-DX1_xmin83566_ymin29931_MPP-0.2500+92[1000].png,3526,216,840,6048,6724,3208,8082,4622,3029,4950,7,5,4,4,4,4,4,4,4,4
TCGA-A2-A3XT-DX1_xmin83566_ymin29931_MPP-0.2500+93[1000].png,1813,1911,4559,4376,5741,1652,5937,3105,6814,1842,8,6,5,5,5,5,5,4,4,4
TCGA-A2-A3XT-DX1_xmin83566_ymin29931_MPP-0.2500+94[1000].png,1682,3849,144,2226,7948,7249,2308,778,6321,215,5,5,5,5,5,5,5,4,4,4
TCGA-A2-A3XT-DX1_xmin83566_ymin29931_MPP-0.2500+97[1000].png,6045,840,6219,2083,131,5097,6809,7164,3088,3836,6,5,5,5,5,4,4,4,4,4
TCGA-A2-A3XU-DX1_xmin33329_ymin26157_MPP-0.2500+104[1000].png,3526,7089,2226,5872,3093,3088,215,7165,453,7738,5,5,5,5,5,5,4,4,4,4
TCGA-A2-A3XU-DX1_xmin33329_ymin26157_MPP-0.2500+108[1000].png,8081,389,5810,2588,216,2977,3088,1476,898,808,7,5,5,5,4,4,4,4,4,4
TCGA-A2-A3XU-DX1_xmin33329_ymin26157_MPP-0.2500+111[1000].png,7024,781,778,4436,8082,3971,1367,2194,5788,3230,7,5,5,5,4,4,4,4,4,4
TCGA-A2-A3XU-DX1_xmin33329_ymin26157_MPP-0.2500+115[1000].png,4711,44,237,3088,1008,7880,168,1654,3434,216,8,7,7,6,5,4,4,4,4,4
TCGA-A2-A3XU-DX1_xmin33329_ymin26157_MPP-0.2500+116[1000].png,7733,3209,389,2967,2226,5937,2977,8165,1977,8041,7,6,6,5,5,5,4,4,4,4
TCGA-A2-A3XU-DX1_xmin33329_ymin26157_MPP-0.2500+120[1000].png,5780,781,5912,4480,7175,130,216,1842,6054,915,6,5,5,5,5,5,4,4,4,4
TCGA-A2-A3XU-DX1_xmin33329_ymin26157_MPP-0.2500+123[1000].png,4817,2106,7694,7165,3088,6045,6809,5702,3230,6354,6,6,5,5,5,4,4,4,4,4
TCGA-A2-A3XU-DX1_xmin33329_ymin26157_MPP-0.2500+124[1000].png,4817,6321,7591,2308,331,5392,1159,7189,4711,7694,6,5,5,5,5,4,4,4,4,4
TCGA-A2-A3XU-DX1_xmin33329_ymin26157_MPP-0.2500+125[1000].png,5780,2308,1813,1652,6795,2903,7853,6892,2977,1297,6,6,5,5,5,5,5,4,4,4
TCGA-A2-A3XU-DX1_xmin33329_ymin26157_MPP-0.2500+132[1000].png,5433,516,1813,6321,4817,828,2776,840,7695,1842,6,5,5,5,5,4,4,4,4,4
TCGA-A2-A3XU-DX1_xmin33329_ymin26157_MPP-0.2500+139[1000].png,3088,1842,5780,5912,5872,1654,5106,1586,7089,4250,7,6,6,6,5,5,5,5,5,4
TCGA-A2-A3XU-DX1_xmin33329_ymin26157_MPP-0.2500+142[1000].png,2977,978,44,3836,1324,7189,935,688,2666,7450,7,5,5,4,4,4,4,4,4,4
TCGA-A2-A3XU-DX1_xmin33329_ymin26157_MPP-0.2500+144[1000].png,2028,781,216,1312,4711,6702,1652,7694,4063,5561,6,5,5,5,5,5,5,5,5,5
TCGA-A2-A3XU-DX1_xmin33329_ymin26157_MPP-0.2500+145[1000].png,7694,331,3469,6321,215,3230,5611,4817,3021,4911,7,6,5,5,5,5,4,4,4,4
TCGA-A2-A3XU-DX1_xmin33329_ymin26157_MPP-0.2500+146[1000].png,7175,5097,7694,5937,2012,7134,6931,4711,1613,6724,6,5,4,4,4,4,4,4,4,4
TCGA-A2-A3XU-DX1_xmin33329_ymin26157_MPP-0.2500+149[1000].png,7733,3434,7957,6869,4911,1440,1463,2666,4250,2336,5,4,4,4,4,4,4,4,4,4
TCGA-A2-A3XU-DX1_xmin33329_ymin26157_MPP-0.2500+150[1000].png,4817,2308,144,3619,7695,5114,3889,1357,2588,1150,6,5,5,5,5,4,4,4,4,4
TCGA-A2-A3XU-DX1_xmin33329_ymin26157_MPP-0.2500+151[1000].png,4911,4711,1652,7134,6720,3619,1813,7549,5433,3836,6,6,5,5,5,4,4,4,4,4
TCGA-A2-A3XU-DX1_xmin33329_ymin26157_MPP-0.2500+152[1000].png,7895,781,1842,7695,2308,5780,6306,1311,5912,145,5,5,5,4,4,4,4,4,4,4
TCGA-A2-A3XU-DX1_xmin33329_ymin26157_MPP-0.2500+153[1000].png,3209,7175,5913,2967,5912,1842,6795,2336,5780,1755,6,5,5,4,4,4,4,4,4,4
TCGA-A2-A3XU-DX1_xmin33329_ymin26157_MPP-0.2500+154[1000].png,6652,4711,7189,5392,7733,4817,3889,7410,34,4311,6,6,5,5,5,5,4,4,4,4
TCGA-A2-A3XU-DX1_xmin33329_ymin26157_MPP-0.2500+157[1000].png,1652,2226,1842,4436,3836,7165,1476,6226,5561,725,6,5,5,4,4,4,4,4,4,4
TCGA-A2-A3XU-DX1_xmin33329_ymin26157_MPP-0.2500+160[1000].png,1682,5611,2977,215,4711,7089,693,5023,1842,2990,5,5,5,5,5,4,4,4,4,4
TCGA-A2-A3XU-DX1_xmin33329_ymin26157_MPP-0.2500+161[1000].png,3230,4436,2226,6869,7189,6321,6652,3126,7549,131,6,5,5,5,4,4,4,4,4,4
TCGA-A2-A3XU-DX1_xmin33329_ymin26157_MPP-0.2500+162[1000].png,7549,4559,1571,7880,5097,3189,6192,7808,6045,2226,7,5,4,4,4,4,4,4,4,4
TCGA-A2-A3XU-DX1_xmin33329_ymin26157_MPP-0.2500+165[1000].png,4817,3088,1842,2666,6960,5428,781,1652,2361,4376,10,6,5,5,5,5,5,4,4,4
TCGA-A2-A3XU-DX1_xmin33329_ymin26157_MPP-0.2500+166[1000].png,331,4817,4711,6702,3011,6905,394,145,7694,3870,6,5,5,5,4,4,4,4,4,4
TCGA-A2-A3XU-DX1_xmin33329_ymin26157_MPP-0.2500+172[1000].png,1842,7175,6795,2815,2780,3526,7442,2977,267,2666,5,5,4,4,4,4,4,4,4,4
TCGA-A2-A3XU-DX1_xmin33329_ymin26157_MPP-0.2500+176[1000].png,7249,781,2977,2990,1157,8013,3209,5913,4711,1869,8,7,6,5,4,4,4,4,4,4
TCGA-A2-A3XU-DX1_xmin33329_ymin26157_MPP-0.2500+178[1000].png,5780,3526,216,331,3230,3836,915,5872,6219,6678,7,5,4,4,4,4,4,4,4,3
TCGA-A2-A3XU-DX1_xmin33329_ymin26157_MPP-0.2500+17[1000].png,3088,4911,267,2977,7189,1652,898,5999,7808,7694,6,5,5,4,4,4,4,4,4,4
TCGA-A2-A3XU-DX1_xmin33329_ymin26157_MPP-0.2500+187[1000].png,4711,4436,131,4725,1311,1682,3889,2326,3029,8148,8,7,5,5,5,5,4,4,4,4
TCGA-A2-A3XU-DX1_xmin33329_ymin26157_MPP-0.2500+18[1000].png,4711,7694,3199,2226,6045,5910,7409,7410,2841,7175,5,5,5,4,4,4,4,4,4,4
TCGA-A2-A3XU-DX1_xmin33329_ymin26157_MPP-0.2500+190[1000].png,4711,686,8165,6276,2931,5937,2308,267,216,7738,6,5,5,4,4,4,4,4,4,4
TCGA-A2-A3XU-DX1_xmin33329_ymin26157_MPP-0.2500+203[1000].png,6678,3088,5392,6931,8013,6795,6183,781,7899,5524,7,6,5,5,5,5,4,4,4,4
TCGA-A2-A3XU-DX1_xmin33329_ymin26157_MPP-0.2500+20[1000].png,3469,1682,2666,4160,7189,4817,4436,1842,6830,215,5,5,5,5,5,5,5,5,4,4
TCGA-A2-A3XU-DX1_xmin33329_ymin26157_MPP-0.2500+222[1000].png,2977,7733,145,4150,5101,3836,1312,257,915,6678,7,5,5,5,5,5,5,4,4,4
TCGA-A2-A3XU-DX1_xmin33329_ymin26157_MPP-0.2500+223[1000].png,7175,781,2666,5780,6045,8013,6655,6702,2919,1357,5,5,5,4,4,4,4,4,4,4
TCGA-A2-A3XU-DX1_xmin33329_ymin26157_MPP-0.2500+24[1000].png,7337,2493,7733,4522,1324,2031,4711,915,6321,4250,5,5,5,4,4,4,4,4,4,4
TCGA-A2-A3XU-DX1_xmin33329_ymin26157_MPP-0.2500+25[1000].png,1842,3088,2308,5912,7091,216,781,5610,1977,4711,8,6,6,5,5,5,4,4,4,4
TCGA-A2-A3XU-DX1_xmin33329_ymin26157_MPP-0.2500+26[1000].png,7175,2493,4817,3536,5392,145,5937,3088,2967,1652,7,6,5,5,4,4,4,4,4,4
TCGA-A2-A3XU-DX1_xmin33329_ymin26157_MPP-0.2500+27[1000].png,7733,1911,5735,781,371,7249,7694,6724,1813,5872,6,6,5,5,4,4,4,4,4,4
TCGA-A2-A3XU-DX1_xmin33329_ymin26157_MPP-0.2500+29[1000].png,3088,1842,6045,6321,601,3230,215,4311,915,4410,8,7,5,5,5,5,5,5,4,4
TCGA-A2-A3XU-DX1_xmin33329_ymin26157_MPP-0.2500+30[1000].png,3836,7249,4436,2226,3230,44,4261,4911,2588,7450,7,5,5,5,5,5,4,4,4,4
TCGA-A2-A3XU-DX1_xmin33329_ymin26157_MPP-0.2500+33[1000].png,1842,4911,3836,5392,1373,5780,7733,4160,1813,1654,5,5,5,5,5,5,5,4,4,4
TCGA-A2-A3XU-DX1_xmin33329_ymin26157_MPP-0.2500+37[1000].png,2977,5412,6121,215,267,3434,3986,331,7694,1977,5,4,4,4,4,4,4,4,4,4
TCGA-A2-A3XU-DX1_xmin33329_ymin26157_MPP-0.2500+38[1000].png,7189,215,1813,352,5780,3526,5717,4376,3088,7140,7,6,6,5,5,4,4,4,4,4
TCGA-A2-A3XU-DX1_xmin33329_ymin26157_MPP-0.2500+39[1000].png,3088,5392,3836,1384,958,828,7165,4250,4278,6321,8,7,6,6,5,4,4,4,4,4
TCGA-A2-A3XU-DX1_xmin33329_ymin26157_MPP-0.2500+40[1000].png,168,2666,5797,4259,4436,4817,267,6702,935,5428,7,5,5,5,5,5,5,4,4,4
TCGA-A2-A3XU-DX1_xmin33329_ymin26157_MPP-0.2500+41[1000].png,4436,5392,1652,6795,3088,1297,4711,7694,915,7175,6,6,5,5,5,5,5,5,5,5
TCGA-A2-A3XU-DX1_xmin33329_ymin26157_MPP-0.2500+45[1000].png,2308,6652,1813,1652,6179,7695,6242,1836,7880,2977,5,5,5,4,4,4,4,4,4,4
TCGA-A2-A3XU-DX1_xmin33329_ymin26157_MPP-0.2500+49[1000].png,4430,5101,7249,5094,5428,3088,7175,6231,6724,6321,5,5,5,5,4,4,4,4,4,4
TCGA-A2-A3XU-DX1_xmin33329_ymin26157_MPP-0.2500+50[1000].png,1842,4194,7134,4376,2127,3487,5780,5937,7895,3708,6,6,4,4,4,4,4,4,4,4
TCGA-A2-A3XU-DX1_xmin33329_ymin26157_MPP-0.2500+55[1000].png,7337,4711,5912,1652,2336,1813,3192,6321,7695,915,6,5,5,5,4,4,4,4,4,4
TCGA-A2-A3XU-DX1_xmin33329_ymin26157_MPP-0.2500+56[1000].png,2666,3209,4711,3088,5810,211,1586,45,7025,2194,6,6,5,5,5,5,4,4,4,4
TCGA-A2-A3XU-DX1_xmin33329_ymin26157_MPP-0.2500+57[1000].png,1652,6045,2815,3088,7733,6869,4711,3189,778,44,6,5,5,5,4,4,4,4,4,4
TCGA-A2-A3XU-DX1_xmin33329_ymin26157_MPP-0.2500+65[1000].png,7189,6045,781,6795,5203,3088,1652,1297,215,5780,6,6,6,5,5,5,5,4,4,4
TCGA-A2-A3XU-DX1_xmin33329_ymin26157_MPP-0.2500+70[1000].png,6045,7895,6321,1654,1842,1361,7941,3836,4711,5098,6,5,5,5,4,4,4,4,4,4
TCGA-A2-A3XU-DX1_xmin33329_ymin26157_MPP-0.2500+71[1000].png,4711,1652,3836,7165,267,1280,2308,389,5741,4538,8,6,5,5,5,4,4,4,4,4
TCGA-A2-A3XU-DX1_xmin33329_ymin26157_MPP-0.2500+76[1000].png,4817,2666,1682,3094,1652,6183,2815,6919,7899,1977,5,5,4,4,4,4,4,4,4,4
TCGA-A2-A3XU-DX1_xmin33329_ymin26157_MPP-0.2500+77[1000].png,4376,2226,7694,2308,421,781,7733,839,7032,1150,7,7,6,5,5,5,4,4,4,4
TCGA-A2-A3XU-DX1_xmin33329_ymin26157_MPP-0.2500+78[1000].png,4376,5515,3088,5913,2977,582,6191,4606,5023,2031,5,5,5,4,4,4,4,4,4,4
TCGA-A2-A3XU-DX1_xmin33329_ymin26157_MPP-0.2500+79[1000].png,4436,4911,1813,7450,6117,5717,216,7695,1157,5428,5,5,5,5,5,5,5,4,4,4
TCGA-A2-A3XU-DX1_xmin33329_ymin26157_MPP-0.2500+7[1000].png,3088,7695,1218,4711,3526,6321,4436,5797,4376,1506,7,6,5,5,5,4,4,4,4,4
TCGA-A2-A3XU-DX1_xmin33329_ymin26157_MPP-0.2500+8[1000].png,4436,6795,3088,1842,2602,8110,3230,5428,8140,5872,6,5,5,5,5,4,4,4,4,4
TCGA-A2-A3XU-DX1_xmin33329_ymin26157_MPP-0.2500+91[1000].png,6321,3088,2308,321,7808,145,7337,1842,3836,5780,7,6,6,6,5,5,5,4,4,4
TCGA-A2-A3XU-DX1_xmin33329_ymin26157_MPP-0.2500+96[1000].png,2977,3836,6321,44,4711,7175,3044,3088,1813,5872,6,6,5,5,5,5,5,4,4,4
TCGA-A2-A3XU-DX1_xmin33329_ymin26157_MPP-0.2500+97[1000].png,1682,1652,3209,331,6321,5999,6354,4259,6511,3434,5,5,5,5,4,4,4,4,4,4
TCGA-A2-A3XX-DX1_xmin69942_ymin41560_MPP-0.2500+36[1000].png,3088,215,6795,3230,4711,2776,7808,8081,6354,8066,7,5,5,5,4,4,4,4,4,4
TCGA-A2-A3XX-DX1_xmin69942_ymin41560_MPP-0.2500+46[1000].png,2308,7024,5428,6795,3836,5392,7134,5094,3030,237,6,6,5,5,5,4,4,4,4,4
TCGA-A2-A3XX-DX1_xmin69942_ymin41560_MPP-0.2500+50[1000].png,7694,1508,1842,3901,4968,6619,1813,7790,5937,2012,8,5,5,4,4,4,4,3,3,3
TCGA-A2-A3XX-DX1_xmin69942_ymin41560_MPP-0.2500+54[1000].png,1320,2903,1842,2308,1836,7880,6045,1813,7222,4711,6,6,6,5,5,5,4,4,4,4
TCGA-A2-A3XX-DX1_xmin69942_ymin41560_MPP-0.2500+55[1000].png,3088,5114,3889,5937,1463,3044,3836,781,4538,1373,7,5,5,5,5,5,5,4,4,4
TCGA-A2-A3XX-DX1_xmin69942_ymin41560_MPP-0.2500+64[1000].png,935,915,5203,516,1652,5094,1842,4711,5428,6179,6,5,5,5,5,4,4,4,4,4
TCGA-A2-A3XX-DX1_xmin69942_ymin41560_MPP-0.2500+65[1000].png,6964,2308,4711,4259,2482,216,3870,7134,5386,7733,6,4,4,4,4,4,4,4,4,3
TCGA-A2-A3XX-DX1_xmin69942_ymin41560_MPP-0.2500+66[1000].png,3836,215,5780,3637,7400,3088,5392,1977,7880,7540,7,6,6,5,5,5,4,4,4,4
TCGA-A2-A3XX-DX1_xmin69942_ymin41560_MPP-0.2500+67[1000].png,6045,389,2308,2336,5999,1842,4311,2502,7694,6674,6,6,5,5,4,4,4,4,4,4
TCGA-A2-A3XX-DX1_xmin69942_ymin41560_MPP-0.2500+6[1000].png,3088,5203,267,237,1682,5763,5912,3112,1367,5797,7,5,4,4,4,4,4,4,4,4
TCGA-A2-A3XX-DX1_xmin69942_ymin41560_MPP-0.2500+86[1000].png,8148,3526,2308,3044,331,3637,6054,7732,6808,5872,5,5,4,4,4,4,4,4,4,4
TCGA-A2-A3XY-DX1_xmin76297_ymin35510_MPP-0.2500+110[1000].png,1297,7165,7880,2870,215,5797,4430,3625,5810,7895,6,5,5,5,5,4,4,4,4,4
TCGA-A2-A3XY-DX1_xmin76297_ymin35510_MPP-0.2500+137[1000].png,1813,7189,3619,6809,781,6173,808,3346,5810,2903,6,5,5,5,5,5,5,5,4,4
TCGA-A2-A3XY-DX1_xmin76297_ymin35510_MPP-0.2500+141[1000].png,4711,2977,6702,1252,8082,1842,1311,7647,988,6902,7,5,5,5,5,5,5,5,4,4
TCGA-A2-A3XY-DX1_xmin76297_ymin35510_MPP-0.2500+150[1000].png,7694,2000,4911,1460,1476,1842,5937,4160,6048,5999,6,5,5,5,5,5,4,4,4,4
TCGA-A2-A3XY-DX1_xmin76297_ymin35510_MPP-0.2500+163[1000].png,2666,966,9,4376,6054,2028,5937,4606,5780,2448,6,4,4,4,4,4,4,4,4,4
TCGA-A2-A3XY-DX1_xmin76297_ymin35510_MPP-0.2500+176[1000].png,915,44,5940,840,3088,2430,5007,6054,6219,186,7,6,6,5,5,4,4,4,4,4
TCGA-A2-A3XY-DX1_xmin76297_ymin35510_MPP-0.2500+177[1000].png,7695,4430,1813,5937,5912,3637,4492,5780,5834,2557,6,6,5,5,5,5,5,5,4,4
TCGA-A2-A3XY-DX1_xmin76297_ymin35510_MPP-0.2500+192[1000].png,4711,7175,3026,6054,3088,6795,7647,1813,4480,7392,8,6,5,5,5,5,4,4,4,4
TCGA-A2-A3XY-DX1_xmin76297_ymin35510_MPP-0.2500+193[1000].png,1652,6702,7880,144,1586,5780,1813,2651,2903,3836,5,5,5,5,4,4,4,4,4,4
TCGA-A2-A3XY-DX1_xmin76297_ymin35510_MPP-0.2500+67[1000].png,2308,5780,1682,3189,7694,5133,3088,7695,4993,7189,7,6,6,6,5,5,4,4,4,4
TCGA-A2-A3XY-DX1_xmin76297_ymin35510_MPP-0.2500+81[1000].png,44,2308,2903,2430,5937,5392,6628,5213,1357,6702,7,6,5,5,4,4,4,4,4,4
TCGA-A2-A3XY-DX1_xmin76297_ymin35510_MPP-0.2500+82[1000].png,7165,2967,7501,2840,5392,2308,7957,1652,7869,2870,6,6,6,6,5,5,4,4,4,4
TCGA-A2-A3XY-DX1_xmin76297_ymin35510_MPP-0.2500+83[1000].png,2308,4711,7024,5872,1813,840,1652,3088,3230,237,7,6,5,5,5,5,5,5,4,4
TCGA-A2-A3XY-DX1_xmin76297_ymin35510_MPP-0.2500+96[1000].png,3088,3836,6782,4711,7138,4436,4311,6657,7895,2194,7,5,5,4,4,4,4,4,4,4
TCGA-A2-A3XY-DX1_xmin76297_ymin35510_MPP-0.2500+99[1000].png,389,7175,8110,2870,1440,4430,1297,352,5047,2308,6,5,4,4,4,4,4,4,4,3
TCGA-A7-A0CE-DX1_xmin58461_ymin18750_MPP-0.2500+108[1000].png,1476,3088,4376,808,1508,1682,3189,6702,2000,7212,6,5,5,5,4,4,4,4,4,4
TCGA-A7-A0CE-DX1_xmin58461_ymin18750_MPP-0.2500+121[1000].png,4436,3526,1297,808,4322,935,5797,2226,44,7695,5,5,5,5,4,4,4,4,4,4
TCGA-A7-A0CE-DX1_xmin58461_ymin18750_MPP-0.2500+129[1000].png,1682,3088,1842,516,5946,7733,4833,5780,5797,3908,6,6,6,5,5,5,4,4,4,4
TCGA-A7-A0CE-DX1_xmin58461_ymin18750_MPP-0.2500+143[1000].png,7695,5872,5428,3088,1297,2012,3247,1682,6475,7165,7,6,5,5,4,4,4,4,4,4
TCGA-A7-A0CE-DX1_xmin58461_ymin18750_MPP-0.2500+144[1000].png,3088,7024,6702,4376,5118,3044,267,3526,5065,7324,9,5,5,4,4,4,4,4,4,4
TCGA-A7-A0CE-DX1_xmin58461_ymin18750_MPP-0.2500+145[1000].png,3986,5357,7089,4480,7165,5428,4430,8144,5912,7549,5,5,5,4,4,4,4,4,4,4
TCGA-A7-A0CE-DX1_xmin58461_ymin18750_MPP-0.2500+146[1000].png,44,3088,4322,1413,1571,7899,6902,935,5937,2336,5,5,4,4,4,4,4,4,4,4
TCGA-A7-A0CE-DX1_xmin58461_ymin18750_MPP-0.2500+147[1000].png,1476,5872,4160,5097,2635,1836,1682,2083,4322,6521,6,5,5,5,5,5,5,4,4,4
TCGA-A7-A0CE-DX1_xmin58461_ymin18750_MPP-0.2500+149[1000].png,3088,7175,1842,808,3889,1682,2308,2876,6966,679,6,5,5,5,5,5,5,4,4,4
TCGA-A7-A0CE-DX1_xmin58461_ymin18750_MPP-0.2500+160[1000].png,44,2870,6702,8144,3088,3208,3526,2588,1030,4160,7,5,5,5,5,4,4,4,4,4
TCGA-A7-A0CE-DX1_xmin58461_ymin18750_MPP-0.2500+161[1000].png,2870,3088,331,4376,3459,6502,8082,4430,5392,3209,6,6,5,5,5,4,4,4,4,4
TCGA-A7-A0CE-DX1_xmin58461_ymin18750_MPP-0.2500+162[1000].png,3088,3527,4160,4817,5392,2684,3209,2870,5097,3889,5,5,5,4,4,4,4,4,4,4
TCGA-A7-A0CE-DX1_xmin58461_ymin18750_MPP-0.2500+163[1000].png,3088,4259,7895,3230,6960,2308,331,1842,1157,1008,6,6,6,5,5,5,5,4,4,4
TCGA-A7-A0CE-DX1_xmin58461_ymin18750_MPP-0.2500+165[1000].png,3088,145,3209,7957,1842,1977,7134,6547,5428,1312,5,5,4,4,4,4,4,4,4,4
TCGA-A7-A0CE-DX1_xmin58461_ymin18750_MPP-0.2500+166[1000].png,5454,8148,7694,7119,4817,2776,2903,5717,2226,982,5,5,5,5,5,4,4,4,4,4
TCGA-A7-A0CE-DX1_xmin58461_ymin18750_MPP-0.2500+171[1000].png,3088,5428,335,4593,1682,1842,1203,7694,5065,516,6,5,5,5,5,5,4,4,4,4
TCGA-A7-A0CE-DX1_xmin58461_ymin18750_MPP-0.2500+172[1000].png,7485,5039,7189,4436,5999,6829,390,1857,1813,2359,6,5,5,5,4,4,4,4,4,4
TCGA-A7-A0CE-DX1_xmin58461_ymin18750_MPP-0.2500+173[1000].png,1842,4311,4711,6021,5834,6192,335,5810,5213,4259,5,5,5,4,4,4,4,4,4,4
TCGA-A7-A0CE-DX1_xmin58461_ymin18750_MPP-0.2500+176[1000].png,3088,4693,2308,3469,4651,901,3836,254,3298,6378,6,5,5,5,4,4,4,4,4,4
TCGA-A7-A0CE-DX1_xmin58461_ymin18750_MPP-0.2500+177[1000].png,6724,3526,6702,1842,1682,7733,3088,276,5872,6054,5,5,5,5,5,4,4,4,4,4
TCGA-A7-A0CE-DX1_xmin58461_ymin18750_MPP-0.2500+178[1000].png,781,6702,237,1842,6354,1132,6045,6764,4259,3088,7,5,5,5,4,4,4,4,4,4
TCGA-A7-A0CE-DX1_xmin58461_ymin18750_MPP-0.2500+179[1000].png,3088,1682,5780,44,3209,3836,5717,3619,4711,168,7,6,6,5,5,5,4,4,4,4
TCGA-A7-A0CE-DX1_xmin58461_ymin18750_MPP-0.2500+182[1000].png,7694,3908,1654,5541,3088,3889,6808,601,2756,5428,6,5,4,4,4,4,4,4,4,4
TCGA-A7-A0CE-DX1_xmin58461_ymin18750_MPP-0.2500+186[1000].png,145,3619,4711,1842,3526,8126,3836,3044,3088,4911,5,5,5,5,5,4,4,4,4,4
TCGA-A7-A0CE-DX1_xmin58461_ymin18750_MPP-0.2500+187[1000].png,3088,3268,7134,44,1571,2308,2998,5392,2083,634,5,5,4,4,4,4,4,4,4,4
TCGA-A7-A0CE-DX1_xmin58461_ymin18750_MPP-0.2500+188[1000].png,1297,594,3044,4947,5872,237,2685,7189,2756,6021,6,5,5,4,4,4,4,4,4,3
TCGA-A7-A0CE-DX1_xmin58461_ymin18750_MPP-0.2500+189[1000].png,4711,5065,3526,4527,3209,4911,124,6795,7733,1842,5,4,4,4,4,4,4,4,4,4
TCGA-A7-A0CE-DX1_xmin58461_ymin18750_MPP-0.2500+192[1000].png,7189,6702,8041,6808,3088,1150,3908,1716,44,7694,7,6,5,5,4,4,4,4,4,4
TCGA-A7-A0CE-DX1_xmin58461_ymin18750_MPP-0.2500+193[1000].png,5780,4775,2235,7647,3209,3088,3908,2326,2766,5940,6,5,4,4,4,4,4,4,4,4
TCGA-A7-A0CE-DX1_xmin58461_ymin18750_MPP-0.2500+194[1000].png,5797,237,7224,7695,8165,3088,1270,1357,6321,2903,5,5,4,4,4,4,4,4,4,4
TCGA-A7-A0CE-DX1_xmin58461_ymin18750_MPP-0.2500+195[1000].png,335,5797,1297,3029,3230,5780,3836,2756,2278,5834,6,5,5,5,5,4,4,4,4,4
TCGA-A7-A0CE-DX1_xmin58461_ymin18750_MPP-0.2500+198[1000].png,5780,4817,3044,2336,4711,5213,2870,4430,2308,5101,7,6,6,5,5,4,4,4,4,4
TCGA-A7-A0CE-DX1_xmin58461_ymin18750_MPP-0.2500+199[1000].png,3088,5383,6905,2876,2336,1413,6814,4311,2308,3469,6,5,5,5,5,4,4,4,4,4
TCGA-A7-A0CE-DX1_xmin58461_ymin18750_MPP-0.2500+200[1000].png,6795,2308,1008,4774,7164,6264,7035,6045,1463,1842,6,6,5,4,4,4,4,4,4,4
TCGA-A7-A0CE-DX1_xmin58461_ymin18750_MPP-0.2500+201[1000].png,145,5735,4642,5097,3836,5999,7880,3526,3088,3209,6,5,5,5,5,4,4,4,4,4
TCGA-A7-A0CE-DX1_xmin58461_ymin18750_MPP-0.2500+202[1000].png,2876,44,5780,5999,3526,5686,515,601,4492,1767,6,6,5,5,5,5,5,4,4,4
TCGA-A7-A0CE-DX1_xmin58461_ymin18750_MPP-0.2500+203[1000].png,7733,7189,7222,915,7024,1150,6744,3088,2870,7708,7,5,5,5,5,5,4,4,4,4
TCGA-A7-A0CE-DX1_xmin58461_ymin18750_MPP-0.2500+204[1000].png,1357,1413,6782,3088,7612,6054,8110,2644,6217,1624,5,4,4,4,4,4,4,4,4,3
TCGA-A7-A0CE-DX1_xmin58461_ymin18750_MPP-0.2500+205[1000].png,5780,389,7880,6045,591,6782,1830,1842,6227,6795,6,5,5,5,5,5,4,4,4,4
TCGA-A7-A0CE-DX1_xmin58461_ymin18750_MPP-0.2500+208[1000].png,1977,4711,5797,44,2336,6321,915,3088,2493,6795,5,5,5,5,5,5,4,4,4,4
TCGA-A7-A0CE-DX1_xmin58461_ymin18750_MPP-0.2500+209[1000].png,3088,2308,4968,8101,2235,4693,2319,2267,215,4364,6,5,4,4,4,4,4,3,3,3
TCGA-A7-A0CE-DX1_xmin58461_ymin18750_MPP-0.2500+210[1000].png,3908,1297,2278,145,1977,7189,5780,7175,4711,44,6,5,5,5,5,5,4,4,4,4
TCGA-A7-A0CE-DX1_xmin58461_ymin18750_MPP-0.2500+211[1000].png,3526,1842,6966,4340,4250,6652,8041,5999,516,2021,7,6,6,5,4,4,4,4,4,4
TCGA-A7-A0CE-DX1_xmin58461_ymin18750_MPP-0.2500+218[1000].png,5780,4259,581,6595,5499,5763,7694,2997,2815,6048,5,5,4,4,4,4,4,4,4,4
TCGA-A7-A0CE-DX1_xmin58461_ymin18750_MPP-0.2500+219[1000].png,4430,4911,3088,532,7824,4711,2644,1967,4817,3189,10,6,5,4,4,4,4,4,4,4
TCGA-A7-A0CE-DX1_xmin58461_ymin18750_MPP-0.2500+220[1000].png,2115,3044,3836,6960,4250,1842,7895,44,7175,7732,6,6,6,5,4,4,4,4,4,4
TCGA-A7-A0CE-DX1_xmin58461_ymin18750_MPP-0.2500+223[1000].png,5213,44,6045,594,1682,5702,6960,3088,7189,4791,6,5,4,4,4,4,4,4,4,4
TCGA-A7-A0CE-DX1_xmin58461_ymin18750_MPP-0.2500+224[1000].png,7853,3088,7694,7165,5797,237,6509,2319,7251,7101,7,6,6,5,5,5,4,4,4,4
TCGA-A7-A0CE-DX1_xmin58461_ymin18750_MPP-0.2500+225[1000].png,3836,2977,1682,612,3986,6137,2031,44,4725,4205,7,6,5,4,4,4,4,4,3,3
TCGA-A7-A0CE-DX1_xmin58461_ymin18750_MPP-0.2500+226[1000].png,8066,7138,45,5392,5065,8148,3021,1682,145,2685,5,5,4,4,4,4,4,4,4,4
TCGA-A7-A0CE-DX1_xmin58461_ymin18750_MPP-0.2500+227[1000].png,4711,2609,186,1842,3088,6045,3619,321,331,7412,8,6,5,5,5,4,4,4,4,4
TCGA-A7-A0CE-DX1_xmin58461_ymin18750_MPP-0.2500+232[1000].png,7694,2870,1842,7189,4817,6782,3889,335,6655,3230,5,5,5,4,4,4,4,4,4,4
TCGA-A7-A0CE-DX1_xmin58461_ymin18750_MPP-0.2500+233[1000].png,3189,3613,4711,5912,7222,7694,1842,3230,4376,7400,6,6,5,5,5,5,5,5,5,4
TCGA-A7-A0CE-DX1_xmin58461_ymin18750_MPP-0.2500+234[1000].png,335,4911,8148,6292,7694,44,898,352,6395,1842,5,5,4,4,4,4,4,4,4,3
TCGA-A7-A0CE-DX1_xmin58461_ymin18750_MPP-0.2500+237[1000].png,5428,2110,3021,1977,8148,5599,2493,4436,3889,6475,5,5,4,4,4,4,4,4,4,4
TCGA-A7-A0CE-DX1_xmin58461_ymin18750_MPP-0.2500+238[1000].png,3044,2756,1842,1977,6808,5872,1571,6950,44,2021,7,6,5,5,5,5,5,4,4,4
TCGA-A7-A0CE-DX1_xmin58461_ymin18750_MPP-0.2500+239[1000].png,3088,6702,3044,3526,958,4100,3727,4194,4965,5661,7,6,5,5,4,4,4,4,4,3
TCGA-A7-A0CE-DX1_xmin58461_ymin18750_MPP-0.2500+245[1000].png,44,2308,7694,3526,7599,6702,1977,7065,5039,1842,7,5,5,5,5,4,4,4,4,4
TCGA-A7-A0CE-DX1_xmin58461_ymin18750_MPP-0.2500+246[1000].png,3230,1357,4430,7694,1696,3000,4143,4965,2255,1312,6,5,5,5,4,4,4,4,4,4
TCGA-A7-A0CE-DX1_xmin58461_ymin18750_MPP-0.2500+247[1000].png,1977,6960,1373,5842,2330,5392,4606,4261,2876,7501,6,5,4,4,4,4,4,4,4,4
TCGA-A7-A0CE-DX1_xmin58461_ymin18750_MPP-0.2500+248[1000].png,3836,5611,5872,2870,8041,2028,3527,4311,3088,5386,7,7,6,5,4,4,4,4,4,4
TCGA-A7-A0CE-DX1_xmin58461_ymin18750_MPP-0.2500+249[1000].png,510,5097,2308,2278,4278,7568,4198,4376,7485,5999,5,4,4,4,4,4,4,4,3,3
TCGA-A7-A0CE-DX1_xmin58461_ymin18750_MPP-0.2500+250[1000].png,7189,7880,1977,3526,5741,6678,4817,5203,4247,1297,6,6,6,5,4,4,4,4,4,4
TCGA-A7-A0CE-DX1_xmin58461_ymin18750_MPP-0.2500+252[1000].png,1842,7733,3230,594,8013,3527,7875,4693,3055,6782,5,4,4,4,4,4,4,3,3,3
TCGA-A7-A0CE-DX1_xmin58461_ymin18750_MPP-0.2500+253[1000].png,7694,4527,6217,1508,5872,4430,982,1312,3088,1840,5,5,4,4,4,4,4,4,4,4
TCGA-A7-A0CE-DX1_xmin58461_ymin18750_MPP-0.2500+254[1000].png,1312,3088,8082,1357,2356,5603,4711,267,1654,2308,7,6,5,5,5,5,4,4,4,4
TCGA-A7-A0CE-DX1_xmin58461_ymin18750_MPP-0.2500+257[1000].png,1836,4817,496,5872,1375,7875,4711,7089,8081,6807,5,5,4,4,4,4,4,4,4,4
TCGA-A7-A0CE-DX1_xmin58461_ymin18750_MPP-0.2500+258[1000].png,7134,2666,2028,7694,267,915,496,3708,2476,1842,6,6,4,4,4,4,4,4,4,4
TCGA-A7-A0CE-DX1_xmin58461_ymin18750_MPP-0.2500+261[1000].png,237,2685,4817,5039,267,1977,5585,4322,4774,7651,6,6,5,5,5,5,4,4,4,4
TCGA-A7-A0CE-DX1_xmin58461_ymin18750_MPP-0.2500+262[1000].png,4711,7589,2336,8148,4947,1842,1476,4673,7212,3526,5,5,5,4,4,4,4,4,4,4
TCGA-A7-A0CE-DX1_xmin58461_ymin18750_MPP-0.2500+263[1000].png,4376,321,7733,4817,3469,6795,8066,4160,1287,1312,6,6,5,5,5,5,4,4,4,4
TCGA-A7-A0CE-DX1_xmin58461_ymin18750_MPP-0.2500+264[1000].png,2308,5872,5913,4950,1977,3247,898,4376,3469,3477,7,6,5,5,4,4,4,4,4,4
TCGA-A7-A0CE-DX1_xmin58461_ymin18750_MPP-0.2500+265[1000].png,1842,5686,1780,3836,1654,7899,7695,2278,5754,1089,5,5,5,5,4,4,4,4,4,4
TCGA-A7-A0CE-DX1_xmin58461_ymin18750_MPP-0.2500+266[1000].png,3230,1297,3434,7337,7134,4095,3021,2293,2609,4685,6,5,5,5,5,4,4,4,4,4
TCGA-A7-A0CE-DX1_xmin58461_ymin18750_MPP-0.2500+267[1000].png,7880,6808,1842,5133,4817,145,3619,2967,34,2768,7,7,6,5,5,4,4,4,4,4
TCGA-A7-A0CE-DX1_xmin58461_ymin18750_MPP-0.2500+273[1000].png,2336,5101,4817,8082,2870,6702,6724,5999,4376,4205,5,5,5,5,5,5,4,4,4,4
TCGA-A7-A0CE-DX1_xmin58461_ymin18750_MPP-0.2500+274[1000].png,7165,1869,11,781,4480,3055,1312,2336,5999,6702,8,4,4,4,4,4,4,4,4,4
TCGA-A7-A0CE-DX1_xmin58461_ymin18750_MPP-0.2500+275[1000].png,1842,4947,2876,5780,3482,4968,6354,3209,5872,1357,6,5,5,5,5,4,4,4,4,4
TCGA-A7-A0CE-DX1_xmin58461_ymin18750_MPP-0.2500+279[1000].png,4205,7880,7694,7957,1312,3088,6795,7134,5999,4430,5,5,4,4,4,4,4,4,4,4
TCGA-A7-A0CE-DX1_xmin58461_ymin18750_MPP-0.2500+280[1000].png,4817,5098,6814,4100,4376,7032,5780,3088,4492,4480,6,5,4,4,4,4,4,4,4,3
TCGA-A7-A0CE-DX1_xmin58461_ymin18750_MPP-0.2500+282[1000].png,5937,6595,4965,237,6720,516,1842,693,8162,2870,4,4,4,4,4,4,4,4,4,4
TCGA-A7-A0CE-DX1_xmin58461_ymin18750_MPP-0.2500+283[1000].png,1312,2780,4817,5428,1857,3088,267,5717,2870,1716,5,5,5,5,5,4,4,4,4,4
TCGA-A7-A0CE-DX1_xmin58461_ymin18750_MPP-0.2500+289[1000].png,6678,3836,5428,4725,7484,4376,4166,7612,1654,1842,6,6,5,5,5,4,4,4,4,4
TCGA-A7-A0CE-DX1_xmin58461_ymin18750_MPP-0.2500+290[1000].png,8066,3088,6045,7189,3230,1682,6509,1869,1842,5999,6,5,5,5,5,4,4,4,4,4
TCGA-A7-A0CE-DX1_xmin58461_ymin18750_MPP-0.2500+291[1000].png,1977,3526,3836,2635,3254,7694,516,693,7024,581,6,5,4,4,4,4,4,4,4,4
TCGA-A7-A0CE-DX1_xmin58461_ymin18750_MPP-0.2500+292[1000].png,6960,5763,131,5203,581,5797,1586,4100,7450,6892,6,5,4,4,4,4,4,4,4,4
TCGA-A7-A0CE-DX1_xmin58461_ymin18750_MPP-0.2500+293[1000].png,7880,6724,4501,1322,1357,4711,5213,965,3728,2336,6,5,5,5,4,4,4,4,4,4
TCGA-A7-A0CE-DX1_xmin58461_ymin18750_MPP-0.2500+305[1000].png,7948,6702,5555,4711,4311,7222,7732,2326,4436,4821,6,5,5,5,4,4,4,4,4,4
TCGA-A7-A0CE-DX1_xmin58461_ymin18750_MPP-0.2500+314[1000].png,4430,1842,3088,1977,3708,4198,3469,2684,3000,7337,10,5,5,4,4,4,4,4,4,4
TCGA-A7-A0CE-DX1_xmin58461_ymin18750_MPP-0.2500+315[1000].png,2308,7189,781,6830,7694,1440,3268,5039,1833,4817,6,4,4,4,4,4,4,4,4,4
TCGA-A7-A0CE-DX1_xmin58461_ymin18750_MPP-0.2500+317[1000].png,2278,6321,5235,3836,3708,4278,6678,4817,3209,5509,6,5,4,4,4,4,4,4,4,3
TCGA-A7-A0CE-DX1_xmin58461_ymin18750_MPP-0.2500+318[1000].png,8013,1842,3526,6964,7694,601,3088,237,216,4250,5,5,5,4,4,4,4,4,4,4
TCGA-A7-A0CE-DX1_xmin58461_ymin18750_MPP-0.2500+319[1000].png,3088,3836,267,4247,6724,3189,5428,44,7212,7647,7,6,5,5,5,4,4,4,4,4
TCGA-A7-A0CE-DX1_xmin58461_ymin18750_MPP-0.2500+321[1000].png,1297,6222,3209,2635,5780,4817,582,7024,5810,6173,6,6,5,5,4,4,4,4,4,4
TCGA-A7-A0CE-DX1_xmin58461_ymin18750_MPP-0.2500+326[1000].png,6966,4725,1297,2699,2430,7695,3526,5454,7360,1440,5,4,4,4,4,4,4,4,4,3
TCGA-A7-A0CE-DX1_xmin58461_ymin18750_MPP-0.2500+327[1000].png,3088,7400,1008,808,2493,872,781,2967,5708,2308,9,5,5,4,4,4,4,4,4,4
TCGA-A7-A0CE-DX1_xmin58461_ymin18750_MPP-0.2500+328[1000].png,1977,1877,8148,1218,1682,4194,4711,1150,6724,1297,7,6,5,5,5,5,4,4,4,4
TCGA-A7-A0CE-DX1_xmin58461_ymin18750_MPP-0.2500+329[1000].png,2308,6479,145,6054,1842,7007,3209,5913,5098,1312,5,5,5,5,5,4,4,4,4,4
TCGA-A7-A0CE-DX1_xmin58461_ymin18750_MPP-0.2500+330[1000].png,7400,4711,2308,1977,215,5735,3011,6509,278,6795,6,5,5,4,4,4,4,4,4,4
TCGA-A7-A0CE-DX1_xmin58461_ymin18750_MPP-0.2500+333[1000].png,3189,808,2502,3526,1312,3209,2482,6354,371,7224,5,5,4,4,4,4,4,4,4,4
TCGA-A7-A0CE-DX1_xmin58461_ymin18750_MPP-0.2500+338[1000].png,6045,3836,8148,145,7694,7824,5302,836,4965,594,5,5,5,5,5,4,4,4,4,4
TCGA-A7-A0CE-DX1_xmin58461_ymin18750_MPP-0.2500+340[1000].png,5780,2685,2502,1977,7189,7024,3088,7549,7694,2330,7,5,5,5,5,4,4,4,4,4
TCGA-A7-A0CE-DX1_xmin58461_ymin18750_MPP-0.2500+341[1000].png,3230,1842,2308,3209,1977,6724,1357,5213,8049,1508,7,5,5,4,4,4,4,4,4,4
TCGA-A7-A0CE-DX1_xmin58461_ymin18750_MPP-0.2500+345[1000].png,3526,693,5780,1716,6354,6045,1966,1672,1682,808,5,5,5,5,4,4,4,4,4,4
TCGA-A7-A0CE-DX1_xmin58461_ymin18750_MPP-0.2500+346[1000].png,4160,5203,145,7166,7134,5177,1463,2685,5213,7089,6,5,5,4,4,3,3,3,3,3
TCGA-A7-A0CE-DX1_xmin58461_ymin18750_MPP-0.2500+352[1000].png,5780,7880,4817,44,1357,237,390,1384,5213,6388,6,5,5,4,4,4,4,4,4,3
TCGA-A7-A0CE-DX1_xmin58461_ymin18750_MPP-0.2500+355[1000].png,4480,237,145,4369,7324,3189,2493,5392,6795,7032,5,5,5,4,4,4,4,4,4,4
TCGA-A7-A0CE-DX1_xmin58461_ymin18750_MPP-0.2500+359[1000].png,1842,4711,1682,601,5428,3526,7916,6045,7134,4911,6,5,4,4,4,4,4,4,4,4
TCGA-A7-A0CE-DX1_xmin58461_ymin18750_MPP-0.2500+361[1000].png,237,1869,4376,5185,6321,7024,808,131,7694,632,5,5,5,4,4,4,4,4,4,4
TCGA-A7-A0CE-DX1_xmin58461_ymin18750_MPP-0.2500+365[1000].png,4817,215,2967,6226,390,3619,3088,5872,5937,7195,8,4,4,4,4,4,4,4,4,4
TCGA-A7-A0CE-DX1_xmin58461_ymin18750_MPP-0.2500+366[1000].png,5780,44,1842,735,7470,4774,3209,7694,6657,3296,7,5,5,5,5,4,4,4,4,4
TCGA-A7-A0CE-DX1_xmin58461_ymin18750_MPP-0.2500+367[1000].png,4436,2278,131,7694,331,6045,515,3477,4240,4155,5,5,5,5,5,4,4,4,4,4
TCGA-A7-A0CE-DX1_xmin58461_ymin18750_MPP-0.2500+371[1000].png,7948,4072,601,2062,7853,6217,2686,1882,3849,2278,13,8,6,6,5,4,4,4,4,4
TCGA-A7-A0CE-DX1_xmin58461_ymin18750_MPP-0.2500+372[1000].png,4711,3526,5367,4430,3021,3625,2666,6623,6809,6960,6,6,5,5,4,4,4,4,4,4
TCGA-A7-A0CE-DX1_xmin58461_ymin18750_MPP-0.2500+373[1000].png,7694,7189,7089,389,3836,840,4711,1952,3126,335,4,4,4,4,4,4,4,4,4,4
TCGA-A7-A0CE-DX1_xmin58461_ymin18750_MPP-0.2500+376[1000].png,1842,2083,331,7470,6808,216,5716,2801,6479,7957,6,5,5,5,4,4,4,4,4,4
TCGA-A7-A0CE-DX1_xmin58461_ymin18750_MPP-0.2500+381[1000].png,44,7337,4430,131,7694,335,6219,3526,1842,965,7,6,6,5,4,4,4,4,4,4
TCGA-A7-A0CE-DX1_xmin58461_ymin18750_MPP-0.2500+386[1000].png,7808,4436,2870,5780,6388,1767,1094,3926,3044,267,5,5,5,5,5,4,4,4,4,4
TCGA-A7-A0CE-DX1_xmin58461_ymin18750_MPP-0.2500+387[1000].png,6931,8066,6964,6809,4376,2635,12,7337,3088,1008,5,5,5,4,4,4,4,4,4,4
TCGA-A7-A0CE-DX1_xmin58461_ymin18750_MPP-0.2500+398[1000].png,5780,6809,7694,3230,4817,3526,1842,7324,5999,3125,7,7,6,6,5,5,5,4,4,4
TCGA-A7-A0CE-DX1_xmin58461_ymin18750_MPP-0.2500+400[1000].png,3189,5611,3870,3889,1509,5686,1767,2502,8144,5717,6,5,5,4,4,4,4,4,4,4
TCGA-A7-A0CE-DX1_xmin58461_ymin18750_MPP-0.2500+405[1000].png,5810,4250,4309,781,8049,7337,7485,5555,4447,6905,6,5,4,4,4,4,3,3,3,3
TCGA-A7-A0CE-DX1_xmin58461_ymin18750_MPP-0.2500+408[1000].png,2588,371,6903,335,2493,1775,4533,3836,3908,5023,6,5,4,4,4,4,4,4,4,4
TCGA-A7-A0CE-DX1_xmin58461_ymin18750_MPP-0.2500+409[1000].png,1203,2776,4725,697,6054,830,1846,825,4259,5780,5,5,4,4,4,4,3,3,3,3
TCGA-A7-A0CE-DX1_xmin58461_ymin18750_MPP-0.2500+414[1000].png,2308,4968,4100,3088,4817,2493,1571,6054,1179,5133,5,4,4,4,4,4,4,4,4,4
TCGA-A7-A0CE-DX1_xmin58461_ymin18750_MPP-0.2500+421[1000].png,3088,5780,6807,3908,6657,335,6762,4278,3889,1351,6,5,4,4,4,4,4,4,4,4
TCGA-A7-A0CE-DX1_xmin58461_ymin18750_MPP-0.2500+422[1000].png,3836,4430,1297,34,516,5780,2308,6795,352,6045,7,5,5,5,5,5,5,4,4,4
TCGA-A7-A0CE-DX1_xmin58461_ymin18750_MPP-0.2500+423[1000].png,5780,7694,7212,335,6724,6964,3044,7089,3088,7880,5,5,4,4,4,4,4,4,4,4
TCGA-A7-A0DA-DX1_xmin43731_ymin18175_MPP-0.2500+100[1000].png,1297,6795,1682,3088,1654,4711,3199,3527,5999,5992,8,6,6,5,4,4,4,4,4,4
TCGA-A7-A0DA-DX1_xmin43731_ymin18175_MPP-0.2500+104[1000].png,3088,6652,335,1842,7175,6219,5039,692,7694,3500,5,5,5,5,5,4,4,4,4,4
TCGA-A7-A0DA-DX1_xmin43731_ymin18175_MPP-0.2500+105[1000].png,2666,3088,7224,3836,2903,6795,958,4911,3209,7149,5,4,4,4,4,4,4,4,4,4
TCGA-A7-A0DA-DX1_xmin43731_ymin18175_MPP-0.2500+106[1000].png,331,3088,1389,6724,6192,2430,6628,6833,7175,7694,6,6,5,4,4,4,4,4,3,3
TCGA-A7-A0DA-DX1_xmin43731_ymin18175_MPP-0.2500+120[1000].png,8082,3209,131,2308,7119,2967,3477,4322,8003,4950,6,6,5,5,4,4,4,4,4,4
TCGA-A7-A0DA-DX1_xmin43731_ymin18175_MPP-0.2500+121[1000].png,7337,6724,7165,6428,1842,3088,7540,2031,8066,3349,6,5,5,5,4,4,4,4,4,4
TCGA-A7-A0DA-DX1_xmin43731_ymin18175_MPP-0.2500+122[1000].png,7733,6502,1312,5094,808,5702,6571,2336,3088,2430,5,5,4,4,4,4,4,4,4,4
TCGA-A7-A0DA-DX1_xmin43731_ymin18175_MPP-0.2500+123[1000].png,5344,2903,4968,2870,5780,4198,2101,6814,1813,1767,7,6,5,5,5,5,4,4,4,4
TCGA-A7-A0DA-DX1_xmin43731_ymin18175_MPP-0.2500+124[1000].png,2308,3088,2903,7694,3619,267,4492,7089,331,1297,9,5,5,5,4,4,4,4,4,4
TCGA-A7-A0DA-DX1_xmin43731_ymin18175_MPP-0.2500+125[1000].png,1373,3836,3088,1089,7880,4407,7024,6905,1297,1631,6,6,6,4,4,4,4,4,4,4
TCGA-A7-A0DA-DX1_xmin43731_ymin18175_MPP-0.2500+126[1000].png,7165,3088,5477,1297,237,131,4711,6321,3189,4259,6,6,6,5,4,4,4,4,4,4
TCGA-A7-A0DA-DX1_xmin43731_ymin18175_MPP-0.2500+134[1000].png,3088,2308,958,5780,6724,371,7189,915,4817,1842,6,5,4,4,4,4,4,4,4,4
TCGA-A7-A0DA-DX1_xmin43731_ymin18175_MPP-0.2500+149[1000].png,6702,1877,6219,516,4711,1682,3550,7129,8110,2278,5,4,4,4,4,4,4,4,4,4
TCGA-A7-A0DA-DX1_xmin43731_ymin18175_MPP-0.2500+150[1000].png,1373,4711,4376,6724,778,5152,693,7093,6702,1977,6,5,4,4,4,4,4,4,4,4
TCGA-A7-A0DA-DX1_xmin43731_ymin18175_MPP-0.2500+151[1000].png,5213,5603,5780,1842,1932,6809,5754,1001,6192,3011,5,5,5,5,4,4,4,4,4,3
TCGA-A7-A0DA-DX1_xmin43731_ymin18175_MPP-0.2500+152[1000].png,2756,3349,1297,6960,4691,3842,3088,1355,6814,2336,6,5,5,5,4,4,4,4,4,3
TCGA-A7-A0DA-DX1_xmin43731_ymin18175_MPP-0.2500+153[1000].png,4968,3088,237,4877,958,3619,3209,2226,7400,354,6,6,5,4,4,4,4,4,4,3
TCGA-A7-A0DA-DX1_xmin43731_ymin18175_MPP-0.2500+154[1000].png,4430,131,1297,3268,7450,1967,1842,3088,591,3526,5,5,5,4,4,4,4,4,4,4
TCGA-A7-A0DA-DX1_xmin43731_ymin18175_MPP-0.2500+155[1000].png,7695,352,4711,4968,1298,6809,5392,4622,2967,5717,6,5,4,4,4,4,4,4,4,4
TCGA-A7-A0DA-DX1_xmin43731_ymin18175_MPP-0.2500+156[1000].png,3088,2801,4947,1682,1297,1602,5708,1905,2336,6219,5,4,4,4,4,4,4,4,4,4
TCGA-A7-A0DA-DX1_xmin43731_ymin18175_MPP-0.2500+157[1000].png,5392,7134,958,4711,7189,5810,4430,2101,1463,6045,7,6,5,5,5,4,4,4,4,4
TCGA-A7-A0DA-DX1_xmin43731_ymin18175_MPP-0.2500+179[1000].png,2336,4651,7165,2308,6905,7612,3526,4429,5797,3088,5,5,4,4,4,4,4,4,3,3
TCGA-A7-A0DA-DX1_xmin43731_ymin18175_MPP-0.2500+17[1000].png,44,7869,7895,6702,5999,5235,3088,8041,5392,7540,5,5,5,5,5,5,5,4,4,4
TCGA-A7-A0DA-DX1_xmin43731_ymin18175_MPP-0.2500+180[1000].png,4968,5094,6724,8162,6964,335,1682,5428,154,7212,5,5,4,4,4,4,4,4,4,4
TCGA-A7-A0DA-DX1_xmin43731_ymin18175_MPP-0.2500+181[1000].png,267,7134,2031,7733,5039,3296,6724,6782,6795,4572,7,6,5,4,4,4,4,4,4,4
TCGA-A7-A0DA-DX1_xmin43731_ymin18175_MPP-0.2500+182[1000].png,7540,840,5007,3088,7695,5718,3550,5999,4725,7134,5,5,5,5,5,4,4,4,4,4
TCGA-A7-A0DA-DX1_xmin43731_ymin18175_MPP-0.2500+183[1000].png,6902,1297,5999,3144,2144,6960,7540,693,4977,3504,7,5,5,4,4,4,4,4,3,3
TCGA-A7-A0DA-DX1_xmin43731_ymin18175_MPP-0.2500+184[1000].png,3088,5810,1571,8013,722,1842,2336,8144,3026,7189,6,5,5,5,5,5,4,4,4,4
TCGA-A7-A0DA-DX1_xmin43731_ymin18175_MPP-0.2500+185[1000].png,4711,6702,1280,5392,237,5797,2477,6192,7694,352,8,7,6,5,5,5,5,4,4,4
TCGA-A7-A0DA-DX1_xmin43731_ymin18175_MPP-0.2500+186[1000].png,6702,2903,237,4533,4711,3469,4693,8162,7260,594,6,6,5,5,4,4,4,4,4,4
TCGA-A7-A0DA-DX1_xmin43731_ymin18175_MPP-0.2500+187[1000].png,1842,3469,8110,7695,4693,7869,6795,3088,6045,7189,5,5,5,4,4,4,4,4,4,4
TCGA-A7-A0DA-DX1_xmin43731_ymin18175_MPP-0.2500+188[1000].png,5708,697,1842,4259,6045,7189,7695,7101,6960,1476,6,6,6,5,4,4,4,4,4,4
TCGA-A7-A0DA-DX1_xmin43731_ymin18175_MPP-0.2500+189[1000].png,2903,958,1842,6795,7733,5673,516,4711,988,1373,7,7,6,5,5,4,4,4,4,4
TCGA-A7-A0DA-DX1_xmin43731_ymin18175_MPP-0.2500+18[1000].png,1836,6702,5097,7324,7733,6394,5094,4430,4376,915,5,5,4,4,4,4,4,4,4,4
TCGA-A7-A0DA-DX1_xmin43731_ymin18175_MPP-0.2500+209[1000].png,4711,5213,3088,8110,2180,6192,6702,3526,2967,6048,6,6,6,5,5,4,4,4,4,4
TCGA-A7-A0DA-DX1_xmin43731_ymin18175_MPP-0.2500+210[1000].png,1297,4711,2375,6054,7694,3637,958,1652,836,7895,6,5,5,4,4,4,4,4,4,4
TCGA-A7-A0DA-DX1_xmin43731_ymin18175_MPP-0.2500+211[1000].png,7948,2062,7165,5207,6045,8066,8013,8082,4582,1297,5,5,4,4,4,4,4,4,4,4
TCGA-A7-A0DA-DX1_xmin43731_ymin18175_MPP-0.2500+212[1000].png,7695,7134,6652,7450,4711,6919,267,1322,4474,6724,5,5,5,5,5,5,5,4,4,4
TCGA-A7-A0DA-DX1_xmin43731_ymin18175_MPP-0.2500+213[1000].png,6702,5039,7129,4629,601,8101,6264,612,2430,2977,5,5,4,4,4,4,4,4,4,4
TCGA-A7-A0DA-DX1_xmin43731_ymin18175_MPP-0.2500+214[1000].png,7459,2320,5860,6217,1133,2943,2140,6738,3926,5207,20,20,9,7,6,5,5,5,5,5
TCGA-A7-A0DA-DX1_xmin43731_ymin18175_MPP-0.2500+215[1000].png,4711,1842,3088,267,2430,4251,7695,7050,237,4859,8,6,6,5,5,5,5,4,4,4
TCGA-A7-A0DA-DX1_xmin43731_ymin18175_MPP-0.2500+216[1000].png,3088,1842,4492,6702,7089,7119,2812,4198,34,2375,5,5,5,5,4,4,4,4,4,4
TCGA-A7-A0DA-DX1_xmin43731_ymin18175_MPP-0.2500+217[1000].png,2336,3836,8081,7420,7165,1836,7695,840,6702,321,5,5,5,5,5,5,4,4,4,4
TCGA-A7-A0DA-DX1_xmin43731_ymin18175_MPP-0.2500+218[1000].png,4711,3836,7694,7165,6502,3021,7869,7101,6045,2903,6,6,5,5,5,4,4,4,4,4
TCGA-A7-A0DA-DX1_xmin43731_ymin18175_MPP-0.2500+239[1000].png,3088,7733,7324,218,1413,2278,1357,3836,915,601,5,5,5,4,4,4,4,4,4,4
TCGA-A7-A0DA-DX1_xmin43731_ymin18175_MPP-0.2500+240[1000].png,3088,2308,1877,2336,7647,3708,1476,2226,7450,6571,6,5,5,4,4,4,4,4,4,4
TCGA-A7-A0DA-DX1_xmin43731_ymin18175_MPP-0.2500+241[1000].png,958,2967,3088,8081,5780,5688,836,2411,2011,5973,6,5,5,4,4,4,4,4,4,4
TCGA-A7-A0DA-DX1_xmin43731_ymin18175_MPP-0.2500+242[1000].png,7189,3088,5454,6628,6157,2083,3477,7409,2430,4908,6,6,5,5,4,4,4,4,4,4
TCGA-A7-A0DA-DX1_xmin43731_ymin18175_MPP-0.2500+243[1000].png,5999,1836,2967,1842,1652,1297,7895,5842,6054,7880,6,6,5,5,5,5,4,4,4,4
TCGA-A7-A0DA-DX1_xmin43731_ymin18175_MPP-0.2500+244[1000].png,4711,3088,2320,7028,958,5213,6191,44,2756,3849,8,5,4,4,4,4,4,4,4,4
TCGA-A7-A0DA-DX1_xmin43731_ymin18175_MPP-0.2500+245[1000].png,2308,3044,6702,7895,7160,6502,3365,3192,2255,496,7,5,5,4,4,4,4,4,4,4
TCGA-A7-A0DA-DX1_xmin43731_ymin18175_MPP-0.2500+246[1000].png,335,4725,4711,3889,7249,3477,4673,2198,7733,5047,6,5,5,4,4,4,4,4,4,4
TCGA-A7-A0DA-DX1_xmin43731_ymin18175_MPP-0.2500+247[1000].png,3088,5023,1297,1977,5202,2989,8110,2326,2430,4311,5,5,5,4,4,4,4,4,4,4
TCGA-A7-A0DA-DX1_xmin43731_ymin18175_MPP-0.2500+248[1000].png,267,5094,4351,4430,3526,496,1813,8081,6720,6674,6,5,5,4,4,4,4,4,4,4
TCGA-A7-A0DA-DX1_xmin43731_ymin18175_MPP-0.2500+249[1000].png,6808,3728,389,1977,3088,8110,5094,4160,5913,1174,5,5,5,5,5,4,4,4,4,4
TCGA-A7-A0DA-DX1_xmin43731_ymin18175_MPP-0.2500+270[1000].png,1842,1682,5999,5810,2265,7165,499,5213,389,4410,5,5,5,5,4,4,4,4,4,4
TCGA-A7-A0DA-DX1_xmin43731_ymin18175_MPP-0.2500+271[1000].png,6226,3088,332,958,3209,1297,7337,582,1905,371,5,4,4,4,4,4,4,4,4,4
TCGA-A7-A0DA-DX1_xmin43731_ymin18175_MPP-0.2500+272[1000].png,2870,7222,1297,3526,4711,131,516,1280,2028,1509,5,5,5,4,4,4,4,4,4,4
TCGA-A7-A0DA-DX1_xmin43731_ymin18175_MPP-0.2500+273[1000].png,4080,7647,5094,5039,3526,4436,5177,3199,3088,966,4,4,4,4,4,4,4,4,4,3
TCGA-A7-A0DA-DX1_xmin43731_ymin18175_MPP-0.2500+274[1000].png,4711,3088,7165,5097,1842,3000,5235,3349,5810,3836,6,5,5,4,4,4,4,4,4,4
TCGA-A7-A0DA-DX1_xmin43731_ymin18175_MPP-0.2500+275[1000].png,6219,7733,7875,44,1682,7165,2870,5702,7959,4911,5,5,5,5,5,5,4,3,3,3
TCGA-A7-A0DA-DX1_xmin43731_ymin18175_MPP-0.2500+276[1000].png,1298,4198,1320,4100,958,697,1357,7222,4325,7808,6,5,5,5,4,4,4,4,4,4
TCGA-A7-A0DA-DX1_xmin43731_ymin18175_MPP-0.2500+277[1000].png,4711,3088,8081,5213,131,6354,2609,1836,3298,1063,7,5,5,5,5,4,4,4,4,4
TCGA-A7-A0DA-DX1_xmin43731_ymin18175_MPP-0.2500+278[1000].png,3230,4160,2870,6720,650,215,4993,6964,4533,5834,5,5,5,5,4,4,4,4,4,4
TCGA-A7-A0DA-DX1_xmin43731_ymin18175_MPP-0.2500+279[1000].png,3230,5428,7352,5603,3469,4325,371,3865,1297,6809,6,5,5,5,5,5,4,4,4,4
TCGA-A7-A0DA-DX1_xmin43731_ymin18175_MPP-0.2500+2[1000].png,4711,3088,2967,3433,2083,2278,6931,6615,6808,5780,6,5,5,4,4,4,4,4,4,4
TCGA-A7-A0DA-DX1_xmin43731_ymin18175_MPP-0.2500+300[1000].png,1476,4711,1813,8148,5433,2336,3088,12,5999,7165,5,5,5,4,4,4,4,4,4,4
TCGA-A7-A0DA-DX1_xmin43731_ymin18175_MPP-0.2500+301[1000].png,6054,331,4711,3298,2083,6376,840,5913,7405,3024,5,5,5,4,4,4,4,4,4,4
TCGA-A7-A0DA-DX1_xmin43731_ymin18175_MPP-0.2500+302[1000].png,3088,3858,4160,958,7540,4112,335,5386,2194,7853,7,6,5,4,4,4,4,4,4,4
TCGA-A7-A0DA-DX1_xmin43731_ymin18175_MPP-0.2500+303[1000].png,4711,958,6702,6571,8110,6226,1652,898,3971,4950,6,5,5,5,4,4,4,4,4,4
TCGA-A7-A0DA-DX1_xmin43731_ymin18175_MPP-0.2500+304[1000].png,5065,4429,7694,2278,3088,131,7273,5235,5097,7222,5,5,4,4,4,4,4,4,4,4
TCGA-A7-A0DA-DX1_xmin43731_ymin18175_MPP-0.2500+305[1000].png,7249,958,5007,5797,6321,2028,2943,7819,4311,4100,6,5,5,5,4,4,4,4,4,4
TCGA-A7-A0DA-DX1_xmin43731_ymin18175_MPP-0.2500+306[1000].png,5780,4725,44,6724,4911,5872,8081,7134,5097,6830,6,6,6,6,5,5,4,4,4,4
TCGA-A7-A0DA-DX1_xmin43731_ymin18175_MPP-0.2500+307[1000].png,7450,3836,2870,7694,4376,267,2083,3526,6032,7875,5,5,5,5,5,4,4,4,4,4
TCGA-A7-A0DA-DX1_xmin43731_ymin18175_MPP-0.2500+308[1000].png,7089,8110,7165,6054,4711,3889,1958,7189,1297,404,6,5,5,5,5,5,4,4,4,4
TCGA-A7-A0DA-DX1_xmin43731_ymin18175_MPP-0.2500+309[1000].png,4711,1842,5392,7303,2903,6226,8148,4968,1297,5872,8,6,5,5,4,4,4,4,4,4
TCGA-A7-A0DA-DX1_xmin43731_ymin18175_MPP-0.2500+30[1000].png,2062,3088,4377,7249,6814,4965,6045,4436,6054,4311,6,6,5,5,5,5,4,4,4,4
TCGA-A7-A0DA-DX1_xmin43731_ymin18175_MPP-0.2500+31[1000].png,7694,4711,1383,8066,6814,1373,1613,5524,7165,2502,6,5,4,4,4,4,3,3,3,3
TCGA-A7-A0DA-DX1_xmin43731_ymin18175_MPP-0.2500+32[1000].png,7733,4410,5039,2903,7880,1094,6966,267,2756,145,6,5,5,4,4,4,4,4,4,4
TCGA-A7-A0DA-DX1_xmin43731_ymin18175_MPP-0.2500+330[1000].png,3088,154,7222,3209,130,5065,321,7694,2062,4430,8,5,5,4,4,4,4,4,4,4
TCGA-A7-A0DA-DX1_xmin43731_ymin18175_MPP-0.2500+331[1000].png,6724,1716,5392,4711,2770,3282,5780,5213,3088,1767,6,6,5,5,5,4,4,4,4,4
TCGA-A7-A0DA-DX1_xmin43731_ymin18175_MPP-0.2500+332[1000].png,1813,154,6226,958,4290,1357,7523,7459,5797,7165,5,5,5,4,4,4,4,4,4,4
TCGA-A7-A0DA-DX1_xmin43731_ymin18175_MPP-0.2500+333[1000].png,4430,4436,3088,879,7149,4369,1785,632,2028,44,6,6,6,5,4,4,4,4,4,4
TCGA-A7-A0DA-DX1_xmin43731_ymin18175_MPP-0.2500+334[1000].png,6960,3088,5098,3804,3024,1509,2903,4410,2194,4993,6,4,4,4,4,4,4,4,4,4
TCGA-A7-A0DA-DX1_xmin43731_ymin18175_MPP-0.2500+335[1000].png,4817,5999,7733,2493,1373,2083,321,1842,4101,5392,5,5,5,5,5,4,4,4,4,4
TCGA-A7-A0DA-DX1_xmin43731_ymin18175_MPP-0.2500+336[1000].png,1297,3209,2083,5912,3088,6808,8066,1813,697,7032,7,6,5,5,5,4,4,4,4,4
TCGA-A7-A0DA-DX1_xmin43731_ymin18175_MPP-0.2500+337[1000].png,1842,8066,4250,5065,6702,2043,3021,3204,7165,34,5,5,5,4,4,4,4,4,3,3
TCGA-A7-A0DA-DX1_xmin43731_ymin18175_MPP-0.2500+338[1000].png,3088,7950,2083,5097,7895,6054,958,3526,6217,7134,6,4,4,4,4,4,4,4,4,4
TCGA-A7-A0DA-DX1_xmin43731_ymin18175_MPP-0.2500+339[1000].png,5392,7165,6674,44,7377,6054,7337,131,8081,5780,8,7,5,5,5,4,4,4,4,4
TCGA-A7-A0DA-DX1_xmin43731_ymin18175_MPP-0.2500+33[1000].png,6219,2349,7694,915,4194,3477,1977,131,6192,254,6,6,5,5,4,4,4,4,4,3
TCGA-A7-A0DA-DX1_xmin43731_ymin18175_MPP-0.2500+34[1000].png,4311,5235,7733,1543,1842,5795,3088,915,2320,1877,6,5,5,5,5,5,5,4,4,4
TCGA-A7-A0DA-DX1_xmin43731_ymin18175_MPP-0.2500+35[1000].png,131,6657,7024,352,6782,5913,1682,2801,4725,5797,6,6,5,5,4,4,4,4,4,4
TCGA-A7-A0DA-DX1_xmin43731_ymin18175_MPP-0.2500+360[1000].png,5872,3088,7400,3298,4160,4968,1652,3386,7695,2903,6,5,5,5,4,4,4,4,4,4
TCGA-A7-A0DA-DX1_xmin43731_ymin18175_MPP-0.2500+361[1000].png,4711,7024,131,1682,3469,7540,3268,4250,8148,6716,9,5,5,4,4,4,4,4,4,4
TCGA-A7-A0DA-DX1_xmin43731_ymin18175_MPP-0.2500+362[1000].png,3088,4711,6219,3021,1204,3708,7899,2486,5065,1196,5,5,5,5,4,4,4,4,4,4
TCGA-A7-A0DA-DX1_xmin43731_ymin18175_MPP-0.2500+363[1000].png,7733,3088,5611,6724,2644,1652,44,8144,1389,7065,6,5,5,4,4,4,4,4,4,4
TCGA-A7-A0DA-DX1_xmin43731_ymin18175_MPP-0.2500+364[1000].png,2320,3889,8082,7450,601,3849,7695,4711,4311,4160,5,5,4,4,4,4,4,4,4,4
TCGA-A7-A0DA-DX1_xmin43731_ymin18175_MPP-0.2500+365[1000].png,1862,3870,321,1652,5754,8089,5671,4386,6782,7470,5,5,5,4,4,4,4,4,4,4
TCGA-A7-A0DA-DX1_xmin43731_ymin18175_MPP-0.2500+366[1000].png,4311,7377,3971,8101,7869,3127,4711,4340,5203,5213,5,5,4,4,4,4,4,4,3,3
TCGA-A7-A0DA-DX1_xmin43731_ymin18175_MPP-0.2500+367[1000].png,1842,3088,5611,3021,3684,4160,2766,6919,1682,6430,7,5,5,4,4,4,4,4,3,3
TCGA-A7-A0DA-DX1_xmin43731_ymin18175_MPP-0.2500+368[1000].png,3088,5780,2308,131,1297,3044,5937,2967,4240,1389,5,4,4,4,4,4,4,4,4,4
TCGA-A7-A0DA-DX1_xmin43731_ymin18175_MPP-0.2500+369[1000].png,2031,5611,6702,3048,3526,7733,6571,7189,3500,3189,5,5,4,4,4,4,4,4,4,4
TCGA-A7-A0DA-DX1_xmin43731_ymin18175_MPP-0.2500+38[1000].png,5392,1586,3088,11,7733,7694,3526,2308,2226,4527,6,5,4,4,4,4,4,4,4,3
TCGA-A7-A0DA-DX1_xmin43731_ymin18175_MPP-0.2500+390[1000].png,6702,6772,6724,872,124,3088,4250,5735,6964,6226,5,4,4,4,4,4,4,4,4,4
TCGA-A7-A0DA-DX1_xmin43731_ymin18175_MPP-0.2500+391[1000].png,3088,331,2308,7694,898,1842,4376,2870,6809,4430,11,7,6,5,5,4,4,4,4,4
TCGA-A7-A0DA-DX1_xmin43731_ymin18175_MPP-0.2500+392[1000].png,6702,4492,1842,6192,1571,6765,601,321,7189,7695,6,5,5,5,5,4,4,4,4,4
TCGA-A7-A0DA-DX1_xmin43731_ymin18175_MPP-0.2500+393[1000].png,4711,3088,2967,1877,6960,4911,4417,7647,2194,2336,6,6,5,5,5,5,4,4,4,4
TCGA-A7-A0DA-DX1_xmin43731_ymin18175_MPP-0.2500+394[1000].png,4322,1652,6814,5039,3088,582,3836,3804,1813,6217,5,5,4,4,4,4,4,4,4,4
TCGA-A7-A0DA-DX1_xmin43731_ymin18175_MPP-0.2500+395[1000].png,1133,632,7189,7459,4843,131,4143,2320,4311,3836,6,6,5,5,4,4,4,4,4,4
TCGA-A7-A0DA-DX1_xmin43731_ymin18175_MPP-0.2500+396[1000].png,6226,3000,267,7459,3526,2094,2062,1429,6509,4160,6,6,5,5,5,5,5,5,4,4
TCGA-A7-A0DA-DX1_xmin43731_ymin18175_MPP-0.2500+397[1000].png,5999,3088,4436,836,237,331,2903,389,7612,5872,6,6,5,5,5,5,4,4,4,4
TCGA-A7-A0DA-DX1_xmin43731_ymin18175_MPP-0.2500+398[1000].png,8110,3088,4711,237,1413,4725,5213,3021,5946,7134,5,5,5,4,4,4,4,4,4,4
TCGA-A7-A0DA-DX1_xmin43731_ymin18175_MPP-0.2500+399[1000].png,1869,6702,958,1842,2054,5797,262,2226,5097,3836,5,4,4,4,4,4,4,4,4,4
TCGA-A7-A0DA-DX1_xmin43731_ymin18175_MPP-0.2500+39[1000].png,7869,3021,4311,7430,516,840,3088,7189,4781,6620,6,5,4,4,4,4,4,4,4,4
TCGA-A7-A0DA-DX1_xmin43731_ymin18175_MPP-0.2500+3[1000].png,4774,958,6388,3088,7165,1297,808,6966,972,3373,6,6,5,5,4,4,4,4,4,4
TCGA-A7-A0DA-DX1_xmin43731_ymin18175_MPP-0.2500+410[1000].png,4968,5810,4859,1977,8110,7694,7165,3088,3870,4711,5,5,5,5,4,4,4,4,4,4
TCGA-A7-A0DA-DX1_xmin43731_ymin18175_MPP-0.2500+420[1000].png,3088,2644,1977,1842,5780,7733,5797,4205,6814,7470,7,5,4,4,4,4,4,4,4,4
TCGA-A7-A0DA-DX1_xmin43731_ymin18175_MPP-0.2500+421[1000].png,7880,3469,1815,4286,3044,6931,1877,2018,7869,8066,5,4,4,4,4,4,4,4,4,4
TCGA-A7-A0DA-DX1_xmin43731_ymin18175_MPP-0.2500+422[1000].png,3000,7695,7716,3849,3189,7400,7324,5999,6054,3896,6,6,5,5,5,4,4,4,4,4
TCGA-A7-A0DA-DX1_xmin43731_ymin18175_MPP-0.2500+423[1000].png,5047,3836,3526,6841,6226,6795,4240,3088,1682,7129,5,5,5,5,5,4,4,4,4,4
TCGA-A7-A0DA-DX1_xmin43731_ymin18175_MPP-0.2500+424[1000].png,5118,6219,7222,4080,5098,7695,5810,958,6226,6931,5,5,5,5,4,4,4,4,4,4
TCGA-A7-A0DA-DX1_xmin43731_ymin18175_MPP-0.2500+425[1000].png,331,4725,2635,2101,2336,5799,7694,1813,6950,2308,5,5,5,4,4,4,4,4,4,4
TCGA-A7-A0DA-DX1_xmin43731_ymin18175_MPP-0.2500+426[1000].png,267,5203,131,5999,3029,1001,7134,2635,2967,3021,7,6,5,5,5,4,4,4,4,4
TCGA-A7-A0DA-DX1_xmin43731_ymin18175_MPP-0.2500+427[1000].png,2967,1813,2083,4711,2609,7694,6960,4377,7165,7948,6,5,5,5,5,4,4,4,4,4
TCGA-A7-A0DA-DX1_xmin43731_ymin18175_MPP-0.2500+428[1000].png,3088,4100,4817,7647,7948,4582,1476,7549,3729,2028,7,6,5,4,4,4,4,4,4,3
TCGA-A7-A0DA-DX1_xmin43731_ymin18175_MPP-0.2500+429[1000].png,7694,3469,1508,7189,6428,3088,2083,335,1842,4251,5,5,5,5,5,5,5,4,4,4
TCGA-A7-A0DA-DX1_xmin43731_ymin18175_MPP-0.2500+450[1000].png,5235,6045,3088,2062,4072,7189,3526,131,6674,5133,5,5,4,4,4,4,4,4,4,4
TCGA-A7-A0DA-DX1_xmin43731_ymin18175_MPP-0.2500+451[1000].png,237,4968,4711,267,5039,7540,4278,5780,6595,4817,6,5,5,5,5,5,4,4,4,4
TCGA-A7-A0DA-DX1_xmin43731_ymin18175_MPP-0.2500+452[1000].png,5392,7028,2320,1476,1586,2083,6173,7459,516,3849,5,5,5,4,4,4,4,4,4,4
TCGA-A7-A0DA-DX1_xmin43731_ymin18175_MPP-0.2500+453[1000].png,3625,5872,7134,6724,3346,2903,7149,2666,7165,7948,6,5,5,5,5,5,4,4,4,4
TCGA-A7-A0DA-DX1_xmin43731_ymin18175_MPP-0.2500+454[1000].png,131,3088,1836,4198,6193,4278,900,1682,3189,5810,5,5,5,5,4,4,4,4,4,4
TCGA-A7-A0DA-DX1_xmin43731_ymin18175_MPP-0.2500+455[1000].png,3836,3088,7189,4968,7494,3021,3230,4711,8081,335,7,5,5,5,4,4,4,4,4,4
TCGA-A7-A0DA-DX1_xmin43731_ymin18175_MPP-0.2500+456[1000].png,3088,7948,4376,3836,6502,8110,7539,3021,6814,1194,7,5,5,5,5,4,4,4,4,4
TCGA-A7-A0DA-DX1_xmin43731_ymin18175_MPP-0.2500+457[1000].png,958,4377,7134,5810,6702,2308,6724,3889,11,601,7,6,5,5,5,5,5,5,4,4
TCGA-A7-A0DA-DX1_xmin43731_ymin18175_MPP-0.2500+458[1000].png,237,7948,5392,6045,7589,7032,5097,5780,7249,2486,8,6,6,5,4,4,4,4,4,4
TCGA-A7-A0DA-DX1_xmin43731_ymin18175_MPP-0.2500+46[1000].png,5834,3836,335,2028,2989,6428,4112,7709,131,4755,6,5,5,5,4,4,4,4,4,4
TCGA-A7-A0DA-DX1_xmin43731_ymin18175_MPP-0.2500+47[1000].png,145,1682,5797,5999,5716,3189,7189,2336,1103,335,5,5,5,5,4,4,4,4,4,4
TCGA-A7-A0DA-DX1_xmin43731_ymin18175_MPP-0.2500+480[1000].png,4817,693,2411,6054,7222,581,6809,7694,1652,4376,6,6,5,5,5,5,4,4,4,4
TCGA-A7-A0DA-DX1_xmin43731_ymin18175_MPP-0.2500+481[1000].png,2903,7189,6809,3189,5369,7604,7470,4251,3515,5913,6,5,4,4,4,4,4,3,3,3
TCGA-A7-A0DA-DX1_xmin43731_ymin18175_MPP-0.2500+482[1000].png,3088,2903,3526,6812,7948,2308,5810,2198,5098,4376,6,5,5,4,4,4,4,4,4,4
TCGA-A7-A0DA-DX1_xmin43731_ymin18175_MPP-0.2500+483[1000].png,1813,5780,8013,3088,2977,1270,7591,5203,1476,2198,6,5,5,5,5,4,4,4,4,4
TCGA-A7-A0DA-DX1_xmin43731_ymin18175_MPP-0.2500+484[1000].png,3088,5344,4376,4725,44,5735,8110,3021,3526,6321,7,4,4,4,4,4,4,4,4,4
TCGA-A7-A0DA-DX1_xmin43731_ymin18175_MPP-0.2500+485[1000].png,5735,4725,331,5097,7165,7875,7880,5094,3708,5515,6,5,5,5,5,4,4,4,4,4
TCGA-A7-A0DA-DX1_xmin43731_ymin18175_MPP-0.2500+486[1000].png,7948,145,4711,5207,4501,5100,6782,34,4622,2502,7,5,5,5,4,4,4,4,4,4
TCGA-A7-A0DA-DX1_xmin43731_ymin18175_MPP-0.2500+487[1000].png,7459,7948,2320,2903,5860,1696,6045,2062,958,693,9,6,5,5,5,5,5,4,4,4
TCGA-A7-A0DA-DX1_xmin43731_ymin18175_MPP-0.2500+488[1000].png,3011,6724,7540,5027,7260,4430,1977,3836,7733,6571,5,5,5,5,4,4,4,4,4,4
TCGA-A7-A0DA-DX1_xmin43731_ymin18175_MPP-0.2500+4[1000].png,7694,7089,3088,5007,1813,2770,321,2226,5702,3908,5,4,4,4,4,4,4,4,4,3
TCGA-A7-A0DA-DX1_xmin43731_ymin18175_MPP-0.2500+510[1000].png,7565,3346,5179,6814,1297,6979,4821,7175,6388,4711,5,5,5,4,4,4,4,4,4,4
TCGA-A7-A0DA-DX1_xmin43731_ymin18175_MPP-0.2500+511[1000].png,267,2635,1842,3209,4711,1413,6724,7721,2967,352,6,5,5,5,5,4,4,4,4,4
TCGA-A7-A0DA-DX1_xmin43731_ymin18175_MPP-0.2500+512[1000].png,5797,2083,4160,347,2226,836,5872,3836,5686,856,5,4,4,4,4,4,4,4,4,4
TCGA-A7-A0DA-DX1_xmin43731_ymin18175_MPP-0.2500+513[1000].png,131,1836,2967,7694,7895,8148,1842,5065,331,216,8,6,5,5,5,5,5,4,4,4
TCGA-A7-A0DA-DX1_xmin43731_ymin18175_MPP-0.2500+514[1000].png,7134,3088,7189,7249,1312,131,3836,8110,6711,5133,6,5,5,5,5,4,4,4,4,4
TCGA-A7-A0DA-DX1_xmin43731_ymin18175_MPP-0.2500+515[1000].png,1842,2083,6782,958,2411,3088,5392,1001,5477,1966,6,5,4,4,4,4,4,4,4,4
TCGA-A7-A0DA-DX1_xmin43731_ymin18175_MPP-0.2500+516[1000].png,6960,1813,7243,4205,8041,3526,7948,958,3088,5477,6,6,6,5,5,4,4,4,4,4
TCGA-A7-A0DA-DX1_xmin43731_ymin18175_MPP-0.2500+517[1000].png,4160,3836,7649,5203,7733,7089,4817,3044,958,237,6,5,5,4,4,4,4,4,4,4
TCGA-A7-A0DA-DX1_xmin43731_ymin18175_MPP-0.2500+518[1000].png,4725,7733,2028,3021,215,2756,352,7880,3889,6357,5,4,4,4,4,4,4,4,4,3
TCGA-A7-A0DA-DX1_xmin43731_ymin18175_MPP-0.2500+539[1000].png,2666,6814,7024,2448,3088,581,8013,1652,840,5179,6,6,5,5,5,5,4,4,4,4
TCGA-A7-A0DA-DX1_xmin43731_ymin18175_MPP-0.2500+540[1000].png,1297,1836,3209,7165,7269,958,7129,3296,4377,4376,6,5,5,5,5,5,5,4,4,4
TCGA-A7-A0DA-DX1_xmin43731_ymin18175_MPP-0.2500+541[1000].png,3088,2028,267,693,1476,4259,3021,1297,3536,4419,5,5,4,4,4,4,4,4,4,4
TCGA-A7-A0DA-DX1_xmin43731_ymin18175_MPP-0.2500+542[1000].png,4711,2308,2967,131,4250,5701,6702,475,5097,6789,9,6,5,5,4,4,4,4,4,4
TCGA-A7-A0DA-DX1_xmin43731_ymin18175_MPP-0.2500+543[1000].png,6226,958,5872,254,267,6610,6321,6702,6795,7392,7,5,5,4,4,4,4,4,4,4
TCGA-A7-A0DA-DX1_xmin43731_ymin18175_MPP-0.2500+544[1000].png,4250,4817,5810,5797,2644,5780,1373,7129,6137,2770,5,5,5,5,5,5,4,4,4,4
TCGA-A7-A0DA-DX1_xmin43731_ymin18175_MPP-0.2500+545[1000].png,3088,7007,5000,4968,2308,3889,7134,237,5797,4965,4,4,4,4,4,4,4,4,4,4
TCGA-A7-A0DA-DX1_xmin43731_ymin18175_MPP-0.2500+546[1000].png,1842,6226,7948,3088,7459,6054,3836,3230,6388,267,6,6,5,5,5,5,4,4,4,4
TCGA-A7-A0DA-DX1_xmin43731_ymin18175_MPP-0.2500+547[1000].png,1842,3088,321,4160,1977,7129,1297,7875,5872,7093,7,5,5,5,5,4,4,4,4,4
TCGA-A7-A0DA-DX1_xmin43731_ymin18175_MPP-0.2500+559[1000].png,3088,7694,1842,958,3597,7950,5039,6674,2194,1373,6,5,5,5,4,4,4,4,4,4
TCGA-A7-A0DA-DX1_xmin43731_ymin18175_MPP-0.2500+563[1000].png,3088,2308,4711,1842,6782,915,5797,3268,4376,2448,8,6,4,4,4,4,4,4,4,4
TCGA-A7-A0DA-DX1_xmin43731_ymin18175_MPP-0.2500+564[1000].png,6966,267,1357,4911,3209,6219,4160,1476,6724,836,5,5,5,5,5,5,4,4,4,4
TCGA-A7-A0DA-DX1_xmin43731_ymin18175_MPP-0.2500+565[1000].png,5392,145,7948,3088,237,7916,5213,4968,1373,5810,7,5,5,5,5,5,5,4,4,4
TCGA-A7-A0DA-DX1_xmin43731_ymin18175_MPP-0.2500+567[1000].png,3861,1476,3526,2448,4492,12,1813,679,7450,958,6,5,5,5,4,4,4,4,4,4
TCGA-A7-A0DA-DX1_xmin43731_ymin18175_MPP-0.2500+568[1000].png,2666,958,1813,2780,3011,6502,4711,3088,1652,6226,6,6,5,4,4,4,4,4,4,4
TCGA-A7-A0DA-DX1_xmin43731_ymin18175_MPP-0.2500+569[1000].png,808,3088,4198,3209,2903,5606,5213,4430,2180,935,5,5,5,5,4,4,4,4,4,4
TCGA-A7-A0DA-DX1_xmin43731_ymin18175_MPP-0.2500+570[1000].png,3204,4711,7165,267,5428,5797,5603,594,6657,3619,7,6,5,4,4,4,4,4,4,4
TCGA-A7-A0DA-DX1_xmin43731_ymin18175_MPP-0.2500+571[1000].png,1842,4436,2411,4198,958,321,7694,5940,2308,6530,5,5,5,5,4,4,4,4,4,4
TCGA-A7-A0DA-DX1_xmin43731_ymin18175_MPP-0.2500+572[1000].png,3189,1373,3526,4430,5606,3437,2870,34,1911,215,5,5,4,4,4,4,4,4,4,4
TCGA-A7-A0DA-DX1_xmin43731_ymin18175_MPP-0.2500+573[1000].png,3088,6226,5235,1862,371,404,5999,2062,2308,4711,6,5,4,4,4,4,4,4,4,4
TCGA-A7-A0DA-DX1_xmin43731_ymin18175_MPP-0.2500+574[1000].png,3088,131,6571,322,6357,320,1977,6054,5810,7948,7,6,5,4,4,4,4,4,4,4
TCGA-A7-A0DA-DX1_xmin43731_ymin18175_MPP-0.2500+575[1000].png,1836,4376,693,2666,8110,7189,2751,6782,808,7539,5,5,4,4,4,4,4,4,4,4
TCGA-A7-A0DA-DX1_xmin43731_ymin18175_MPP-0.2500+592[1000].png,3088,8148,404,5392,7733,7694,2083,3298,2430,7895,6,5,5,4,4,4,4,4,4,4
TCGA-A7-A0DA-DX1_xmin43731_ymin18175_MPP-0.2500+593[1000].png,3088,7222,4711,1357,7032,267,3889,4492,8016,6657,7,6,5,5,5,4,4,4,4,4
TCGA-A7-A0DA-DX1_xmin43731_ymin18175_MPP-0.2500+5[1000].png,7694,3021,2903,5735,836,6620,7189,4112,5101,3526,5,5,5,5,5,4,4,4,4,4
TCGA-A7-A0DA-DX1_xmin43731_ymin18175_MPP-0.2500+61[1000].png,3088,7189,2144,4376,5179,6931,3247,6724,6320,7484,6,6,5,4,4,4,4,4,4,4
TCGA-A7-A0DA-DX1_xmin43731_ymin18175_MPP-0.2500+62[1000].png,6724,6192,8148,6226,5780,3230,2870,808,3849,3889,5,4,4,4,4,4,4,4,4,4
TCGA-A7-A0DA-DX1_xmin43731_ymin18175_MPP-0.2500+63[1000].png,4711,2336,5561,6219,6960,2635,7165,8013,4198,6809,7,5,4,4,4,4,4,4,4,4
TCGA-A7-A0DA-DX1_xmin43731_ymin18175_MPP-0.2500+64[1000].png,3088,7165,7222,2967,6628,215,5097,145,7948,2870,7,5,5,5,4,4,4,4,4,4
TCGA-A7-A0DA-DX1_xmin43731_ymin18175_MPP-0.2500+65[1000].png,3088,4817,4711,3021,237,6782,335,7695,7807,5392,6,5,5,5,5,5,4,4,4,4
TCGA-A7-A0DA-DX1_xmin43731_ymin18175_MPP-0.2500+68[1000].png,3088,958,7948,1842,7459,836,8013,2083,553,196,8,7,6,6,5,5,4,4,4,4
TCGA-A7-A0DA-DX1_xmin43731_ymin18175_MPP-0.2500+69[1000].png,2320,7459,7948,4311,601,5100,3247,5207,6321,7674,10,9,8,7,6,6,5,5,5,4
TCGA-A7-A0DA-DX1_xmin43731_ymin18175_MPP-0.2500+74[1000].png,8081,3729,3088,1157,2198,4629,2493,2000,2666,1001,5,5,5,4,4,4,4,4,4,4
TCGA-A7-A0DA-DX1_xmin43731_ymin18175_MPP-0.2500+75[1000].png,6702,1373,6657,836,5039,4998,6902,4791,3088,4774,5,5,5,4,4,4,4,4,4,4
TCGA-A7-A0DA-DX1_xmin43731_ymin18175_MPP-0.2500+76[1000].png,1312,1297,6628,4833,7695,7189,1682,2876,2235,6357,5,5,5,5,5,5,4,4,4,4
TCGA-A7-A0DA-DX1_xmin43731_ymin18175_MPP-0.2500+77[1000].png,1842,3000,7450,1297,1373,6157,8110,4711,3088,7024,9,6,6,6,4,4,4,4,4,4
TCGA-A7-A0DA-DX1_xmin43731_ymin18175_MPP-0.2500+8[1000].png,3088,7165,1682,5797,5235,2903,6702,5039,5386,1476,7,6,6,5,5,5,5,4,4,4
TCGA-A7-A0DA-DX1_xmin43731_ymin18175_MPP-0.2500+91[1000].png,4711,5810,1373,1297,6724,2870,7869,1842,3823,7599,6,5,5,4,4,4,4,4,3,3
TCGA-A7-A0DA-DX1_xmin43731_ymin18175_MPP-0.2500+92[1000].png,2870,7647,7694,5023,3199,3346,3088,3021,7189,6919,6,5,5,4,4,4,4,4,4,4
TCGA-A7-A0DA-DX1_xmin43731_ymin18175_MPP-0.2500+93[1000].png,371,4993,3088,1682,5428,5369,7165,6795,7129,6702,6,5,5,5,4,4,4,4,4,4
TCGA-A7-A0DA-DX1_xmin43731_ymin18175_MPP-0.2500+94[1000].png,1813,7195,3088,1842,4080,3836,6702,2198,915,5810,5,5,4,4,4,4,4,4,4,4
TCGA-A7-A0DA-DX1_xmin43731_ymin18175_MPP-0.2500+95[1000].png,6428,2083,3526,4711,3298,2967,131,5735,5780,8014,5,5,5,4,4,4,4,4,4,3
TCGA-A7-A0DA-DX1_xmin43731_ymin18175_MPP-0.2500+98[1000].png,8148,1813,3836,4711,7694,7948,5133,8013,5392,5842,6,6,5,5,5,4,4,4,4,4
TCGA-A7-A0DA-DX1_xmin43731_ymin18175_MPP-0.2500+99[1000].png,3836,1476,3870,4072,2965,7869,5207,1569,6797,1470,5,4,4,4,4,4,4,4,4,4
TCGA-A7-A26F-DX1_xmin72969_ymin11489_MPP-0.2500+0[1000].png,2336,34,3628,3088,213,5098,6702,8037,7189,2903,7,7,5,5,4,4,4,4,4,4
TCGA-A7-A26F-DX1_xmin72969_ymin11489_MPP-0.2500+100[1000].png,6702,3088,1297,1682,4080,404,7189,7880,7134,2319,5,5,5,4,4,4,4,4,4,4
TCGA-A7-A26F-DX1_xmin72969_ymin11489_MPP-0.2500+101[1000].png,5797,4376,3836,4711,1897,5735,335,6141,1682,7589,6,5,5,5,5,5,4,4,4,4
TCGA-A7-A26F-DX1_xmin72969_ymin11489_MPP-0.2500+102[1000].png,4604,3088,4711,4993,7733,7007,8041,2870,5780,8081,6,5,5,4,4,4,4,4,4,4
TCGA-A7-A26F-DX1_xmin72969_ymin11489_MPP-0.2500+103[1000].png,4711,697,3088,3189,1463,7501,8110,4240,836,1508,5,5,5,5,4,4,4,4,4,4
TCGA-A7-A26F-DX1_xmin72969_ymin11489_MPP-0.2500+104[1000].png,4711,5039,4430,5717,7212,7695,3151,3144,3088,5872,6,5,4,4,4,4,4,4,4,3
TCGA-A7-A26F-DX1_xmin72969_ymin11489_MPP-0.2500+105[1000].png,331,7007,4817,5810,4711,1508,4725,3153,2870,6045,5,5,5,5,4,4,4,4,4,4
TCGA-A7-A26F-DX1_xmin72969_ymin11489_MPP-0.2500+106[1000].png,3021,5913,8081,2870,2031,2319,7024,5603,3908,8041,5,5,5,4,4,4,4,4,4,4
TCGA-A7-A26F-DX1_xmin72969_ymin11489_MPP-0.2500+107[1000].png,1297,267,5097,6388,1357,1155,4817,3125,7694,3088,6,5,5,4,4,4,4,4,4,4
TCGA-A7-A26F-DX1_xmin72969_ymin11489_MPP-0.2500+108[1000].png,2308,3836,4711,7024,7880,3230,5702,5118,5213,2411,7,6,5,5,4,4,4,4,4,4
TCGA-A7-A26F-DX1_xmin72969_ymin11489_MPP-0.2500+109[1000].png,6795,3209,1682,3981,5454,4711,8082,7085,5797,4376,6,6,5,4,4,4,4,4,4,4
TCGA-A7-A26F-DX1_xmin72969_ymin11489_MPP-0.2500+110[1000].png,5780,2308,3044,3298,697,5097,3088,553,7589,2336,7,4,4,4,4,4,4,4,4,4
TCGA-A7-A26F-DX1_xmin72969_ymin11489_MPP-0.2500+111[1000].png,5797,5606,7694,935,5810,2000,3204,1869,7733,6809,9,5,4,4,4,4,4,4,4,4
TCGA-A7-A26F-DX1_xmin72969_ymin11489_MPP-0.2500+112[1000].png,7895,1842,836,2870,6388,7093,2876,7189,3268,5716,7,6,5,4,4,4,4,4,4,4
TCGA-A7-A26F-DX1_xmin72969_ymin11489_MPP-0.2500+113[1000].png,3088,5872,5780,3526,4533,632,7032,4376,131,8059,6,5,5,5,4,4,4,4,3,3
TCGA-A7-A26F-DX1_xmin72969_ymin11489_MPP-0.2500+114[1000].png,6960,331,4369,2336,7549,7648,2967,1413,6674,8110,6,5,5,5,4,4,4,4,4,4
TCGA-A7-A26F-DX1_xmin72969_ymin11489_MPP-0.2500+115[1000].png,3230,2870,4322,7733,1652,4430,6702,7941,2476,5999,8,6,5,5,5,5,5,5,4,4
TCGA-A7-A26F-DX1_xmin72969_ymin11489_MPP-0.2500+116[1000].png,3526,7694,6536,7695,7134,6809,6964,1357,6264,5912,6,6,6,5,5,5,4,4,4,4
TCGA-A7-A26F-DX1_xmin72969_ymin11489_MPP-0.2500+11[1000].png,4430,3088,4711,7189,7880,7694,3346,1586,6192,2308,6,5,5,5,5,4,4,4,4,4
TCGA-A7-A26F-DX1_xmin72969_ymin11489_MPP-0.2500+120[1000].png,3088,2756,7695,5937,7604,1682,7694,7024,5673,3442,6,5,5,4,4,4,4,4,4,4
TCGA-A7-A26F-DX1_xmin72969_ymin11489_MPP-0.2500+121[1000].png,7880,2336,3209,632,7160,4947,516,2308,2278,5235,6,5,4,4,4,4,4,4,4,4
TCGA-A7-A26F-DX1_xmin72969_ymin11489_MPP-0.2500+122[1000].png,4425,267,5611,3675,2278,2336,872,4430,4711,5754,6,6,6,5,5,5,5,5,5,4
TCGA-A7-A26F-DX1_xmin72969_ymin11489_MPP-0.2500+123[1000].png,4160,145,7089,4711,44,7880,1842,2870,2812,4198,6,6,6,5,5,5,5,4,4,4
TCGA-A7-A26F-DX1_xmin72969_ymin11489_MPP-0.2500+124[1000].png,8148,1682,2967,2235,6509,4711,1150,2666,131,213,6,5,5,5,5,5,4,4,4,4
TCGA-A7-A26F-DX1_xmin72969_ymin11489_MPP-0.2500+125[1000].png,3088,3230,8140,7835,839,4322,4369,5780,1312,8089,7,6,5,5,5,5,4,4,4,4
TCGA-A7-A26F-DX1_xmin72969_ymin11489_MPP-0.2500+126[1000].png,1977,7400,7165,4817,453,6984,2255,5810,4286,3836,5,5,5,4,4,4,4,4,4,4
TCGA-A7-A26F-DX1_xmin72969_ymin11489_MPP-0.2500+127[1000].png,3836,1463,4965,4691,7024,4711,5499,4247,2493,7222,6,5,5,5,4,4,4,4,4,4
TCGA-A7-A26F-DX1_xmin72969_ymin11489_MPP-0.2500+128[1000].png,7189,1312,3836,2308,4947,6795,4606,6809,7824,5428,6,5,5,5,4,4,4,4,4,4
TCGA-A7-A26F-DX1_xmin72969_ymin11489_MPP-0.2500+129[1000].png,4711,3088,1842,6782,254,2336,2308,4833,7400,1126,7,6,6,5,5,5,4,4,4,4
TCGA-A7-A26F-DX1_xmin72969_ymin11489_MPP-0.2500+12[1000].png,7957,4711,6905,4447,1357,7881,8082,5065,4160,7484,5,5,5,4,4,4,4,4,4,4
TCGA-A7-A26F-DX1_xmin72969_ymin11489_MPP-0.2500+130[1000].png,4711,3526,697,4725,4247,4259,5039,7152,7733,3835,7,6,5,4,4,4,4,4,4,4
TCGA-A7-A26F-DX1_xmin72969_ymin11489_MPP-0.2500+131[1000].png,2336,1869,2326,915,3836,6121,3625,4817,145,1297,6,6,5,5,5,4,4,4,4,4
TCGA-A7-A26F-DX1_xmin72969_ymin11489_MPP-0.2500+132[1000].png,6960,4376,1682,4711,7189,4261,5302,6979,145,7400,7,5,5,5,5,4,4,4,4,4
TCGA-A7-A26F-DX1_xmin72969_ymin11489_MPP-0.2500+133[1000].png,3088,1373,872,8081,4430,1682,7824,5213,4950,3268,6,5,4,4,4,4,4,4,4,4
TCGA-A7-A26F-DX1_xmin72969_ymin11489_MPP-0.2500+137[1000].png,6814,7189,4817,2336,2885,2977,6045,7165,2180,4711,6,6,5,5,5,5,4,4,4,4
TCGA-A7-A26F-DX1_xmin72969_ymin11489_MPP-0.2500+138[1000].png,5023,2967,3908,6905,4817,1312,2194,3209,2053,4166,4,4,4,4,4,4,4,4,4,4
TCGA-A7-A26F-DX1_xmin72969_ymin11489_MPP-0.2500+140[1000].png,6702,5999,5226,5392,3478,8081,145,1063,3675,6571,6,5,5,5,4,4,4,4,4,4
TCGA-A7-A26F-DX1_xmin72969_ymin11489_MPP-0.2500+141[1000].png,6702,3088,7694,4711,2903,3044,3836,8165,1877,3209,9,7,6,6,4,4,4,4,4,4
TCGA-A7-A26F-DX1_xmin72969_ymin11489_MPP-0.2500+142[1000].png,1682,836,2870,5780,4947,7189,3088,44,5910,7016,7,5,5,5,4,4,4,4,4,4
TCGA-A7-A26F-DX1_xmin72969_ymin11489_MPP-0.2500+143[1000].png,6724,5717,1652,2541,4742,7165,4250,3088,7189,1842,6,5,4,4,4,4,4,4,4,4
TCGA-A7-A26F-DX1_xmin72969_ymin11489_MPP-0.2500+144[1000].png,145,4711,4817,131,6045,6966,5277,3870,4774,2493,9,6,5,5,4,4,4,4,4,4
TCGA-A7-A26F-DX1_xmin72969_ymin11489_MPP-0.2500+145[1000].png,4911,1682,1297,2876,1373,6808,1418,7165,2278,6795,5,4,4,4,4,4,4,4,4,4
TCGA-A7-A26F-DX1_xmin72969_ymin11489_MPP-0.2500+146[1000].png,1297,3088,5999,1842,237,7165,145,3346,3728,7539,7,5,5,5,4,4,4,4,4,4
TCGA-A7-A26F-DX1_xmin72969_ymin11489_MPP-0.2500+147[1000].png,6628,3836,1767,7835,7880,5872,3487,3088,3823,3024,5,5,4,4,4,4,4,4,4,4
TCGA-A7-A26F-DX1_xmin72969_ymin11489_MPP-0.2500+148[1000].png,7501,3153,1109,2990,2359,267,5797,5099,6869,2299,4,4,4,4,4,4,4,4,4,4
TCGA-A7-A26F-DX1_xmin72969_ymin11489_MPP-0.2500+149[1000].png,3088,267,7189,3247,2021,5541,5177,5814,898,2493,6,5,5,4,4,4,4,4,4,4
TCGA-A7-A26F-DX1_xmin72969_ymin11489_MPP-0.2500+150[1000].png,2299,1652,2870,7694,145,2308,4376,7647,8101,6727,5,5,5,4,4,4,4,4,4,4
TCGA-A7-A26F-DX1_xmin72969_ymin11489_MPP-0.2500+151[1000].png,4376,7189,5392,5166,4322,3199,8148,6318,2308,3088,5,5,5,4,4,4,4,4,4,4
TCGA-A7-A26F-DX1_xmin72969_ymin11489_MPP-0.2500+152[1000].png,6571,145,6782,3088,6045,5834,2903,6269,4711,6795,5,5,5,5,4,4,4,4,3,3
TCGA-A7-A26F-DX1_xmin72969_ymin11489_MPP-0.2500+154[1000].png,371,6766,1767,686,6814,6782,3836,2226,4436,3526,5,4,4,4,4,4,4,4,4,4
TCGA-A7-A26F-DX1_xmin72969_ymin11489_MPP-0.2500+155[1000].png,3044,6808,3209,44,3000,3729,7166,2140,4259,2482,5,5,5,5,4,4,4,4,4,4
TCGA-A7-A26F-DX1_xmin72969_ymin11489_MPP-0.2500+156[1000].png,1001,8148,3526,6652,1067,335,6931,6979,3268,5937,5,5,5,5,4,4,4,4,4,4
TCGA-A7-A26F-DX1_xmin72969_ymin11489_MPP-0.2500+157[1000].png,44,267,7165,2299,6814,1767,3209,6354,5097,2336,6,6,5,5,5,4,4,4,4,4
TCGA-A7-A26F-DX1_xmin72969_ymin11489_MPP-0.2500+158[1000].png,3088,5717,4250,1652,1842,5910,7957,7591,3296,7733,7,5,5,5,4,4,4,4,4,4
TCGA-A7-A26F-DX1_xmin72969_ymin11489_MPP-0.2500+15[1000].png,1297,2308,2493,6966,7119,131,6054,8081,5433,7591,6,6,6,5,5,4,4,4,4,4
TCGA-A7-A26F-DX1_xmin72969_ymin11489_MPP-0.2500+160[1000].png,2336,5392,3404,5097,6724,4711,1384,237,3526,7189,7,5,5,5,5,5,4,4,4,4
TCGA-A7-A26F-DX1_xmin72969_ymin11489_MPP-0.2500+161[1000].png,4711,404,1842,5428,3088,371,7612,3550,5166,2870,7,5,5,4,4,4,4,4,4,4
TCGA-A7-A26F-DX1_xmin72969_ymin11489_MPP-0.2500+162[1000].png,591,1297,2482,7880,2336,3088,6809,516,2703,145,6,5,5,4,4,4,4,4,4,4
TCGA-A7-A26F-DX1_xmin72969_ymin11489_MPP-0.2500+163[1000].png,7175,44,3526,5717,6032,1842,5716,5780,6306,1836,6,5,5,4,4,4,4,4,4,4
TCGA-A7-A26F-DX1_xmin72969_ymin11489_MPP-0.2500+164[1000].png,3088,1842,5999,4376,6766,1417,331,8110,3207,267,6,5,5,5,5,4,4,4,4,4
TCGA-A7-A26F-DX1_xmin72969_ymin11489_MPP-0.2500+165[1000].png,7188,3044,5999,2997,2927,1312,2012,2903,1842,4436,5,5,4,4,4,4,4,4,4,4
TCGA-A7-A26F-DX1_xmin72969_ymin11489_MPP-0.2500+166[1000].png,7694,958,3026,7222,5780,2336,3836,7828,6045,1389,6,5,5,5,5,4,4,4,4,4
TCGA-A7-A26F-DX1_xmin72969_ymin11489_MPP-0.2500+167[1000].png,1682,3088,7024,5797,693,3209,2502,3230,3477,935,5,5,4,4,4,4,4,4,4,3
TCGA-A7-A26F-DX1_xmin72969_ymin11489_MPP-0.2500+168[1000].png,1463,836,1755,6045,4430,5780,7695,3189,190,6702,6,6,6,5,5,4,4,4,4,4
TCGA-A7-A26F-DX1_xmin72969_ymin11489_MPP-0.2500+169[1000].png,4430,131,2977,3836,2249,7032,7189,267,3021,5065,5,5,4,4,4,4,4,4,4,4
TCGA-A7-A26F-DX1_xmin72969_ymin11489_MPP-0.2500+16[1000].png,3088,2967,2336,5763,6571,5780,5023,2756,3823,1905,6,6,4,4,4,4,4,4,4,4
TCGA-A7-A26F-DX1_xmin72969_ymin11489_MPP-0.2500+170[1000].png,3088,2101,5717,5780,4711,2870,3527,594,6192,2493,5,4,4,4,4,4,4,4,4,4
TCGA-A7-A26F-DX1_xmin72969_ymin11489_MPP-0.2500+171[1000].png,958,6702,267,3021,3625,7875,1508,6054,3151,6045,6,6,6,5,4,4,4,4,4,4
TCGA-A7-A26F-DX1_xmin72969_ymin11489_MPP-0.2500+172[1000].png,839,3044,1842,5454,389,1357,267,2885,7337,3088,5,5,5,4,4,4,4,4,4,4
TCGA-A7-A26F-DX1_xmin72969_ymin11489_MPP-0.2500+173[1000].png,2493,5386,7189,5065,3088,2308,6795,4376,145,1320,5,5,5,5,5,4,4,4,4,4
TCGA-A7-A26F-DX1_xmin72969_ymin11489_MPP-0.2500+174[1000].png,1297,6720,4501,3836,7337,840,4198,2308,4968,1682,6,5,4,4,4,4,4,4,4,4
TCGA-A7-A26F-DX1_xmin72969_ymin11489_MPP-0.2500+175[1000].png,2308,4711,7165,7895,2870,6964,1351,6054,7140,44,6,5,5,4,4,4,4,4,4,4
TCGA-A7-A26F-DX1_xmin72969_ymin11489_MPP-0.2500+176[1000].png,2308,4430,3088,7895,69,3870,2588,5717,7824,2083,5,5,5,4,4,4,4,4,4,4
TCGA-A7-A26F-DX1_xmin72969_ymin11489_MPP-0.2500+177[1000].png,1460,7733,3209,4322,3088,6720,4199,5708,8082,44,5,4,4,4,4,4,4,4,4,4
TCGA-A7-A26F-DX1_xmin72969_ymin11489_MPP-0.2500+178[1000].png,4817,5937,2812,390,5235,5999,145,168,2235,1842,5,5,4,4,4,4,4,4,4,4
TCGA-A7-A26F-DX1_xmin72969_ymin11489_MPP-0.2500+179[1000].png,1682,3088,1977,5118,3230,6321,1869,1357,5606,4247,6,5,5,4,4,4,4,4,4,4
TCGA-A7-A26F-DX1_xmin72969_ymin11489_MPP-0.2500+180[1000].png,1977,6702,3889,2448,1357,7732,3510,6227,371,4376,6,5,4,4,4,4,4,4,4,4
TCGA-A7-A26F-DX1_xmin72969_ymin11489_MPP-0.2500+181[1000].png,5392,5999,8013,3088,5780,1682,516,4100,7694,5717,6,5,5,5,4,4,4,4,4,4
TCGA-A7-A26F-DX1_xmin72969_ymin11489_MPP-0.2500+182[1000].png,836,5780,7695,3836,5098,2308,1780,7134,6801,2903,5,5,5,4,4,4,4,4,4,4
TCGA-A7-A26F-DX1_xmin72969_ymin11489_MPP-0.2500+183[1000].png,6702,7129,2336,8148,2028,335,2448,7005,7695,6219,5,5,5,5,4,4,4,4,4,4
TCGA-A7-A26F-DX1_xmin72969_ymin11489_MPP-0.2500+184[1000].png,2870,1150,1842,6960,7450,2265,3908,581,1515,7695,5,5,4,4,4,4,4,4,4,4
TCGA-A7-A26F-DX1_xmin72969_ymin11489_MPP-0.2500+185[1000].png,7189,4430,2756,2430,1297,3115,3836,404,3901,1196,6,6,6,5,5,4,4,4,4,4
TCGA-A7-A26F-DX1_xmin72969_ymin11489_MPP-0.2500+186[1000].png,6724,1312,4711,3823,6892,5039,2028,7089,5301,2308,6,5,5,5,4,4,4,4,4,4
TCGA-A7-A26F-DX1_xmin72969_ymin11489_MPP-0.2500+187[1000].png,7189,6054,5717,4593,3088,3858,2278,352,1571,6222,7,5,5,5,5,4,4,4,4,4
TCGA-A7-A26F-DX1_xmin72969_ymin11489_MPP-0.2500+188[1000].png,1842,3088,7694,2493,3836,581,4817,7540,5780,4711,7,6,6,5,5,4,4,4,4,4
TCGA-A7-A26F-DX1_xmin72969_ymin11489_MPP-0.2500+189[1000].png,5213,958,3088,836,5999,6678,7165,7694,4711,7032,6,5,5,4,4,4,4,4,4,4
TCGA-A7-A26F-DX1_xmin72969_ymin11489_MPP-0.2500+190[1000].png,7189,5999,4205,2308,2278,3088,5499,2235,4817,7212,8,5,5,5,5,5,5,4,4,4
TCGA-A7-A26F-DX1_xmin72969_ymin11489_MPP-0.2500+191[1000].png,3088,5797,7895,2028,5611,1194,1297,1001,1357,5433,5,5,5,4,4,4,4,4,4,4
TCGA-A7-A26F-DX1_xmin72969_ymin11489_MPP-0.2500+192[1000].png,6903,4791,5999,4527,4100,331,4968,688,963,5780,6,6,5,5,4,4,4,4,4,4
TCGA-A7-A26F-DX1_xmin72969_ymin11489_MPP-0.2500+193[1000].png,2336,7695,7876,5973,6702,267,6931,5780,6960,7694,5,5,4,4,4,4,4,4,4,4
TCGA-A7-A26F-DX1_xmin72969_ymin11489_MPP-0.2500+194[1000].png,808,5797,840,4198,5065,8041,7324,4693,5097,2336,6,6,4,4,4,4,4,4,4,4
TCGA-A7-A26F-DX1_xmin72969_ymin11489_MPP-0.2500+195[1000].png,3088,5780,3230,7212,6964,4430,5039,237,2308,7709,7,6,5,5,5,5,4,4,4,4
TCGA-A7-A26F-DX1_xmin72969_ymin11489_MPP-0.2500+196[1000].png,4968,7895,3088,5213,6950,6021,1842,3230,5039,5101,6,5,5,4,4,4,4,4,4,4
TCGA-A7-A26F-DX1_xmin72969_ymin11489_MPP-0.2500+197[1000].png,6931,6705,7485,5996,6814,2870,254,44,4492,5203,6,4,4,4,4,4,4,4,4,4
TCGA-A7-A26F-DX1_xmin72969_ymin11489_MPP-0.2500+198[1000].png,2326,3088,2226,2870,2336,2293,4711,914,2557,2299,6,5,5,5,5,4,4,4,4,4
TCGA-A7-A26F-DX1_xmin72969_ymin11489_MPP-0.2500+199[1000].png,4817,7165,3526,352,4250,267,1979,1373,8082,1977,5,5,4,4,4,4,4,4,4,4
TCGA-A7-A26F-DX1_xmin72969_ymin11489_MPP-0.2500+1[1000].png,1842,7189,2083,591,7694,5392,4587,3801,4711,2967,8,6,6,5,5,5,5,4,4,4
TCGA-A7-A26F-DX1_xmin72969_ymin11489_MPP-0.2500+200[1000].png,6219,1842,3469,4993,3836,8110,4430,389,3209,2336,5,5,4,4,4,4,4,3,3,3
TCGA-A7-A26F-DX1_xmin72969_ymin11489_MPP-0.2500+201[1000].png,6724,216,2870,6045,5213,1508,1357,131,1977,4376,6,6,6,6,5,5,5,4,4,4
TCGA-A7-A26F-DX1_xmin72969_ymin11489_MPP-0.2500+202[1000].png,1312,7950,2540,1297,5194,145,4160,6902,3189,7674,5,4,4,4,4,3,3,3,3,3
TCGA-A7-A26F-DX1_xmin72969_ymin11489_MPP-0.2500+203[1000].png,6509,6652,4430,3088,6905,276,7549,5780,836,4817,6,5,5,5,4,4,4,4,4,4
TCGA-A7-A26F-DX1_xmin72969_ymin11489_MPP-0.2500+204[1000].png,3088,5499,7189,1842,804,4160,4376,7024,5611,8082,6,5,5,5,5,5,5,4,4,4
TCGA-A7-A26F-DX1_xmin72969_ymin11489_MPP-0.2500+205[1000].png,3088,6702,5810,4478,697,4573,2308,267,4194,4817,7,5,5,5,4,4,4,4,4,4
TCGA-A7-A26F-DX1_xmin72969_ymin11489_MPP-0.2500+206[1000].png,2336,3889,7222,2870,898,2021,5872,468,6264,7694,6,5,5,5,5,5,5,4,4,4
TCGA-A7-A26F-DX1_xmin72969_ymin11489_MPP-0.2500+207[1000].png,131,5392,4711,2756,7694,4587,6856,7189,1312,5063,6,5,5,5,5,4,4,4,4,4
TCGA-A7-A26F-DX1_xmin72969_ymin11489_MPP-0.2500+208[1000].png,836,4725,6173,145,2756,3088,5392,6571,7709,7134,6,6,5,5,5,5,4,4,4,4
TCGA-A7-A26F-DX1_xmin72969_ymin11489_MPP-0.2500+209[1000].png,7880,5999,7222,4711,6702,3299,4430,5913,267,7539,6,5,5,5,4,4,4,4,4,4
TCGA-A7-A26F-DX1_xmin72969_ymin11489_MPP-0.2500+20[1000].png,1977,6931,2336,7189,4587,2031,7957,2967,7895,3268,6,5,5,5,4,4,4,4,4,4
TCGA-A7-A26F-DX1_xmin72969_ymin11489_MPP-0.2500+210[1000].png,7733,3088,3526,7612,216,4711,1218,2336,6208,6931,6,5,5,4,4,4,4,4,4,4
TCGA-A7-A26F-DX1_xmin72969_ymin11489_MPP-0.2500+211[1000].png,3230,2967,2903,2083,5797,836,1297,5065,8144,6502,6,5,5,5,4,4,4,4,4,4
TCGA-A7-A26F-DX1_xmin72969_ymin11489_MPP-0.2500+212[1000].png,5780,4259,7835,7539,6795,5038,6652,7549,267,1977,5,5,5,4,4,4,4,4,4,4
TCGA-A7-A26F-DX1_xmin72969_ymin11489_MPP-0.2500+213[1000].png,4711,5392,390,3209,2540,840,371,5937,7880,5999,6,5,5,4,4,4,4,4,4,4
TCGA-A7-A26F-DX1_xmin72969_ymin11489_MPP-0.2500+214[1000].png,3908,828,4817,3836,3209,6809,6724,3889,6264,7212,7,5,5,5,5,5,5,4,4,4
TCGA-A7-A26F-DX1_xmin72969_ymin11489_MPP-0.2500+215[1000].png,6702,4711,5999,5780,3088,3207,7189,145,5717,7016,6,6,5,5,5,5,5,5,5,5
TCGA-A7-A26F-DX1_xmin72969_ymin11489_MPP-0.2500+216[1000].png,3088,3230,1157,4711,3836,4725,2336,6905,3487,6919,6,5,5,4,4,4,4,4,4,4
TCGA-A7-A26F-DX1_xmin72969_ymin11489_MPP-0.2500+217[1000].png,5780,2235,5213,8013,1780,7875,6795,8000,7733,2493,6,5,5,5,4,4,4,4,4,4
TCGA-A7-A26F-DX1_xmin72969_ymin11489_MPP-0.2500+21[1000].png,1312,1682,1297,8081,612,7895,6809,6571,215,5097,7,6,5,5,4,4,4,4,4,4
TCGA-A7-A26F-DX1_xmin72969_ymin11489_MPP-0.2500+220[1000].png,7880,6388,7165,836,7163,2903,4430,6054,6808,1150,6,5,5,4,4,4,4,4,4,4
TCGA-A7-A26F-DX1_xmin72969_ymin11489_MPP-0.2500+221[1000].png,3088,7450,4160,1586,1375,3526,5702,162,7165,8110,5,5,5,5,5,5,4,4,4,4
TCGA-A7-A26F-DX1_xmin72969_ymin11489_MPP-0.2500+222[1000].png,44,4430,2903,4322,8082,7709,4711,5097,7189,4633,6,5,4,4,4,4,4,4,4,4
TCGA-A7-A26F-DX1_xmin72969_ymin11489_MPP-0.2500+223[1000].png,6808,5780,3836,34,6724,6571,6702,5999,840,4817,7,7,6,5,5,5,5,5,5,5
TCGA-A7-A26F-DX1_xmin72969_ymin11489_MPP-0.2500+224[1000].png,1842,2903,6509,4817,3088,4430,2943,5039,5873,6121,5,5,5,5,5,5,5,4,4,4
TCGA-A7-A26F-DX1_xmin72969_ymin11489_MPP-0.2500+225[1000].png,4160,3836,5213,4711,131,958,515,5433,6795,7694,5,5,5,5,4,4,4,4,4,4
TCGA-A7-A26F-DX1_xmin72969_ymin11489_MPP-0.2500+226[1000].png,4711,6029,7694,1682,2870,4817,2967,8110,7400,6595,6,6,5,5,5,5,5,4,4,4
TCGA-A7-A26F-DX1_xmin72969_ymin11489_MPP-0.2500+227[1000].png,1297,1682,145,1001,2990,6809,4711,2903,6571,4430,7,5,5,4,4,4,4,4,4,4
TCGA-A7-A26F-DX1_xmin72969_ymin11489_MPP-0.2500+228[1000].png,7880,1652,1297,958,5999,5023,5527,7076,6905,1842,5,5,5,5,4,4,4,4,4,4
TCGA-A7-A26F-DX1_xmin72969_ymin11489_MPP-0.2500+229[1000].png,8089,7249,7835,6321,4259,836,4143,8013,1652,553,5,5,5,4,4,4,4,4,4,4
TCGA-A7-A26F-DX1_xmin72969_ymin11489_MPP-0.2500+22[1000].png,7694,1471,7189,6809,5097,8188,4950,3836,6905,7303,5,5,5,5,4,4,4,4,4,4
TCGA-A7-A26F-DX1_xmin72969_ymin11489_MPP-0.2500+230[1000].png,7189,4711,2226,1375,7249,6905,5937,3021,2870,2308,6,5,5,4,4,4,4,4,4,4
TCGA-A7-A26F-DX1_xmin72969_ymin11489_MPP-0.2500+231[1000].png,3836,1682,4774,3247,6674,254,3209,5094,3801,7134,5,5,4,4,4,4,4,4,4,4
TCGA-A7-A26F-DX1_xmin72969_ymin11489_MPP-0.2500+232[1000].png,6678,1842,5780,6808,3526,7101,6088,7807,5603,5166,7,6,5,5,4,4,4,4,4,4
TCGA-A7-A26F-DX1_xmin72969_ymin11489_MPP-0.2500+233[1000].png,6045,1109,1842,3088,2308,7165,4711,1001,6657,2336,5,5,4,4,4,4,4,4,4,4
TCGA-A7-A26F-DX1_xmin72969_ymin11489_MPP-0.2500+234[1000].png,1842,1977,3230,5999,1357,1836,1312,3088,6227,3526,5,5,5,5,5,4,4,4,4,4
TCGA-A7-A26F-DX1_xmin72969_ymin11489_MPP-0.2500+235[1000].png,335,331,3088,2870,237,6724,5098,3011,4911,6960,9,7,6,5,5,4,4,4,4,4
TCGA-A7-A26F-DX1_xmin72969_ymin11489_MPP-0.2500+236[1000].png,7501,3836,3708,836,2990,1842,3088,1830,6720,2493,5,5,4,4,4,4,4,4,4,4
TCGA-A7-A26F-DX1_xmin72969_ymin11489_MPP-0.2500+23[1000].png,2903,4711,1652,4160,6702,5810,4501,6960,7165,2967,5,5,5,4,4,4,4,4,4,4
TCGA-A7-A26F-DX1_xmin72969_ymin11489_MPP-0.2500+240[1000].png,6795,4711,3346,3500,6892,2308,2502,5065,6054,4504,5,5,4,4,4,4,4,4,4,4
TCGA-A7-A26F-DX1_xmin72969_ymin11489_MPP-0.2500+241[1000].png,2903,7937,3088,7165,4376,5718,8148,4430,5999,3836,6,5,5,5,4,4,4,4,4,4
TCGA-A7-A26F-DX1_xmin72969_ymin11489_MPP-0.2500+242[1000].png,7189,6217,5392,7695,69,267,130,3469,3801,6892,5,5,5,5,4,4,4,4,4,4
TCGA-A7-A26F-DX1_xmin72969_ymin11489_MPP-0.2500+243[1000].png,6931,1842,4199,3469,3477,3728,722,4817,1515,1586,5,5,4,4,4,4,4,4,4,3
TCGA-A7-A26F-DX1_xmin72969_ymin11489_MPP-0.2500+244[1000].png,5780,4711,6724,3469,4376,898,3088,4184,4430,8081,5,5,5,4,4,4,4,4,4,4
TCGA-A7-A26F-DX1_xmin72969_ymin11489_MPP-0.2500+247[1000].png,5213,3088,3836,131,1297,1203,7189,1682,1977,8165,5,5,5,5,4,4,4,4,4,4
TCGA-A7-A26F-DX1_xmin72969_ymin11489_MPP-0.2500+248[1000].png,5603,8041,6173,8110,7175,4247,5097,2235,8081,7400,5,4,4,4,4,4,4,4,4,4
TCGA-A7-A26F-DX1_xmin72969_ymin11489_MPP-0.2500+249[1000].png,2903,1297,1463,2801,7189,7657,3088,6595,7916,4369,6,5,4,4,4,4,4,4,4,4
TCGA-A7-A26F-DX1_xmin72969_ymin11489_MPP-0.2500+24[1000].png,4430,6905,3151,3088,7647,6702,7165,8148,1297,6744,6,5,5,5,4,4,4,4,4,4
TCGA-A7-A26F-DX1_xmin72969_ymin11489_MPP-0.2500+250[1000].png,3230,1571,3029,2265,6702,5428,34,2308,1440,8013,5,4,4,4,4,4,4,4,3,3
TCGA-A7-A26F-DX1_xmin72969_ymin11489_MPP-0.2500+251[1000].png,2967,4711,1682,3908,8003,840,3189,4691,3088,4376,6,6,5,5,5,4,4,4,4,4
TCGA-A7-A26F-DX1_xmin72969_ymin11489_MPP-0.2500+252[1000].png,3088,2493,7189,2482,2870,3526,5913,982,3044,1460,6,5,5,5,5,5,4,4,4,4
TCGA-A7-A26F-DX1_xmin72969_ymin11489_MPP-0.2500+253[1000].png,4436,3088,1842,2917,6795,6724,3230,7950,3208,1652,8,7,5,5,4,4,4,4,4,3
TCGA-A7-A26F-DX1_xmin72969_ymin11489_MPP-0.2500+254[1000].png,3230,2870,4369,6045,6808,7175,6795,3527,168,2550,5,5,4,4,4,4,4,4,4,4
TCGA-A7-A26F-DX1_xmin72969_ymin11489_MPP-0.2500+256[1000].png,4376,5797,4080,44,1979,4466,5937,4817,3247,7599,5,5,5,5,4,4,4,4,4,4
TCGA-A7-A26F-DX1_xmin72969_ymin11489_MPP-0.2500+257[1000].png,3209,44,7694,1830,6226,4240,4166,3088,6724,267,6,6,6,5,5,5,5,4,4,4
TCGA-A7-A26F-DX1_xmin72969_ymin11489_MPP-0.2500+259[1000].png,4711,6702,1842,7450,6509,1499,7694,7880,4430,5780,5,5,4,4,4,4,4,4,4,4
TCGA-A7-A26F-DX1_xmin72969_ymin11489_MPP-0.2500+25[1000].png,7165,3858,2903,8041,5999,7698,4080,7189,3024,2502,5,5,5,5,5,5,4,4,4,4
TCGA-A7-A26F-DX1_xmin72969_ymin11489_MPP-0.2500+260[1000].png,3088,6724,6674,4711,5097,5872,5213,2308,6795,6809,7,6,5,4,4,4,4,4,4,4
TCGA-A7-A26F-DX1_xmin72969_ymin11489_MPP-0.2500+261[1000].png,5780,4160,3088,5797,3526,6724,7875,2336,5717,7222,7,6,6,5,5,5,5,4,4,4
TCGA-A7-A26F-DX1_xmin72969_ymin11489_MPP-0.2500+262[1000].png,5065,6724,5735,4016,6054,7189,3991,7695,5179,6618,5,5,4,4,4,4,3,3,3,3
TCGA-A7-A26F-DX1_xmin72969_ymin11489_MPP-0.2500+263[1000].png,3728,5937,3044,7189,3207,6807,5810,1297,6657,2666,7,5,5,5,5,4,4,4,4,4
TCGA-A7-A26F-DX1_xmin72969_ymin11489_MPP-0.2500+267[1000].png,4711,1842,5937,3088,267,1297,7694,6571,6960,5999,6,6,5,5,4,4,4,4,4,4
TCGA-A7-A26F-DX1_xmin72969_ymin11489_MPP-0.2500+268[1000].png,3088,331,6571,3189,5023,5561,5213,6795,697,2903,6,5,4,4,4,4,4,4,4,4
TCGA-A7-A26F-DX1_xmin72969_ymin11489_MPP-0.2500+269[1000].png,4376,7189,6054,1842,7895,2870,2903,6192,1947,1373,5,5,4,4,4,4,4,4,4,4
TCGA-A7-A26F-DX1_xmin72969_ymin11489_MPP-0.2500+26[1000].png,145,4430,2028,5392,1842,5999,949,1682,4833,7695,6,6,5,4,4,4,4,4,4,4
TCGA-A7-A26F-DX1_xmin72969_ymin11489_MPP-0.2500+277[1000].png,8110,1836,5999,7450,5780,5097,1682,4286,6388,3836,6,5,5,5,4,4,4,4,4,4
TCGA-A7-A26F-DX1_xmin72969_ymin11489_MPP-0.2500+279[1000].png,6045,6979,8110,5735,131,3836,6264,2433,237,7663,5,4,4,4,4,4,4,4,3,3
TCGA-A7-A26F-DX1_xmin72969_ymin11489_MPP-0.2500+27[1000].png,1357,6321,3836,3030,2308,3230,1312,4711,6809,914,6,6,6,5,5,4,4,4,4,4
TCGA-A7-A26F-DX1_xmin72969_ymin11489_MPP-0.2500+280[1000].png,1842,6809,4993,675,3254,2870,3823,7024,6814,6984,6,5,4,4,4,4,4,4,4,4
TCGA-A7-A26F-DX1_xmin72969_ymin11489_MPP-0.2500+281[1000].png,836,5797,7733,2770,154,5213,3088,5999,2685,1373,6,6,5,4,4,4,4,4,4,4
TCGA-A7-A26F-DX1_xmin72969_ymin11489_MPP-0.2500+282[1000].png,3044,352,7337,3296,1682,3526,7694,7695,1842,6054,4,4,4,4,4,4,4,4,4,4
TCGA-A7-A26F-DX1_xmin72969_ymin11489_MPP-0.2500+286[1000].png,3209,6571,7337,6795,5810,6830,7549,3625,3230,3526,7,6,5,5,5,5,5,4,4,4
TCGA-A7-A26F-DX1_xmin72969_ymin11489_MPP-0.2500+28[1000].png,6571,6045,3088,5912,7733,267,1842,4817,4993,4593,6,5,5,5,5,5,5,4,4,4
TCGA-A7-A26F-DX1_xmin72969_ymin11489_MPP-0.2500+291[1000].png,8081,6702,5499,5810,7539,1312,3021,8066,2997,6536,8,6,5,5,5,5,4,4,4,4
TCGA-A7-A26F-DX1_xmin72969_ymin11489_MPP-0.2500+298[1000].png,3088,7733,1977,5097,1682,2336,267,8003,7212,1842,8,6,5,5,5,5,5,4,4,4
TCGA-A7-A26F-DX1_xmin72969_ymin11489_MPP-0.2500+299[1000].png,4711,3526,267,6633,915,5450,4425,7222,2963,1297,5,5,5,4,4,4,4,4,4,4
TCGA-A7-A26F-DX1_xmin72969_ymin11489_MPP-0.2500+29[1000].png,1357,3088,4430,3836,6809,2308,6702,237,2751,7324,7,6,5,5,5,5,4,4,4,4
TCGA-A7-A26F-DX1_xmin72969_ymin11489_MPP-0.2500+2[1000].png,6702,5999,4240,2021,145,4474,3088,3254,4693,7957,6,5,4,4,4,4,4,4,4,4
TCGA-A7-A26F-DX1_xmin72969_ymin11489_MPP-0.2500+301[1000].png,5039,5810,2018,804,7647,7189,6808,691,3728,3209,6,5,4,4,4,4,4,4,4,4
TCGA-A7-A26F-DX1_xmin72969_ymin11489_MPP-0.2500+305[1000].png,4947,4817,7733,1203,3088,44,1842,7195,145,3487,5,5,5,5,5,4,4,4,4,4
TCGA-A7-A26F-DX1_xmin72969_ymin11489_MPP-0.2500+306[1000].png,5780,267,6657,1836,8003,168,1297,6588,7024,773,5,5,4,4,4,4,4,4,4,4
TCGA-A7-A26F-DX1_xmin72969_ymin11489_MPP-0.2500+309[1000].png,516,1297,1373,3189,5780,7880,2870,2336,879,7078,5,5,5,4,4,4,4,4,4,4
TCGA-A7-A26F-DX1_xmin72969_ymin11489_MPP-0.2500+30[1000].png,1842,3176,7733,3088,1977,5023,7876,4711,1373,3044,7,5,5,5,5,5,5,5,4,4
TCGA-A7-A26F-DX1_xmin72969_ymin11489_MPP-0.2500+314[1000].png,3526,4711,3021,5946,7160,2997,3469,516,2308,1842,5,5,5,4,4,4,4,4,4,4
TCGA-A7-A26F-DX1_xmin72969_ymin11489_MPP-0.2500+315[1000].png,2493,3044,5780,2226,4259,8082,7694,2756,4392,6814,6,5,5,5,4,4,4,4,4,4
TCGA-A7-A26F-DX1_xmin72969_ymin11489_MPP-0.2500+316[1000].png,6801,5999,3088,2756,7165,915,4160,2967,5099,2194,6,5,5,5,4,4,4,4,4,4
TCGA-A7-A26F-DX1_xmin72969_ymin11489_MPP-0.2500+31[1000].png,3088,3526,44,3889,1869,2967,1297,4622,6702,7089,11,6,4,4,4,4,4,4,4,4
TCGA-A7-A26F-DX1_xmin72969_ymin11489_MPP-0.2500+320[1000].png,4376,5039,5872,7694,5097,679,1869,914,1026,390,6,5,5,4,4,4,4,3,3,3
TCGA-A7-A26F-DX1_xmin72969_ymin11489_MPP-0.2500+321[1000].png,6192,131,7694,4160,1842,5780,5912,6346,836,468,5,5,5,5,5,4,4,4,4,4
TCGA-A7-A26F-DX1_xmin72969_ymin11489_MPP-0.2500+322[1000].png,3088,215,1463,1682,2756,7134,5780,2943,5213,3526,9,5,5,5,5,4,4,4,4,4
TCGA-A7-A26F-DX1_xmin72969_ymin11489_MPP-0.2500+32[1000].png,3526,3088,5735,515,5912,1833,1682,1652,5717,7647,6,5,4,4,4,4,4,4,4,4
TCGA-A7-A26F-DX1_xmin72969_ymin11489_MPP-0.2500+333[1000].png,3209,6782,4711,3889,1357,4417,7589,5872,267,5913,6,6,5,5,5,5,4,4,4,4
TCGA-A7-A26F-DX1_xmin72969_ymin11489_MPP-0.2500+336[1000].png,6054,6960,7828,1297,4711,697,543,3209,3114,7212,5,4,4,4,4,4,4,4,4,4
TCGA-A7-A26F-DX1_xmin72969_ymin11489_MPP-0.2500+337[1000].png,2870,1297,1842,1312,3088,6678,6724,2336,6702,3209,9,7,7,6,6,5,5,5,5,4
TCGA-A7-A26F-DX1_xmin72969_ymin11489_MPP-0.2500+338[1000].png,5999,1297,6054,2336,4250,44,2000,2990,5912,8066,6,6,5,4,4,4,4,4,4,4
TCGA-A7-A26F-DX1_xmin72969_ymin11489_MPP-0.2500+33[1000].png,3526,3088,1682,3021,267,2194,5047,808,4629,6702,6,5,5,5,4,4,4,4,4,4
TCGA-A7-A26F-DX1_xmin72969_ymin11489_MPP-0.2500+346[1000].png,7078,371,1842,7694,6795,7032,7165,2751,5717,4947,5,5,5,5,5,4,4,4,4,4
TCGA-A7-A26F-DX1_xmin72969_ymin11489_MPP-0.2500+347[1000].png,3088,8049,3000,1026,7165,4430,5872,267,7484,2031,7,5,4,4,4,4,4,4,4,4
TCGA-A7-A26F-DX1_xmin72969_ymin11489_MPP-0.2500+34[1000].png,3088,267,7695,3044,5166,3836,5999,4711,2011,3030,9,7,5,5,5,5,4,4,4,4
TCGA-A7-A26F-DX1_xmin72969_ymin11489_MPP-0.2500+351[1000].png,3088,1682,3908,1297,6807,4430,1842,5780,7539,44,5,5,5,5,5,5,4,4,4,4
TCGA-A7-A26F-DX1_xmin72969_ymin11489_MPP-0.2500+353[1000].png,3268,697,6054,254,1298,1413,3836,7089,5065,4250,5,4,4,4,4,4,4,4,4,4
TCGA-A7-A26F-DX1_xmin72969_ymin11489_MPP-0.2500+354[1000].png,697,3597,1877,4711,7485,6702,7392,1413,34,1461,5,5,5,5,5,5,4,4,4,4
TCGA-A7-A26F-DX1_xmin72969_ymin11489_MPP-0.2500+355[1000].png,4711,3088,6724,4376,5717,4160,7093,4527,3044,335,7,6,5,5,5,5,4,4,4,4
TCGA-A7-A26F-DX1_xmin72969_ymin11489_MPP-0.2500+356[1000].png,1977,3230,6702,34,3637,7089,1716,3469,5099,872,5,4,4,4,4,4,4,4,4,4
TCGA-A7-A26F-DX1_xmin72969_ymin11489_MPP-0.2500+35[1000].png,4430,4376,7089,3021,4311,7249,5611,4205,352,7165,8,6,6,5,4,4,4,4,4,4
TCGA-A7-A26F-DX1_xmin72969_ymin11489_MPP-0.2500+363[1000].png,3088,5673,516,2031,7188,5611,7450,34,7880,4911,5,5,5,4,4,4,4,4,4,4
TCGA-A7-A26F-DX1_xmin72969_ymin11489_MPP-0.2500+364[1000].png,4711,3836,1682,4693,2870,44,2021,650,5039,4376,11,5,5,5,4,4,4,4,4,4
TCGA-A7-A26F-DX1_xmin72969_ymin11489_MPP-0.2500+367[1000].png,4711,872,1297,3836,2967,3044,1654,6045,6908,828,5,5,5,5,5,4,4,4,4,4
TCGA-A7-A26F-DX1_xmin72969_ymin11489_MPP-0.2500+368[1000].png,3088,1842,6702,7007,5235,4711,6966,2870,6173,840,6,6,5,4,4,4,4,4,4,4
TCGA-A7-A26F-DX1_xmin72969_ymin11489_MPP-0.2500+369[1000].png,5133,7189,7733,3469,162,2756,7875,7808,2308,6724,5,5,5,4,4,4,4,4,4,4
TCGA-A7-A26F-DX1_xmin72969_ymin11489_MPP-0.2500+36[1000].png,124,1159,6724,7165,1682,7134,6388,5334,1977,4199,5,5,5,4,4,4,4,4,4,4
TCGA-A7-A26F-DX1_xmin72969_ymin11489_MPP-0.2500+370[1000].png,4198,1842,4278,267,1312,6219,5392,516,3088,1001,5,5,5,5,4,4,4,4,4,4
TCGA-A7-A26F-DX1_xmin72969_ymin11489_MPP-0.2500+371[1000].png,3268,3230,7549,2028,5810,1132,321,5797,1297,4817,5,5,4,4,4,4,4,4,4,4
TCGA-A7-A26F-DX1_xmin72969_ymin11489_MPP-0.2500+372[1000].png,4430,4311,7948,4160,8110,7591,6054,2801,794,1357,6,6,5,5,5,5,5,4,4,4
TCGA-A7-A26F-DX1_xmin72969_ymin11489_MPP-0.2500+373[1000].png,6960,21,5203,6782,3088,131,5392,1977,6931,1842,5,4,4,4,4,4,4,4,4,4
TCGA-A7-A26F-DX1_xmin72969_ymin11489_MPP-0.2500+374[1000].png,44,6801,8066,4311,8110,3189,4817,7470,5094,3088,7,5,5,4,4,4,4,4,4,4
TCGA-A7-A26F-DX1_xmin72969_ymin11489_MPP-0.2500+375[1000].png,7165,8110,1357,145,7880,6960,4711,4112,1842,4286,5,5,5,5,4,4,4,4,4,4
TCGA-A7-A26F-DX1_xmin72969_ymin11489_MPP-0.2500+382[1000].png,1842,5999,4430,7024,2756,4095,267,389,781,872,8,6,5,5,5,4,4,4,4,4
TCGA-A7-A26F-DX1_xmin72969_ymin11489_MPP-0.2500+383[1000].png,6702,601,4711,6193,216,352,7337,4492,4150,4911,5,5,5,4,4,4,4,4,3,3
TCGA-A7-A26F-DX1_xmin72969_ymin11489_MPP-0.2500+387[1000].png,4430,44,3836,2870,965,1842,601,3044,2308,5039,6,5,5,4,4,4,4,4,4,3
TCGA-A7-A26F-DX1_xmin72969_ymin11489_MPP-0.2500+388[1000].png,1001,3728,6045,7450,4196,3209,4691,4711,3088,1716,5,5,4,4,4,4,4,4,4,4
TCGA-A7-A26F-DX1_xmin72969_ymin11489_MPP-0.2500+389[1000].png,3088,6795,5999,7078,6892,2903,3209,2812,1842,3388,7,5,4,4,4,4,4,4,4,4
TCGA-A7-A26F-DX1_xmin72969_ymin11489_MPP-0.2500+390[1000].png,5392,7032,6193,7089,4430,935,1312,6702,4711,131,5,4,4,4,4,4,4,4,4,4
TCGA-A7-A26F-DX1_xmin72969_ymin11489_MPP-0.2500+391[1000].png,6702,6045,2635,7165,1682,145,7604,7189,3527,2932,7,5,4,4,4,4,4,4,4,4
TCGA-A7-A26F-DX1_xmin72969_ymin11489_MPP-0.2500+392[1000].png,3088,2021,3981,4711,5611,7337,935,3836,5101,7189,6,5,4,4,4,4,4,4,4,4
TCGA-A7-A26F-DX1_xmin72969_ymin11489_MPP-0.2500+393[1000].png,3088,8081,3889,2870,4711,3114,1297,2278,6460,131,7,6,5,5,5,5,5,4,4,4
TCGA-A7-A26F-DX1_xmin72969_ymin11489_MPP-0.2500+3[1000].png,7189,7317,7647,3088,4911,8081,7733,4711,2870,3619,5,5,5,5,4,4,4,4,4,4
TCGA-A7-A26F-DX1_xmin72969_ymin11489_MPP-0.2500+401[1000].png,7733,1008,7352,6702,4711,7694,693,1312,1977,2021,7,5,5,5,5,5,4,4,4,4
TCGA-A7-A26F-DX1_xmin72969_ymin11489_MPP-0.2500+402[1000].png,335,4322,331,4430,4725,5797,1357,1842,5780,6137,6,5,5,4,4,4,4,4,4,4
TCGA-A7-A26F-DX1_xmin72969_ymin11489_MPP-0.2500+408[1000].png,1842,3088,4311,4606,44,2685,4250,5428,5433,3526,5,5,5,5,4,4,4,4,4,4
TCGA-A7-A26F-DX1_xmin72969_ymin11489_MPP-0.2500+409[1000].png,3469,8073,7165,688,4533,5854,7828,1842,5101,6795,6,6,5,5,5,4,4,4,4,4
TCGA-A7-A26F-DX1_xmin72969_ymin11489_MPP-0.2500+40[1000].png,6809,4711,3478,2186,4194,3836,693,3625,8126,6388,6,6,4,4,4,4,4,4,4,4
TCGA-A7-A26F-DX1_xmin72969_ymin11489_MPP-0.2500+410[1000].png,4259,2876,1836,4430,44,4376,7024,581,4436,1842,5,5,5,5,5,5,5,4,4,4
TCGA-A7-A26F-DX1_xmin72969_ymin11489_MPP-0.2500+411[1000].png,2870,6931,3230,4430,3896,581,6678,6795,2531,7152,6,5,5,5,4,4,4,4,4,4
TCGA-A7-A26F-DX1_xmin72969_ymin11489_MPP-0.2500+412[1000].png,1842,7189,7899,2870,5428,6509,5039,1001,7078,781,9,6,5,4,4,4,4,4,4,4
TCGA-A7-A26F-DX1_xmin72969_ymin11489_MPP-0.2500+419[1000].png,3088,2430,898,7134,7219,3900,3189,5572,1842,8165,6,5,5,5,5,5,5,4,4,4
TCGA-A7-A26F-DX1_xmin72969_ymin11489_MPP-0.2500+41[1000].png,3088,6045,1109,7501,8041,2028,237,7694,1977,6479,6,5,5,4,4,4,4,4,4,4
TCGA-A7-A26F-DX1_xmin72969_ymin11489_MPP-0.2500+421[1000].png,4711,1373,1842,3088,335,1716,6782,5912,4817,3029,6,6,6,5,5,5,4,4,4,4
TCGA-A7-A26F-DX1_xmin72969_ymin11489_MPP-0.2500+42[1000].png,6428,898,914,1842,6388,7895,7065,2967,594,3088,6,6,5,5,5,4,4,4,4,4
TCGA-A7-A26F-DX1_xmin72969_ymin11489_MPP-0.2500+432[1000].png,2812,153,7647,4711,1813,1297,3728,404,5133,7733,5,4,4,4,4,4,4,4,4,4
TCGA-A7-A26F-DX1_xmin72969_ymin11489_MPP-0.2500+439[1000].png,3088,2967,5499,8081,1515,6595,4817,1298,6724,7733,7,6,5,5,4,4,4,4,4,4
TCGA-A7-A26F-DX1_xmin72969_ymin11489_MPP-0.2500+43[1000].png,7165,7695,5999,1842,5499,5428,4430,510,5912,2028,7,6,5,5,5,5,4,4,4,4
TCGA-A7-A26F-DX1_xmin72969_ymin11489_MPP-0.2500+44[1000].png,3836,8110,237,1357,8066,3526,6809,4080,3230,2430,6,5,5,4,4,4,4,4,4,4
TCGA-A7-A26F-DX1_xmin72969_ymin11489_MPP-0.2500+45[1000].png,7880,7134,4430,124,5702,3105,216,7540,6045,7175,7,5,5,5,5,4,4,4,4,4
TCGA-A7-A26F-DX1_xmin72969_ymin11489_MPP-0.2500+46[1000].png,6809,1682,6702,1836,5392,4376,4817,7485,7835,1208,5,5,4,4,4,4,4,3,3,3
TCGA-A7-A26F-DX1_xmin72969_ymin11489_MPP-0.2500+47[1000].png,7222,1842,2336,7649,237,3021,4436,4194,6634,2450,5,5,4,4,4,4,4,4,4,3
TCGA-A7-A26F-DX1_xmin72969_ymin11489_MPP-0.2500+48[1000].png,8082,4711,4240,5541,3526,7091,2336,3088,5424,321,6,6,6,5,4,4,4,4,4,4
TCGA-A7-A26F-DX1_xmin72969_ymin11489_MPP-0.2500+49[1000].png,4711,1716,7093,2308,8110,1312,6054,7695,1001,5611,6,5,5,5,5,5,5,5,4,4
TCGA-A7-A26F-DX1_xmin72969_ymin11489_MPP-0.2500+4[1000].png,7733,7024,2308,4430,4711,7189,6045,2644,7695,5754,5,4,4,4,4,4,4,4,4,3
TCGA-A7-A26F-DX1_xmin72969_ymin11489_MPP-0.2500+50[1000].png,3088,4430,2308,836,267,3836,7222,7694,3526,4911,6,6,6,6,5,5,4,4,4,4
TCGA-A7-A26F-DX1_xmin72969_ymin11489_MPP-0.2500+51[1000].png,7188,3836,3088,581,3908,1357,6812,7024,4194,131,5,5,4,4,4,4,4,4,4,4
TCGA-A7-A26F-DX1_xmin72969_ymin11489_MPP-0.2500+52[1000].png,3088,5433,4691,2226,7695,5424,1842,7165,7065,6999,7,4,4,4,4,3,3,3,3,3
TCGA-A7-A26F-DX1_xmin72969_ymin11489_MPP-0.2500+53[1000].png,5999,7694,3088,8081,7957,331,3268,7134,254,1001,6,6,5,5,5,5,4,4,4,4
TCGA-A7-A26F-DX1_xmin72969_ymin11489_MPP-0.2500+54[1000].png,1357,5872,4711,3900,6724,5797,8081,1977,7222,8110,6,5,5,4,4,4,4,4,4,4
TCGA-A7-A26F-DX1_xmin72969_ymin11489_MPP-0.2500+55[1000].png,7694,4311,5428,5386,1682,7501,2751,8081,1063,958,5,4,4,4,4,4,4,4,4,4
TCGA-A7-A26F-DX1_xmin72969_ymin11489_MPP-0.2500+56[1000].png,6045,5023,2021,3189,7189,3088,2903,4947,7091,7869,7,6,5,5,5,5,5,5,4,4
TCGA-A7-A26F-DX1_xmin72969_ymin11489_MPP-0.2500+5[1000].png,3088,3000,2180,582,7916,1869,1357,3021,2336,7189,6,5,5,4,4,4,4,4,4,4
TCGA-A7-A26F-DX1_xmin72969_ymin11489_MPP-0.2500+60[1000].png,6702,7733,267,3986,1103,2476,4817,44,2756,5235,6,6,5,5,4,4,4,4,4,4
TCGA-A7-A26F-DX1_xmin72969_ymin11489_MPP-0.2500+61[1000].png,3836,4160,5213,7337,2903,3346,6674,2336,5810,6678,7,5,4,4,4,4,4,4,4,4
TCGA-A7-A26F-DX1_xmin72969_ymin11489_MPP-0.2500+62[1000].png,1842,4711,3836,6045,2751,7695,7470,2547,3088,2493,8,6,5,4,4,4,4,4,4,4
TCGA-A7-A26F-DX1_xmin72969_ymin11489_MPP-0.2500+63[1000].png,7165,7695,6222,215,3836,5873,7249,8081,1842,6193,6,5,5,4,4,4,4,4,4,4
TCGA-A7-A26F-DX1_xmin72969_ymin11489_MPP-0.2500+64[1000].png,2336,5999,331,1150,4725,7694,3088,2018,5937,4993,5,5,5,4,4,4,4,4,4,4
TCGA-A7-A26F-DX1_xmin72969_ymin11489_MPP-0.2500+65[1000].png,3088,3204,7694,697,3209,3836,7222,7390,131,612,7,5,5,5,5,5,5,4,4,4
TCGA-A7-A26F-DX1_xmin72969_ymin11489_MPP-0.2500+66[1000].png,4711,6388,3631,6979,2870,4247,4430,8081,5572,6830,5,5,4,4,4,4,4,4,4,3
TCGA-A7-A26F-DX1_xmin72969_ymin11489_MPP-0.2500+67[1000].png,1297,1842,5937,44,5515,3088,3836,4817,1001,2336,6,6,5,5,5,5,4,4,4,4
TCGA-A7-A26F-DX1_xmin72969_ymin11489_MPP-0.2500+68[1000].png,5392,2336,4160,4112,1842,4196,6782,267,7695,4629,5,4,4,4,4,4,4,4,4,4
TCGA-A7-A26F-DX1_xmin72969_ymin11489_MPP-0.2500+69[1000].png,7028,1652,4587,331,130,7357,3858,5780,601,5194,6,5,5,5,4,4,4,4,4,4
TCGA-A7-A26F-DX1_xmin72969_ymin11489_MPP-0.2500+6[1000].png,1842,2903,4572,1977,7695,5999,1001,7212,2028,3088,8,6,5,5,5,4,4,4,4,4
TCGA-A7-A26F-DX1_xmin72969_ymin11489_MPP-0.2500+70[1000].png,2336,6702,5999,3189,1297,5392,5097,6795,267,4251,7,5,4,4,4,4,4,4,4,4
TCGA-A7-A26F-DX1_xmin72969_ymin11489_MPP-0.2500+71[1000].png,3189,7189,9,6711,4430,1312,7400,7222,1977,4259,5,5,5,4,4,4,4,4,4,3
TCGA-A7-A26F-DX1_xmin72969_ymin11489_MPP-0.2500+72[1000].png,4833,6571,6724,7134,6045,5913,4998,3526,404,8066,5,5,5,4,4,4,4,4,4,4
TCGA-A7-A26F-DX1_xmin72969_ymin11489_MPP-0.2500+73[1000].png,6321,935,3088,1297,4774,2666,5433,1586,7733,6960,6,6,6,5,5,5,4,4,4,4
TCGA-A7-A26F-DX1_xmin72969_ymin11489_MPP-0.2500+74[1000].png,4711,3088,1716,6829,7954,2756,5541,7352,4055,5912,6,5,5,4,4,4,4,4,4,4
TCGA-A7-A26F-DX1_xmin72969_ymin11489_MPP-0.2500+75[1000].png,3088,7165,4711,3908,7222,7695,3000,3044,2666,4250,11,6,6,5,5,5,4,4,4,4
TCGA-A7-A26F-DX1_xmin72969_ymin11489_MPP-0.2500+7[1000].png,1836,3088,3230,131,237,3296,2226,4711,4817,2308,6,5,5,5,5,4,4,4,4,4
TCGA-A7-A26F-DX1_xmin72969_ymin11489_MPP-0.2500+80[1000].png,1297,4711,2336,3836,7134,2903,3189,4622,2756,743,9,6,5,5,5,4,4,4,4,4
TCGA-A7-A26F-DX1_xmin72969_ymin11489_MPP-0.2500+81[1000].png,2336,6702,3209,3836,3088,6428,1298,7007,3526,7222,5,5,5,5,5,5,4,4,4,4
TCGA-A7-A26F-DX1_xmin72969_ymin11489_MPP-0.2500+82[1000].png,1842,7895,7189,7880,321,5603,131,3209,2870,2336,6,5,5,5,4,4,4,4,4,4
TCGA-A7-A26F-DX1_xmin72969_ymin11489_MPP-0.2500+83[1000].png,2870,8126,773,3088,3526,7222,8081,8148,5806,8144,6,5,5,5,5,4,4,4,4,4
TCGA-A7-A26F-DX1_xmin72969_ymin11489_MPP-0.2500+84[1000].png,3088,8110,4160,691,7695,4711,5810,1297,6219,7337,5,5,5,4,4,4,4,4,4,3
TCGA-A7-A26F-DX1_xmin72969_ymin11489_MPP-0.2500+85[1000].png,2903,3088,4691,3204,7647,5797,4533,2482,5213,5810,7,6,6,5,4,4,4,4,4,4
TCGA-A7-A26F-DX1_xmin72969_ymin11489_MPP-0.2500+86[1000].png,4160,4817,6219,216,7695,3209,7694,612,1508,44,6,5,5,5,5,5,4,4,4,4
TCGA-A7-A26F-DX1_xmin72969_ymin11489_MPP-0.2500+87[1000].png,2336,1682,5780,4629,2703,1001,7222,3209,154,1842,6,5,5,4,4,4,4,4,4,4
TCGA-A7-A26F-DX1_xmin72969_ymin11489_MPP-0.2500+88[1000].png,3836,267,7189,1842,836,7869,6137,2308,1463,5097,6,6,5,5,4,4,4,4,4,4
TCGA-A7-A26F-DX1_xmin72969_ymin11489_MPP-0.2500+89[1000].png,4711,6226,7152,3088,2320,5039,404,2226,7024,5507,7,6,6,5,5,4,4,4,4,4
TCGA-A7-A26F-DX1_xmin72969_ymin11489_MPP-0.2500+8[1000].png,4725,651,2493,5454,6509,3836,1842,6615,1001,5780,5,4,4,4,4,4,4,4,4,4
TCGA-A7-A26F-DX1_xmin72969_ymin11489_MPP-0.2500+90[1000].png,44,3299,1682,3836,6964,4430,2336,808,7589,4251,7,6,6,5,4,4,4,4,4,4
TCGA-A7-A26F-DX1_xmin72969_ymin11489_MPP-0.2500+91[1000].png,1842,7165,6808,3836,6678,6173,1297,7694,267,6869,8,6,5,5,5,5,4,4,4,4
TCGA-A7-A26F-DX1_xmin72969_ymin11489_MPP-0.2500+92[1000].png,3836,8041,4691,7353,4965,7024,5872,145,7880,6814,6,4,4,4,4,4,4,4,4,4
TCGA-A7-A26F-DX1_xmin72969_ymin11489_MPP-0.2500+93[1000].png,3088,4711,4538,5235,1842,2588,2666,3230,1373,3209,7,5,5,5,4,4,4,4,4,4
TCGA-A7-A26F-DX1_xmin72969_ymin11489_MPP-0.2500+94[1000].png,3021,6674,3230,3088,6219,6054,404,7450,1682,2419,5,5,5,5,4,4,4,4,4,4
TCGA-A7-A26F-DX1_xmin72969_ymin11489_MPP-0.2500+95[1000].png,3908,7895,8082,7352,2336,5097,1297,4911,3836,6966,6,5,5,5,4,4,4,4,4,4
TCGA-A7-A26F-DX1_xmin72969_ymin11489_MPP-0.2500+9[1000].png,1842,2083,3011,6571,3204,2235,5039,2666,3021,154,5,5,5,4,4,4,4,4,4,4
TCGA-A7-A26I-DX1_xmin9689_ymin25668_MPP-0.2500+105[1000].png,4711,836,44,2957,6795,5515,1842,5555,215,4085,7,6,5,4,4,4,4,4,4,4
TCGA-A7-A26I-DX1_xmin9689_ymin25668_MPP-0.2500+106[1000].png,390,2493,2780,4284,7450,5937,1297,1413,7859,5203,5,4,4,4,4,4,4,4,4,4
TCGA-A7-A26I-DX1_xmin9689_ymin25668_MPP-0.2500+108[1000].png,3088,3204,5686,7189,3000,7694,612,496,7657,1842,6,5,5,5,5,5,5,4,4,4
TCGA-A7-A26I-DX1_xmin9689_ymin25668_MPP-0.2500+109[1000].png,7189,6045,7695,5717,4711,5428,6269,5780,4859,5023,7,6,6,5,5,4,4,4,4,4
TCGA-A7-A26I-DX1_xmin9689_ymin25668_MPP-0.2500+114[1000].png,2028,898,1063,3088,7222,7694,4116,958,1609,7162,5,4,4,4,4,4,4,4,3,3
TCGA-A7-A26I-DX1_xmin9689_ymin25668_MPP-0.2500+115[1000].png,3477,4430,4781,7835,2308,5810,5862,1905,3088,4861,5,5,5,5,5,5,5,5,4,4
TCGA-A7-A26I-DX1_xmin9689_ymin25668_MPP-0.2500+119[1000].png,2666,1373,2477,4781,3438,7249,2308,2876,1357,390,5,5,4,4,4,4,4,4,4,4
TCGA-A7-A26I-DX1_xmin9689_ymin25668_MPP-0.2500+124[1000].png,4711,553,1842,7442,2903,4777,5428,2157,2650,5235,6,6,5,5,4,4,4,4,4,4
TCGA-A7-A26I-DX1_xmin9689_ymin25668_MPP-0.2500+26[1000].png,7694,390,3088,4430,7175,1297,4436,4492,1682,4593,6,5,5,4,4,4,4,4,4,3
TCGA-A7-A26I-DX1_xmin9689_ymin25668_MPP-0.2500+30[1000].png,7024,2031,1905,836,6724,2685,4436,949,591,5094,6,5,5,5,5,4,4,4,4,4
TCGA-A7-A26I-DX1_xmin9689_ymin25668_MPP-0.2500+36[1000].png,6702,6054,2308,6045,3526,3477,4582,1476,5611,4436,7,5,5,5,4,4,4,4,4,4
TCGA-A7-A26I-DX1_xmin9689_ymin25668_MPP-0.2500+40[1000].png,267,6226,7400,2770,915,7134,4711,5611,371,2967,5,5,5,5,5,4,4,4,4,4
TCGA-A7-A26I-DX1_xmin9689_ymin25668_MPP-0.2500+46[1000].png,7189,958,6054,4711,6795,2801,2278,4436,5937,1813,5,5,4,4,4,4,4,4,4,4
TCGA-A7-A26I-DX1_xmin9689_ymin25668_MPP-0.2500+50[1000].png,3189,44,898,131,4602,2477,7647,836,3088,53,5,5,5,4,4,4,4,4,4,4
TCGA-A7-A26I-DX1_xmin9689_ymin25668_MPP-0.2500+56[1000].png,5872,4711,4377,6595,2336,5780,2990,267,2547,6674,6,5,4,4,4,4,4,4,3,3
TCGA-A7-A26I-DX1_xmin9689_ymin25668_MPP-0.2500+65[1000].png,8162,7501,7024,1384,7165,1297,3268,5098,601,5735,5,4,4,4,4,4,4,4,3,3
TCGA-A7-A26I-DX1_xmin9689_ymin25668_MPP-0.2500+66[1000].png,6984,1297,7093,8188,5133,124,5498,1842,352,6045,5,4,4,4,4,4,4,4,4,4
TCGA-A7-A26I-DX1_xmin9689_ymin25668_MPP-0.2500+75[1000].png,4711,1842,4527,5213,321,8041,331,254,6809,4436,5,5,5,5,5,5,4,4,4,4
TCGA-A7-A26I-DX1_xmin9689_ymin25668_MPP-0.2500+80[1000].png,4711,1977,3079,7360,131,6809,6226,5912,5104,7189,5,5,5,4,4,4,4,4,4,4
TCGA-A7-A26I-DX1_xmin9689_ymin25668_MPP-0.2500+81[1000].png,2903,5999,7948,3861,4198,6045,4501,5973,5912,5207,5,5,5,5,5,4,4,4,4,4
TCGA-A7-A26I-DX1_xmin9689_ymin25668_MPP-0.2500+91[1000].png,5431,371,7694,3469,5428,4501,2028,7024,1842,840,5,5,4,4,4,4,4,4,4,4
TCGA-A7-A26I-DX1_xmin9689_ymin25668_MPP-0.2500+98[1000].png,3088,4430,6678,7807,3230,3349,2776,5834,6623,2012,7,6,5,5,5,5,4,4,4,4
TCGA-A7-A26I-DX1_xmin9689_ymin25668_MPP-0.2500+99[1000].png,6054,8081,7694,5999,6372,3088,6571,1842,7540,7189,5,5,4,4,4,4,4,4,4,4
TCGA-A7-A4SD-DX1_xmin53807_ymin11871_MPP-0.2500+27[1000].png,2588,3088,7134,371,6137,6702,7160,8148,6475,4251,7,7,6,5,5,5,5,5,5,4
TCGA-A7-A4SD-DX1_xmin53807_ymin11871_MPP-0.2500+34[1000].png,5392,3209,2756,5912,2776,8148,7694,4311,7024,3986,6,6,5,5,5,5,5,5,4,4
TCGA-A7-A4SD-DX1_xmin53807_ymin11871_MPP-0.2500+35[1000].png,5780,2756,808,2967,1836,2903,7134,4364,4376,4112,8,6,5,5,5,4,4,4,4,4
TCGA-A7-A4SD-DX1_xmin53807_ymin11871_MPP-0.2500+37[1000].png,1297,1836,1813,215,4160,7501,4259,1992,4980,5834,7,7,7,6,6,6,5,5,5,5
TCGA-A7-A4SD-DX1_xmin53807_ymin11871_MPP-0.2500+38[1000].png,3189,817,6226,2903,2308,322,915,6702,8148,7807,7,6,5,5,5,5,5,5,5,5
TCGA-A7-A4SD-DX1_xmin53807_ymin11871_MPP-0.2500+39[1000].png,7589,601,3855,3526,131,7485,1001,1813,390,6054,7,6,6,5,5,5,5,5,5,5
TCGA-A7-A4SD-DX1_xmin53807_ymin11871_MPP-0.2500+40[1000].png,5780,7129,5797,1413,6226,335,7948,4993,6931,7733,8,6,6,5,5,5,5,4,4,4
TCGA-A7-A4SD-DX1_xmin53807_ymin11871_MPP-0.2500+47[1000].png,3230,5834,5344,2756,7134,8148,4377,3088,3908,4430,5,5,4,4,4,4,4,4,4,3
TCGA-A7-A4SD-DX1_xmin53807_ymin11871_MPP-0.2500+48[1000].png,3637,3088,6902,2756,5065,7501,5671,390,5795,162,7,7,7,6,5,5,5,5,5,5
TCGA-A7-A4SD-DX1_xmin53807_ymin11871_MPP-0.2500+49[1000].png,3088,1813,2308,1297,1042,1508,6226,4100,7807,935,8,7,6,6,6,6,6,5,5,5
TCGA-A7-A4SD-DX1_xmin53807_ymin11871_MPP-0.2500+52[1000].png,3088,2870,2308,808,4674,5097,2903,352,335,4325,7,7,6,5,5,5,5,5,4,4
TCGA-A7-A4SD-DX1_xmin53807_ymin11871_MPP-0.2500+60[1000].png,3088,131,2308,6902,7589,6960,4654,632,2766,6833,9,9,7,6,6,5,5,5,5,5
TCGA-A7-A4SD-DX1_xmin53807_ymin11871_MPP-0.2500+61[1000].png,1813,5834,4311,3088,2157,1297,1842,215,8148,1652,8,8,8,7,6,6,6,5,5,5
TCGA-A7-A4SD-DX1_xmin53807_ymin11871_MPP-0.2500+72[1000].png,5780,1836,390,1297,7129,1357,7819,2903,7501,7337,7,7,7,7,6,6,6,6,6,5
TCGA-A7-A4SD-DX1_xmin53807_ymin11871_MPP-0.2500+73[1000].png,2903,915,2308,5424,1877,2157,5027,4160,6931,7948,7,6,6,6,6,5,5,5,5,5
TCGA-A7-A4SD-DX1_xmin53807_ymin11871_MPP-0.2500+75[1000].png,3088,335,2308,3526,2062,6999,4470,808,215,7162,8,7,6,6,5,5,5,5,4,4
TCGA-A7-A4SE-DX1_xmin50530_ymin11318_MPP-0.2500+14[1000].png,3836,3088,7694,4250,5392,7733,3189,6724,2411,2028,8,7,6,5,5,5,5,4,4,4
TCGA-A7-A4SE-DX1_xmin50530_ymin11318_MPP-0.2500+15[1000].png,131,6724,7175,4911,34,2448,3207,5412,145,1312,8,6,5,5,4,4,4,4,4,3
TCGA-A7-A4SE-DX1_xmin50530_ymin11318_MPP-0.2500+18[1000].png,7733,4160,6702,7024,3526,7869,6502,2336,7134,4199,6,5,5,5,5,4,4,4,4,4
TCGA-A7-A4SE-DX1_xmin50530_ymin11318_MPP-0.2500+19[1000].png,1297,5797,3526,2967,7089,6724,7937,44,7189,4198,6,6,5,4,4,4,4,4,4,4
TCGA-A7-A5ZV-DX1_xmin103009_ymin26581_MPP-0.2500+0[1000].png,6702,3088,8081,7733,3199,1571,496,7709,4184,7589,8,6,6,5,5,5,4,4,4,4
TCGA-A7-A5ZV-DX1_xmin103009_ymin26581_MPP-0.2500+11[1000].png,4711,4993,5498,7695,499,1413,6919,6702,5780,4673,8,5,5,5,4,4,4,4,4,4
TCGA-A7-A5ZV-DX1_xmin103009_ymin26581_MPP-0.2500+120[1000].png,4711,6724,6702,3836,1297,3114,7353,7649,6219,6502,7,6,6,6,5,5,4,4,3,3
TCGA-A7-A5ZV-DX1_xmin103009_ymin26581_MPP-0.2500+121[1000].png,3836,7880,3477,7129,7709,5797,2012,4498,1515,1312,6,5,5,4,4,4,4,4,3,3
TCGA-A7-A5ZV-DX1_xmin103009_ymin26581_MPP-0.2500+122[1000].png,3088,3417,7165,5133,5797,2336,6809,898,4725,34,7,5,5,5,4,4,4,4,4,4
TCGA-A7-A5ZV-DX1_xmin103009_ymin26581_MPP-0.2500+123[1000].png,6702,5999,7651,3526,145,6571,1842,3029,7694,5611,5,5,5,4,4,4,4,4,4,4
TCGA-A7-A5ZV-DX1_xmin103009_ymin26581_MPP-0.2500+129[1000].png,4711,1682,7165,7695,7694,6782,3044,6219,3021,7189,6,6,6,5,5,5,4,4,4,4
TCGA-A7-A5ZV-DX1_xmin103009_ymin26581_MPP-0.2500+12[1000].png,1297,3088,6674,7189,5515,7212,5007,5203,44,7024,6,5,5,4,4,4,4,4,4,4
TCGA-A7-A5ZV-DX1_xmin103009_ymin26581_MPP-0.2500+130[1000].png,44,3088,5097,6905,5810,5735,5780,5806,131,7695,7,6,6,5,5,5,4,4,4,4
TCGA-A7-A5ZV-DX1_xmin103009_ymin26581_MPP-0.2500+131[1000].png,7501,4711,131,1297,612,2031,1716,675,267,331,5,5,5,5,5,4,4,4,4,4
TCGA-A7-A5ZV-DX1_xmin103009_ymin26581_MPP-0.2500+132[1000].png,3088,6809,5810,7695,1652,6657,7134,6045,4436,2308,7,6,6,5,5,4,4,4,4,4
TCGA-A7-A5ZV-DX1_xmin103009_ymin26581_MPP-0.2500+133[1000].png,8110,5428,4817,697,5999,1373,4322,4376,371,5780,7,5,4,4,4,4,4,4,4,4
TCGA-A7-A5ZV-DX1_xmin103009_ymin26581_MPP-0.2500+13[1000].png,3088,4817,3189,836,2083,1298,5454,2430,6809,3021,5,5,4,4,4,4,4,4,4,4
TCGA-A7-A5ZV-DX1_xmin103009_ymin26581_MPP-0.2500+17[1000].png,7189,7165,8082,6428,7175,7733,1320,7222,371,3031,7,7,6,5,5,5,5,4,4,4
TCGA-A7-A5ZV-DX1_xmin103009_ymin26581_MPP-0.2500+18[1000].png,6905,7694,5213,6919,1652,1813,3021,6571,4821,267,7,4,4,4,4,4,4,4,4,4
TCGA-A7-A5ZV-DX1_xmin103009_ymin26581_MPP-0.2500+19[1000].png,7647,6960,4311,3088,5097,4711,1813,331,836,6428,5,5,4,4,4,4,4,4,4,4
TCGA-A7-A5ZV-DX1_xmin103009_ymin26581_MPP-0.2500+1[1000].png,3088,3209,2870,5235,3836,2308,5039,4240,371,7222,7,6,5,4,4,4,4,4,4,4
TCGA-A7-A5ZV-DX1_xmin103009_ymin26581_MPP-0.2500+24[1000].png,5735,3088,4968,4160,5213,4587,7165,7733,4436,2756,6,6,6,5,5,4,4,4,4,4
TCGA-A7-A5ZV-DX1_xmin103009_ymin26581_MPP-0.2500+25[1000].png,6032,6428,4859,1836,3268,3021,3729,4100,4821,237,5,5,5,5,5,4,4,4,4,4
TCGA-A7-A5ZV-DX1_xmin103009_ymin26581_MPP-0.2500+26[1000].png,4711,4430,6702,6960,7694,4322,3088,3526,4817,1297,8,6,6,4,4,4,4,4,4,4
TCGA-A7-A5ZV-DX1_xmin103009_ymin26581_MPP-0.2500+27[1000].png,1571,4430,5027,1842,6931,6809,4711,3088,982,5996,5,5,4,4,4,4,4,4,4,4
TCGA-A7-A5ZV-DX1_xmin103009_ymin26581_MPP-0.2500+2[1000].png,3088,8082,7165,4993,1373,4160,2870,2308,2083,3247,6,5,5,5,5,4,4,4,4,4
TCGA-A7-A5ZV-DX1_xmin103009_ymin26581_MPP-0.2500+3[1000].png,3209,3836,7695,2028,6428,1001,6219,3734,1373,2977,6,5,5,4,4,4,4,4,4,4
TCGA-A7-A5ZV-DX1_xmin103009_ymin26581_MPP-0.2500+4[1000].png,7733,6702,4430,2903,7222,1357,2756,4251,5780,5099,9,5,5,5,5,5,5,4,4,4
TCGA-A7-A5ZV-DX1_xmin103009_ymin26581_MPP-0.2500+51[1000].png,6192,5428,5047,131,3417,2255,4080,1977,4100,6809,5,4,4,4,4,4,4,4,4,4
TCGA-A7-A5ZV-DX1_xmin103009_ymin26581_MPP-0.2500+5[1000].png,4160,3088,5999,7895,4250,8110,7134,4060,4993,4996,6,6,5,4,4,4,4,4,4,4
TCGA-A7-A5ZV-DX1_xmin103009_ymin26581_MPP-0.2500+61[1000].png,1297,3209,6724,4430,2018,7647,1373,4950,7166,3000,6,5,5,4,4,4,4,4,4,4
TCGA-A7-A5ZV-DX1_xmin103009_ymin26581_MPP-0.2500+62[1000].png,5392,7880,1842,3088,2000,7175,7694,840,1716,5039,7,5,5,5,4,4,4,4,4,4
TCGA-A7-A5ZV-DX1_xmin103009_ymin26581_MPP-0.2500+63[1000].png,1842,4711,3018,3088,4100,6652,384,1367,4725,6571,6,6,5,5,5,4,4,4,4,4
TCGA-A7-A5ZV-DX1_xmin103009_ymin26581_MPP-0.2500+64[1000].png,3088,898,1389,3346,2028,4833,4160,6782,4100,7647,5,5,5,4,4,4,4,4,4,4
TCGA-A7-A5ZV-DX1_xmin103009_ymin26581_MPP-0.2500+71[1000].png,3836,5357,2411,7501,7694,2666,4947,7895,1463,4230,7,4,4,4,4,4,4,4,4,4
TCGA-A7-A5ZV-DX1_xmin103009_ymin26581_MPP-0.2500+72[1000].png,1836,808,2666,6964,7078,4522,6754,4725,4250,6814,7,5,5,4,4,4,4,4,4,4
TCGA-A7-A5ZV-DX1_xmin103009_ymin26581_MPP-0.2500+73[1000].png,3088,331,4947,1836,6219,4711,6964,7869,7733,4725,7,6,5,5,5,5,4,4,4,3
TCGA-A7-A5ZV-DX1_xmin103009_ymin26581_MPP-0.2500+82[1000].png,8041,3088,3021,7733,5999,6702,6724,6905,21,1373,5,5,5,5,4,4,4,4,4,4
TCGA-A7-A6VV-DX1_xmin48674_ymin37475_MPP-0.2500+28[1000].png,6137,7134,6045,4642,4711,1979,7430,7189,4996,6655,6,5,5,5,5,4,4,4,4,4
TCGA-A7-A6VV-DX1_xmin48674_ymin37475_MPP-0.2500+72[1000].png,3526,2635,808,3469,7377,630,7195,6795,216,4642,7,6,5,5,4,4,4,4,4,4
TCGA-A7-A6VV-DX1_xmin48674_ymin37475_MPP-0.2500+75[1000].png,7165,3088,3526,4311,1767,7400,7377,6903,5797,5392,6,6,6,5,4,4,4,4,4,4
TCGA-A7-A6VW-DX1_xmin69350_ymin15716_MPP-0.2500+107[1000].png,2870,1297,4711,7024,594,7875,5946,2140,2903,5797,6,5,5,5,4,4,4,4,4,4
TCGA-A7-A6VW-DX1_xmin69350_ymin15716_MPP-0.2500+108[1000].png,5780,1842,7189,4968,44,6919,1196,7485,5039,5860,6,5,5,5,4,4,4,4,3,3
TCGA-A7-A6VW-DX1_xmin69350_ymin15716_MPP-0.2500+117[1000].png,7895,5392,2903,3088,1682,4993,4968,6045,5520,1977,7,6,6,5,5,4,4,4,4,4
TCGA-A7-A6VW-DX1_xmin69350_ymin15716_MPP-0.2500+120[1000].png,3088,5611,935,7695,5118,3024,2751,4322,5007,44,6,5,5,5,4,4,4,4,4,4
TCGA-A7-A6VW-DX1_xmin69350_ymin15716_MPP-0.2500+121[1000].png,3088,267,6814,2430,7733,4756,1979,1842,7895,4593,6,5,5,4,4,4,4,4,4,4
TCGA-A7-A6VW-DX1_xmin69350_ymin15716_MPP-0.2500+122[1000].png,3088,1297,6724,2493,267,7134,7024,1842,808,3209,8,8,6,5,4,4,4,4,4,4
TCGA-A7-A6VW-DX1_xmin69350_ymin15716_MPP-0.2500+132[1000].png,8066,4430,4410,3199,5999,7189,331,7937,5810,7733,6,6,5,5,5,5,4,4,4,4
TCGA-A7-A6VW-DX1_xmin69350_ymin15716_MPP-0.2500+133[1000].png,4711,7895,2430,237,7078,7149,2336,1297,7733,5039,8,7,5,5,5,5,5,5,5,5
TCGA-A7-A6VW-DX1_xmin69350_ymin15716_MPP-0.2500+142[1000].png,836,5797,1476,3088,390,7733,2336,5509,808,5603,6,6,5,5,4,4,4,4,4,4
TCGA-A7-A6VW-DX1_xmin69350_ymin15716_MPP-0.2500+143[1000].png,6902,3088,6702,7694,8082,1842,988,7895,3209,5913,7,5,5,5,5,5,4,4,4,4
TCGA-A7-A6VW-DX1_xmin69350_ymin15716_MPP-0.2500+33[1000].png,6902,5913,4968,7357,7612,4965,4691,1297,7189,1571,5,5,5,4,4,4,4,4,4,3
TCGA-A7-A6VW-DX1_xmin69350_ymin15716_MPP-0.2500+44[1000].png,6702,4725,6388,7869,6966,5971,1470,2308,4711,7695,5,5,4,4,4,4,4,4,4,4
TCGA-A7-A6VW-DX1_xmin69350_ymin15716_MPP-0.2500+51[1000].png,5392,5701,7895,1836,7024,5499,3088,2336,836,4492,8,6,6,6,5,5,5,4,4,4
TCGA-A7-A6VW-DX1_xmin69350_ymin15716_MPP-0.2500+64[1000].png,2308,5797,5094,8016,836,2144,7134,7695,5515,743,5,5,4,4,4,4,4,4,4,3
TCGA-A7-A6VW-DX1_xmin69350_ymin15716_MPP-0.2500+65[1000].png,6782,7165,390,5834,7695,3011,5541,3836,7694,7175,6,5,5,4,4,4,4,4,4,4
TCGA-A7-A6VW-DX1_xmin69350_ymin15716_MPP-0.2500+67[1000].png,2278,3021,6724,2977,331,5097,2361,3088,5872,2502,8,7,5,5,4,4,4,4,4,4
TCGA-A7-A6VW-DX1_xmin69350_ymin15716_MPP-0.2500+84[1000].png,3469,7189,5810,7733,1297,3088,5213,7695,4417,1813,6,5,5,5,5,5,5,4,4,4
TCGA-A7-A6VW-DX1_xmin69350_ymin15716_MPP-0.2500+85[1000].png,6702,1297,5810,7050,1652,7895,4711,1586,331,5999,6,5,5,4,4,4,4,4,4,4
TCGA-A7-A6VW-DX1_xmin69350_ymin15716_MPP-0.2500+95[1000].png,3870,7733,6724,1586,4911,6843,131,7024,7895,7189,7,5,5,5,5,5,4,4,4,4
TCGA-A7-A6VW-DX1_xmin69350_ymin15716_MPP-0.2500+96[1000].png,3088,1836,7695,5392,6219,4911,5039,6782,3526,5101,9,5,4,4,4,4,4,4,4,4
TCGA-A7-A6VY-DX1_xmin7308_ymin29955_MPP-0.2500+0[1000].png,5780,6045,5872,6571,3823,5810,3296,215,1836,2336,5,5,4,4,4,4,4,4,4,4
TCGA-A7-A6VY-DX1_xmin7308_ymin29955_MPP-0.2500+2[1000].png,5780,6782,5834,2336,4817,4160,1297,2028,4311,3437,5,5,4,4,4,4,4,4,3,3
TCGA-A7-A6VY-DX1_xmin7308_ymin29955_MPP-0.2500+3[1000].png,3836,335,3209,3088,632,2967,958,1357,1682,5999,8,6,5,5,4,4,4,4,4,4
TCGA-A8-A07C-DX1_xmin23538_ymin17397_MPP-0.2500+162[1000].png,215,778,3893,6121,6321,1846,6190,2990,5433,7899,5,5,5,5,5,4,4,4,4,4
TCGA-A8-A07O-DX1_xmin11777_ymin16227_MPP-0.2500+143[1000].png,3230,7442,7694,6655,6856,4376,3088,331,4240,6095,6,5,5,5,5,5,5,4,4,4
TCGA-A8-A07O-DX1_xmin11777_ymin16227_MPP-0.2500+39[1000].png,44,1794,168,5872,7694,7721,5213,1356,7595,1652,7,7,6,5,5,4,4,4,4,4
TCGA-A8-A07O-DX1_xmin11777_ymin16227_MPP-0.2500+57[1000].png,5047,2028,5937,3044,5428,7189,2083,7899,6321,4711,6,5,5,5,5,4,4,4,4,4
TCGA-A8-A08R-DX1_xmin14220_ymin13782_MPP-0.2500+100[1000].png,6045,4817,2990,7694,5097,2249,6321,6856,390,331,7,6,6,6,5,5,5,5,5,5
TCGA-A8-A08R-DX1_xmin14220_ymin13782_MPP-0.2500+105[1000].png,2493,3088,1682,6964,8081,5735,6306,3153,7189,5433,6,5,5,4,4,4,4,4,4,4
TCGA-A8-A08R-DX1_xmin14220_ymin13782_MPP-0.2500+108[1000].png,124,7694,5780,3526,4436,7733,6121,5097,7175,4642,6,6,6,6,6,5,5,5,5,5
TCGA-A8-A08R-DX1_xmin14220_ymin13782_MPP-0.2500+109[1000].png,3088,3526,1836,6121,8081,7175,1845,2588,6931,389,11,8,7,7,5,5,5,5,5,5
TCGA-A8-A08R-DX1_xmin14220_ymin13782_MPP-0.2500+110[1000].png,3088,3230,7694,145,3526,6321,4746,2776,1357,3044,7,7,5,5,5,5,5,5,5,4
TCGA-A8-A08R-DX1_xmin14220_ymin13782_MPP-0.2500+115[1000].png,1682,3230,124,6892,130,5717,6795,2336,3088,516,10,7,6,6,6,6,5,5,5,4
TCGA-A8-A08R-DX1_xmin14220_ymin13782_MPP-0.2500+118[1000].png,3088,1218,4817,5780,2115,4376,781,4259,145,4711,7,6,6,5,5,5,5,5,5,4
TCGA-A8-A08R-DX1_xmin14220_ymin13782_MPP-0.2500+119[1000].png,6192,389,267,4711,2493,1312,3526,2336,5912,6045,6,5,5,5,5,5,5,5,5,4
TCGA-A8-A08R-DX1_xmin14220_ymin13782_MPP-0.2500+120[1000].png,2685,1682,5937,688,516,1967,5780,7337,3434,7549,7,7,6,5,5,5,5,5,4,4
TCGA-A8-A08R-DX1_xmin14220_ymin13782_MPP-0.2500+128[1000].png,3000,1297,7694,6678,2493,7377,6595,5780,4817,1794,7,6,6,6,6,5,5,5,4,4
TCGA-A8-A08R-DX1_xmin14220_ymin13782_MPP-0.2500+130[1000].png,6678,4715,5999,3230,1654,3024,5101,371,3088,3823,7,5,4,4,4,4,4,4,4,4
TCGA-A8-A08R-DX1_xmin14220_ymin13782_MPP-0.2500+25[1000].png,2308,6702,5098,5717,3961,3088,1682,331,2235,2083,6,6,5,5,5,5,5,4,4,4
TCGA-A8-A08R-DX1_xmin14220_ymin13782_MPP-0.2500+27[1000].png,6856,3088,5717,3908,5780,5741,1218,7089,1682,3298,7,5,5,4,4,4,4,4,4,4
TCGA-A8-A08R-DX1_xmin14220_ymin13782_MPP-0.2500+30[1000].png,1813,145,4480,6121,131,4817,1312,2477,7337,5099,7,6,5,5,5,5,5,5,4,4
TCGA-A8-A08R-DX1_xmin14220_ymin13782_MPP-0.2500+32[1000].png,3230,3044,1312,3088,4833,168,5912,3836,3526,6595,6,5,5,5,5,5,5,5,4,4
TCGA-A8-A08R-DX1_xmin14220_ymin13782_MPP-0.2500+36[1000].png,516,6511,7024,5098,4376,3526,3088,4430,1842,2493,5,5,4,4,4,4,4,4,4,4
TCGA-A8-A08R-DX1_xmin14220_ymin13782_MPP-0.2500+40[1000].png,4430,3209,6960,1967,1440,5097,3189,1218,7698,3088,7,6,5,5,4,4,4,4,4,4
TCGA-A8-A08R-DX1_xmin14220_ymin13782_MPP-0.2500+41[1000].png,168,6795,7175,2977,4240,4376,5383,2308,1297,4711,7,6,6,6,5,5,5,5,4,4
TCGA-A8-A08R-DX1_xmin14220_ymin13782_MPP-0.2500+42[1000].png,3088,6795,389,6045,4817,44,1311,3230,5249,3044,8,7,7,6,6,4,4,4,4,4
TCGA-A8-A08R-DX1_xmin14220_ymin13782_MPP-0.2500+45[1000].png,7694,124,3088,6856,1001,1218,3926,1088,7880,2229,6,6,5,5,5,4,4,4,4,4
TCGA-A8-A08R-DX1_xmin14220_ymin13782_MPP-0.2500+46[1000].png,6678,1357,8066,5610,4711,3209,2703,6856,7007,6354,7,6,5,5,5,5,4,4,4,4
TCGA-A8-A08R-DX1_xmin14220_ymin13782_MPP-0.2500+50[1000].png,3230,4817,2998,145,6121,3209,3088,5754,7189,1297,6,5,5,5,5,4,4,4,4,4
TCGA-A8-A08R-DX1_xmin14220_ymin13782_MPP-0.2500+51[1000].png,3836,7694,2308,6227,7880,2330,4642,3434,3088,6321,6,6,6,6,5,5,5,5,5,5
TCGA-A8-A08R-DX1_xmin14220_ymin13782_MPP-0.2500+52[1000].png,5872,2336,6121,5797,781,3230,5960,5428,4166,6856,9,5,5,5,5,5,4,4,4,4
TCGA-A8-A08R-DX1_xmin14220_ymin13782_MPP-0.2500+55[1000].png,781,3088,3230,6795,2308,3044,278,5702,1842,2967,7,6,5,5,5,5,4,4,4,4
TCGA-A8-A08R-DX1_xmin14220_ymin13782_MPP-0.2500+56[1000].png,7337,3044,516,6678,130,5780,5937,12,3000,7698,7,7,6,5,5,5,5,5,4,4
TCGA-A8-A08R-DX1_xmin14220_ymin13782_MPP-0.2500+5[1000].png,3209,6678,7694,1967,7589,7750,6960,4774,688,7189,6,5,5,5,4,4,4,4,4,4
TCGA-A8-A08R-DX1_xmin14220_ymin13782_MPP-0.2500+60[1000].png,3044,6678,3434,4817,2021,168,1132,6702,6595,1367,8,6,5,5,5,4,4,4,4,4
TCGA-A8-A08R-DX1_xmin14220_ymin13782_MPP-0.2500+61[1000].png,5780,2228,781,3836,6652,6795,3823,7360,7189,6628,10,5,5,5,5,5,5,4,4,4
TCGA-A8-A08R-DX1_xmin14220_ymin13782_MPP-0.2500+70[1000].png,5780,4369,7694,4817,4290,3836,3088,3044,1356,5098,7,7,7,5,5,5,5,5,5,4
TCGA-A8-A08R-DX1_xmin14220_ymin13782_MPP-0.2500+71[1000].png,3230,3088,7175,2226,3526,3200,3189,591,44,6137,7,6,5,5,5,5,4,4,4,4
TCGA-A8-A08R-DX1_xmin14220_ymin13782_MPP-0.2500+80[1000].png,6321,2308,5937,5490,4430,6678,3836,7189,7089,124,8,7,6,5,5,5,5,5,5,5
TCGA-A8-A08R-DX1_xmin14220_ymin13782_MPP-0.2500+81[1000].png,7007,3230,2308,6623,3044,1297,5433,6652,2330,3531,8,6,5,5,5,4,4,4,4,4
TCGA-A8-A08R-DX1_xmin14220_ymin13782_MPP-0.2500+84[1000].png,7694,3526,2021,2308,404,4166,6950,7959,7549,5718,6,5,5,5,4,4,4,4,4,4
TCGA-A8-A08R-DX1_xmin14220_ymin13782_MPP-0.2500+85[1000].png,7694,3115,4700,6479,5477,2106,4911,6655,5717,153,5,5,5,4,4,4,4,4,4,4
TCGA-A8-A08R-DX1_xmin14220_ymin13782_MPP-0.2500+87[1000].png,6678,5780,7880,4642,3207,2977,6856,3088,1755,2756,6,6,6,5,5,5,5,5,5,5
TCGA-A8-A08R-DX1_xmin14220_ymin13782_MPP-0.2500+88[1000].png,6121,5780,216,3088,4817,7430,5810,6678,7175,7595,8,6,5,5,5,5,5,5,5,5
TCGA-A8-A08R-DX1_xmin14220_ymin13782_MPP-0.2500+89[1000].png,4817,1311,3209,453,3088,3230,581,3526,7337,594,6,6,6,6,6,6,5,5,5,5
TCGA-A8-A08R-DX1_xmin14220_ymin13782_MPP-0.2500+90[1000].png,6795,145,3088,6754,4711,5047,6121,3230,6628,6829,7,6,5,5,5,5,5,5,4,4
TCGA-A8-A08R-DX1_xmin14220_ymin13782_MPP-0.2500+91[1000].png,1967,6678,4711,1977,3189,3230,7941,5094,2493,1101,6,5,5,5,5,5,4,4,4,4
TCGA-A8-A08R-DX1_xmin14220_ymin13782_MPP-0.2500+94[1000].png,3526,7694,1967,335,5780,1357,5428,6795,6678,267,8,8,6,5,5,5,5,5,4,4
TCGA-A8-A08R-DX1_xmin14220_ymin13782_MPP-0.2500+95[1000].png,1357,2308,7189,3526,5717,6678,6048,3088,5515,915,6,6,5,5,5,5,5,5,4,4
TCGA-A8-A08R-DX1_xmin14220_ymin13782_MPP-0.2500+96[1000].png,4711,3230,5302,44,5780,3088,4622,1356,389,2990,8,7,6,6,5,5,4,4,4,4
TCGA-A8-A08R-DX1_xmin14220_ymin13782_MPP-0.2500+97[1000].png,3230,6121,6795,5433,124,3526,5810,4642,7357,3823,7,6,6,6,5,5,4,4,4,4
TCGA-A8-A08R-DX1_xmin14220_ymin13782_MPP-0.2500+98[1000].png,5716,4817,5194,8148,1311,6795,5428,3526,3088,4043,7,6,5,5,5,5,5,5,5,4
TCGA-A8-A08R-DX1_xmin14220_ymin13782_MPP-0.2500+99[1000].png,5937,7089,4642,1218,2903,1351,3230,3526,3209,2226,5,5,5,5,5,5,5,5,5,4
TCGA-A8-A09X-DX1_xmin55379_ymin38394_MPP-0.2500+133[1000].png,389,5872,1682,594,7470,3204,697,3230,216,4286,6,6,4,4,4,4,4,4,4,4
TCGA-AC-A2BK-DX1_xmin15426_ymin8344_MPP-0.2500+102[1000].png,7694,4711,5780,2666,1357,6219,516,1775,972,7134,7,6,6,5,4,4,4,4,4,4
TCGA-AC-A2BK-DX1_xmin15426_ymin8344_MPP-0.2500+103[1000].png,3088,4725,4859,4376,6054,5357,5780,6192,5428,2493,6,6,5,5,4,4,4,4,4,4
TCGA-AC-A2BK-DX1_xmin15426_ymin8344_MPP-0.2500+111[1000].png,2308,7694,693,1842,5780,1373,5716,1297,4240,1312,5,5,5,4,4,4,4,4,4,3
TCGA-AC-A2BK-DX1_xmin15426_ymin8344_MPP-0.2500+112[1000].png,331,2666,4250,7733,5999,8082,6853,933,697,5741,7,5,5,5,5,4,4,4,4,4
TCGA-AC-A2BK-DX1_xmin15426_ymin8344_MPP-0.2500+113[1000].png,11,5717,3088,1842,3836,558,44,4150,3754,7470,5,5,5,4,4,4,4,3,3,3
TCGA-AC-A2BK-DX1_xmin15426_ymin8344_MPP-0.2500+115[1000].png,4993,6602,5433,5780,7694,5999,516,2766,7166,1252,6,5,5,4,4,4,4,4,4,4
TCGA-AC-A2BK-DX1_xmin15426_ymin8344_MPP-0.2500+116[1000].png,1357,5039,5213,1373,1862,3836,216,6808,3088,7880,5,5,4,4,4,4,4,4,4,4
TCGA-AC-A2BK-DX1_xmin15426_ymin8344_MPP-0.2500+117[1000].png,131,4817,7604,44,8144,1218,6657,4711,3021,3526,5,5,4,4,4,4,4,4,4,4
TCGA-AC-A2BK-DX1_xmin15426_ymin8344_MPP-0.2500+118[1000].png,7880,516,2794,6657,7014,4112,5611,1297,5433,6808,5,5,4,4,4,4,4,4,4,4
TCGA-AC-A2BK-DX1_xmin15426_ymin8344_MPP-0.2500+121[1000].png,2903,4817,5763,6137,2031,1463,267,186,7175,5166,5,5,4,4,4,4,4,4,4,4
TCGA-AC-A2BK-DX1_xmin15426_ymin8344_MPP-0.2500+122[1000].png,3088,2967,6782,237,6652,8014,5810,5673,4711,4376,6,5,5,5,4,4,4,4,4,4
TCGA-AC-A2BK-DX1_xmin15426_ymin8344_MPP-0.2500+123[1000].png,3088,7134,7869,1842,6652,4376,3000,7880,1320,7708,6,5,5,4,4,4,4,4,4,4
TCGA-AC-A2BK-DX1_xmin15426_ymin8344_MPP-0.2500+125[1000].png,2308,3125,5982,7400,5937,4240,5780,6984,3088,4711,5,5,4,4,4,4,4,4,4,4
TCGA-AC-A2BK-DX1_xmin15426_ymin8344_MPP-0.2500+126[1000].png,7166,3836,6121,3433,7501,4501,8081,1389,5277,1842,6,5,5,4,4,4,4,4,4,4
TCGA-AC-A2BK-DX1_xmin15426_ymin8344_MPP-0.2500+127[1000].png,1842,2308,4833,2635,389,2028,2666,6795,6902,3298,6,6,5,5,5,5,5,5,4,4
TCGA-AC-A2BK-DX1_xmin15426_ymin8344_MPP-0.2500+128[1000].png,6045,2666,6623,331,131,276,5392,6809,3088,5780,5,5,4,4,4,4,4,4,4,4
TCGA-AC-A2BK-DX1_xmin15426_ymin8344_MPP-0.2500+20[1000].png,1842,6227,5862,4817,3044,7880,267,186,4725,3475,6,5,4,4,4,4,4,4,4,4
TCGA-AC-A2BK-DX1_xmin15426_ymin8344_MPP-0.2500+49[1000].png,840,2028,2400,5098,5392,5203,4376,2278,44,3088,7,5,5,5,4,4,4,4,4,4
TCGA-AC-A2BK-DX1_xmin15426_ymin8344_MPP-0.2500+50[1000].png,1842,2308,1857,6711,7880,4430,4410,7189,2870,6054,6,5,4,4,4,4,4,4,4,4
TCGA-AC-A2BK-DX1_xmin15426_ymin8344_MPP-0.2500+51[1000].png,1842,2308,3088,3536,3209,5392,5039,2903,5999,3626,5,5,4,4,4,4,4,4,4,4
TCGA-AC-A2BK-DX1_xmin15426_ymin8344_MPP-0.2500+52[1000].png,7134,516,6795,1842,3189,1869,6219,1682,3112,4711,7,6,6,5,5,5,4,4,4,4
TCGA-AC-A2BK-DX1_xmin15426_ymin8344_MPP-0.2500+59[1000].png,3088,1977,3189,6321,8066,7694,1836,3209,2278,2028,7,5,4,4,4,4,4,4,4,4
TCGA-AC-A2BK-DX1_xmin15426_ymin8344_MPP-0.2500+60[1000].png,2308,6814,3088,836,6795,7450,7732,4430,7400,3365,8,5,4,4,4,4,4,4,4,4
TCGA-AC-A2BK-DX1_xmin15426_ymin8344_MPP-0.2500+61[1000].png,6814,2308,7694,4817,1905,7880,5203,7895,4914,3526,7,6,5,5,5,5,4,4,4,4
TCGA-AC-A2BK-DX1_xmin15426_ymin8344_MPP-0.2500+69[1000].png,3088,516,8041,7134,6919,495,5780,7224,5213,2903,6,5,5,5,5,4,4,4,4,4
TCGA-AC-A2BK-DX1_xmin15426_ymin8344_MPP-0.2500+70[1000].png,7134,3836,6702,216,2405,44,6595,1297,6571,4859,6,5,5,4,4,4,4,4,4,4
TCGA-AC-A2BK-DX1_xmin15426_ymin8344_MPP-0.2500+79[1000].png,1297,2756,9,7134,1716,1654,4711,2903,5999,2493,6,5,5,5,5,5,4,4,4,4
TCGA-AC-A2BK-DX1_xmin15426_ymin8344_MPP-0.2500+89[1000].png,1842,3088,331,2666,5023,836,1297,4112,5780,7549,8,5,5,4,4,4,4,4,4,4
TCGA-AC-A2BK-DX1_xmin15426_ymin8344_MPP-0.2500+92[1000].png,5428,3637,6678,5810,1463,6054,2776,3299,3836,7694,5,4,4,4,4,4,4,4,4,4
TCGA-AC-A2BK-DX1_xmin15426_ymin8344_MPP-0.2500+93[1000].png,5780,7134,335,4430,7869,44,6219,6795,6048,237,7,6,5,5,4,4,4,4,4,4
TCGA-AC-A2BK-DX1_xmin15426_ymin8344_MPP-0.2500+94[1000].png,3088,7134,2903,4376,1682,872,7165,2469,1089,131,6,5,5,4,4,4,4,4,4,4
TCGA-AC-A2BK-DX1_xmin15426_ymin8344_MPP-0.2500+99[1000].png,331,1373,389,5872,8081,237,5357,2903,4593,4711,7,5,5,5,4,4,4,4,4,4
TCGA-AC-A2QH-DX1_xmin42173_ymin16859_MPP-0.2500+145[1000].png,3836,958,4311,6226,3088,632,6905,7694,2756,8148,10,9,8,8,8,7,7,7,6,6
TCGA-AC-A2QH-DX1_xmin42173_ymin16859_MPP-0.2500+158[1000].png,3526,3088,1652,4311,3889,1476,4143,2308,808,1813,11,10,6,6,6,5,5,5,5,5
TCGA-AC-A2QH-DX1_xmin42173_ymin16859_MPP-0.2500+163[1000].png,6226,3088,1813,5797,1476,1652,5344,5780,7024,632,12,10,9,9,8,7,7,7,6,6
TCGA-AC-A2QH-DX1_xmin42173_ymin16859_MPP-0.2500+170[1000].png,1476,1652,215,6226,935,1813,6045,3526,144,7129,10,8,8,8,7,7,6,6,6,6
TCGA-AC-A2QH-DX1_xmin42173_ymin16859_MPP-0.2500+171[1000].png,1476,3088,215,6226,1813,7165,5834,3526,5344,2308,11,11,10,8,8,7,7,7,7,6
TCGA-AC-A2QH-DX1_xmin42173_ymin16859_MPP-0.2500+174[1000].png,1652,2870,7024,5797,6045,4430,145,958,5344,3088,13,8,6,6,5,5,5,5,5,5
TCGA-AC-A2QH-DX1_xmin42173_ymin16859_MPP-0.2500+175[1000].png,1897,1476,2308,8013,7134,5509,4143,3836,3204,7957,7,7,7,6,6,5,5,5,5,5
TCGA-AC-A2QH-DX1_xmin42173_ymin16859_MPP-0.2500+176[1000].png,3088,6045,7694,5937,4311,7695,4911,7895,1476,1297,8,7,6,6,6,5,5,5,5,5
TCGA-AC-A2QH-DX1_xmin42173_ymin16859_MPP-0.2500+177[1000].png,958,3870,5797,7024,5392,3526,3836,8013,5717,1682,9,6,6,5,5,5,5,5,4,4
TCGA-AC-A2QH-DX1_xmin42173_ymin16859_MPP-0.2500+190[1000].png,1813,1836,7591,6979,34,3900,7657,4160,5166,7007,8,6,6,5,5,5,5,5,4,4
TCGA-AC-A2QH-DX1_xmin42173_ymin16859_MPP-0.2500+191[1000].png,581,516,7549,2330,4947,6623,6595,2319,7175,7430,5,5,5,4,4,4,4,4,4,4
TCGA-AC-A2QH-DX1_xmin42173_ymin16859_MPP-0.2500+199[1000].png,516,4247,7134,2308,2957,2870,2876,7400,3192,1977,8,5,5,4,4,4,4,4,4,4
TCGA-AC-A2QH-DX1_xmin42173_ymin16859_MPP-0.2500+204[1000].png,5780,2686,3836,794,6964,3044,3823,4340,7808,335,6,6,6,4,4,4,4,4,4,4
TCGA-AC-A2QH-DX1_xmin42173_ymin16859_MPP-0.2500+207[1000].png,2493,4247,3088,7032,3230,1312,4715,1508,4259,7389,6,5,5,4,4,4,4,4,4,4
TCGA-AC-A2QH-DX1_xmin42173_ymin16859_MPP-0.2500+215[1000].png,6321,6045,4602,4817,4100,7591,7484,3836,7899,5023,5,4,4,4,4,4,4,4,4,4
TCGA-AC-A2QH-DX1_xmin42173_ymin16859_MPP-0.2500+216[1000].png,1682,3044,2278,6388,7484,3209,6222,6121,2870,4155,10,6,5,4,4,4,4,4,4,4
TCGA-AC-A2QH-DX1_xmin42173_ymin16859_MPP-0.2500+221[1000].png,3044,3526,7694,7129,1813,4340,7948,7089,4466,6265,6,6,5,5,5,4,4,4,4,4
TCGA-AC-A2QH-DX1_xmin42173_ymin16859_MPP-0.2500+236[1000].png,1351,3200,2493,3000,6795,4247,7828,2780,7694,5603,6,5,5,4,4,4,4,4,4,4
TCGA-AC-A2QH-DX1_xmin42173_ymin16859_MPP-0.2500+26[1000].png,1813,3526,3088,1476,1652,4711,1836,958,4911,808,14,12,9,7,6,6,5,5,5,5
TCGA-AC-A2QH-DX1_xmin42173_ymin16859_MPP-0.2500+274[1000].png,3088,1652,7129,5860,5392,5797,2756,2308,1476,1297,11,8,8,7,7,6,6,6,6,5
TCGA-AC-A2QH-DX1_xmin42173_ymin16859_MPP-0.2500+303[1000].png,1652,1476,2308,5344,958,6226,3088,1716,215,2756,12,11,9,7,7,6,6,6,6,6
TCGA-AC-A2QH-DX1_xmin42173_ymin16859_MPP-0.2500+309[1000].png,6226,1476,3088,1652,7129,5834,915,2226,3209,7430,10,9,8,7,7,7,6,6,5,5
TCGA-AC-A2QH-DX1_xmin42173_ymin16859_MPP-0.2500+310[1000].png,3088,7129,1813,3870,6045,601,5797,2756,5203,1476,10,9,8,8,7,7,6,6,5,5
TCGA-AC-A2QH-DX1_xmin42173_ymin16859_MPP-0.2500+311[1000].png,5780,958,4143,7024,7129,3011,7694,6902,1476,3870,9,8,7,7,6,6,5,5,5,5
TCGA-AC-A2QH-DX1_xmin42173_ymin16859_MPP-0.2500+31[1000].png,1652,6045,3088,2226,2502,3619,4593,1682,2756,1373,8,6,6,6,5,5,4,4,4,4
TCGA-AC-A2QH-DX1_xmin42173_ymin16859_MPP-0.2500+3[1000].png,2308,7129,215,2226,1813,1652,2756,3526,7895,6045,8,8,6,6,6,6,6,5,5,5
TCGA-AC-A2QH-DX1_xmin42173_ymin16859_MPP-0.2500+61[1000].png,1652,3088,7869,1476,808,5810,1836,781,145,5344,8,7,6,6,6,5,5,5,5,5
TCGA-AC-A2QH-DX1_xmin42173_ymin16859_MPP-0.2500+76[1000].png,4376,1312,4693,335,3088,124,5937,4436,2336,2876,5,5,5,5,5,5,5,4,4,4
TCGA-AC-A2QH-DX1_xmin42173_ymin16859_MPP-0.2500+78[1000].png,7175,3526,1813,1476,7134,6226,6137,3088,1652,2308,8,8,7,7,6,6,6,6,6,5
TCGA-AC-A2QH-DX1_xmin42173_ymin16859_MPP-0.2500+80[1000].png,2308,958,6045,7024,1813,1476,7134,2756,5392,4112,9,6,6,6,6,6,5,5,5,5
TCGA-AC-A2QJ-DX1_xmin36620_ymin8672_MPP-0.2500+107[1000].png,2278,5611,8066,3526,4817,2308,4376,131,3230,7337,5,5,4,4,4,4,4,4,4,4
TCGA-AC-A2QJ-DX1_xmin36620_ymin8672_MPP-0.2500+108[1000].png,8081,2235,3209,1836,4817,1218,7175,5717,7032,7189,6,5,5,4,4,4,4,4,4,4
TCGA-AC-A2QJ-DX1_xmin36620_ymin8672_MPP-0.2500+109[1000].png,4817,2308,1869,6045,4250,915,8165,3088,6808,7880,6,4,4,4,4,4,4,4,4,4
TCGA-AC-A2QJ-DX1_xmin36620_ymin8672_MPP-0.2500+110[1000].png,1977,7880,5937,44,6678,2870,7134,4711,5780,5039,5,5,5,5,5,5,5,4,4,4
TCGA-AC-A2QJ-DX1_xmin36620_ymin8672_MPP-0.2500+111[1000].png,5780,3114,7134,594,8066,5410,4376,5797,1836,7695,7,5,4,4,4,4,4,4,4,4
TCGA-AC-A2QJ-DX1_xmin36620_ymin8672_MPP-0.2500+112[1000].png,3088,1836,3189,5098,6321,7357,2106,594,44,5428,6,6,5,5,5,4,4,4,4,4
TCGA-AC-A2QJ-DX1_xmin36620_ymin8672_MPP-0.2500+113[1000].png,8081,3176,3088,1716,7880,4711,1541,1842,8066,3209,7,6,5,5,5,5,4,4,4,4
TCGA-AC-A2QJ-DX1_xmin36620_ymin8672_MPP-0.2500+126[1000].png,3000,7134,2308,4711,1836,5163,781,3024,7649,352,7,6,5,4,4,4,4,4,4,4
TCGA-AC-A2QJ-DX1_xmin36620_ymin8672_MPP-0.2500+127[1000].png,3088,2977,3189,7589,4725,5913,4711,6807,2257,7134,7,6,5,4,4,4,4,4,4,4
TCGA-AC-A2QJ-DX1_xmin36620_ymin8672_MPP-0.2500+128[1000].png,4711,2967,4250,2336,7189,8081,3093,4247,131,2083,7,5,5,5,4,4,4,4,4,4
TCGA-AC-A2QJ-DX1_xmin36620_ymin8672_MPP-0.2500+129[1000].png,3088,781,581,4376,7501,6045,5213,4711,2998,2336,6,6,6,5,5,5,5,5,4,4
TCGA-AC-A2QJ-DX1_xmin36620_ymin8672_MPP-0.2500+130[1000].png,6678,5424,2198,3088,237,6795,5101,44,2235,5999,6,5,5,5,5,4,4,4,4,4
TCGA-AC-A2QJ-DX1_xmin36620_ymin8672_MPP-0.2500+131[1000].png,8110,1842,5023,7189,5946,4150,131,3044,3011,2666,5,5,5,5,4,4,4,4,4,4
TCGA-AC-A2QJ-DX1_xmin36620_ymin8672_MPP-0.2500+132[1000].png,4430,3230,3088,7733,4278,915,3044,3981,1357,1654,7,7,5,5,4,4,4,4,4,4
TCGA-AC-A2QJ-DX1_xmin36620_ymin8672_MPP-0.2500+13[1000].png,3088,915,7589,2666,44,7134,6652,2319,8148,5392,6,6,5,5,5,5,5,4,4,4
TCGA-AC-A2QJ-DX1_xmin36620_ymin8672_MPP-0.2500+145[1000].png,7134,4711,1508,3088,4817,1157,7337,688,1312,4376,6,5,5,5,5,4,4,4,4,4
TCGA-AC-A2QJ-DX1_xmin36620_ymin8672_MPP-0.2500+146[1000].png,5023,3088,237,4436,781,4261,6950,6702,3044,276,7,6,6,5,5,5,4,4,4,4
TCGA-AC-A2QJ-DX1_xmin36620_ymin8672_MPP-0.2500+147[1000].png,5063,2967,3088,5428,591,915,8081,6795,3500,7164,5,5,5,4,4,4,4,4,4,4
TCGA-AC-A2QJ-DX1_xmin36620_ymin8672_MPP-0.2500+148[1000].png,3230,3088,3841,7957,6814,2977,2308,7694,6919,2766,5,5,4,4,4,4,4,4,3,3
TCGA-AC-A2QJ-DX1_xmin36620_ymin8672_MPP-0.2500+149[1000].png,5780,2308,4817,1836,4480,4155,5603,2336,2249,6702,7,6,5,5,5,4,4,4,4,4
TCGA-AC-A2QJ-DX1_xmin36620_ymin8672_MPP-0.2500+14[1000].png,3526,6702,1157,215,2308,4251,2756,2502,7549,2666,6,6,5,5,5,5,4,4,4,4
TCGA-AC-A2QJ-DX1_xmin36620_ymin8672_MPP-0.2500+150[1000].png,1842,3088,3000,7549,2110,1897,4436,6054,7134,7189,6,5,4,4,4,4,4,4,4,4
TCGA-AC-A2QJ-DX1_xmin36620_ymin8672_MPP-0.2500+151[1000].png,3619,7024,7694,5780,7738,4711,6808,4693,3189,1280,5,4,4,4,4,4,4,4,4,4
TCGA-AC-A2QJ-DX1_xmin36620_ymin8672_MPP-0.2500+15[1000].png,3088,7089,8148,7880,1682,1977,4250,2308,1312,4711,9,7,6,5,5,5,4,4,4,4
TCGA-AC-A2QJ-DX1_xmin36620_ymin8672_MPP-0.2500+16[1000].png,5603,7337,3088,1842,1297,2870,1375,2493,3044,2308,5,5,5,5,4,4,4,4,4,4
TCGA-AC-A2QJ-DX1_xmin36620_ymin8672_MPP-0.2500+17[1000].png,145,9,237,2336,1682,781,5114,7733,5603,7549,6,5,5,5,4,4,4,4,4,4
TCGA-AC-A2QJ-DX1_xmin36620_ymin8672_MPP-0.2500+18[1000].png,6045,4711,4259,5097,5780,3209,1413,2967,5872,4501,8,6,5,5,5,5,4,4,4,4
TCGA-AC-A2QJ-DX1_xmin36620_ymin8672_MPP-0.2500+32[1000].png,3088,2308,6121,145,5780,7175,1977,5912,6321,1297,9,6,5,5,5,5,5,4,4,4
TCGA-AC-A2QJ-DX1_xmin36620_ymin8672_MPP-0.2500+33[1000].png,2308,5094,237,4150,2278,1842,6702,3088,4817,6628,6,6,6,5,5,5,5,5,5,4
TCGA-AC-A2QJ-DX1_xmin36620_ymin8672_MPP-0.2500+34[1000].png,2336,1682,2308,6192,7694,2870,7450,7089,3526,3836,6,6,5,4,4,4,4,4,4,4
TCGA-AC-A2QJ-DX1_xmin36620_ymin8672_MPP-0.2500+35[1000].png,5797,4817,1312,5780,746,7175,6623,3728,7165,4593,5,5,5,5,4,4,4,4,4,4
TCGA-AC-A2QJ-DX1_xmin36620_ymin8672_MPP-0.2500+36[1000].png,5780,3088,5999,2308,594,6045,3836,3889,5795,5392,6,6,5,5,5,5,5,4,4,4
TCGA-AC-A2QJ-DX1_xmin36620_ymin8672_MPP-0.2500+37[1000].png,781,7694,216,632,3044,1312,5780,2932,5603,3981,7,6,5,5,4,4,4,4,4,4
TCGA-AC-A2QJ-DX1_xmin36620_ymin8672_MPP-0.2500+51[1000].png,3088,5780,6892,4711,4817,2650,2235,3836,237,1218,5,5,5,4,4,4,4,4,4,4
TCGA-AC-A2QJ-DX1_xmin36620_ymin8672_MPP-0.2500+52[1000].png,6192,6045,6678,2308,7134,4112,1897,267,3088,1312,6,5,5,5,5,5,4,4,4,4
TCGA-AC-A2QJ-DX1_xmin36620_ymin8672_MPP-0.2500+53[1000].png,7549,5780,4340,2493,5795,4711,2644,1357,3209,3189,6,6,6,4,4,4,4,4,4,4
TCGA-AC-A2QJ-DX1_xmin36620_ymin8672_MPP-0.2500+54[1000].png,4711,3088,915,4817,7134,44,6264,5603,3841,6633,5,5,5,4,4,4,4,4,4,4
TCGA-AC-A2QJ-DX1_xmin36620_ymin8672_MPP-0.2500+55[1000].png,2308,5873,3088,2876,4376,5780,1312,3189,4166,5797,5,5,5,5,4,4,4,4,4,4
TCGA-AC-A2QJ-DX1_xmin36620_ymin8672_MPP-0.2500+56[1000].png,3836,3088,6222,3841,6772,6264,1836,331,7357,3209,7,5,4,4,4,4,4,4,4,4
TCGA-AC-A2QJ-DX1_xmin36620_ymin8672_MPP-0.2500+70[1000].png,2336,4817,3836,4693,5937,2990,5834,237,6892,5603,6,5,5,5,5,5,4,4,4,4
TCGA-AC-A2QJ-DX1_xmin36620_ymin8672_MPP-0.2500+71[1000].png,2278,5603,131,6678,3088,7880,6801,626,2932,2967,6,6,5,5,5,4,4,4,4,4
TCGA-AC-A2QJ-DX1_xmin36620_ymin8672_MPP-0.2500+72[1000].png,7189,3841,5872,3088,7899,6702,3189,6623,4977,1389,5,5,5,5,5,4,4,4,4,4
TCGA-AC-A2QJ-DX1_xmin36620_ymin8672_MPP-0.2500+73[1000].png,3536,3021,632,828,44,1682,4833,8081,7709,3088,6,5,5,5,5,4,4,4,4,4
TCGA-AC-A2QJ-DX1_xmin36620_ymin8672_MPP-0.2500+74[1000].png,6192,1463,168,7024,4376,6808,4286,124,1297,7695,5,5,4,4,4,4,4,4,4,4
TCGA-AC-A2QJ-DX1_xmin36620_ymin8672_MPP-0.2500+75[1000].png,5603,7549,1357,5203,7709,3209,7694,7880,4100,3088,6,6,6,5,5,5,5,5,5,5
TCGA-AC-A2QJ-DX1_xmin36620_ymin8672_MPP-0.2500+88[1000].png,4817,3088,7134,2226,515,6633,145,7957,7400,3487,8,7,5,5,4,4,4,4,4,4
TCGA-AC-A2QJ-DX1_xmin36620_ymin8672_MPP-0.2500+89[1000].png,7484,3836,5763,44,1836,1813,5101,4430,6979,2308,6,5,5,5,5,5,5,4,4,4
TCGA-AC-A2QJ-DX1_xmin36620_ymin8672_MPP-0.2500+90[1000].png,2666,44,836,781,7549,4711,2278,7400,5023,693,5,5,4,4,4,4,4,4,4,4
TCGA-AC-A2QJ-DX1_xmin36620_ymin8672_MPP-0.2500+91[1000].png,7089,6657,8081,3189,1842,6192,7101,7212,7430,6674,6,6,5,5,5,4,4,4,4,4
TCGA-AC-A2QJ-DX1_xmin36620_ymin8672_MPP-0.2500+92[1000].png,1682,3526,2278,5101,4112,331,5023,2293,3247,6795,8,6,5,5,4,4,4,4,4,4
TCGA-AC-A2QJ-DX1_xmin36620_ymin8672_MPP-0.2500+93[1000].png,7165,2308,5302,1311,2493,3088,840,3189,4711,7189,7,6,5,5,5,4,4,4,4,4
TCGA-AC-A2QJ-DX1_xmin36620_ymin8672_MPP-0.2500+94[1000].png,4817,7694,3044,1297,2815,8081,2308,6724,3889,7899,5,5,5,5,4,4,4,4,4,3
TCGA-AC-A6IW-DX1_xmin15387_ymin6222_MPP-0.2500+10[1000].png,6292,3195,2235,4080,2903,4250,5541,4278,5611,6192,4,4,4,4,4,4,4,4,4,4
TCGA-AC-A6IW-DX1_xmin15387_ymin6222_MPP-0.2500+11[1000].png,6054,4247,675,3823,5999,332,4045,8081,6321,1869,5,5,5,5,4,4,4,4,4,4
TCGA-AC-A6IW-DX1_xmin15387_ymin6222_MPP-0.2500+12[1000].png,5047,7212,4100,591,131,1357,3981,1842,8081,5213,7,4,4,4,4,3,3,3,3,3
TCGA-AC-A6IW-DX1_xmin15387_ymin6222_MPP-0.2500+22[1000].png,6475,256,1842,3088,131,1204,3823,3209,3189,3296,5,5,5,5,5,5,5,4,4,4
TCGA-AC-A6IW-DX1_xmin15387_ymin6222_MPP-0.2500+23[1000].png,7880,6036,6054,4817,322,836,131,186,3438,6931,5,5,4,4,4,4,4,4,4,4
TCGA-AC-A6IW-DX1_xmin15387_ymin6222_MPP-0.2500+24[1000].png,3088,7450,1869,3477,5099,2482,7189,8144,380,2907,5,5,5,5,5,4,4,4,4,4
TCGA-AC-A6IW-DX1_xmin15387_ymin6222_MPP-0.2500+25[1000].png,8110,267,4278,6979,5098,4817,7733,390,8082,2083,7,6,5,5,5,5,5,4,4,4
TCGA-AC-A6IW-DX1_xmin15387_ymin6222_MPP-0.2500+27[1000].png,352,4817,3189,7540,3836,6979,6931,3021,7738,1297,5,5,5,5,5,4,4,4,4,4
TCGA-AC-A6IW-DX1_xmin15387_ymin6222_MPP-0.2500+28[1000].png,371,7189,7733,2308,390,7916,130,4582,3209,5047,7,6,6,5,5,4,4,4,4,4
TCGA-AC-A6IW-DX1_xmin15387_ymin6222_MPP-0.2500+29[1000].png,2308,196,1413,145,7224,5213,1842,7450,840,688,6,5,5,4,4,4,4,4,4,4
TCGA-AC-A6IW-DX1_xmin15387_ymin6222_MPP-0.2500+36[1000].png,4711,216,516,404,7189,2400,332,836,1094,1977,5,5,5,5,4,4,4,4,4,4
TCGA-AC-A6IW-DX1_xmin15387_ymin6222_MPP-0.2500+37[1000].png,5235,5392,7101,2967,5741,7224,4817,4492,3114,7869,5,5,5,5,4,4,4,4,4,4
TCGA-AC-A6IW-DX1_xmin15387_ymin6222_MPP-0.2500+38[1000].png,7134,7694,1842,1312,3000,1373,6960,5872,7807,145,6,5,5,4,4,4,4,4,4,4
TCGA-AC-A6IW-DX1_xmin15387_ymin6222_MPP-0.2500+40[1000].png,237,196,2967,4817,3021,5780,7835,3000,5741,2226,7,6,6,5,5,4,4,4,4,4
TCGA-AC-A6IW-DX1_xmin15387_ymin6222_MPP-0.2500+41[1000].png,3209,4755,4965,1869,3618,2308,6702,7303,1373,1157,5,5,5,4,4,4,4,4,4,4
TCGA-AC-A6IW-DX1_xmin15387_ymin6222_MPP-0.2500+42[1000].png,8081,7134,2903,3032,6054,7880,3438,3433,7501,3230,5,5,5,4,4,4,4,4,4,4
TCGA-AC-A6IW-DX1_xmin15387_ymin6222_MPP-0.2500+43[1000].png,3088,6931,371,1413,4711,8082,5611,53,2299,145,7,7,7,5,5,5,5,5,4,4
TCGA-AC-A6IW-DX1_xmin15387_ymin6222_MPP-0.2500+50[1000].png,3230,7880,725,145,2000,6054,6782,3298,2021,7162,6,5,5,5,4,4,4,4,4,4
TCGA-AC-A6IW-DX1_xmin15387_ymin6222_MPP-0.2500+51[1000].png,1373,5780,3088,6192,2770,840,1297,2870,237,2903,6,5,5,5,4,4,4,4,4,4
TCGA-AC-A6IW-DX1_xmin15387_ymin6222_MPP-0.2500+54[1000].png,2028,2588,2326,7165,6979,1869,7824,6795,6782,8066,6,5,4,4,4,4,4,3,3,3
TCGA-AC-A6IW-DX1_xmin15387_ymin6222_MPP-0.2500+55[1000].png,1571,7089,4250,1842,5702,3527,697,4376,2876,3637,5,5,5,5,4,4,4,4,4,4
TCGA-AC-A6IW-DX1_xmin15387_ymin6222_MPP-0.2500+56[1000].png,2666,1842,7189,2278,7733,5166,3708,6908,6841,4998,6,5,5,4,4,4,4,4,4,3
TCGA-AC-A6IW-DX1_xmin15387_ymin6222_MPP-0.2500+63[1000].png,5999,7539,6018,7145,2588,2336,3823,7224,4080,3209,5,4,4,4,4,4,4,4,4,4
TCGA-AC-A6IW-DX1_xmin15387_ymin6222_MPP-0.2500+64[1000].png,3477,7337,5810,4278,7189,8008,237,5780,5999,1716,5,5,5,5,5,4,4,4,4,4
TCGA-AC-A6IW-DX1_xmin15387_ymin6222_MPP-0.2500+65[1000].png,7853,3981,7807,2903,3836,5717,2157,1842,4278,371,6,5,5,4,4,4,4,4,4,4
TCGA-AC-A6IW-DX1_xmin15387_ymin6222_MPP-0.2500+66[1000].png,1682,6782,4198,1613,2308,4063,1869,5937,76,6881,5,5,4,4,4,4,4,4,4,4
TCGA-AC-A6IW-DX1_xmin15387_ymin6222_MPP-0.2500+67[1000].png,3088,267,4430,2031,3477,3565,6931,2018,3036,1682,7,5,5,5,5,4,4,4,3,3
TCGA-AC-A6IW-DX1_xmin15387_ymin6222_MPP-0.2500+68[1000].png,4198,1460,6054,4711,3209,697,5023,6762,2903,6045,6,5,5,5,5,5,4,4,4,4
TCGA-AC-A6IW-DX1_xmin15387_ymin6222_MPP-0.2500+69[1000].png,3000,5834,3088,6809,2198,4947,7647,7089,4817,4755,7,5,5,4,4,4,4,4,4,4
TCGA-AC-A6IW-DX1_xmin15387_ymin6222_MPP-0.2500+70[1000].png,7134,2308,7222,1373,1367,5039,1842,7539,5996,2666,5,5,5,5,4,4,4,4,4,4
TCGA-AC-A6IW-DX1_xmin15387_ymin6222_MPP-0.2500+71[1000].png,5872,1413,1373,836,7189,6192,3230,6595,2907,5999,5,5,4,4,4,4,4,4,4,4
TCGA-AC-A6IW-DX1_xmin15387_ymin6222_MPP-0.2500+77[1000].png,3836,2870,2903,7807,2083,697,2482,4711,1280,7189,5,5,4,4,4,4,4,4,4,4
TCGA-AC-A6IW-DX1_xmin15387_ymin6222_MPP-0.2500+80[1000].png,1842,1413,2198,256,3326,3088,2801,7694,3021,6795,5,5,5,4,4,4,4,4,4,4
TCGA-AC-A6IW-DX1_xmin15387_ymin6222_MPP-0.2500+81[1000].png,2870,697,7222,1356,7189,1652,332,5810,6808,6809,5,5,5,5,5,4,4,4,4,4
TCGA-AC-A6IW-DX1_xmin15387_ymin6222_MPP-0.2500+82[1000].png,2330,3021,2308,3088,4250,4817,76,6054,8081,8076,5,5,5,5,5,4,4,4,4,4
TCGA-AC-A6IW-DX1_xmin15387_ymin6222_MPP-0.2500+83[1000].png,2031,4817,7165,3021,145,5780,2635,4711,2751,6830,6,5,5,5,4,4,4,4,4,4
TCGA-AC-A6IW-DX1_xmin15387_ymin6222_MPP-0.2500+84[1000].png,3477,5999,267,6711,6795,4259,8188,145,1373,5065,7,6,5,5,5,4,4,4,4,4
TCGA-AC-A6IW-DX1_xmin15387_ymin6222_MPP-0.2500+8[1000].png,4817,7016,3858,5098,256,3209,4673,5392,5094,1413,5,4,4,4,4,4,4,3,3,3
TCGA-AC-A6IW-DX1_xmin15387_ymin6222_MPP-0.2500+94[1000].png,2308,2028,1413,7733,1150,4833,5065,515,4817,6979,7,5,5,5,4,4,4,4,4,4
TCGA-AC-A6IW-DX1_xmin15387_ymin6222_MPP-0.2500+95[1000].png,3469,3088,3477,6960,6321,3526,6036,1204,5799,7016,5,5,4,4,4,4,4,4,4,4
TCGA-AC-A6IW-DX1_xmin15387_ymin6222_MPP-0.2500+96[1000].png,1842,6724,3469,7694,840,4711,5009,6618,7165,7007,6,5,5,4,4,4,3,3,3,3
TCGA-AC-A6IW-DX1_xmin15387_ymin6222_MPP-0.2500+97[1000].png,2028,5913,4100,7916,5392,4430,1842,2308,3021,3550,4,4,4,4,4,4,4,4,4,3
TCGA-AC-A6IW-DX1_xmin15387_ymin6222_MPP-0.2500+9[1000].png,267,4711,7165,4533,6121,6678,3282,5872,5799,1654,7,6,4,4,4,4,4,4,4,4
TCGA-AC-A7VC-DX1_xmin20658_ymin22410_MPP-0.2500+0[1000].png,7549,44,7189,4430,145,2967,4474,3204,5101,7134,7,5,5,5,5,5,4,4,4,4
TCGA-AC-A7VC-DX1_xmin20658_ymin22410_MPP-0.2500+100[1000].png,5611,5999,7442,7007,153,3684,3000,256,5717,3088,5,5,5,5,4,4,4,4,4,4
TCGA-AC-A7VC-DX1_xmin20658_ymin22410_MPP-0.2500+101[1000].png,1842,7189,6678,2194,6623,371,3836,6306,7416,2308,5,4,4,4,4,4,4,4,4,4
TCGA-AC-A7VC-DX1_xmin20658_ymin22410_MPP-0.2500+102[1000].png,4711,7222,6995,2903,4965,3088,1842,7694,1351,3836,5,4,4,4,4,4,4,4,3,3
TCGA-AC-A7VC-DX1_xmin20658_ymin22410_MPP-0.2500+103[1000].png,5797,1311,3526,1157,8081,2870,7249,34,2062,5780,5,5,4,4,4,4,4,4,4,4
TCGA-AC-A7VC-DX1_xmin20658_ymin22410_MPP-0.2500+104[1000].png,1842,4817,2493,6782,5797,7165,1297,6192,124,6809,7,5,5,4,4,4,4,4,4,4
TCGA-AC-A7VC-DX1_xmin20658_ymin22410_MPP-0.2500+105[1000].png,3230,7400,6570,7410,5780,1001,7212,7854,4817,22,6,5,5,5,5,5,5,4,4,4
TCGA-AC-A7VC-DX1_xmin20658_ymin22410_MPP-0.2500+109[1000].png,7212,4150,7189,516,7829,1150,144,1103,6194,5717,5,4,4,4,4,4,4,4,4,4
TCGA-AC-A7VC-DX1_xmin20658_ymin22410_MPP-0.2500+10[1000].png,6966,6192,5810,7591,6428,4379,6595,6702,3127,7549,5,5,4,4,4,4,4,4,4,4
TCGA-AC-A7VC-DX1_xmin20658_ymin22410_MPP-0.2500+110[1000].png,331,7165,453,1842,3044,1375,7149,5424,1836,7222,5,5,5,4,4,4,4,4,4,4
TCGA-AC-A7VC-DX1_xmin20658_ymin22410_MPP-0.2500+112[1000].png,5799,4604,6795,5433,2967,3088,5213,5702,1373,8016,5,4,4,4,4,4,4,4,4,3
TCGA-AC-A7VC-DX1_xmin20658_ymin22410_MPP-0.2500+113[1000].png,5611,3209,1373,3526,7733,4067,4436,44,3298,4116,5,4,4,4,4,4,4,3,3,3
TCGA-AC-A7VC-DX1_xmin20658_ymin22410_MPP-0.2500+114[1000].png,7189,7880,6808,131,2870,4278,3230,5717,216,3021,6,5,5,5,5,4,4,4,4,4
TCGA-AC-A7VC-DX1_xmin20658_ymin22410_MPP-0.2500+115[1000].png,1297,2967,7694,7589,8081,3088,1089,2308,1842,4080,5,5,4,4,4,4,4,4,4,4
TCGA-AC-A7VC-DX1_xmin20658_ymin22410_MPP-0.2500+116[1000].png,872,1842,3209,2349,840,2325,8144,7129,4034,6902,6,5,5,5,4,4,4,4,4,4
TCGA-AC-A7VC-DX1_xmin20658_ymin22410_MPP-0.2500+117[1000].png,5797,3836,1357,2967,4430,5611,5735,7612,267,5047,6,5,5,4,4,4,4,4,4,4
TCGA-AC-A7VC-DX1_xmin20658_ymin22410_MPP-0.2500+118[1000].png,5810,2990,145,872,1413,3326,4817,5872,6226,3858,5,5,5,4,4,4,4,4,4,3
TCGA-AC-A7VC-DX1_xmin20658_ymin22410_MPP-0.2500+119[1000].png,2493,5999,7337,5213,4711,2685,3836,5235,2967,3869,4,4,4,4,4,4,4,4,4,4
TCGA-AC-A7VC-DX1_xmin20658_ymin22410_MPP-0.2500+11[1000].png,4711,6054,2870,2278,6623,2688,3434,4666,697,131,10,6,5,4,4,4,4,4,4,4
TCGA-AC-A7VC-DX1_xmin20658_ymin22410_MPP-0.2500+120[1000].png,321,2031,2903,44,5428,6795,1842,7189,2493,4478,6,4,4,4,4,4,4,4,4,4
TCGA-AC-A7VC-DX1_xmin20658_ymin22410_MPP-0.2500+127[1000].png,1842,4250,4817,4711,7377,1682,6979,2308,5999,131,6,5,5,5,4,4,4,4,4,4
TCGA-AC-A7VC-DX1_xmin20658_ymin22410_MPP-0.2500+128[1000].png,1977,7089,5194,3260,4965,6222,4160,335,4476,131,5,4,4,4,4,4,4,4,4,3
TCGA-AC-A7VC-DX1_xmin20658_ymin22410_MPP-0.2500+129[1000].png,5999,804,5417,5023,131,5098,237,6194,5213,4711,5,5,5,4,4,4,4,4,4,4
TCGA-AC-A7VC-DX1_xmin20658_ymin22410_MPP-0.2500+12[1000].png,5780,34,6511,145,1842,8081,3268,5023,8110,2308,6,5,5,5,4,4,4,4,4,4
TCGA-AC-A7VC-DX1_xmin20658_ymin22410_MPP-0.2500+130[1000].png,7189,7007,131,267,352,4376,6219,3093,4150,8082,9,5,5,5,4,4,4,4,4,4
TCGA-AC-A7VC-DX1_xmin20658_ymin22410_MPP-0.2500+131[1000].png,5203,4711,7442,2990,145,3510,7695,2433,1842,1682,6,6,5,5,4,4,4,4,4,4
TCGA-AC-A7VC-DX1_xmin20658_ymin22410_MPP-0.2500+132[1000].png,7450,3088,7189,688,5999,7485,1842,914,835,3044,6,6,5,5,5,4,4,4,4,4
TCGA-AC-A7VC-DX1_xmin20658_ymin22410_MPP-0.2500+133[1000].png,4711,4817,5610,4725,1977,145,2903,5780,5392,6678,5,5,5,5,5,5,5,5,5,4
TCGA-AC-A7VC-DX1_xmin20658_ymin22410_MPP-0.2500+134[1000].png,1716,6966,3230,3247,6480,7134,5023,4711,5392,7165,7,5,5,5,4,4,4,4,4,4
TCGA-AC-A7VC-DX1_xmin20658_ymin22410_MPP-0.2500+135[1000].png,145,6657,7733,1869,6814,5872,6830,5999,2083,4376,7,5,4,4,4,4,4,4,4,4
TCGA-AC-A7VC-DX1_xmin20658_ymin22410_MPP-0.2500+136[1000].png,4817,3526,215,267,6702,2686,1911,332,7819,5606,4,4,4,4,4,4,4,4,4,4
TCGA-AC-A7VC-DX1_xmin20658_ymin22410_MPP-0.2500+139[1000].png,5780,6809,7880,7549,2308,6395,7876,3088,335,267,5,5,4,4,4,4,4,4,4,4
TCGA-AC-A7VC-DX1_xmin20658_ymin22410_MPP-0.2500+13[1000].png,7450,5780,6388,5213,5203,3088,4817,7222,6809,915,5,5,5,5,5,5,5,4,4,4
TCGA-AC-A7VC-DX1_xmin20658_ymin22410_MPP-0.2500+140[1000].png,6702,6054,3000,3048,840,516,5098,3088,6808,2644,5,4,4,4,4,4,4,4,4,4
TCGA-AC-A7VC-DX1_xmin20658_ymin22410_MPP-0.2500+141[1000].png,1842,3836,5392,7134,2308,2666,7695,2115,7078,6192,9,5,5,5,4,4,4,4,4,4
TCGA-AC-A7VC-DX1_xmin20658_ymin22410_MPP-0.2500+142[1000].png,4436,2967,7175,6809,3153,6757,1356,5254,4430,3631,5,5,4,4,4,4,3,3,3,3
TCGA-AC-A7VC-DX1_xmin20658_ymin22410_MPP-0.2500+143[1000].png,2870,3126,4762,332,6652,7694,781,237,153,6657,5,5,4,4,4,4,4,4,4,4
TCGA-AC-A7VC-DX1_xmin20658_ymin22410_MPP-0.2500+144[1000].png,4817,697,1842,3836,6628,4497,2278,7628,3207,7352,5,5,4,4,4,4,4,4,3,3
TCGA-AC-A7VC-DX1_xmin20658_ymin22410_MPP-0.2500+145[1000].png,44,7694,6045,4774,6121,3268,130,7337,6869,3823,6,6,5,4,4,4,4,4,4,4
TCGA-AC-A7VC-DX1_xmin20658_ymin22410_MPP-0.2500+146[1000].png,267,7093,1357,7733,7694,3442,972,44,4604,7091,5,5,4,4,4,4,4,4,3,3
TCGA-AC-A7VC-DX1_xmin20658_ymin22410_MPP-0.2500+147[1000].png,145,2028,7595,8082,4286,836,4711,5717,1476,4376,6,6,5,4,4,4,4,4,4,4
TCGA-AC-A7VC-DX1_xmin20658_ymin22410_MPP-0.2500+148[1000].png,1842,1218,131,3088,6547,7189,6724,4100,5392,2967,6,5,5,5,4,4,4,4,4,4
TCGA-AC-A7VC-DX1_xmin20658_ymin22410_MPP-0.2500+149[1000].png,3088,7007,267,3024,6657,2336,5999,2486,7612,543,7,6,6,5,5,5,4,4,4,4
TCGA-AC-A7VC-DX1_xmin20658_ymin22410_MPP-0.2500+14[1000].png,5203,3230,3801,2609,5999,1775,267,7032,352,8081,4,4,4,4,4,4,4,4,4,4
TCGA-AC-A7VC-DX1_xmin20658_ymin22410_MPP-0.2500+150[1000].png,6045,4559,578,594,1312,4817,3044,4150,8148,2482,6,5,4,4,4,4,4,4,4,4
TCGA-AC-A7VC-DX1_xmin20658_ymin22410_MPP-0.2500+151[1000].png,5213,2083,7880,3971,958,144,7360,510,4476,2226,6,5,5,5,5,4,4,4,4,4
TCGA-AC-A7VC-DX1_xmin20658_ymin22410_MPP-0.2500+152[1000].png,389,5428,2278,5203,7152,5999,145,4559,1911,1842,5,5,5,4,4,4,4,4,4,4
TCGA-AC-A7VC-DX1_xmin20658_ymin22410_MPP-0.2500+153[1000].png,8081,1842,7501,190,6678,4430,5937,3434,6711,4711,7,5,5,4,4,4,4,4,4,4
TCGA-AC-A7VC-DX1_xmin20658_ymin22410_MPP-0.2500+154[1000].png,3088,5999,145,7165,8081,2493,6054,3618,7694,6502,5,5,5,4,4,4,4,4,4,4
TCGA-AC-A7VC-DX1_xmin20658_ymin22410_MPP-0.2500+155[1000].png,4711,2870,7134,8144,3029,594,2308,1157,516,2770,6,5,5,4,4,4,4,4,4,4
TCGA-AC-A7VC-DX1_xmin20658_ymin22410_MPP-0.2500+156[1000].png,3088,1842,4711,4430,2308,3000,7189,7149,368,2870,8,8,7,6,5,5,5,4,4,4
TCGA-AC-A7VC-DX1_xmin20658_ymin22410_MPP-0.2500+157[1000].png,1297,215,7880,4559,6809,3526,475,781,1312,872,7,5,5,4,4,4,4,4,4,4
TCGA-AC-A7VC-DX1_xmin20658_ymin22410_MPP-0.2500+158[1000].png,8082,7442,1813,371,2870,3986,5999,5203,5428,5763,6,5,5,5,4,4,4,4,4,4
TCGA-AC-A7VC-DX1_xmin20658_ymin22410_MPP-0.2500+159[1000].png,1297,1842,5717,7164,7880,2609,389,4711,3254,5741,6,5,5,5,4,4,4,4,4,4
TCGA-AC-A7VC-DX1_xmin20658_ymin22410_MPP-0.2500+15[1000].png,1373,6623,6966,44,144,675,6702,7880,7175,8016,5,5,5,4,4,4,4,4,4,4
TCGA-AC-A7VC-DX1_xmin20658_ymin22410_MPP-0.2500+160[1000].png,7189,131,932,2136,44,3209,5718,8003,8066,267,8,7,4,4,4,4,4,4,4,3
TCGA-AC-A7VC-DX1_xmin20658_ymin22410_MPP-0.2500+161[1000].png,2903,1967,6782,5098,237,5718,5023,3836,6657,3044,5,4,4,4,4,4,4,4,4,4
TCGA-AC-A7VC-DX1_xmin20658_ymin22410_MPP-0.2500+162[1000].png,267,1682,5717,1842,5357,581,7694,5477,6265,1389,6,5,5,5,4,4,4,4,4,4
TCGA-AC-A7VC-DX1_xmin20658_ymin22410_MPP-0.2500+163[1000].png,3088,7189,5472,335,4711,1150,6809,5780,6354,4282,6,5,5,4,4,4,4,4,4,4
TCGA-AC-A7VC-DX1_xmin20658_ymin22410_MPP-0.2500+164[1000].png,1150,3088,2336,4261,4198,335,5603,267,872,6979,5,5,4,4,4,4,4,4,4,3
TCGA-AC-A7VC-DX1_xmin20658_ymin22410_MPP-0.2500+165[1000].png,5716,215,3021,7540,3268,7647,5039,5810,3182,6395,6,5,5,5,4,4,4,4,4,4
TCGA-AC-A7VC-DX1_xmin20658_ymin22410_MPP-0.2500+166[1000].png,2686,7189,4436,3209,1842,1311,6892,3971,5702,2774,11,5,5,4,4,4,4,4,4,4
TCGA-AC-A7VC-DX1_xmin20658_ymin22410_MPP-0.2500+16[1000].png,1905,7442,3434,4711,8066,216,662,2903,1682,6795,6,5,5,4,4,4,4,4,4,4
TCGA-AC-A7VC-DX1_xmin20658_ymin22410_MPP-0.2500+170[1000].png,2685,1842,839,2093,2308,7895,3189,1869,1297,3527,5,5,5,4,4,4,4,4,4,4
TCGA-AC-A7VC-DX1_xmin20658_ymin22410_MPP-0.2500+171[1000].png,2666,7591,4198,7750,7007,1297,2278,8082,3088,7694,5,5,4,4,4,4,4,4,4,4
TCGA-AC-A7VC-DX1_xmin20658_ymin22410_MPP-0.2500+172[1000].png,1842,8066,7694,3209,1413,8081,1280,5213,5780,6321,6,5,5,5,4,4,4,4,4,4
TCGA-AC-A7VC-DX1_xmin20658_ymin22410_MPP-0.2500+173[1000].png,4430,7189,5392,3487,5433,5982,8082,1905,4711,5213,6,6,5,5,5,4,4,4,4,4
TCGA-AC-A7VC-DX1_xmin20658_ymin22410_MPP-0.2500+174[1000].png,267,2308,3209,4430,4711,6964,2870,7694,7089,3044,8,5,5,5,5,4,4,4,4,4
TCGA-AC-A7VC-DX1_xmin20658_ymin22410_MPP-0.2500+175[1000].png,7880,130,1001,4278,612,5203,34,8066,4817,4821,5,5,4,4,4,4,4,4,4,4
TCGA-AC-A7VC-DX1_xmin20658_ymin22410_MPP-0.2500+176[1000].png,331,4817,6536,2031,4194,5873,7165,1842,1297,3208,5,5,4,4,4,4,4,4,4,4
TCGA-AC-A7VC-DX1_xmin20658_ymin22410_MPP-0.2500+177[1000].png,3088,7134,1297,2482,7032,7470,5203,1508,281,4376,5,5,5,5,4,4,4,4,4,4
TCGA-AC-A7VC-DX1_xmin20658_ymin22410_MPP-0.2500+178[1000].png,3088,5999,3836,1311,7612,7880,131,44,1613,6657,8,7,6,6,5,5,4,4,4,4
TCGA-AC-A7VC-DX1_xmin20658_ymin22410_MPP-0.2500+179[1000].png,3209,1842,2308,404,3230,5780,4947,5701,5166,1836,6,6,5,5,5,5,4,4,4,4
TCGA-AC-A7VC-DX1_xmin20658_ymin22410_MPP-0.2500+17[1000].png,4711,4911,2650,2997,4560,267,1025,4068,215,6045,5,5,5,4,4,4,4,4,4,3
TCGA-AC-A7VC-DX1_xmin20658_ymin22410_MPP-0.2500+184[1000].png,371,6428,5207,4215,2493,4278,3346,7089,3088,1977,6,5,4,4,4,4,4,4,4,4
TCGA-AC-A7VC-DX1_xmin20658_ymin22410_MPP-0.2500+185[1000].png,4817,6782,6830,4430,2766,3094,6623,7134,3200,3836,6,6,5,5,5,5,4,4,4,4
TCGA-AC-A7VC-DX1_xmin20658_ymin22410_MPP-0.2500+186[1000].png,2870,4817,7880,1312,7599,1413,5023,1297,7647,1586,6,5,5,5,5,5,5,4,4,4
TCGA-AC-A7VC-DX1_xmin20658_ymin22410_MPP-0.2500+187[1000].png,7880,124,1356,6655,1008,4774,186,1682,3908,6809,7,5,4,4,4,4,4,4,4,4
TCGA-AC-A7VC-DX1_xmin20658_ymin22410_MPP-0.2500+188[1000].png,5606,8081,8066,4080,5810,2180,7337,4833,7869,3729,6,5,4,4,4,4,4,4,4,3
TCGA-AC-A7VC-DX1_xmin20658_ymin22410_MPP-0.2500+189[1000].png,6807,1842,5213,2776,6782,1367,4606,1312,5392,4993,7,6,5,5,5,4,4,4,4,4
TCGA-AC-A7VC-DX1_xmin20658_ymin22410_MPP-0.2500+18[1000].png,4711,6054,915,1652,1977,6829,1842,3836,2336,5097,7,5,5,4,4,4,4,4,4,4
TCGA-AC-A7VC-DX1_xmin20658_ymin22410_MPP-0.2500+190[1000].png,7134,4711,697,8148,6219,4817,3151,4693,145,7959,6,6,5,5,5,5,5,4,4,4
TCGA-AC-A7VC-DX1_xmin20658_ymin22410_MPP-0.2500+191[1000].png,267,4160,3209,5392,5797,7007,3230,4250,7869,5023,8,5,5,5,5,5,5,4,4,4
TCGA-AC-A7VC-DX1_xmin20658_ymin22410_MPP-0.2500+192[1000].png,6702,7876,1842,3088,6536,4817,7165,7957,7400,2028,6,5,5,5,5,4,4,4,4,4
TCGA-AC-A7VC-DX1_xmin20658_ymin22410_MPP-0.2500+193[1000].png,8081,6966,5735,7089,131,2018,6480,267,281,3088,6,6,5,5,4,4,4,4,4,4
TCGA-AC-A7VC-DX1_xmin20658_ymin22410_MPP-0.2500+194[1000].png,3908,8041,839,44,7442,2308,4711,3044,335,237,5,5,5,4,4,4,4,4,4,4
TCGA-AC-A7VC-DX1_xmin20658_ymin22410_MPP-0.2500+199[1000].png,5735,6678,1613,267,5039,6446,7089,131,4711,693,6,5,5,5,5,5,5,4,4,4
TCGA-AC-A7VC-DX1_xmin20658_ymin22410_MPP-0.2500+19[1000].png,215,8003,5797,6966,7869,3526,1842,3088,4774,2021,5,5,5,4,4,4,4,4,3,3
TCGA-AC-A7VC-DX1_xmin20658_ymin22410_MPP-0.2500+1[1000].png,7089,3230,237,6960,2106,44,601,4199,553,4859,6,5,5,5,5,4,4,4,4,4
TCGA-AC-A7VC-DX1_xmin20658_ymin22410_MPP-0.2500+200[1000].png,1842,4376,5702,2967,2308,3189,6633,3835,7224,3268,6,5,5,4,4,4,4,4,4,4
TCGA-AC-A7VC-DX1_xmin20658_ymin22410_MPP-0.2500+201[1000].png,3088,1842,4817,2502,3836,1613,7869,516,8073,5101,6,6,5,4,4,4,4,4,4,4
TCGA-AC-A7VC-DX1_xmin20658_ymin22410_MPP-0.2500+202[1000].png,5780,145,2812,8066,8144,7695,3088,3144,6702,6678,6,6,5,5,4,4,4,4,4,4
TCGA-AC-A7VC-DX1_xmin20658_ymin22410_MPP-0.2500+203[1000].png,3088,830,1977,5999,3346,1811,3268,1375,1297,2349,8,5,5,5,4,4,4,4,4,4
TCGA-AC-A7VC-DX1_xmin20658_ymin22410_MPP-0.2500+204[1000].png,1842,3088,5780,267,7165,3417,5810,3209,352,8016,7,6,5,5,5,4,4,4,4,4
TCGA-AC-A7VC-DX1_xmin20658_ymin22410_MPP-0.2500+205[1000].png,145,4198,6657,4250,44,335,3836,3209,1842,1857,6,6,6,6,6,6,5,5,5,5
TCGA-AC-A7VC-DX1_xmin20658_ymin22410_MPP-0.2500+206[1000].png,131,4376,44,5023,1836,4817,5999,1297,7599,4369,6,6,5,5,5,4,4,4,4,4
TCGA-AC-A7VC-DX1_xmin20658_ymin22410_MPP-0.2500+207[1000].png,1842,3000,3088,4817,6121,5780,8110,6808,7540,8081,7,7,6,5,5,5,5,4,4,4
TCGA-AC-A7VC-DX1_xmin20658_ymin22410_MPP-0.2500+208[1000].png,3088,3836,7089,5999,3209,4376,4861,1869,5490,7134,6,5,5,5,4,4,4,4,4,4
TCGA-AC-A7VC-DX1_xmin20658_ymin22410_MPP-0.2500+209[1000].png,1682,1373,4711,4430,2308,6807,2493,7694,2031,1297,5,5,5,5,4,4,4,4,4,4
TCGA-AC-A7VC-DX1_xmin20658_ymin22410_MPP-0.2500+20[1000].png,1842,5498,7539,162,6652,1311,836,4859,4833,7721,5,4,4,4,4,4,3,3,3,3
TCGA-AC-A7VC-DX1_xmin20658_ymin22410_MPP-0.2500+213[1000].png,7134,131,4691,2685,1842,7324,2770,6652,3526,2931,6,6,5,4,4,4,4,4,4,4
TCGA-AC-A7VC-DX1_xmin20658_ymin22410_MPP-0.2500+214[1000].png,4817,145,7880,7695,2308,1836,4430,5023,5717,3526,7,6,6,5,5,5,5,4,4,4
TCGA-AC-A7VC-DX1_xmin20658_ymin22410_MPP-0.2500+215[1000].png,6782,131,1842,2083,5717,4817,1367,7869,5101,5673,7,7,5,5,5,5,5,4,4,4
TCGA-AC-A7VC-DX1_xmin20658_ymin22410_MPP-0.2500+216[1000].png,1842,4817,7721,4947,2278,7212,1094,4430,1157,6036,8,6,6,5,5,5,5,5,4,4
TCGA-AC-A7VC-DX1_xmin20658_ymin22410_MPP-0.2500+217[1000].png,5716,4711,186,3088,2870,2330,5872,4351,3144,1001,6,5,5,4,4,4,4,4,4,4
TCGA-AC-A7VC-DX1_xmin20658_ymin22410_MPP-0.2500+218[1000].png,8081,4311,2686,6388,7303,3469,4968,3836,1836,3893,6,4,4,4,4,4,4,4,4,4
TCGA-AC-A7VC-DX1_xmin20658_ymin22410_MPP-0.2500+219[1000].png,1373,7189,6388,4711,4693,5494,4376,8081,5735,1716,5,5,5,4,4,4,4,4,4,4
TCGA-AC-A7VC-DX1_xmin20658_ymin22410_MPP-0.2500+21[1000].png,1298,5717,3088,6966,4755,4559,6321,1541,516,7165,5,5,5,5,4,4,4,4,4,4
TCGA-AC-A7VC-DX1_xmin20658_ymin22410_MPP-0.2500+220[1000].png,3209,7869,2336,1356,4160,3836,2766,3268,2967,8144,5,4,4,4,4,4,4,4,4,4
TCGA-AC-A7VC-DX1_xmin20658_ymin22410_MPP-0.2500+221[1000].png,3088,3151,7647,3044,3144,693,8082,1508,840,6678,9,6,6,5,4,4,4,4,4,3
TCGA-AC-A7VC-DX1_xmin20658_ymin22410_MPP-0.2500+222[1000].png,3044,6192,2028,3189,7880,131,3088,2336,6727,773,6,5,4,4,4,4,4,4,4,4
TCGA-AC-A7VC-DX1_xmin20658_ymin22410_MPP-0.2500+223[1000].png,237,7189,7165,4817,6121,1298,4527,5780,34,7149,6,6,6,5,4,4,4,4,4,4
TCGA-AC-A7VC-DX1_xmin20658_ymin22410_MPP-0.2500+224[1000].png,6724,4711,2903,5834,3189,7880,3088,2666,4376,1297,7,6,5,5,5,4,4,4,4,4
TCGA-AC-A7VC-DX1_xmin20658_ymin22410_MPP-0.2500+228[1000].png,516,8110,1836,352,7694,131,5913,5780,3088,4859,6,6,6,5,5,5,5,4,4,4
TCGA-AC-A7VC-DX1_xmin20658_ymin22410_MPP-0.2500+229[1000].png,2235,5872,8081,5717,7165,6628,5780,6192,5499,2336,5,5,5,5,4,4,4,4,4,4
TCGA-AC-A7VC-DX1_xmin20658_ymin22410_MPP-0.2500+22[1000].png,8081,7599,2336,4436,4711,4430,2083,2903,1373,7750,6,5,5,5,5,4,4,4,4,4
TCGA-AC-A7VC-DX1_xmin20658_ymin22410_MPP-0.2500+230[1000].png,3088,5718,4080,1842,131,4711,168,4725,7880,2493,5,5,4,4,4,4,4,4,4,4
TCGA-AC-A7VC-DX1_xmin20658_ymin22410_MPP-0.2500+231[1000].png,237,130,3088,1811,4376,6678,6766,7733,7007,840,5,5,4,4,4,4,4,4,4,4
TCGA-AC-A7VC-DX1_xmin20658_ymin22410_MPP-0.2500+232[1000].png,4817,7694,3151,6354,1682,5118,130,1218,34,1312,6,5,5,5,5,4,4,4,4,4
TCGA-AC-A7VC-DX1_xmin20658_ymin22410_MPP-0.2500+233[1000].png,4817,5433,6808,2308,1836,8000,7450,4430,2967,2903,7,7,5,5,5,4,4,4,4,4
TCGA-AC-A7VC-DX1_xmin20658_ymin22410_MPP-0.2500+234[1000].png,4250,5780,8081,2336,5718,8037,352,1905,5023,1869,9,6,5,5,5,5,5,4,4,4
TCGA-AC-A7VC-DX1_xmin20658_ymin22410_MPP-0.2500+235[1000].png,3088,3189,5065,693,3708,1218,4711,7024,4250,8126,8,5,5,5,5,5,4,4,4,4
TCGA-AC-A7VC-DX1_xmin20658_ymin22410_MPP-0.2500+236[1000].png,3189,4436,1842,6782,5023,5702,2482,6652,3000,7880,7,5,5,4,4,4,4,4,4,4
TCGA-AC-A7VC-DX1_xmin20658_ymin22410_MPP-0.2500+237[1000].png,215,7589,4711,1813,6795,267,6966,1571,262,1696,6,5,5,5,4,4,4,4,4,3
TCGA-AC-A7VC-DX1_xmin20658_ymin22410_MPP-0.2500+238[1000].png,4430,4817,145,7599,2308,5065,5098,697,3209,7591,7,6,5,5,5,5,4,4,4,4
TCGA-AC-A7VC-DX1_xmin20658_ymin22410_MPP-0.2500+239[1000].png,145,3209,2308,6905,2194,7612,6702,34,6192,2278,5,5,5,5,5,5,5,5,4,4
TCGA-AC-A7VC-DX1_xmin20658_ymin22410_MPP-0.2500+23[1000].png,7249,1813,5202,1842,321,3501,1571,3836,6571,601,7,5,5,5,5,4,4,4,4,4
TCGA-AC-A7VC-DX1_xmin20658_ymin22410_MPP-0.2500+243[1000].png,3836,7134,7189,5392,4160,7694,4817,6192,581,6623,7,7,6,6,6,5,5,5,5,4
TCGA-AC-A7VC-DX1_xmin20658_ymin22410_MPP-0.2500+244[1000].png,2876,237,5810,6808,3044,2031,2028,4817,5717,6678,5,5,5,4,4,4,4,4,4,4
TCGA-AC-A7VC-DX1_xmin20658_ymin22410_MPP-0.2500+245[1000].png,1842,267,3209,4817,5780,237,4250,6045,145,8016,7,6,5,5,5,4,4,4,4,4
TCGA-AC-A7VC-DX1_xmin20658_ymin22410_MPP-0.2500+246[1000].png,3088,6306,7134,8049,7089,3526,7733,267,8081,1842,9,7,6,5,5,5,5,5,5,4
TCGA-AC-A7VC-DX1_xmin20658_ymin22410_MPP-0.2500+247[1000].png,3088,5780,6227,5999,1842,5717,7140,7165,7880,2540,6,5,5,5,5,5,4,4,4,4
TCGA-AC-A7VC-DX1_xmin20658_ymin22410_MPP-0.2500+248[1000].png,7134,3836,1682,5717,4250,3088,7189,2308,1312,7089,6,6,5,5,5,4,4,4,4,4
TCGA-AC-A7VC-DX1_xmin20658_ymin22410_MPP-0.2500+249[1000].png,352,7189,2493,6321,4251,7694,44,1150,4817,2876,7,5,5,5,5,5,5,5,5,4
TCGA-AC-A7VC-DX1_xmin20658_ymin22410_MPP-0.2500+24[1000].png,1869,4711,2308,4817,3823,5717,5780,3209,2903,6620,6,6,4,4,4,4,4,3,3,3
TCGA-AC-A7VC-DX1_xmin20658_ymin22410_MPP-0.2500+250[1000].png,5203,145,4376,267,8148,1833,237,7153,8081,2756,6,5,5,5,4,4,4,4,4,4
TCGA-AC-A7VC-DX1_xmin20658_ymin22410_MPP-0.2500+251[1000].png,4711,5392,3527,4410,4282,6509,2336,6807,2903,3088,8,6,4,4,4,4,4,4,4,4
TCGA-AC-A7VC-DX1_xmin20658_ymin22410_MPP-0.2500+252[1000].png,1842,4259,6702,3477,516,335,4711,2967,1813,2292,6,5,5,5,4,4,4,4,4,4
TCGA-AC-A7VC-DX1_xmin20658_ymin22410_MPP-0.2500+253[1000].png,3088,5810,237,5999,872,3836,4430,7549,5428,7733,6,5,5,5,4,4,4,4,4,4
TCGA-AC-A7VC-DX1_xmin20658_ymin22410_MPP-0.2500+254[1000].png,1682,7450,6807,2903,2308,44,5780,3088,4711,1440,6,6,5,5,5,5,5,5,4,4
TCGA-AC-A7VC-DX1_xmin20658_ymin22410_MPP-0.2500+25[1000].png,5099,3836,331,2903,267,76,6711,4817,3021,1842,5,5,5,5,4,4,4,4,4,4
TCGA-AC-A7VC-DX1_xmin20658_ymin22410_MPP-0.2500+26[1000].png,7599,3209,7880,5499,5717,2903,2476,6054,2885,6219,6,6,5,4,4,4,4,4,4,4
TCGA-AC-A7VC-DX1_xmin20658_ymin22410_MPP-0.2500+27[1000].png,335,7733,8066,915,5716,3088,8148,7219,2411,4711,6,6,5,5,4,4,4,4,4,4
TCGA-AC-A7VC-DX1_xmin20658_ymin22410_MPP-0.2500+28[1000].png,5702,267,8049,1297,4817,725,404,389,3209,6354,6,6,5,5,5,4,4,4,4,4
TCGA-AC-A7VC-DX1_xmin20658_ymin22410_MPP-0.2500+29[1000].png,6652,145,131,3088,1842,4080,2990,2766,4278,6657,6,6,6,6,4,4,4,4,4,4
TCGA-AC-A7VC-DX1_xmin20658_ymin22410_MPP-0.2500+2[1000].png,5780,5213,612,4593,1813,7523,7733,6657,8066,4711,5,4,4,4,4,4,4,4,4,4
TCGA-AC-A7VC-DX1_xmin20658_ymin22410_MPP-0.2500+30[1000].png,4817,1842,5780,2967,1682,6809,335,7189,3151,541,6,5,5,5,4,4,4,4,4,4
TCGA-AC-A7VC-DX1_xmin20658_ymin22410_MPP-0.2500+31[1000].png,1842,5023,2028,2541,4278,4559,2967,5763,8140,2903,7,5,4,4,4,4,4,4,4,4
TCGA-AC-A7VC-DX1_xmin20658_ymin22410_MPP-0.2500+32[1000].png,6219,4711,2249,1218,6321,267,3209,3469,949,6950,5,5,4,4,4,4,4,4,4,4
TCGA-AC-A7VC-DX1_xmin20658_ymin22410_MPP-0.2500+33[1000].png,1842,7733,4711,6269,2194,6808,1652,7189,2932,5842,6,5,5,5,5,4,4,4,4,4
TCGA-AC-A7VC-DX1_xmin20658_ymin22410_MPP-0.2500+34[1000].png,2990,44,3021,6809,5937,1842,335,1613,144,4817,5,5,4,4,4,4,4,4,4,4
TCGA-AC-A7VC-DX1_xmin20658_ymin22410_MPP-0.2500+35[1000].png,1813,145,2083,5424,7091,4270,697,4968,4377,4715,6,5,4,4,4,4,4,3,3,3
TCGA-AC-A7VC-DX1_xmin20658_ymin22410_MPP-0.2500+36[1000].png,1813,4817,4559,44,371,267,840,7119,4436,5872,5,4,4,4,4,4,4,4,4,4
TCGA-AC-A7VC-DX1_xmin20658_ymin22410_MPP-0.2500+37[1000].png,7089,3088,3209,6720,335,44,4160,4602,145,8082,5,5,5,4,4,4,4,4,4,4
TCGA-AC-A7VC-DX1_xmin20658_ymin22410_MPP-0.2500+38[1000].png,7249,1311,3466,1869,5207,958,4817,2650,4972,2776,6,5,5,5,4,4,4,4,4,4
TCGA-AC-A7VC-DX1_xmin20658_ymin22410_MPP-0.2500+39[1000].png,331,267,8082,7149,5433,7014,1038,4559,2359,6984,6,5,5,5,4,4,4,4,4,4
TCGA-AC-A7VC-DX1_xmin20658_ymin22410_MPP-0.2500+3[1000].png,1842,3044,8081,4290,5859,331,2493,4436,1375,5610,6,5,5,4,4,4,4,4,4,4
TCGA-AC-A7VC-DX1_xmin20658_ymin22410_MPP-0.2500+40[1000].png,4711,1842,2609,8016,331,7410,5999,3836,3684,2817,6,6,6,5,4,4,4,4,4,4
TCGA-AC-A7VC-DX1_xmin20658_ymin22410_MPP-0.2500+41[1000].png,352,5999,3841,4250,4199,7880,7189,6807,4160,331,7,6,5,5,5,5,4,4,4,4
TCGA-AC-A7VC-DX1_xmin20658_ymin22410_MPP-0.2500+42[1000].png,2967,5392,7007,4100,296,6217,3896,781,3841,2870,7,4,4,4,4,4,4,4,4,4
TCGA-AC-A7VC-DX1_xmin20658_ymin22410_MPP-0.2500+43[1000].png,1842,2326,5611,7134,7189,651,7089,6931,4817,352,6,5,5,5,5,4,4,4,4,4
TCGA-AC-A7VC-DX1_xmin20658_ymin22410_MPP-0.2500+44[1000].png,4278,2031,6509,332,4606,4155,131,1842,34,7189,5,5,5,5,4,4,4,4,4,4
TCGA-AC-A7VC-DX1_xmin20658_ymin22410_MPP-0.2500+45[1000].png,2249,8000,2493,2359,186,267,5797,1652,2630,4376,5,4,4,4,4,4,4,4,4,4
TCGA-AC-A7VC-DX1_xmin20658_ymin22410_MPP-0.2500+46[1000].png,2870,5702,8081,5780,1150,2267,5047,7733,3088,2320,5,5,5,5,4,4,4,4,4,4
TCGA-AC-A7VC-DX1_xmin20658_ymin22410_MPP-0.2500+47[1000].png,1842,4533,6652,1869,4436,3000,7869,1654,7612,6265,9,6,6,5,5,4,4,4,4,4
TCGA-AC-A7VC-DX1_xmin20658_ymin22410_MPP-0.2500+48[1000].png,5872,8144,3209,8081,2919,7694,1979,7750,4711,4150,6,5,5,5,5,4,4,4,4,4
TCGA-AC-A7VC-DX1_xmin20658_ymin22410_MPP-0.2500+49[1000].png,781,516,4494,1297,1311,3268,4436,7599,1897,47,6,5,5,5,4,4,4,4,3,3
TCGA-AC-A7VC-DX1_xmin20658_ymin22410_MPP-0.2500+4[1000].png,215,267,3044,8082,4080,352,5515,3094,3189,5235,5,5,5,5,5,4,4,4,4,4
TCGA-AC-A7VC-DX1_xmin20658_ymin22410_MPP-0.2500+50[1000].png,1280,3836,1297,4606,1633,7848,3088,2967,4711,4817,5,5,4,4,4,4,4,4,4,4
TCGA-AC-A7VC-DX1_xmin20658_ymin22410_MPP-0.2500+51[1000].png,1297,1373,4430,4559,781,2990,215,1311,418,5735,5,5,5,4,4,4,4,4,3,3
TCGA-AC-A7VC-DX1_xmin20658_ymin22410_MPP-0.2500+52[1000].png,5213,2028,2336,7595,5780,5606,898,6491,145,1977,9,6,5,4,4,4,4,4,4,4
TCGA-AC-A7VC-DX1_xmin20658_ymin22410_MPP-0.2500+53[1000].png,4559,332,1652,8041,3597,4965,6054,2430,7078,4480,6,5,5,4,4,4,4,3,3,3
TCGA-AC-A7VC-DX1_xmin20658_ymin22410_MPP-0.2500+54[1000].png,516,7222,7647,1001,7189,7089,7134,2308,384,3176,7,6,5,5,5,4,4,4,4,4
TCGA-AC-A7VC-DX1_xmin20658_ymin22410_MPP-0.2500+55[1000].png,4693,4711,1836,124,1842,7895,267,5854,794,7175,6,5,5,5,4,4,4,4,4,4
TCGA-AC-A7VC-DX1_xmin20658_ymin22410_MPP-0.2500+56[1000].png,7485,2031,2308,4817,267,4642,675,2278,5717,8000,6,5,5,5,5,4,4,4,4,4
TCGA-AC-A7VC-DX1_xmin20658_ymin22410_MPP-0.2500+57[1000].png,7134,6227,1977,1218,6571,3209,5735,5433,6318,3841,8,5,5,5,5,4,4,4,4,4
TCGA-AC-A7VC-DX1_xmin20658_ymin22410_MPP-0.2500+58[1000].png,4376,6045,3114,5717,6480,1356,5302,6814,1157,1842,7,5,4,4,4,4,4,4,4,4
TCGA-AC-A7VC-DX1_xmin20658_ymin22410_MPP-0.2500+59[1000].png,3088,3011,2493,267,5702,7880,8082,2194,1311,4817,7,6,6,6,6,5,5,4,4,4
TCGA-AC-A7VC-DX1_xmin20658_ymin22410_MPP-0.2500+5[1000].png,1842,4430,216,6795,2083,5780,2780,190,4369,331,6,5,5,5,4,4,4,4,4,4
TCGA-AC-A7VC-DX1_xmin20658_ymin22410_MPP-0.2500+60[1000].png,1682,5213,5872,6121,4693,2666,6966,3628,722,3981,6,6,5,5,4,4,4,4,4,4
TCGA-AC-A7VC-DX1_xmin20658_ymin22410_MPP-0.2500+61[1000].png,4817,131,7539,1842,4965,5780,4725,4559,2267,4859,6,6,5,4,4,4,4,4,4,4
TCGA-AC-A7VC-DX1_xmin20658_ymin22410_MPP-0.2500+62[1000].png,4711,1813,4693,131,4377,7869,582,1357,8165,3021,9,6,6,5,5,4,4,4,4,4
TCGA-AC-A7VC-DX1_xmin20658_ymin22410_MPP-0.2500+63[1000].png,7089,1716,1813,6571,7484,8148,267,335,1373,4572,6,6,5,4,4,4,4,4,4,4
TCGA-AC-A7VC-DX1_xmin20658_ymin22410_MPP-0.2500+64[1000].png,1682,8082,5702,7819,4911,2361,1869,840,6227,879,6,5,4,4,4,4,4,4,4,4
TCGA-AC-A7VC-DX1_xmin20658_ymin22410_MPP-0.2500+65[1000].png,1652,3088,7091,3584,5717,781,4559,5999,7674,4271,6,6,5,4,4,4,4,4,4,3
TCGA-AC-A7VC-DX1_xmin20658_ymin22410_MPP-0.2500+66[1000].png,4559,2686,582,5433,7948,4972,2083,2194,267,3204,7,6,5,5,5,4,4,4,4,3
TCGA-AC-A7VC-DX1_xmin20658_ymin22410_MPP-0.2500+67[1000].png,2540,2686,5203,6814,3209,591,3195,7899,6045,3836,7,7,6,4,4,4,4,4,4,4
TCGA-AC-A7VC-DX1_xmin20658_ymin22410_MPP-0.2500+68[1000].png,4817,3088,6702,4376,3728,6054,5810,6192,1977,7189,6,5,5,5,4,4,4,4,4,4
TCGA-AC-A7VC-DX1_xmin20658_ymin22410_MPP-0.2500+69[1000].png,3365,8081,516,7212,7869,3626,1324,601,4278,2990,5,5,5,4,4,4,4,4,4,4
TCGA-AC-A7VC-DX1_xmin20658_ymin22410_MPP-0.2500+6[1000].png,4559,2870,5179,131,7089,4436,3088,2255,267,7612,7,5,5,4,4,4,4,4,4,4
TCGA-AC-A7VC-DX1_xmin20658_ymin22410_MPP-0.2500+70[1000].png,5999,3088,3189,6782,4250,5735,915,153,8081,7024,7,5,5,5,4,4,4,4,4,4
TCGA-AC-A7VC-DX1_xmin20658_ymin22410_MPP-0.2500+71[1000].png,6657,44,6121,7876,2021,3088,2235,8144,6192,2278,6,5,5,4,4,4,4,4,4,4
TCGA-AC-A7VC-DX1_xmin20658_ymin22410_MPP-0.2500+72[1000].png,5999,335,4430,3728,7089,4711,5386,1977,5094,8081,6,5,5,5,5,5,4,4,4,4
TCGA-AC-A7VC-DX1_xmin20658_ymin22410_MPP-0.2500+73[1000].png,267,7470,4166,321,2083,4376,2482,1842,2903,6054,7,5,5,5,4,4,4,4,4,4
TCGA-AC-A7VC-DX1_xmin20658_ymin22410_MPP-0.2500+74[1000].png,6966,5999,3088,2194,8082,237,1842,1785,2990,2650,6,5,5,5,5,4,4,4,4,4
TCGA-AC-A7VC-DX1_xmin20658_ymin22410_MPP-0.2500+75[1000].png,4817,331,3088,5717,5611,1842,1440,145,5763,1373,8,5,5,4,4,4,4,4,4,4
TCGA-AC-A7VC-DX1_xmin20658_ymin22410_MPP-0.2500+76[1000].png,267,3088,6678,2326,4155,5392,1413,5717,5203,6955,5,5,4,4,4,4,4,4,3,3
TCGA-AC-A7VC-DX1_xmin20658_ymin22410_MPP-0.2500+77[1000].png,4711,1297,1270,4817,6265,8066,1967,7733,4150,4430,7,5,4,4,4,4,4,4,4,4
TCGA-AC-A7VC-DX1_xmin20658_ymin22410_MPP-0.2500+78[1000].png,1842,2650,254,8081,3971,2336,5166,2990,7595,7484,5,5,4,4,4,4,4,4,4,4
TCGA-AC-A7VC-DX1_xmin20658_ymin22410_MPP-0.2500+79[1000].png,6869,4711,3209,6678,237,6727,3088,2650,1813,7091,6,5,4,4,4,4,4,4,4,4
TCGA-AC-A7VC-DX1_xmin20658_ymin22410_MPP-0.2500+7[1000].png,267,1842,778,3044,4817,3088,2018,1169,5047,2043,6,5,5,5,4,4,4,4,4,3
TCGA-AC-A7VC-DX1_xmin20658_ymin22410_MPP-0.2500+80[1000].png,5392,4817,6509,2326,2325,2776,4150,8000,8082,4068,7,6,5,4,4,3,3,3,3,3
TCGA-AC-A7VC-DX1_xmin20658_ymin22410_MPP-0.2500+81[1000].png,7175,1682,2686,4436,216,2903,4278,3299,2083,6678,6,6,5,4,4,4,4,3,3,3
TCGA-AC-A7VC-DX1_xmin20658_ymin22410_MPP-0.2500+82[1000].png,4711,5780,6321,390,131,8003,7450,4080,915,2919,6,5,5,4,4,4,4,4,4,4
TCGA-AC-A7VC-DX1_xmin20658_ymin22410_MPP-0.2500+83[1000].png,6678,8101,2303,3088,2308,7595,7694,6658,3365,7501,6,5,5,4,4,4,4,4,4,4
TCGA-AC-A7VC-DX1_xmin20658_ymin22410_MPP-0.2500+84[1000].png,2967,6869,7175,5023,8082,7188,237,2686,5392,2903,6,5,5,4,4,4,4,4,4,4
TCGA-AC-A7VC-DX1_xmin20658_ymin22410_MPP-0.2500+85[1000].png,516,4430,3861,3079,145,4817,3000,872,1218,6502,5,5,5,4,4,4,4,4,4,4
TCGA-AC-A7VC-DX1_xmin20658_ymin22410_MPP-0.2500+86[1000].png,8081,2903,7189,4817,5780,389,7134,5235,5735,8003,5,5,5,5,4,4,4,4,4,4
TCGA-AC-A7VC-DX1_xmin20658_ymin22410_MPP-0.2500+87[1000].png,4817,1373,2990,6657,6509,352,131,1842,1357,5780,7,6,6,5,5,5,4,4,4,4
TCGA-AC-A7VC-DX1_xmin20658_ymin22410_MPP-0.2500+88[1000].png,267,8165,6789,915,131,4270,5912,4817,2686,4492,6,4,4,4,4,4,4,4,4,4
TCGA-AC-A7VC-DX1_xmin20658_ymin22410_MPP-0.2500+89[1000].png,5101,130,3836,332,126,131,7880,1361,7165,516,6,5,5,5,4,4,4,4,4,4
TCGA-AC-A7VC-DX1_xmin20658_ymin22410_MPP-0.2500+8[1000].png,4436,7091,7442,2308,6795,1682,4559,958,4947,3981,7,5,5,5,4,4,4,4,4,4
TCGA-AC-A7VC-DX1_xmin20658_ymin22410_MPP-0.2500+93[1000].png,4278,1413,4947,5702,4369,4436,3526,8081,3618,2686,5,4,4,4,4,4,4,4,4,4
TCGA-AC-A7VC-DX1_xmin20658_ymin22410_MPP-0.2500+94[1000].png,1356,2083,781,3088,6222,3836,7647,6509,4559,1977,5,5,5,5,4,4,4,4,4,4
TCGA-AC-A7VC-DX1_xmin20658_ymin22410_MPP-0.2500+95[1000].png,2686,4001,1682,6633,3961,1813,4436,6595,2751,5163,7,4,4,4,4,4,4,3,3,3
TCGA-AC-A7VC-DX1_xmin20658_ymin22410_MPP-0.2500+96[1000].png,7880,4430,4817,3044,267,5367,915,237,5023,5603,7,7,5,5,4,4,4,4,4,4
TCGA-AC-A7VC-DX1_xmin20658_ymin22410_MPP-0.2500+97[1000].png,237,2278,7134,8144,7694,5555,5780,6372,7589,5946,7,5,5,5,4,4,4,3,3,3
TCGA-AC-A7VC-DX1_xmin20658_ymin22410_MPP-0.2500+98[1000].png,4817,7442,1967,1813,6633,3626,5023,3209,4711,2903,5,5,5,4,4,4,4,4,4,3
TCGA-AC-A7VC-DX1_xmin20658_ymin22410_MPP-0.2500+99[1000].png,1356,3000,4817,3209,7089,3896,5780,5797,4430,124,5,5,5,5,4,4,4,4,4,4
TCGA-AC-A7VC-DX1_xmin20658_ymin22410_MPP-0.2500+9[1000].png,7442,4436,1298,2028,2967,5207,6509,7694,2419,2686,5,4,4,4,4,4,4,4,3,3
TCGA-AN-A0AL-DX1_xmin15698_ymin29806_MPP-0.2500+154[1000].png,8081,3836,7808,5392,8082,5177,7165,2028,722,6979,5,5,4,4,4,4,4,4,4,4
TCGA-AN-A0AL-DX1_xmin15698_ymin29806_MPP-0.2500+155[1000].png,215,2493,6321,3823,2903,7733,935,5937,840,3088,7,6,5,5,5,4,4,4,4,4
TCGA-AN-A0AL-DX1_xmin15698_ymin29806_MPP-0.2500+15[1000].png,6045,3026,4322,4711,7694,145,5213,2756,1357,6795,6,5,5,4,4,4,4,4,4,4
TCGA-AN-A0AL-DX1_xmin15698_ymin29806_MPP-0.2500+168[1000].png,7459,3526,5912,4711,3926,3836,267,2990,4783,3365,7,6,6,5,5,5,5,4,4,4
TCGA-AN-A0AL-DX1_xmin15698_ymin29806_MPP-0.2500+16[1000].png,7189,1652,7808,6321,7249,808,5498,5810,582,1297,6,5,5,5,5,4,4,4,4,4
TCGA-AN-A0AL-DX1_xmin15698_ymin29806_MPP-0.2500+175[1000].png,8013,3088,7189,7694,5038,7360,2870,6856,4322,4492,8,6,5,5,5,4,4,4,4,4
TCGA-AN-A0AL-DX1_xmin15698_ymin29806_MPP-0.2500+176[1000].png,2226,3230,601,6702,6054,1297,4311,2577,8013,6782,6,5,4,4,4,4,4,4,4,4
TCGA-AN-A0AL-DX1_xmin15698_ymin29806_MPP-0.2500+183[1000].png,6702,5912,4911,6795,2028,6054,601,7880,958,4311,7,5,5,5,5,5,4,4,4,4
TCGA-AN-A0AL-DX1_xmin15698_ymin29806_MPP-0.2500+184[1000].png,3088,808,7089,3526,7733,2776,7663,4311,6869,4711,9,5,5,5,5,5,4,4,4,4
TCGA-AN-A0AL-DX1_xmin15698_ymin29806_MPP-0.2500+185[1000].png,2903,4436,3088,5515,6674,390,7134,3189,3000,5797,5,5,5,4,4,4,4,4,4,4
TCGA-AN-A0AL-DX1_xmin15698_ymin29806_MPP-0.2500+186[1000].png,215,5098,2308,5428,1652,131,982,7450,3044,582,5,5,5,5,4,4,4,4,4,4
TCGA-AN-A0AL-DX1_xmin15698_ymin29806_MPP-0.2500+187[1000].png,1297,215,915,3908,7162,8148,4817,4711,131,389,6,5,4,4,4,4,4,4,4,4
TCGA-AN-A0AL-DX1_xmin15698_ymin29806_MPP-0.2500+192[1000].png,4911,7149,331,1836,5038,2021,7175,215,3836,3526,7,6,5,4,4,4,4,4,4,4
TCGA-AN-A0AL-DX1_xmin15698_ymin29806_MPP-0.2500+193[1000].png,2226,7337,5023,5097,7212,3209,3823,145,7024,6226,5,4,4,4,4,4,4,4,4,4
TCGA-AN-A0AL-DX1_xmin15698_ymin29806_MPP-0.2500+194[1000].png,215,1298,7698,4711,7733,6795,898,2870,267,3477,6,5,5,5,5,5,4,4,4,4
TCGA-AN-A0AL-DX1_xmin15698_ymin29806_MPP-0.2500+195[1000].png,319,144,4377,1297,7663,4711,4311,4376,1767,6226,5,5,5,5,5,4,4,4,4,4
TCGA-AN-A0AL-DX1_xmin15698_ymin29806_MPP-0.2500+196[1000].png,6321,6190,6724,7695,5912,2034,4781,7442,601,7853,5,4,4,4,4,4,4,4,4,4
TCGA-AN-A0AL-DX1_xmin15698_ymin29806_MPP-0.2500+197[1000].png,4436,5999,1586,7694,3469,3836,2903,5912,4711,1375,5,5,5,4,4,4,4,4,4,4
TCGA-AN-A0AL-DX1_xmin15698_ymin29806_MPP-0.2500+198[1000].png,5038,215,3836,6795,3026,5419,7175,2903,958,3452,6,6,6,5,5,5,4,4,4,4
TCGA-AN-A0AL-DX1_xmin15698_ymin29806_MPP-0.2500+199[1000].png,3526,7694,1813,3088,1767,5937,5912,7189,2083,4311,7,5,5,5,4,4,4,4,4,4
TCGA-AN-A0AL-DX1_xmin15698_ymin29806_MPP-0.2500+200[1000].png,1813,1476,6702,7189,6045,7695,5428,453,2903,6869,6,5,5,5,5,4,4,4,4,4
TCGA-AN-A0AL-DX1_xmin15698_ymin29806_MPP-0.2500+201[1000].png,3088,4311,3971,2903,267,2083,5937,1869,1767,6702,6,5,4,4,4,4,4,4,4,4
TCGA-AN-A0AL-DX1_xmin15698_ymin29806_MPP-0.2500+202[1000].png,1842,5912,2226,6045,3088,8089,2293,7916,5213,2180,7,6,6,5,5,4,4,4,4,4
TCGA-AN-A0AL-DX1_xmin15698_ymin29806_MPP-0.2500+203[1000].png,3088,6931,7835,808,2226,4055,4366,1682,7337,3189,6,5,5,4,4,4,3,3,3,3
TCGA-AN-A0AL-DX1_xmin15698_ymin29806_MPP-0.2500+204[1000].png,3836,3526,3021,7189,4311,4711,3981,6724,781,778,9,6,6,5,5,4,4,4,4,4
TCGA-AN-A0AL-DX1_xmin15698_ymin29806_MPP-0.2500+205[1000].png,6795,3044,5428,215,693,1911,1767,3230,168,3088,6,5,5,4,4,4,4,4,4,4
TCGA-AN-A0AL-DX1_xmin15698_ymin29806_MPP-0.2500+206[1000].png,1586,4968,8013,697,215,335,3477,3836,6045,5780,6,6,6,5,5,5,5,4,4,4
TCGA-AN-A0AL-DX1_xmin15698_ymin29806_MPP-0.2500+207[1000].png,3088,2903,5937,331,5047,4311,216,215,2308,5797,9,5,5,5,4,4,4,4,4,4
TCGA-AN-A0AL-DX1_xmin15698_ymin29806_MPP-0.2500+208[1000].png,1652,332,7733,1682,7694,1813,515,6705,1413,958,7,6,5,5,5,5,4,4,4,4
TCGA-AN-A0AL-DX1_xmin15698_ymin29806_MPP-0.2500+209[1000].png,6054,5763,2226,1897,808,1320,389,6045,2776,215,6,5,5,5,5,4,4,4,4,4
TCGA-AN-A0AL-DX1_xmin15698_ymin29806_MPP-0.2500+210[1000].png,3088,4436,7164,2990,1586,8081,4376,267,5433,4430,10,6,6,5,4,4,4,4,4,4
TCGA-AN-A0AL-DX1_xmin15698_ymin29806_MPP-0.2500+211[1000].png,1652,2686,6615,1464,4817,237,6814,1476,6045,3349,8,6,5,5,5,5,4,4,4,4
TCGA-AN-A0AL-DX1_xmin15698_ymin29806_MPP-0.2500+212[1000].png,1652,7694,4492,958,6674,4725,6045,3526,2226,5097,6,6,5,4,4,4,4,4,4,4
TCGA-AN-A0AL-DX1_xmin15698_ymin29806_MPP-0.2500+213[1000].png,7442,237,6724,4711,1150,215,5065,3477,8101,4143,6,5,5,5,5,5,4,4,4,4
TCGA-AN-A0AL-DX1_xmin15698_ymin29806_MPP-0.2500+214[1000].png,5741,2493,5912,4376,2000,237,1682,2756,5151,144,6,5,5,5,4,4,4,4,4,4
TCGA-AN-A0AL-DX1_xmin15698_ymin29806_MPP-0.2500+215[1000].png,958,6111,4968,594,6045,7807,389,3858,390,6795,5,5,5,5,5,4,4,4,4,4
TCGA-AN-A0AL-DX1_xmin15698_ymin29806_MPP-0.2500+216[1000].png,3088,2903,2226,215,1842,1654,794,2876,1813,3209,6,5,5,5,5,5,4,4,4,4
TCGA-AN-A0AR-DX1_xmin8468_ymin21166_MPP-0.2500+214[1000].png,2226,4492,390,5741,1842,5038,3030,7694,7089,2635,8,7,6,5,5,4,4,4,4,4
TCGA-AN-A0AR-DX1_xmin8468_ymin21166_MPP-0.2500+21[1000].png,3088,1977,958,4278,6905,516,5780,808,2977,2405,9,7,5,4,4,4,4,4,4,4
TCGA-AN-A0AR-DX1_xmin8468_ymin21166_MPP-0.2500+39[1000].png,4322,3296,2157,1312,7337,5912,237,7880,6292,2583,7,6,6,5,5,5,4,4,4,4
TCGA-AN-A0AR-DX1_xmin8468_ymin21166_MPP-0.2500+56[1000].png,6869,3477,7948,5203,5027,4711,958,5937,3442,7189,6,5,4,4,4,4,4,4,4,4
TCGA-AN-A0AR-DX1_xmin8468_ymin21166_MPP-0.2500+59[1000].png,958,3044,6045,2666,4911,124,5996,5780,3477,1767,5,4,4,4,4,4,4,4,4,4
TCGA-AN-A0AR-DX1_xmin8468_ymin21166_MPP-0.2500+76[1000].png,4711,6931,4377,7694,836,2223,1652,1311,389,662,6,5,5,5,4,4,4,4,4,4
TCGA-AN-A0AR-DX1_xmin8468_ymin21166_MPP-0.2500+96[1000].png,3088,2903,3230,5912,1966,781,6226,390,5780,1196,7,5,5,5,5,5,5,5,4,4
TCGA-AN-A0AT-DX1_xmin31171_ymin35756_MPP-0.2500+11[1000].png,1476,7430,7391,4711,3209,5194,5527,2226,7808,7807,7,5,4,4,4,4,4,4,4,4
TCGA-AN-A0AT-DX1_xmin31171_ymin35756_MPP-0.2500+130[1000].png,3088,7134,2430,390,675,1842,5038,1357,6547,7869,10,6,5,5,5,4,4,4,4,4
TCGA-AN-A0AT-DX1_xmin31171_ymin35756_MPP-0.2500+157[1000].png,1842,1682,808,594,1357,2685,7869,5476,6054,6620,5,5,5,4,4,4,4,4,4,4
TCGA-AN-A0AT-DX1_xmin31171_ymin35756_MPP-0.2500+158[1000].png,5810,6795,237,44,4286,7895,7880,2766,5741,836,5,4,4,4,4,4,4,4,4,4
TCGA-AN-A0AT-DX1_xmin31171_ymin35756_MPP-0.2500+15[1000].png,4492,1413,4080,5797,1967,1905,7212,1586,2756,3088,5,5,5,4,4,4,4,4,4,4
TCGA-AN-A0AT-DX1_xmin31171_ymin35756_MPP-0.2500+167[1000].png,3889,3346,4492,2717,6054,7189,5166,2977,4286,915,6,6,4,4,4,4,4,3,3,3
TCGA-AN-A0AT-DX1_xmin31171_ymin35756_MPP-0.2500+16[1000].png,3088,7733,6657,6054,5661,6795,2430,3526,7149,965,8,6,5,5,5,4,4,4,3,3
TCGA-AN-A0AT-DX1_xmin31171_ymin35756_MPP-0.2500+32[1000].png,7694,2308,1842,5717,3908,2635,2186,2903,6652,7269,6,6,5,5,4,4,4,4,3,3
TCGA-AN-A0AT-DX1_xmin31171_ymin35756_MPP-0.2500+46[1000].png,331,697,5213,6702,6657,5454,5177,2083,7089,421,5,5,5,4,4,4,4,4,4,4
TCGA-AN-A0G0-DX1_xmin32741_ymin14546_MPP-0.2500+0[1000].png,4376,1357,1836,5094,5872,7024,1716,2308,2194,6795,6,5,5,5,4,4,4,4,4,4
TCGA-AN-A0G0-DX1_xmin32741_ymin14546_MPP-0.2500+101[1000].png,2903,44,7694,5810,3675,6795,1682,1842,6321,267,8,5,5,5,4,4,4,4,4,4
TCGA-AN-A0G0-DX1_xmin32741_ymin14546_MPP-0.2500+107[1000].png,4711,5780,6702,3088,2186,836,1204,4436,1682,3728,5,4,4,4,4,4,4,4,4,4
TCGA-AN-A0G0-DX1_xmin32741_ymin14546_MPP-0.2500+121[1000].png,4711,3088,5797,6045,1297,5392,2336,3296,5717,2255,6,6,5,5,5,5,5,4,4,4
TCGA-AN-A0G0-DX1_xmin32741_ymin14546_MPP-0.2500+12[1000].png,1297,7694,4817,215,6045,5344,2000,3597,4711,3000,5,5,4,4,4,4,4,4,4,4
TCGA-AN-A0G0-DX1_xmin32741_ymin14546_MPP-0.2500+13[1000].png,1813,3088,2028,2967,2083,6121,3477,7880,6702,6724,5,5,5,5,5,4,4,4,4,4
TCGA-AN-A0G0-DX1_xmin32741_ymin14546_MPP-0.2500+146[1000].png,4259,3088,1320,7895,2588,332,4711,1682,6222,1842,5,4,4,4,4,4,4,3,3,3
TCGA-AN-A0G0-DX1_xmin32741_ymin14546_MPP-0.2500+158[1000].png,3088,3433,6724,3209,7212,7876,5799,8013,8081,1571,5,5,5,4,4,4,4,4,4,3
TCGA-AN-A0G0-DX1_xmin32741_ymin14546_MPP-0.2500+19[1000].png,6045,2336,3836,3021,5166,4430,7694,1297,2666,7165,5,5,5,5,5,5,5,4,4,4
TCGA-AN-A0G0-DX1_xmin32741_ymin14546_MPP-0.2500+1[1000].png,7694,5392,4725,7166,3088,4711,3526,1165,7337,5810,5,5,5,5,4,4,4,4,4,4
TCGA-AN-A0G0-DX1_xmin32741_ymin14546_MPP-0.2500+2[1000].png,8041,3088,3526,6702,7694,6809,4322,1373,632,3836,7,6,6,5,5,4,4,4,4,4
TCGA-AN-A0G0-DX1_xmin32741_ymin14546_MPP-0.2500+30[1000].png,6357,3088,2336,4430,2000,5780,4711,1389,1297,6227,7,6,5,5,5,5,5,5,4,4
TCGA-AN-A0G0-DX1_xmin32741_ymin14546_MPP-0.2500+31[1000].png,4160,6121,4533,5797,4911,7494,4436,7694,6628,4725,6,5,5,5,5,4,4,4,4,4
TCGA-AN-A0G0-DX1_xmin32741_ymin14546_MPP-0.2500+37[1000].png,3836,982,7189,5937,1682,2308,2903,7165,2870,7694,6,6,6,5,5,5,5,4,4,4
TCGA-AN-A0G0-DX1_xmin32741_ymin14546_MPP-0.2500+3[1000].png,5065,7853,4725,6045,1992,6762,1794,5810,44,2028,5,5,4,4,4,4,4,4,4,4
TCGA-AN-A0G0-DX1_xmin32741_ymin14546_MPP-0.2500+41[1000].png,3088,594,5799,4376,6795,2336,4322,6702,1320,6782,5,5,5,4,4,4,4,4,4,4
TCGA-AN-A0G0-DX1_xmin32741_ymin14546_MPP-0.2500+42[1000].png,4430,5912,1836,1977,3044,5133,6931,7733,6054,7134,5,5,4,4,4,4,4,4,4,4
TCGA-AN-A0G0-DX1_xmin32741_ymin14546_MPP-0.2500+45[1000].png,4492,6814,6795,2666,4430,4774,6702,5912,2028,44,6,6,6,6,6,4,4,4,4,4
TCGA-AN-A0G0-DX1_xmin32741_ymin14546_MPP-0.2500+60[1000].png,1767,6595,2870,7895,5780,3044,390,4524,2430,6226,6,5,5,4,4,4,4,4,4,4
TCGA-AN-A0G0-DX1_xmin32741_ymin14546_MPP-0.2500+67[1000].png,3088,3044,6702,2028,7024,2870,8081,4001,688,8190,6,6,5,5,5,4,4,4,4,4
TCGA-AN-A0G0-DX1_xmin32741_ymin14546_MPP-0.2500+73[1000].png,7189,2278,7880,3088,4430,2903,4673,3189,5797,7589,8,5,5,5,5,4,4,4,4,4
TCGA-AN-A0G0-DX1_xmin32741_ymin14546_MPP-0.2500+78[1000].png,3088,840,7694,495,5097,7134,1373,7738,8185,6795,6,4,4,4,4,4,4,4,4,4
TCGA-AN-A0G0-DX1_xmin32741_ymin14546_MPP-0.2500+79[1000].png,6795,2756,4711,2870,3189,2326,162,898,7400,2493,6,5,5,5,4,4,4,4,4,4
TCGA-AN-A0G0-DX1_xmin32741_ymin14546_MPP-0.2500+86[1000].png,6045,4112,7189,6054,7549,3189,6795,267,7134,2308,6,5,5,5,4,4,4,4,4,4
TCGA-AN-A0G0-DX1_xmin32741_ymin14546_MPP-0.2500+95[1000].png,44,4711,5797,4250,5431,6674,7627,4376,6905,3836,5,5,4,4,4,4,4,4,4,4
TCGA-AN-A0G0-DX1_xmin32741_ymin14546_MPP-0.2500+98[1000].png,3088,2028,4711,3619,8089,1977,5717,4430,8110,7166,6,6,5,4,4,4,4,4,4,4
TCGA-AN-A0XU-DX1_xmin26118_ymin18441_MPP-0.2500+100[1000].png,601,4711,6045,7260,5461,578,1682,1571,1476,7484,7,6,4,4,4,4,4,4,4,4
TCGA-AN-A0XU-DX1_xmin26118_ymin18441_MPP-0.2500+101[1000].png,4430,215,5097,2226,1652,1905,6905,6226,3836,2903,6,6,5,5,5,5,5,4,4,4
TCGA-AN-A0XU-DX1_xmin26118_ymin18441_MPP-0.2500+102[1000].png,1476,3625,958,7189,1413,2776,3021,267,7695,836,6,5,5,5,5,4,4,4,4,4
TCGA-AN-A0XU-DX1_xmin26118_ymin18441_MPP-0.2500+103[1000].png,7733,1586,4711,3026,331,6509,5780,44,5433,7941,5,5,5,4,4,4,4,4,3,3
TCGA-AN-A0XU-DX1_xmin26118_ymin18441_MPP-0.2500+104[1000].png,1571,7450,331,898,5063,4711,1682,7222,186,389,4,4,4,4,4,4,4,4,3,3
TCGA-AN-A0XU-DX1_xmin26118_ymin18441_MPP-0.2500+105[1000].png,7459,4259,1297,840,808,3026,3889,6931,6054,6623,5,5,5,5,4,4,4,4,4,4
TCGA-AN-A0XU-DX1_xmin26118_ymin18441_MPP-0.2500+106[1000].png,7948,7165,5912,7895,6045,982,3477,390,7555,6226,5,5,5,5,4,4,4,4,4,4
TCGA-AN-A0XU-DX1_xmin26118_ymin18441_MPP-0.2500+109[1000].png,4711,1297,2666,4911,4311,4606,6892,6192,33,2308,5,4,4,3,3,3,3,3,3,3
TCGA-AN-A0XU-DX1_xmin26118_ymin18441_MPP-0.2500+110[1000].png,5166,982,1280,7733,8059,7941,7189,2541,6226,2336,5,4,4,4,4,4,4,4,4,4
TCGA-AN-A0XU-DX1_xmin26118_ymin18441_MPP-0.2500+111[1000].png,7916,6809,145,5424,778,1842,553,3849,7948,3044,5,5,5,4,4,4,4,4,4,4
TCGA-AN-A0XU-DX1_xmin26118_ymin18441_MPP-0.2500+112[1000].png,237,840,2766,5213,5780,215,3526,6226,3230,5799,5,4,4,4,4,4,4,4,4,4
TCGA-AN-A0XU-DX1_xmin26118_ymin18441_MPP-0.2500+113[1000].png,3836,4376,7377,958,4311,4100,3870,5392,601,7948,6,5,5,5,4,4,4,4,4,4
TCGA-AN-A0XU-DX1_xmin26118_ymin18441_MPP-0.2500+114[1000].png,6226,1696,2320,3836,3088,7459,1413,4843,6054,3026,11,8,7,6,6,5,5,5,5,5
TCGA-AN-A0XU-DX1_xmin26118_ymin18441_MPP-0.2500+115[1000].png,3088,2411,1109,2308,2319,6905,7224,5872,6219,4968,5,4,4,4,4,4,4,4,4,4
TCGA-AN-A0XU-DX1_xmin26118_ymin18441_MPP-0.2500+116[1000].png,982,5133,5814,7189,3836,5780,7078,3088,131,2384,7,5,5,5,5,5,4,4,4,4
TCGA-AN-A0XU-DX1_xmin26118_ymin18441_MPP-0.2500+117[1000].png,4711,145,7189,7733,389,1842,817,7880,4968,5937,8,5,5,4,4,4,4,4,4,4
TCGA-AN-A0XU-DX1_xmin26118_ymin18441_MPP-0.2500+118[1000].png,6652,1869,5780,7539,44,7733,389,7549,8003,4100,6,5,5,5,5,4,4,4,4,4
TCGA-AN-A0XU-DX1_xmin26118_ymin18441_MPP-0.2500+119[1000].png,693,7627,4711,7089,958,2685,808,6830,7899,4524,5,5,5,4,4,4,4,4,4,4
TCGA-AN-A0XU-DX1_xmin26118_ymin18441_MPP-0.2500+123[1000].png,3044,3088,8081,4492,4250,7400,7089,2028,8003,7916,6,5,5,4,4,4,4,4,4,4
TCGA-AN-A0XU-DX1_xmin26118_ymin18441_MPP-0.2500+124[1000].png,1842,1312,5433,2666,722,3437,2039,1194,2278,2977,6,6,5,4,4,4,4,4,4,4
TCGA-AN-A0XU-DX1_xmin26118_ymin18441_MPP-0.2500+125[1000].png,7591,3026,7134,5428,4606,331,4817,145,1463,1842,5,5,4,4,4,4,4,4,3,3
TCGA-AN-A0XU-DX1_xmin26118_ymin18441_MPP-0.2500+126[1000].png,6137,2756,4160,6702,7695,4492,7948,8041,4642,4311,5,4,4,4,4,4,4,4,4,3
TCGA-AN-A0XU-DX1_xmin26118_ymin18441_MPP-0.2500+127[1000].png,7317,3021,2083,7733,3536,4198,2336,3011,2194,1322,5,4,4,4,4,4,4,3,3,3
TCGA-AN-A0XU-DX1_xmin26118_ymin18441_MPP-0.2500+128[1000].png,3526,808,3836,1297,6652,7733,2531,7808,6905,840,6,5,5,4,4,4,4,4,4,4
TCGA-AN-A0XU-DX1_xmin26118_ymin18441_MPP-0.2500+129[1000].png,5810,5194,982,5007,3065,7695,5754,6724,2756,2194,7,5,5,4,4,4,4,4,4,4
TCGA-AN-A0XU-DX1_xmin26118_ymin18441_MPP-0.2500+130[1000].png,6905,6724,390,6571,2493,4711,3088,7377,1571,3026,7,7,6,5,5,5,4,4,4,4
TCGA-AN-A0XU-DX1_xmin26118_ymin18441_MPP-0.2500+131[1000].png,1297,1203,4259,3908,5428,2194,7733,4250,3477,7175,7,5,5,4,4,4,4,4,4,4
TCGA-AN-A0XU-DX1_xmin26118_ymin18441_MPP-0.2500+132[1000].png,6905,836,3088,594,898,3469,2028,3795,6678,6264,5,5,5,5,4,4,4,4,4,4
TCGA-AN-A0XU-DX1_xmin26118_ymin18441_MPP-0.2500+133[1000].png,7189,6048,5810,1977,5428,4911,7895,794,6571,7599,6,5,5,4,4,4,4,4,4,3
TCGA-AN-A0XU-DX1_xmin26118_ymin18441_MPP-0.2500+139[1000].png,5708,7880,3176,5114,4259,4376,394,840,3088,6219,5,4,4,4,4,4,4,4,4,4
TCGA-AN-A0XU-DX1_xmin26118_ymin18441_MPP-0.2500+140[1000].png,7599,4711,1654,237,7259,6054,8089,3088,5718,7916,5,4,4,4,4,4,4,4,4,3
TCGA-AN-A0XU-DX1_xmin26118_ymin18441_MPP-0.2500+141[1000].png,3088,1357,145,8089,1842,2666,4100,3021,3487,1905,8,4,4,4,4,4,4,4,4,4
TCGA-AN-A0XU-DX1_xmin26118_ymin18441_MPP-0.2500+142[1000].png,5213,6652,735,331,4817,1905,1312,2903,5999,2644,5,5,4,4,4,4,4,4,4,4
TCGA-AN-A0XU-DX1_xmin26118_ymin18441_MPP-0.2500+143[1000].png,4711,7694,6789,4968,4817,1842,2031,6782,3153,3026,7,6,5,5,5,4,4,4,4,4
TCGA-AN-A0XU-DX1_xmin26118_ymin18441_MPP-0.2500+157[1000].png,5151,1373,8162,3230,2903,7482,2666,4711,389,390,7,5,5,5,4,4,4,4,4,4
TCGA-AN-A0XU-DX1_xmin26118_ymin18441_MPP-0.2500+180[1000].png,5717,3088,982,2717,693,1837,4376,4436,4711,2644,5,5,5,4,4,4,4,4,4,4
TCGA-AN-A0XU-DX1_xmin26118_ymin18441_MPP-0.2500+182[1000].png,6931,982,3526,2384,7733,1373,371,5797,8148,1767,5,5,5,4,4,4,4,4,4,3
TCGA-AN-A0XU-DX1_xmin26118_ymin18441_MPP-0.2500+198[1000].png,7647,3836,2751,2411,7540,6502,3088,3908,7175,3230,4,4,4,4,4,4,3,3,3,3
TCGA-AN-A0XU-DX1_xmin26118_ymin18441_MPP-0.2500+213[1000].png,6814,4410,7647,994,3209,4476,4593,7327,2110,2120,4,4,4,4,4,3,3,3,3,3
TCGA-AN-A0XU-DX1_xmin26118_ymin18441_MPP-0.2500+214[1000].png,4711,1367,7222,3675,697,982,5912,5392,1785,808,6,4,4,4,4,4,4,4,4,4
TCGA-AN-A0XU-DX1_xmin26118_ymin18441_MPP-0.2500+215[1000].png,168,4492,7694,2917,2226,3438,982,5098,4376,808,5,4,4,4,4,4,4,4,4,4
TCGA-AN-A0XU-DX1_xmin26118_ymin18441_MPP-0.2500+241[1000].png,3026,2967,1357,4833,958,7549,3209,1384,4322,3230,5,5,4,4,4,4,4,4,4,4
TCGA-AN-A0XU-DX1_xmin26118_ymin18441_MPP-0.2500+242[1000].png,2903,145,3088,1842,2666,1682,4311,5097,7738,516,5,5,5,4,4,4,4,4,4,4
TCGA-AN-A0XU-DX1_xmin26118_ymin18441_MPP-0.2500+243[1000].png,8037,2493,6801,808,7165,7189,4606,4311,7175,7790,5,5,4,4,4,4,4,4,3,3
TCGA-AN-A0XU-DX1_xmin26118_ymin18441_MPP-0.2500+244[1000].png,7189,1813,2336,145,254,5194,1218,1767,2977,5094,5,5,5,5,5,4,4,4,4,4
TCGA-AN-A0XU-DX1_xmin26118_ymin18441_MPP-0.2500+245[1000].png,3088,7337,7189,6744,8082,1218,4968,8008,7007,2249,6,5,5,5,5,4,4,4,4,4
TCGA-AN-A0XU-DX1_xmin26118_ymin18441_MPP-0.2500+247[1000].png,2903,1842,3088,4430,3527,7129,4093,3200,7249,2493,6,5,5,4,4,4,4,4,3,3
TCGA-AN-A0XU-DX1_xmin26118_ymin18441_MPP-0.2500+248[1000].png,5999,3487,5780,6931,7165,6808,3469,1297,5023,8089,5,5,4,4,4,4,4,4,4,4
TCGA-AN-A0XU-DX1_xmin26118_ymin18441_MPP-0.2500+249[1000].png,1413,982,5428,6192,5910,3088,3478,7165,2493,384,6,5,5,4,4,4,4,4,4,4
TCGA-AN-A0XU-DX1_xmin26118_ymin18441_MPP-0.2500+261[1000].png,3209,3088,5992,5133,390,5999,1571,6905,3708,4311,5,5,5,4,4,4,4,4,4,4
TCGA-AN-A0XU-DX1_xmin26118_ymin18441_MPP-0.2500+262[1000].png,3088,1842,808,836,6571,982,4691,237,5252,6226,6,5,5,4,4,4,4,4,4,4
TCGA-AN-A0XU-DX1_xmin26118_ymin18441_MPP-0.2500+29[1000].png,2482,7808,1476,6782,144,688,2967,7337,3199,2846,5,5,5,4,4,4,4,3,3,3
TCGA-AN-A0XU-DX1_xmin26118_ymin18441_MPP-0.2500+306[1000].png,267,3526,1842,7694,6830,2144,6045,5392,3144,4711,6,5,5,5,5,4,4,4,4,4
TCGA-AN-A0XU-DX1_xmin26118_ymin18441_MPP-0.2500+307[1000].png,7089,1836,6623,4492,3209,6428,1977,7357,3026,2028,5,5,4,4,4,4,4,4,4,3
TCGA-AN-A0XU-DX1_xmin26118_ymin18441_MPP-0.2500+308[1000].png,4968,4160,3230,4410,3349,4781,7875,3477,3469,3881,6,6,5,5,4,4,4,4,4,3
TCGA-AN-A0XU-DX1_xmin26118_ymin18441_MPP-0.2500+30[1000].png,7649,4377,5780,215,5799,8073,982,3088,4480,840,5,5,4,4,4,4,4,4,4,4
TCGA-AN-A0XU-DX1_xmin26118_ymin18441_MPP-0.2500+31[1000].png,958,7948,3230,7222,1862,7808,2028,4198,7459,3126,6,6,5,4,4,4,4,4,4,4
TCGA-AN-A0XU-DX1_xmin26118_ymin18441_MPP-0.2500+328[1000].png,3889,2042,4968,1842,6724,4430,5133,6868,839,3329,7,5,5,5,5,4,4,4,4,4
TCGA-AN-A0XU-DX1_xmin26118_ymin18441_MPP-0.2500+339[1000].png,7134,1609,6724,4492,3510,7733,5454,3438,3189,5059,6,5,5,5,4,4,4,4,4,3
TCGA-AN-A0XU-DX1_xmin26118_ymin18441_MPP-0.2500+340[1000].png,836,2977,4711,6321,7189,7695,7089,2083,817,5999,6,6,5,4,4,4,4,4,4,4
TCGA-AN-A0XU-DX1_xmin26118_ymin18441_MPP-0.2500+343[1000].png,237,4498,6931,2031,2502,1373,267,1109,7317,7694,5,5,4,4,4,4,4,4,4,4
TCGA-AN-A0XU-DX1_xmin26118_ymin18441_MPP-0.2500+352[1000].png,131,2336,7189,3230,3487,5213,5913,3026,4817,6219,8,6,5,5,5,4,4,4,4,4
TCGA-AN-A0XU-DX1_xmin26118_ymin18441_MPP-0.2500+355[1000].png,4430,3526,836,1218,4100,3312,2835,3088,4417,5082,6,5,5,5,5,4,4,4,4,4
TCGA-AN-A0XU-DX1_xmin26118_ymin18441_MPP-0.2500+357[1000].png,7134,2028,2330,5611,915,2635,4821,3836,2198,1460,6,5,5,5,5,5,5,4,4,4
TCGA-AN-A0XU-DX1_xmin26118_ymin18441_MPP-0.2500+358[1000].png,7165,7189,840,2308,2083,7647,3088,7869,390,3287,5,5,5,5,4,4,4,4,4,4
TCGA-AN-A0XU-DX1_xmin26118_ymin18441_MPP-0.2500+366[1000].png,4711,1842,1869,5392,2194,8144,186,2400,7337,3858,6,5,4,4,4,3,3,3,3,3
TCGA-AN-A0XU-DX1_xmin26118_ymin18441_MPP-0.2500+372[1000].png,2903,1413,5717,6678,2226,2666,3619,982,2876,7589,6,4,4,4,4,4,4,4,4,3
TCGA-AN-A0XU-DX1_xmin26118_ymin18441_MPP-0.2500+373[1000].png,3088,4711,4100,7733,2405,6724,5999,2493,553,371,6,6,5,5,4,4,4,4,4,4
TCGA-AN-A0XU-DX1_xmin26118_ymin18441_MPP-0.2500+379[1000].png,5392,6054,13,1842,4417,3044,4593,3088,982,6045,5,5,4,4,4,4,4,4,4,4
TCGA-AN-A0XU-DX1_xmin26118_ymin18441_MPP-0.2500+380[1000].png,4322,4968,7189,4877,3477,1280,2180,3026,4376,4993,5,5,5,4,4,4,4,4,4,4
TCGA-AN-A0XU-DX1_xmin26118_ymin18441_MPP-0.2500+387[1000].png,836,6966,1235,2967,3088,7880,7709,4911,6702,7165,7,5,5,5,4,4,4,4,4,4
TCGA-AN-A0XU-DX1_xmin26118_ymin18441_MPP-0.2500+391[1000].png,267,5780,390,4817,6321,7835,8089,6919,2194,7024,7,6,4,4,4,4,4,4,4,4
TCGA-AN-A0XU-DX1_xmin26118_ymin18441_MPP-0.2500+394[1000].png,7733,4711,131,5810,1979,3597,2336,1322,4160,2400,5,5,4,4,4,4,4,4,4,3
TCGA-AN-A0XU-DX1_xmin26118_ymin18441_MPP-0.2500+402[1000].png,3526,3088,1297,5799,2801,1312,3823,4501,3838,5097,6,6,5,4,4,4,4,4,4,4
TCGA-AN-A0XU-DX1_xmin26118_ymin18441_MPP-0.2500+409[1000].png,5999,3438,6571,3870,4290,4501,2751,6919,7165,6219,4,4,4,4,4,4,4,4,3,3
TCGA-AN-A0XU-DX1_xmin26118_ymin18441_MPP-0.2500+410[1000].png,3021,6905,553,7276,4143,3026,1375,389,558,817,5,5,5,4,4,4,4,4,4,4
TCGA-AN-A0XU-DX1_xmin26118_ymin18441_MPP-0.2500+417[1000].png,7695,836,7189,7733,808,4774,7165,3477,1655,131,6,6,5,5,5,4,4,4,4,4
TCGA-AN-A0XU-DX1_xmin26118_ymin18441_MPP-0.2500+420[1000].png,7647,6032,6724,7869,2477,3088,2028,6217,4711,6858,6,5,5,4,4,4,4,4,3,3
TCGA-AN-A0XU-DX1_xmin26118_ymin18441_MPP-0.2500+424[1000].png,3088,7695,3044,5718,3230,331,1842,2903,1767,1624,6,5,5,5,4,4,4,4,4,4
TCGA-AN-A0XU-DX1_xmin26118_ymin18441_MPP-0.2500+432[1000].png,1842,131,7709,6054,3026,6293,6219,840,5780,7164,6,5,5,5,4,4,4,4,4,4
TCGA-AN-A0XU-DX1_xmin26118_ymin18441_MPP-0.2500+43[1000].png,6054,267,4247,8101,3247,5999,2685,4492,4259,8049,6,6,4,4,4,4,4,4,4,4
TCGA-AN-A0XU-DX1_xmin26118_ymin18441_MPP-0.2500+44[1000].png,7899,8049,5133,7595,5799,3088,2756,1869,6795,6226,6,5,5,4,4,4,4,4,4,4
TCGA-AN-A0XU-DX1_xmin26118_ymin18441_MPP-0.2500+45[1000].png,6571,5433,2226,371,7824,1682,1297,404,5834,3088,5,5,4,4,4,4,4,4,4,4
TCGA-AN-A0XU-DX1_xmin26118_ymin18441_MPP-0.2500+46[1000].png,7337,3026,3526,2308,389,6782,1652,6724,8066,7694,6,5,5,5,4,4,4,4,4,4
TCGA-AN-A0XU-DX1_xmin26118_ymin18441_MPP-0.2500+47[1000].png,390,7189,6088,4377,2903,5094,4436,982,2815,6856,7,6,4,4,4,4,4,4,3,3
TCGA-AN-A0XU-DX1_xmin26118_ymin18441_MPP-0.2500+48[1000].png,7694,4492,2531,12,7916,4376,1463,830,5133,2021,7,7,6,4,4,4,4,4,4,4
TCGA-AN-A0XU-DX1_xmin26118_ymin18441_MPP-0.2500+60[1000].png,5810,2249,5735,2493,6219,1911,2319,6354,693,4376,5,5,5,4,4,4,4,4,4,4
TCGA-AN-A0XU-DX1_xmin26118_ymin18441_MPP-0.2500+61[1000].png,836,4198,3088,3026,7549,1767,516,3208,3044,3823,7,6,6,6,5,5,4,4,4,4
TCGA-AN-A0XU-DX1_xmin26118_ymin18441_MPP-0.2500+62[1000].png,958,7649,3769,4908,8144,6219,7750,2488,5797,6388,5,4,4,4,4,4,4,4,3,3
TCGA-AN-A0XU-DX1_xmin26118_ymin18441_MPP-0.2500+63[1000].png,7024,4436,7337,145,7819,4711,1911,267,3926,1869,5,5,4,4,4,4,4,3,3,3
TCGA-AN-A0XU-DX1_xmin26118_ymin18441_MPP-0.2500+75[1000].png,958,3088,5872,5023,1571,1652,6724,4001,1833,389,6,5,5,5,4,4,4,4,4,3
TCGA-AN-A0XU-DX1_xmin26118_ymin18441_MPP-0.2500+76[1000].png,5999,335,2977,7089,2226,5133,6678,6428,578,5797,5,4,4,4,4,4,4,4,4,4
TCGA-AN-A0XU-DX1_xmin26118_ymin18441_MPP-0.2500+77[1000].png,7189,2226,4711,3088,3904,4322,6191,722,5194,6479,6,5,4,4,4,4,4,4,4,4
TCGA-AN-A0XU-DX1_xmin26118_ymin18441_MPP-0.2500+78[1000].png,267,1767,1297,6905,2186,2308,3088,3870,4711,817,6,5,5,4,4,4,4,4,4,4
TCGA-AN-A0XU-DX1_xmin26118_ymin18441_MPP-0.2500+86[1000].png,5611,331,4968,3349,1571,5859,2644,3478,5392,7484,5,4,4,4,4,4,4,4,4,4
TCGA-AN-A0XU-DX1_xmin26118_ymin18441_MPP-0.2500+87[1000].png,3088,2703,7165,7694,2644,8082,6652,267,5780,7695,7,5,4,4,4,4,4,4,4,4
TCGA-AN-A0XU-DX1_xmin26118_ymin18441_MPP-0.2500+88[1000].png,4711,2903,7212,3088,4817,4340,1239,7694,4990,1682,7,6,5,5,5,4,4,4,4,4
TCGA-AN-A0XU-DX1_xmin26118_ymin18441_MPP-0.2500+89[1000].png,4711,3088,1911,213,4817,4247,7733,2588,7880,2870,5,5,4,4,4,4,4,4,4,4
TCGA-AN-A0XU-DX1_xmin26118_ymin18441_MPP-0.2500+90[1000].png,5937,390,1356,8082,1297,7175,1413,335,1357,3260,5,5,4,4,4,4,4,4,4,4
TCGA-AN-A0XU-DX1_xmin26118_ymin18441_MPP-0.2500+91[1000].png,1941,6892,7222,6409,7400,3728,1373,7599,5152,5133,6,5,4,4,4,4,4,4,4,3
TCGA-AN-A0XU-DX1_xmin26118_ymin18441_MPP-0.2500+92[1000].png,1571,6045,1767,697,6795,2977,3088,2326,2666,4817,5,5,4,4,4,4,4,4,4,4
TCGA-AN-A0XU-DX1_xmin26118_ymin18441_MPP-0.2500+98[1000].png,1842,7222,7391,7189,1094,3870,1767,7807,2801,3836,6,5,4,4,4,4,4,4,4,4
TCGA-AN-A0XU-DX1_xmin26118_ymin18441_MPP-0.2500+99[1000].png,3088,982,5810,5780,781,237,1297,7733,808,145,5,5,5,5,5,4,4,4,4,4
TCGA-AO-A03U-DX1_xmin17362_ymin25363_MPP-0.2500+106[1000].png,1652,1297,6045,3526,898,7119,982,4711,4725,2903,7,6,6,5,5,5,5,5,5,5
TCGA-AO-A03U-DX1_xmin17362_ymin25363_MPP-0.2500+112[1000].png,3088,215,3526,1571,3619,3836,1813,2226,8081,2990,8,7,7,6,5,5,5,5,5,5
TCGA-AO-A03U-DX1_xmin17362_ymin25363_MPP-0.2500+113[1000].png,1652,3088,2226,1911,7695,7694,3526,7899,6321,4436,9,8,7,6,6,5,5,5,4,4
TCGA-AO-A03U-DX1_xmin17362_ymin25363_MPP-0.2500+114[1000].png,3088,7880,1652,5797,1842,6960,958,2967,6702,8101,6,6,6,5,5,5,5,5,4,4
TCGA-AO-A03U-DX1_xmin17362_ymin25363_MPP-0.2500+115[1000].png,1652,2226,144,7733,4251,5780,5999,5392,1967,4436,10,7,6,6,5,5,4,4,4,4
TCGA-AO-A03U-DX1_xmin17362_ymin25363_MPP-0.2500+117[1000].png,8148,3526,3088,144,5797,1586,2336,7357,5834,1297,8,6,6,5,5,5,5,5,5,5
TCGA-AO-A03U-DX1_xmin17362_ymin25363_MPP-0.2500+11[1000].png,1652,3088,7175,144,3526,6045,8148,2140,6772,7024,10,8,6,6,6,5,5,5,4,4
TCGA-AO-A03U-DX1_xmin17362_ymin25363_MPP-0.2500+123[1000].png,1652,1813,1297,1682,7024,1413,3088,5937,7485,4160,10,8,6,6,5,5,5,5,5,5
TCGA-AO-A03U-DX1_xmin17362_ymin25363_MPP-0.2500+124[1000].png,3088,7119,2226,3836,5780,5797,5392,7895,6919,389,9,7,7,6,5,5,5,5,5,5
TCGA-AO-A03U-DX1_xmin17362_ymin25363_MPP-0.2500+129[1000].png,3526,5912,5392,2308,3088,2336,1836,267,9,2870,7,6,6,6,6,5,5,5,5,4
TCGA-AO-A03U-DX1_xmin17362_ymin25363_MPP-0.2500+130[1000].png,6045,4068,5913,5392,1373,2308,6321,5047,2903,1682,8,6,6,5,5,5,5,5,5,5
TCGA-AO-A03U-DX1_xmin17362_ymin25363_MPP-0.2500+131[1000].png,2308,1813,6902,215,3088,7357,3836,4436,5780,7119,7,7,6,5,5,5,5,5,5,4
TCGA-AO-A03U-DX1_xmin17362_ymin25363_MPP-0.2500+132[1000].png,6795,2756,7694,3088,7808,4112,6045,1967,3504,3030,6,5,5,5,5,4,4,4,4,4
TCGA-AO-A03U-DX1_xmin17362_ymin25363_MPP-0.2500+138[1000].png,3088,1652,7808,3836,131,6222,1813,5392,5780,7089,7,7,5,5,5,5,5,5,5,4
TCGA-AO-A03U-DX1_xmin17362_ymin25363_MPP-0.2500+139[1000].png,6054,7694,1652,7733,594,3088,3836,7808,3209,6795,7,6,5,5,5,5,5,5,4,4
TCGA-AO-A03U-DX1_xmin17362_ymin25363_MPP-0.2500+146[1000].png,3088,1813,1836,2226,1652,7134,8013,1476,216,5799,7,7,6,6,6,5,5,5,4,4
TCGA-AO-A03U-DX1_xmin17362_ymin25363_MPP-0.2500+147[1000].png,1652,3088,7733,2756,1813,1297,3889,781,582,1311,7,6,6,6,5,5,5,5,4,4
TCGA-AO-A03U-DX1_xmin17362_ymin25363_MPP-0.2500+15[1000].png,3030,1682,7134,7089,7589,2635,1652,1373,6045,5912,5,5,5,5,4,4,4,4,4,4
TCGA-AO-A03U-DX1_xmin17362_ymin25363_MPP-0.2500+162[1000].png,3088,6045,215,2226,144,6702,781,6724,3526,7694,8,8,7,6,5,5,5,5,5,5
TCGA-AO-A03U-DX1_xmin17362_ymin25363_MPP-0.2500+163[1000].png,215,8013,3088,1652,5810,958,7694,2756,1836,7695,7,7,7,7,6,5,5,4,4,4
TCGA-AO-A03U-DX1_xmin17362_ymin25363_MPP-0.2500+177[1000].png,215,1652,6795,3088,769,2308,7165,5797,7695,216,6,6,6,5,5,5,5,4,4,4
TCGA-AO-A03U-DX1_xmin17362_ymin25363_MPP-0.2500+211[1000].png,3088,3030,4259,594,5780,1977,1652,8081,1813,2990,6,5,5,5,5,5,5,5,5,5
TCGA-AO-A03U-DX1_xmin17362_ymin25363_MPP-0.2500+36[1000].png,3088,1652,2226,5797,1813,5392,3526,3030,8148,1682,15,8,7,6,6,5,5,5,5,5
TCGA-AO-A03U-DX1_xmin17362_ymin25363_MPP-0.2500+38[1000].png,1297,215,1813,958,7694,6045,5392,7895,4527,5937,8,7,7,6,5,5,5,4,4,4
TCGA-AO-A03U-DX1_xmin17362_ymin25363_MPP-0.2500+79[1000].png,3088,4112,1652,215,3526,6905,7709,1586,7733,7895,9,6,6,5,5,5,5,4,4,4
TCGA-AO-A03U-DX1_xmin17362_ymin25363_MPP-0.2500+7[1000].png,144,3088,6905,1911,6321,781,7733,5872,7695,8110,7,7,6,6,6,5,5,5,5,4
TCGA-AO-A03U-DX1_xmin17362_ymin25363_MPP-0.2500+80[1000].png,1652,2308,2226,1813,3088,215,4143,5207,6905,1476,12,9,7,7,5,5,5,5,5,4
TCGA-AO-A03U-DX1_xmin17362_ymin25363_MPP-0.2500+81[1000].png,1652,3088,215,2226,6226,3526,6795,7357,162,5797,12,9,8,6,6,5,5,5,5,5
TCGA-AO-A03U-DX1_xmin17362_ymin25363_MPP-0.2500+84[1000].png,1813,1652,215,3088,5834,4711,2336,6226,2308,7129,8,8,7,7,6,6,5,5,5,5
TCGA-AO-A03U-DX1_xmin17362_ymin25363_MPP-0.2500+88[1000].png,1652,215,3230,915,5392,5780,1995,3526,725,332,8,5,5,5,5,4,4,4,4,4
TCGA-AO-A03U-DX1_xmin17362_ymin25363_MPP-0.2500+96[1000].png,4911,1652,6226,3836,3088,1297,7175,2430,3510,2977,9,7,6,6,5,5,5,5,5,5
TCGA-AO-A03U-DX1_xmin17362_ymin25363_MPP-0.2500+97[1000].png,1652,5392,1297,5937,144,4711,3088,3889,6045,5780,9,8,7,7,6,5,5,5,5,5
TCGA-AO-A03U-DX1_xmin17362_ymin25363_MPP-0.2500+98[1000].png,1652,1813,8148,2226,144,8013,2308,5797,6869,3088,10,7,7,6,6,5,5,5,5,5
TCGA-AO-A03U-DX1_xmin17362_ymin25363_MPP-0.2500+99[1000].png,1813,1652,958,215,7895,44,477,3030,3088,6902,8,7,7,6,5,5,5,5,5,5
TCGA-AO-A0J2-DX1_xmin33561_ymin14515_MPP-0.2500+0[1000].png,1652,215,2226,3088,1813,2308,3836,2756,8013,2686,13,13,11,9,7,7,5,5,5,4
TCGA-AO-A0J2-DX1_xmin33561_ymin14515_MPP-0.2500+123[1000].png,1652,1311,2308,5735,4436,1845,8013,4376,2226,1297,10,6,5,5,5,5,5,5,5,5
TCGA-AO-A0J2-DX1_xmin33561_ymin14515_MPP-0.2500+126[1000].png,215,3889,2990,2226,2308,3030,6045,3088,2650,1297,10,9,7,7,6,6,6,6,5,5
TCGA-AO-A0J2-DX1_xmin33561_ymin14515_MPP-0.2500+127[1000].png,1652,3088,8013,5834,3836,6869,6795,215,2226,2756,10,7,7,6,6,6,5,5,5,5
TCGA-AO-A0J2-DX1_xmin33561_ymin14515_MPP-0.2500+130[1000].png,1652,1813,6321,3619,2990,6702,215,7119,2226,4560,9,7,7,6,6,6,6,5,5,5
TCGA-AO-A0J2-DX1_xmin33561_ymin14515_MPP-0.2500+136[1000].png,1652,2308,215,2226,2903,5047,1297,144,5392,237,8,7,6,6,6,6,5,5,4,4
TCGA-AO-A0J2-DX1_xmin33561_ymin14515_MPP-0.2500+137[1000].png,8013,2308,1652,7129,5741,144,6869,2226,1654,4194,8,7,6,6,5,5,5,5,5,4
TCGA-AO-A0J2-DX1_xmin33561_ymin14515_MPP-0.2500+141[1000].png,6045,1652,6795,2308,1297,2226,5780,215,1813,632,11,9,8,8,7,6,6,5,5,5
TCGA-AO-A0J2-DX1_xmin33561_ymin14515_MPP-0.2500+147[1000].png,2226,3088,1652,3889,1297,215,144,6869,3526,7869,8,7,7,7,7,6,6,6,6,6
TCGA-AO-A0J2-DX1_xmin33561_ymin14515_MPP-0.2500+148[1000].png,215,1652,2226,5392,1813,1297,2903,3088,5797,3889,7,7,7,7,6,6,6,6,6,5
TCGA-AO-A0J2-DX1_xmin33561_ymin14515_MPP-0.2500+149[1000].png,3088,1813,1652,1297,319,6869,2990,4290,7129,5797,12,9,7,6,6,6,6,5,5,5
TCGA-AO-A0J2-DX1_xmin33561_ymin14515_MPP-0.2500+155[1000].png,1652,1813,144,3088,5741,6795,778,5946,3526,2756,10,9,8,8,6,6,6,6,5,5
TCGA-AO-A0J2-DX1_xmin33561_ymin14515_MPP-0.2500+158[1000].png,5392,6702,2226,7808,2308,1813,215,3889,1652,144,11,10,8,8,7,7,7,6,6,6
TCGA-AO-A0J2-DX1_xmin33561_ymin14515_MPP-0.2500+159[1000].png,1652,3088,7808,1813,7165,6702,2756,7589,2226,1911,12,11,8,8,7,6,6,5,5,5
TCGA-AO-A0J2-DX1_xmin33561_ymin14515_MPP-0.2500+166[1000].png,1652,215,1813,3526,8013,5603,7119,3088,808,3030,13,10,8,8,6,6,6,6,5,5
TCGA-AO-A0J2-DX1_xmin33561_ymin14515_MPP-0.2500+169[1000].png,2226,1652,6045,1297,7808,808,215,3088,2308,3030,12,12,9,8,7,6,6,6,6,5
TCGA-AO-A0J2-DX1_xmin33561_ymin14515_MPP-0.2500+55[1000].png,1652,215,2226,3088,6795,6869,5392,131,2903,1297,8,7,7,7,7,6,6,5,5,5
TCGA-AO-A0J2-DX1_xmin33561_ymin14515_MPP-0.2500+92[1000].png,6795,3088,1652,8013,2308,3438,3889,7129,693,2990,12,7,7,6,6,5,5,5,5,5
TCGA-AO-A0J2-DX1_xmin33561_ymin14515_MPP-0.2500+97[1000].png,7134,215,3088,1652,2226,6045,1813,5834,2756,2308,10,9,8,8,8,7,7,5,5,5
TCGA-AO-A0J2-DX1_xmin33561_ymin14515_MPP-0.2500+98[1000].png,215,1652,2226,7134,6795,6265,1813,5999,958,2990,7,7,7,6,6,5,5,5,5,5
TCGA-AO-A0J4-DX1_xmin17194_ymin10629_MPP-0.2500+142[1000].png,2308,7694,898,237,319,7134,3030,2990,5392,1297,8,6,6,6,5,5,5,5,5,4
TCGA-AO-A0J4-DX1_xmin17194_ymin10629_MPP-0.2500+148[1000].png,267,6902,1836,7089,2226,7317,8148,4205,1652,4311,9,6,6,6,6,4,4,4,4,4
TCGA-AO-A0J4-DX1_xmin17194_ymin10629_MPP-0.2500+149[1000].png,1652,3836,7604,4711,6702,2430,632,7129,2184,6652,8,6,5,5,5,5,5,5,4,4
TCGA-AO-A0J4-DX1_xmin17194_ymin10629_MPP-0.2500+150[1000].png,3836,5797,3619,4711,2226,7895,778,1652,5834,3870,7,6,6,5,5,4,4,4,4,4
TCGA-AO-A0J4-DX1_xmin17194_ymin10629_MPP-0.2500+158[1000].png,6869,1652,1813,3209,215,2990,8013,1476,5780,958,8,6,6,5,5,5,5,5,5,4
TCGA-AO-A0J4-DX1_xmin17194_ymin10629_MPP-0.2500+159[1000].png,7733,3088,5780,5392,7249,7024,1373,5797,6479,2756,6,6,6,5,5,5,4,4,4,4
TCGA-AO-A0J4-DX1_xmin17194_ymin10629_MPP-0.2500+160[1000].png,6795,1652,7937,3088,3889,2977,2756,5797,1311,4340,6,6,6,6,5,5,5,5,5,5
TCGA-AO-A0J4-DX1_xmin17194_ymin10629_MPP-0.2500+169[1000].png,2903,5797,4711,5937,2226,1652,5561,6137,3836,5097,8,7,5,5,5,5,5,4,4,4
TCGA-AO-A0J4-DX1_xmin17194_ymin10629_MPP-0.2500+170[1000].png,1373,7733,4622,1297,7694,6702,2990,6795,1836,4194,7,6,5,5,5,5,5,4,4,4
TCGA-AO-A0J4-DX1_xmin17194_ymin10629_MPP-0.2500+172[1000].png,3088,3836,2903,5098,958,262,4160,7895,1836,3526,8,7,6,6,5,4,4,4,4,4
TCGA-AO-A0J4-DX1_xmin17194_ymin10629_MPP-0.2500+173[1000].png,2226,6045,7880,3088,1652,1001,594,1476,6869,5498,7,6,5,5,5,4,4,4,4,4
TCGA-AO-A0J4-DX1_xmin17194_ymin10629_MPP-0.2500+180[1000].png,3088,7134,5392,1967,2903,958,6795,1652,3836,5007,8,6,6,6,5,5,5,5,4,4
TCGA-AO-A0J4-DX1_xmin17194_ymin10629_MPP-0.2500+181[1000].png,2430,3526,7599,5428,4160,2903,1836,725,7694,1652,8,7,6,6,5,5,5,4,4,4
TCGA-AO-A0J4-DX1_xmin17194_ymin10629_MPP-0.2500+182[1000].png,3088,1652,5780,6045,1460,215,6137,7604,2588,2756,11,7,6,6,5,5,5,5,5,5
TCGA-AO-A0J4-DX1_xmin17194_ymin10629_MPP-0.2500+183[1000].png,3088,6869,1652,3836,131,3526,2226,4711,7937,958,7,6,6,5,5,4,4,4,4,4
TCGA-AO-A0J4-DX1_xmin17194_ymin10629_MPP-0.2500+184[1000].png,2308,7134,3088,1652,7089,6869,4311,1682,6702,1508,9,8,8,7,6,5,5,5,5,5
TCGA-AO-A0J4-DX1_xmin17194_ymin10629_MPP-0.2500+185[1000].png,1652,3088,2308,4160,7869,3526,7024,6795,594,7189,7,7,6,6,5,5,5,5,5,4
TCGA-AO-A0J4-DX1_xmin17194_ymin10629_MPP-0.2500+186[1000].png,1652,3526,3088,7134,6905,2336,1836,1813,6226,5203,15,9,8,6,6,5,5,4,4,4
TCGA-AO-A0J4-DX1_xmin17194_ymin10629_MPP-0.2500+191[1000].png,3088,7024,7165,5392,6902,1845,7377,5937,1297,3637,10,7,6,6,5,5,4,4,4,4
TCGA-AO-A0J4-DX1_xmin17194_ymin10629_MPP-0.2500+192[1000].png,7024,5392,1297,3088,6702,3189,131,4112,1897,601,8,8,7,7,6,5,5,5,5,5
TCGA-AO-A0J4-DX1_xmin17194_ymin10629_MPP-0.2500+193[1000].png,1652,2308,4436,215,3889,7134,6045,5780,6960,2226,9,7,7,7,6,6,6,5,5,5
TCGA-AO-A0J4-DX1_xmin17194_ymin10629_MPP-0.2500+194[1000].png,1652,3088,3526,6795,3870,1297,4194,2977,2756,594,8,7,6,6,6,6,5,5,5,5
TCGA-AO-A0J4-DX1_xmin17194_ymin10629_MPP-0.2500+195[1000].png,1652,6045,1813,5498,5392,4817,5344,3044,6321,3526,11,7,6,5,5,5,5,5,5,5
TCGA-AO-A0J4-DX1_xmin17194_ymin10629_MPP-0.2500+202[1000].png,3088,3526,2226,7129,4622,7175,5065,335,2062,7694,9,9,8,7,5,5,5,5,5,5
TCGA-AO-A0J4-DX1_xmin17194_ymin10629_MPP-0.2500+203[1000].png,1652,7024,3230,7695,4533,6321,6652,5203,7129,124,10,7,5,5,5,5,5,4,4,4
TCGA-AO-A0J4-DX1_xmin17194_ymin10629_MPP-0.2500+204[1000].png,3088,6045,3836,6795,5797,3870,144,1297,3526,7694,11,7,7,7,7,6,6,6,6,5
TCGA-AO-A0J4-DX1_xmin17194_ymin10629_MPP-0.2500+205[1000].png,1652,4311,2756,2226,6795,958,3088,6869,6724,4112,8,7,6,6,6,5,5,5,5,5
TCGA-AO-A0J4-DX1_xmin17194_ymin10629_MPP-0.2500+206[1000].png,1652,6045,5344,144,2140,1813,3088,8148,5780,3526,14,9,8,8,7,6,6,6,5,5
TCGA-AO-A0J4-DX1_xmin17194_ymin10629_MPP-0.2500+214[1000].png,3088,2756,3889,6045,7024,2226,2308,5392,4711,7869,8,8,6,6,6,5,5,5,5,5
TCGA-AO-A0J4-DX1_xmin17194_ymin10629_MPP-0.2500+215[1000].png,3088,2756,1297,3526,5780,7089,215,7129,5098,5454,9,6,6,5,5,5,5,5,5,5
TCGA-AO-A0J4-DX1_xmin17194_ymin10629_MPP-0.2500+216[1000].png,7134,8013,3889,3204,5937,1652,3526,3619,6902,6782,7,5,5,5,5,5,5,5,5,4
TCGA-AO-A0J4-DX1_xmin17194_ymin10629_MPP-0.2500+217[1000].png,1652,7129,3088,7089,6045,4112,5912,3526,5509,496,10,8,8,6,5,5,5,5,4,4
TCGA-AO-A0J4-DX1_xmin17194_ymin10629_MPP-0.2500+221[1000].png,3088,7134,7119,2308,1836,6919,215,3870,5428,5797,11,9,7,6,6,5,5,5,5,5
TCGA-AO-A0J4-DX1_xmin17194_ymin10629_MPP-0.2500+222[1000].png,6795,3526,215,6045,3088,5392,1652,2226,4606,3889,8,7,6,6,6,6,6,5,5,5
TCGA-AO-A0J4-DX1_xmin17194_ymin10629_MPP-0.2500+226[1000].png,7694,3088,1652,6905,2756,7134,7089,3870,1361,778,8,7,7,5,5,5,5,5,5,5
TCGA-AO-A0J4-DX1_xmin17194_ymin10629_MPP-0.2500+227[1000].png,3088,2756,2308,5428,3870,2028,8041,4911,2977,5763,6,6,5,5,5,4,4,4,4,4
TCGA-AO-A0J4-DX1_xmin17194_ymin10629_MPP-0.2500+228[1000].png,3088,5098,5797,7134,2308,7895,7695,3526,958,5937,10,7,6,5,5,5,5,5,5,4
TCGA-AO-A0J4-DX1_xmin17194_ymin10629_MPP-0.2500+229[1000].png,7175,3088,5937,5392,7134,6869,7694,6321,915,6121,7,7,6,6,6,6,6,5,5,5
TCGA-AO-A0J4-DX1_xmin17194_ymin10629_MPP-0.2500+231[1000].png,1813,1652,2308,7895,3526,6045,144,3889,7089,515,8,7,7,7,7,6,5,5,5,4
TCGA-AO-A0J4-DX1_xmin17194_ymin10629_MPP-0.2500+232[1000].png,1652,3526,915,6045,6795,7189,3088,5235,935,2226,8,7,6,6,6,6,6,5,5,5
TCGA-AO-A0J4-DX1_xmin17194_ymin10629_MPP-0.2500+233[1000].png,1652,6045,7694,6226,1813,3088,2226,3870,8148,6869,9,8,6,6,5,5,5,5,4,4
TCGA-AO-A0J4-DX1_xmin17194_ymin10629_MPP-0.2500+234[1000].png,3088,2308,1813,7694,2756,6795,7895,3526,1203,5392,10,9,8,7,7,6,6,6,4,4
TCGA-AO-A0J4-DX1_xmin17194_ymin10629_MPP-0.2500+239[1000].png,3088,2308,6045,4430,44,5797,3264,6795,1652,5392,12,8,7,6,6,5,5,5,5,4
TCGA-AO-A0J4-DX1_xmin17194_ymin10629_MPP-0.2500+240[1000].png,3088,4711,3526,6045,7091,44,7695,4911,6964,2756,13,7,6,5,5,5,5,5,5,5
TCGA-AO-A0J4-DX1_xmin17194_ymin10629_MPP-0.2500+241[1000].png,2308,1652,2226,1813,1008,3088,7129,5780,7164,6045,9,8,6,6,5,5,5,5,5,5
TCGA-AO-A0J4-DX1_xmin17194_ymin10629_MPP-0.2500+242[1000].png,3088,2308,6321,8148,1652,5797,1813,144,3619,1977,6,6,5,5,5,5,5,4,4,4
TCGA-AO-A0J4-DX1_xmin17194_ymin10629_MPP-0.2500+243[1000].png,2308,781,840,1813,932,4725,2140,7175,1652,3088,6,6,6,6,5,5,5,5,5,5
TCGA-AO-A0J4-DX1_xmin17194_ymin10629_MPP-0.2500+244[1000].png,3088,8013,3356,6045,1813,3230,3209,2588,6869,1652,7,6,5,5,5,5,5,5,5,4
TCGA-AO-A0J4-DX1_xmin17194_ymin10629_MPP-0.2500+245[1000].png,3088,4711,2308,7808,5912,693,7694,6795,1311,5097,9,8,7,7,5,5,5,5,4,4
TCGA-AO-A0J4-DX1_xmin17194_ymin10629_MPP-0.2500+246[1000].png,1652,6226,2308,6902,8066,5797,3526,6711,4593,331,7,6,5,5,5,5,5,4,4,4
TCGA-AO-A0J4-DX1_xmin17194_ymin10629_MPP-0.2500+249[1000].png,3088,4436,5797,5392,5912,6354,5872,7694,4817,5810,7,6,6,5,4,4,4,4,4,4
TCGA-AO-A0J4-DX1_xmin17194_ymin10629_MPP-0.2500+250[1000].png,4711,781,1836,6054,7189,7694,5392,3836,7808,3044,6,6,6,5,5,5,5,5,5,5
TCGA-AO-A0J4-DX1_xmin17194_ymin10629_MPP-0.2500+251[1000].png,3088,5810,2226,7880,5912,1911,7695,6869,5428,5440,11,7,6,5,5,4,4,4,4,4
TCGA-AO-A0J4-DX1_xmin17194_ymin10629_MPP-0.2500+252[1000].png,3088,215,958,2990,1911,6702,1682,8140,7442,1652,7,6,5,5,4,4,4,4,4,4
TCGA-AO-A0J4-DX1_xmin17194_ymin10629_MPP-0.2500+253[1000].png,3526,3088,2308,2977,4711,6045,5937,7175,7134,6869,7,6,6,6,6,5,5,5,5,4
TCGA-AO-A0J4-DX1_xmin17194_ymin10629_MPP-0.2500+254[1000].png,1813,1652,3619,7119,4711,6795,3088,7733,8148,2756,8,7,6,6,6,5,5,5,4,4
TCGA-AO-A0J4-DX1_xmin17194_ymin10629_MPP-0.2500+255[1000].png,215,3088,6045,1652,7808,4685,3230,2278,5603,1813,9,7,6,6,5,5,5,5,5,5
TCGA-AO-A0J4-DX1_xmin17194_ymin10629_MPP-0.2500+256[1000].png,3088,5717,725,2140,215,2308,781,6321,4833,3870,11,6,6,6,6,5,5,5,4,4
TCGA-AO-A0J4-DX1_xmin17194_ymin10629_MPP-0.2500+260[1000].png,3088,2308,5780,7880,3230,3526,5912,5428,4711,1842,9,9,6,6,5,5,5,5,5,5
TCGA-AO-A0J4-DX1_xmin17194_ymin10629_MPP-0.2500+261[1000].png,3088,915,4911,3044,3526,4817,1652,5810,2308,3836,9,6,5,5,5,5,5,5,5,5
TCGA-AO-A0J4-DX1_xmin17194_ymin10629_MPP-0.2500+262[1000].png,2226,1652,3088,6702,215,5392,6321,5912,5741,1311,7,6,6,6,6,5,5,5,5,5
TCGA-AO-A0J4-DX1_xmin17194_ymin10629_MPP-0.2500+263[1000].png,215,958,1813,5780,3526,4711,6795,6702,6869,6628,8,7,7,6,6,5,5,5,5,5
TCGA-AO-A0J4-DX1_xmin17194_ymin10629_MPP-0.2500+266[1000].png,2308,2990,4436,632,6795,4711,3526,1652,6702,8081,7,7,6,6,5,5,5,5,4,4
TCGA-AO-A0J4-DX1_xmin17194_ymin10629_MPP-0.2500+271[1000].png,3836,5392,7895,4711,7249,5834,7024,1373,3088,1869,8,6,5,5,5,5,5,4,4,4
TCGA-AO-A0J4-DX1_xmin17194_ymin10629_MPP-0.2500+272[1000].png,3088,1652,5065,2308,5937,8148,6321,5428,7089,5797,10,8,6,6,5,5,5,5,5,5
TCGA-AO-A0J4-DX1_xmin17194_ymin10629_MPP-0.2500+275[1000].png,3088,5392,6795,1203,2756,2308,4259,1813,335,1652,9,7,5,5,5,5,5,5,5,5
TCGA-AO-A0J4-DX1_xmin17194_ymin10629_MPP-0.2500+282[1000].png,1682,7695,5780,5007,2226,7895,7694,632,1813,1624,7,6,5,5,5,4,4,4,4,4
TCGA-AO-A0J4-DX1_xmin17194_ymin10629_MPP-0.2500+283[1000].png,3088,7134,781,1652,2308,215,5065,3526,516,7189,8,7,6,6,6,5,5,5,4,4
TCGA-AO-A0J4-DX1_xmin17194_ymin10629_MPP-0.2500+284[1000].png,5603,3030,3526,5937,2967,4436,7001,6702,4068,215,6,6,5,5,5,5,5,5,4,4
TCGA-AO-A0J4-DX1_xmin17194_ymin10629_MPP-0.2500+287[1000].png,3088,6795,3526,2780,144,7091,3619,935,5937,3836,10,9,7,7,7,6,6,5,5,5
TCGA-AO-A0J4-DX1_xmin17194_ymin10629_MPP-0.2500+292[1000].png,3088,1836,7134,2308,6795,215,1652,3836,7224,5098,6,5,5,5,5,5,5,5,4,4
TCGA-AO-A0J4-DX1_xmin17194_ymin10629_MPP-0.2500+293[1000].png,3088,778,4436,215,781,7134,3526,4311,5780,4859,9,5,5,5,5,5,5,5,5,4
TCGA-AO-A0J6-DX1_xmin40548_ymin11135_MPP-0.2500+114[1000].png,3088,3230,2766,1189,4259,1297,1652,7733,5392,5203,11,6,5,5,5,5,4,4,4,4
TCGA-AO-A0J6-DX1_xmin40548_ymin11135_MPP-0.2500+115[1000].png,3088,5203,5834,1977,1813,4492,4160,5007,2756,3204,12,7,6,6,6,5,5,5,5,4
TCGA-AO-A0J6-DX1_xmin40548_ymin11135_MPP-0.2500+124[1000].png,1836,7129,3088,2308,5999,5344,7485,6902,898,808,8,7,6,5,5,5,5,5,4,4
TCGA-AO-A0J6-DX1_xmin40548_ymin11135_MPP-0.2500+127[1000].png,3088,2430,7895,2308,5007,6226,5065,8148,2967,4160,8,7,6,6,6,5,5,4,4,4
TCGA-AO-A0J6-DX1_xmin40548_ymin11135_MPP-0.2500+128[1000].png,5392,2308,4199,5601,5007,131,7024,3469,5097,1977,6,6,5,5,5,5,5,5,4,4
TCGA-AO-A0J6-DX1_xmin40548_ymin11135_MPP-0.2500+129[1000].png,3088,3836,4160,7694,3889,1297,2308,5797,5065,7957,8,6,6,5,5,5,5,5,4,4
TCGA-AO-A0J6-DX1_xmin40548_ymin11135_MPP-0.2500+136[1000].png,5344,7695,5203,5797,4436,1836,6137,7400,4993,3088,7,6,6,4,4,4,4,4,4,4
TCGA-AO-A0J6-DX1_xmin40548_ymin11135_MPP-0.2500+140[1000].png,3088,2308,7695,915,1877,5834,2756,1357,1836,162,9,9,7,6,5,5,5,5,5,4
TCGA-AO-A0J6-DX1_xmin40548_ymin11135_MPP-0.2500+141[1000].png,6702,3088,1836,6724,7733,1297,5235,2766,7880,7189,8,7,5,5,5,5,5,5,5,4
TCGA-AO-A0J6-DX1_xmin40548_ymin11135_MPP-0.2500+142[1000].png,4711,1836,1842,1280,5797,3088,496,1977,965,7134,6,5,5,5,5,5,4,4,4,4
TCGA-AO-A0J6-DX1_xmin40548_ymin11135_MPP-0.2500+143[1000].png,1297,4725,3836,3526,2278,4112,7134,2493,4160,2766,8,6,6,5,5,5,4,4,4,4
TCGA-AO-A0J6-DX1_xmin40548_ymin11135_MPP-0.2500+156[1000].png,3836,3088,4775,5797,1836,6226,2430,2756,915,7895,8,7,6,5,5,5,5,5,5,5
TCGA-AO-A0J6-DX1_xmin40548_ymin11135_MPP-0.2500+169[1000].png,3088,3230,7134,2588,2308,1508,267,6652,7895,8081,9,6,6,5,5,5,5,4,4,4
TCGA-AO-A0J6-DX1_xmin40548_ymin11135_MPP-0.2500+16[1000].png,3088,3889,5913,7828,7895,3209,335,4817,4112,7134,11,6,5,5,5,5,5,5,5,5
TCGA-AO-A0J6-DX1_xmin40548_ymin11135_MPP-0.2500+170[1000].png,3088,3836,4711,4259,898,4430,7165,5834,1682,5007,11,6,6,5,5,5,5,5,4,4
TCGA-AO-A0J6-DX1_xmin40548_ymin11135_MPP-0.2500+174[1000].png,3088,7134,2756,331,5007,6321,5834,3526,3209,6678,9,7,6,6,6,5,5,5,5,4
TCGA-AO-A0J6-DX1_xmin40548_ymin11135_MPP-0.2500+175[1000].png,3088,2308,1836,6724,7695,2703,3189,7175,2967,7957,8,7,6,5,5,4,4,4,4,4
TCGA-AO-A0J6-DX1_xmin40548_ymin11135_MPP-0.2500+176[1000].png,3088,2308,7189,898,5780,4160,4198,1297,6571,2997,10,9,5,5,5,5,5,5,4,4
TCGA-AO-A0J6-DX1_xmin40548_ymin11135_MPP-0.2500+17[1000].png,3088,6702,2430,7733,6964,6960,2903,7134,5810,3836,8,7,5,5,4,4,4,4,4,4
TCGA-AO-A0J6-DX1_xmin40548_ymin11135_MPP-0.2500+183[1000].png,3088,7129,331,5780,5392,6657,1297,2766,7138,7165,8,6,6,5,5,5,5,4,4,4
TCGA-AO-A0J6-DX1_xmin40548_ymin11135_MPP-0.2500+187[1000].png,1297,3088,5797,7134,915,3504,2756,4711,3836,8081,7,6,5,5,5,5,5,5,5,4
TCGA-AO-A0J6-DX1_xmin40548_ymin11135_MPP-0.2500+188[1000].png,5834,2308,7134,1905,4100,5428,4654,331,4911,2635,7,7,6,5,5,5,4,4,4,4
TCGA-AO-A0J6-DX1_xmin40548_ymin11135_MPP-0.2500+189[1000].png,6724,3088,6702,2308,7134,131,5780,267,3349,7869,7,7,6,5,5,5,5,5,4,4
TCGA-AO-A0J6-DX1_xmin40548_ymin11135_MPP-0.2500+190[1000].png,7895,4112,7869,6919,267,1842,6902,2031,3088,5780,6,6,6,5,5,5,5,5,5,4
TCGA-AO-A0J6-DX1_xmin40548_ymin11135_MPP-0.2500+191[1000].png,5392,335,5780,1463,3189,1103,1297,7189,6428,6964,5,5,5,5,4,4,4,4,4,4
TCGA-AO-A0J6-DX1_xmin40548_ymin11135_MPP-0.2500+192[1000].png,4711,1836,7175,162,3836,735,3230,2308,5392,3088,6,5,5,5,5,5,5,4,4,4
TCGA-AO-A0J6-DX1_xmin40548_ymin11135_MPP-0.2500+193[1000].png,7694,6905,6657,6782,2278,331,2226,6919,1297,5476,6,6,6,5,5,5,5,5,5,5
TCGA-AO-A0J6-DX1_xmin40548_ymin11135_MPP-0.2500+196[1000].png,2308,3088,7733,4080,1389,1836,4160,3836,1373,5810,8,7,6,5,5,5,5,5,4,4
TCGA-AO-A0J6-DX1_xmin40548_ymin11135_MPP-0.2500+197[1000].png,4160,4817,3088,1905,2903,1463,5604,4725,4711,44,6,6,6,5,5,5,4,4,4,4
TCGA-AO-A0J6-DX1_xmin40548_ymin11135_MPP-0.2500+200[1000].png,3088,4911,1842,6702,7733,7089,3204,4250,7134,1836,9,7,6,5,5,5,4,4,4,4
TCGA-AO-A0J6-DX1_xmin40548_ymin11135_MPP-0.2500+201[1000].png,6724,3088,1842,7357,2448,1373,2028,7880,836,1836,7,6,6,5,4,4,4,4,4,4
TCGA-AO-A0J6-DX1_xmin40548_ymin11135_MPP-0.2500+205[1000].png,3088,4711,5392,5834,4080,1842,2870,5065,2766,7212,10,8,7,6,5,5,5,4,4,4
TCGA-AO-A0J6-DX1_xmin40548_ymin11135_MPP-0.2500+206[1000].png,5780,4711,6045,2308,5392,3230,1001,3526,6754,1836,8,6,5,5,5,5,4,4,4,4
TCGA-AO-A0J6-DX1_xmin40548_ymin11135_MPP-0.2500+210[1000].png,3088,2308,1836,5344,216,7694,2990,3189,2012,769,8,6,6,5,5,5,5,4,4,4
TCGA-AO-A0J6-DX1_xmin40548_ymin11135_MPP-0.2500+213[1000].png,4968,7175,335,3728,2870,7733,4250,168,8148,7695,6,6,6,5,5,4,4,4,4,4
TCGA-AO-A0J6-DX1_xmin40548_ymin11135_MPP-0.2500+214[1000].png,8081,2336,3088,145,6931,335,2308,7733,2751,958,6,6,6,5,5,5,5,4,4,4
TCGA-AO-A0J6-DX1_xmin40548_ymin11135_MPP-0.2500+215[1000].png,7694,4160,1652,496,7895,1869,5203,7957,6226,4711,6,5,5,4,4,4,4,4,4,4
TCGA-AO-A0J6-DX1_xmin40548_ymin11135_MPP-0.2500+218[1000].png,4160,1297,335,331,7895,4492,6702,5392,3088,8148,7,6,5,5,5,4,4,4,4,4
TCGA-AO-A0J6-DX1_xmin40548_ymin11135_MPP-0.2500+219[1000].png,1297,5834,3088,5098,6702,6905,6919,4968,5344,2967,6,5,5,5,5,4,4,4,4,4
TCGA-AO-A0J6-DX1_xmin40548_ymin11135_MPP-0.2500+220[1000].png,3088,5834,6192,6321,2308,8081,6219,1682,1631,7189,7,5,5,4,4,4,4,4,4,4
TCGA-AO-A0J6-DX1_xmin40548_ymin11135_MPP-0.2500+222[1000].png,7149,5834,1652,196,3526,915,5498,6919,808,5912,5,5,5,4,4,4,4,4,4,4
TCGA-AO-A0J6-DX1_xmin40548_ymin11135_MPP-0.2500+227[1000].png,3088,965,4711,7695,7175,5047,34,7400,1836,7134,9,6,5,5,4,4,4,4,4,4
TCGA-AO-A0J6-DX1_xmin40548_ymin11135_MPP-0.2500+228[1000].png,3088,7869,2308,5392,1836,915,5097,7134,6724,4725,9,6,6,5,5,5,5,4,4,4
TCGA-AO-A0J6-DX1_xmin40548_ymin11135_MPP-0.2500+232[1000].png,5797,7165,2967,5603,2308,1836,3209,7695,1373,44,8,5,5,5,5,5,4,4,4,4
TCGA-AO-A0J6-DX1_xmin40548_ymin11135_MPP-0.2500+233[1000].png,7134,131,3088,2308,6702,2977,6724,1836,7916,6045,6,6,6,5,4,4,4,4,4,4
TCGA-AO-A0J6-DX1_xmin40548_ymin11135_MPP-0.2500+234[1000].png,7165,4725,3088,5810,6902,1652,131,4259,7869,958,7,6,5,5,5,5,5,5,5,4
TCGA-AO-A0J6-DX1_xmin40548_ymin11135_MPP-0.2500+23[1000].png,3088,5834,7695,7501,7134,6657,4622,4711,3011,5097,6,6,6,5,5,4,4,4,4,4
TCGA-AO-A0J6-DX1_xmin40548_ymin11135_MPP-0.2500+241[1000].png,3088,1150,3836,335,7695,1716,6724,5913,7895,162,8,5,5,5,5,5,4,4,4,4
TCGA-AO-A0J6-DX1_xmin40548_ymin11135_MPP-0.2500+246[1000].png,3088,2308,5834,1836,5392,6045,898,7733,7501,1652,9,7,6,6,6,5,5,5,4,4
TCGA-AO-A0J6-DX1_xmin40548_ymin11135_MPP-0.2500+247[1000].png,3088,7895,6388,310,932,5392,2870,404,237,7589,10,5,5,5,5,4,4,4,4,4
TCGA-AO-A0J6-DX1_xmin40548_ymin11135_MPP-0.2500+254[1000].png,3088,1836,5509,6657,4364,331,5797,3836,7733,4725,7,6,5,5,4,4,4,4,4,4
TCGA-AO-A0J6-DX1_xmin40548_ymin11135_MPP-0.2500+266[1000].png,3088,1297,2226,1842,6782,3836,3011,2666,331,5797,8,8,6,5,5,5,5,5,5,5
TCGA-AO-A0J6-DX1_xmin40548_ymin11135_MPP-0.2500+267[1000].png,3088,6054,4711,6702,5007,2903,3526,6724,1297,145,10,7,6,6,6,5,5,5,4,4
TCGA-AO-A0J6-DX1_xmin40548_ymin11135_MPP-0.2500+268[1000].png,3088,5780,6902,7134,4711,2751,477,7733,6795,1846,7,6,6,5,4,4,4,4,4,4
TCGA-AO-A0J6-DX1_xmin40548_ymin11135_MPP-0.2500+269[1000].png,2903,3088,7165,7024,2308,6702,5834,1836,7695,5392,7,7,7,6,6,6,6,5,5,5
TCGA-AO-A0J6-DX1_xmin40548_ymin11135_MPP-0.2500+279[1000].png,5392,3088,5797,2308,1842,3625,3526,4430,1297,6724,7,6,5,4,4,4,4,4,4,4
TCGA-AO-A0J6-DX1_xmin40548_ymin11135_MPP-0.2500+27[1000].png,1297,5509,2967,6795,3750,4492,7024,3088,5097,7957,6,6,5,5,5,5,5,5,4,4
TCGA-AO-A0J6-DX1_xmin40548_ymin11135_MPP-0.2500+281[1000].png,3088,5392,5344,5834,7895,1979,4160,6795,6902,7733,9,7,7,7,6,5,5,5,5,5
TCGA-AO-A0J6-DX1_xmin40548_ymin11135_MPP-0.2500+282[1000].png,3088,6502,4711,7450,4198,3024,7134,5428,7733,1836,7,5,5,4,4,4,4,4,4,4
TCGA-AO-A0J6-DX1_xmin40548_ymin11135_MPP-0.2500+283[1000].png,3088,6724,7024,3836,5780,1992,7695,982,1008,3477,11,7,7,6,5,5,5,5,5,4
TCGA-AO-A0J6-DX1_xmin40548_ymin11135_MPP-0.2500+284[1000].png,2308,215,7175,7694,2588,5702,1571,352,254,7024,7,5,5,5,5,4,4,4,4,4
TCGA-AO-A0J6-DX1_xmin40548_ymin11135_MPP-0.2500+294[1000].png,3088,1297,3836,2308,7134,4376,1775,3526,2336,808,9,7,6,6,6,5,5,5,5,4
TCGA-AO-A0J6-DX1_xmin40548_ymin11135_MPP-0.2500+295[1000].png,2308,7694,5797,1813,6902,6054,4501,3088,7895,6762,7,6,6,6,5,5,5,5,5,4
TCGA-AO-A0J6-DX1_xmin40548_ymin11135_MPP-0.2500+296[1000].png,7694,6902,4436,5797,5344,1977,6045,7165,371,4711,6,5,5,5,4,4,4,4,4,4
TCGA-AO-A0J6-DX1_xmin40548_ymin11135_MPP-0.2500+297[1000].png,3088,3526,6724,5810,935,5780,1297,5392,4160,2903,9,8,6,5,5,5,5,5,5,5
TCGA-AO-A0J6-DX1_xmin40548_ymin11135_MPP-0.2500+298[1000].png,7895,4311,3088,808,6702,1652,3836,1297,5007,237,7,6,6,6,6,5,5,5,4,4
TCGA-AO-A0J6-DX1_xmin40548_ymin11135_MPP-0.2500+308[1000].png,3088,2308,5780,7134,4711,6964,1652,5834,5810,4322,9,7,6,6,5,5,5,4,4,4
TCGA-AO-A0J6-DX1_xmin40548_ymin11135_MPP-0.2500+309[1000].png,5797,1297,6045,4911,7134,6226,131,3088,6702,3728,8,7,6,6,6,6,6,5,5,5
TCGA-AO-A0J6-DX1_xmin40548_ymin11135_MPP-0.2500+310[1000].png,3088,3526,1297,4160,1813,7589,2756,7694,1767,632,10,9,7,6,6,6,5,5,5,5
TCGA-AO-A0J6-DX1_xmin40548_ymin11135_MPP-0.2500+311[1000].png,3088,6045,915,1571,7895,3526,6226,4001,4492,1652,12,7,6,6,5,5,5,5,5,5
TCGA-AO-A0J6-DX1_xmin40548_ymin11135_MPP-0.2500+312[1000].png,3526,5392,1836,215,2756,7695,322,6919,5065,5797,9,7,7,5,5,5,5,5,4,4
TCGA-AO-A0J6-DX1_xmin40548_ymin11135_MPP-0.2500+39[1000].png,3088,2903,1508,5834,7134,4160,5872,2870,1842,5912,11,6,6,5,5,5,5,4,4,4
TCGA-AO-A0J6-DX1_xmin40548_ymin11135_MPP-0.2500+4[1000].png,3088,4993,7024,4711,1586,5392,3536,8110,331,1716,7,5,5,5,5,4,4,4,4,4
TCGA-AO-A0J6-DX1_xmin40548_ymin11135_MPP-0.2500+5[1000].png,3088,8081,2308,335,4911,915,2699,988,6724,7880,9,6,6,5,5,5,5,4,4,4
TCGA-AO-A0J6-DX1_xmin40548_ymin11135_MPP-0.2500+6[1000].png,3088,4198,2756,2977,4376,4143,1508,3044,7895,6571,7,6,5,4,4,4,4,4,4,4
TCGA-AO-A0J6-DX1_xmin40548_ymin11135_MPP-0.2500+71[1000].png,131,3088,4711,6054,7695,3356,2903,6902,2012,6724,7,7,5,5,5,5,4,4,4,4
TCGA-AO-A128-DX1_xmin11924_ymin4831_MPP-0.2500+105[1000].png,516,7694,3030,5912,6054,3088,725,6321,1203,2226,7,7,6,6,5,5,5,5,5,5
TCGA-AO-A128-DX1_xmin11924_ymin4831_MPP-0.2500+34[1000].png,6795,215,3889,7899,1389,2226,5098,7808,3030,7880,9,7,6,5,5,5,5,5,4,4
TCGA-AO-A128-DX1_xmin11924_ymin4831_MPP-0.2500+35[1000].png,215,5428,124,6045,7091,6869,7442,331,2308,6795,6,6,6,6,5,5,5,5,5,5
TCGA-AO-A128-DX1_xmin11924_ymin4831_MPP-0.2500+43[1000].png,1652,6795,1813,8013,778,7134,5780,2226,5763,3088,7,7,7,7,5,5,5,5,5,5
TCGA-AO-A128-DX1_xmin11924_ymin4831_MPP-0.2500+44[1000].png,3526,3030,5937,2870,6931,1836,1311,778,781,1813,7,7,6,6,6,6,5,5,5,5
TCGA-AO-A128-DX1_xmin11924_ymin4831_MPP-0.2500+52[1000].png,2226,5912,3088,3637,4711,7808,2308,371,319,2140,8,7,6,6,6,6,6,5,5,5
TCGA-AO-A128-DX1_xmin11924_ymin4831_MPP-0.2500+53[1000].png,131,215,6795,2226,6045,6194,4911,6814,4436,1652,8,7,7,7,6,6,5,5,5,5
TCGA-AO-A128-DX1_xmin11924_ymin4831_MPP-0.2500+66[1000].png,2308,5912,7134,516,2226,7694,3889,1652,6045,6869,9,9,8,6,6,6,5,5,5,5
TCGA-AO-A128-DX1_xmin11924_ymin4831_MPP-0.2500+79[1000].png,4436,3088,1652,2226,3030,6766,6795,144,1846,2308,9,9,7,7,6,5,5,5,5,5
TCGA-AO-A128-DX1_xmin11924_ymin4831_MPP-0.2500+80[1000].png,3526,215,6045,4436,1476,3088,2903,3631,6326,2977,7,7,7,6,6,5,5,5,5,5
TCGA-AO-A128-DX1_xmin11924_ymin4831_MPP-0.2500+88[1000].png,3619,781,1652,331,3526,6045,7091,4436,44,1586,8,7,7,7,7,7,7,6,6,5
TCGA-AO-A128-DX1_xmin11924_ymin4831_MPP-0.2500+89[1000].png,4436,3088,8013,2226,319,215,516,144,5424,935,9,7,7,7,6,6,5,5,5,5
TCGA-AO-A128-DX1_xmin11924_ymin4831_MPP-0.2500+95[1000].png,5428,2226,5741,2140,215,3030,4447,5912,8013,5392,9,9,7,6,6,6,6,5,5,5
TCGA-AO-A128-DX1_xmin11924_ymin4831_MPP-0.2500+96[1000].png,3088,3619,2226,778,781,725,5098,3189,3230,1652,9,8,7,6,6,6,5,5,5,5
TCGA-AO-A129-DX1_xmin37502_ymin12501_MPP-0.2500+101[1000].png,1813,3088,1652,144,2960,7899,6054,958,6795,5023,10,7,6,6,5,5,5,4,4,4
TCGA-AO-A129-DX1_xmin37502_ymin12501_MPP-0.2500+102[1000].png,1652,3526,632,1813,1413,215,3889,3849,7808,8013,10,8,8,6,5,5,5,5,5,5
TCGA-AO-A129-DX1_xmin37502_ymin12501_MPP-0.2500+107[1000].png,2990,7091,1476,1652,1813,7400,6869,2226,5937,2635,6,5,5,5,5,5,5,5,5,5
TCGA-AO-A129-DX1_xmin37502_ymin12501_MPP-0.2500+108[1000].png,4377,935,215,1836,5194,1813,2226,7808,7129,2537,6,6,6,5,5,5,5,4,4,4
TCGA-AO-A129-DX1_xmin37502_ymin12501_MPP-0.2500+120[1000].png,1652,4377,3088,215,7895,7808,352,1813,6321,3438,9,6,5,5,5,5,5,4,4,4
TCGA-AO-A129-DX1_xmin37502_ymin12501_MPP-0.2500+129[1000].png,1652,1311,3437,389,958,1297,215,5912,2967,7869,16,9,5,5,5,5,5,5,5,4
TCGA-AO-A129-DX1_xmin37502_ymin12501_MPP-0.2500+130[1000].png,1652,7948,6226,2308,215,144,4436,931,8013,1569,7,7,6,6,6,5,5,5,5,5
TCGA-AO-A129-DX1_xmin37502_ymin12501_MPP-0.2500+131[1000].png,1652,6795,2226,4376,4170,3088,131,4160,215,1813,7,6,6,5,5,5,5,5,5,5
TCGA-AO-A129-DX1_xmin37502_ymin12501_MPP-0.2500+137[1000].png,2990,2226,1652,5392,5780,6137,594,1813,778,6869,11,9,8,6,5,5,5,5,5,4
TCGA-AO-A129-DX1_xmin37502_ymin12501_MPP-0.2500+138[1000].png,215,1813,3088,725,6045,5194,5937,6702,5065,693,9,7,5,5,5,5,5,4,4,4
TCGA-AO-A129-DX1_xmin37502_ymin12501_MPP-0.2500+139[1000].png,215,2308,6905,7733,7249,7880,3030,3889,1652,216,7,6,6,5,5,5,5,5,5,4
TCGA-AO-A129-DX1_xmin37502_ymin12501_MPP-0.2500+13[1000].png,1652,215,6226,3526,6869,7134,7249,2226,1813,144,11,10,8,7,6,6,6,5,5,5
TCGA-AO-A129-DX1_xmin37502_ymin12501_MPP-0.2500+140[1000].png,215,2990,1652,1842,1311,1297,958,5834,7129,6869,8,7,7,6,5,5,5,5,5,5
TCGA-AO-A129-DX1_xmin37502_ymin12501_MPP-0.2500+141[1000].png,1652,7091,1813,3088,7808,3526,5433,7589,3030,5741,9,7,6,6,6,6,6,5,5,5
TCGA-AO-A129-DX1_xmin37502_ymin12501_MPP-0.2500+148[1000].png,1813,215,7442,8081,515,1652,6869,2990,3088,2226,11,8,7,7,6,6,6,5,5,5
TCGA-AO-A129-DX1_xmin37502_ymin12501_MPP-0.2500+149[1000].png,1652,3088,1813,215,3836,237,958,7091,7501,8013,7,6,6,5,5,5,5,5,4,4
TCGA-AO-A129-DX1_xmin37502_ymin12501_MPP-0.2500+150[1000].png,144,2308,1652,6869,215,3836,5561,5859,7400,2870,6,6,6,6,5,5,4,4,4,4
TCGA-AO-A129-DX1_xmin37502_ymin12501_MPP-0.2500+151[1000].png,1652,1813,4436,7549,131,2278,5735,335,8148,3678,8,7,7,6,5,5,5,5,5,4
TCGA-AO-A129-DX1_xmin37502_ymin12501_MPP-0.2500+152[1000].png,1652,215,2226,144,4436,1813,958,3088,319,5094,10,8,8,7,6,6,5,5,4,4
TCGA-AO-A129-DX1_xmin37502_ymin12501_MPP-0.2500+164[1000].png,215,1652,5561,8013,6869,144,1911,7091,1297,778,13,9,7,7,6,6,6,6,5,5
TCGA-AO-A129-DX1_xmin37502_ymin12501_MPP-0.2500+22[1000].png,1652,5741,2308,1297,3030,6869,7694,3526,6045,3088,10,7,6,6,5,5,5,5,5,5
TCGA-AO-A129-DX1_xmin37502_ymin12501_MPP-0.2500+29[1000].png,1652,7119,144,4436,2226,2308,215,3526,256,1813,14,9,8,7,7,6,6,5,5,5
TCGA-AO-A129-DX1_xmin37502_ymin12501_MPP-0.2500+30[1000].png,1652,3088,1836,215,5797,6054,2686,3849,1897,144,9,7,6,6,5,5,5,4,4,4
TCGA-AO-A129-DX1_xmin37502_ymin12501_MPP-0.2500+40[1000].png,601,3088,7948,7694,4311,2226,8148,3849,1133,2320,8,6,6,6,5,5,5,5,5,5
TCGA-AO-A129-DX1_xmin37502_ymin12501_MPP-0.2500+74[1000].png,3088,215,1652,7674,2903,2226,3836,2235,297,6194,8,8,5,5,5,5,5,5,5,5
TCGA-AO-A129-DX1_xmin37502_ymin12501_MPP-0.2500+75[1000].png,1652,2226,3088,352,7134,215,168,2018,1842,1682,7,6,6,5,5,5,5,5,5,5
TCGA-AO-A129-DX1_xmin37502_ymin12501_MPP-0.2500+76[1000].png,215,1652,5561,144,8013,3088,5344,7337,7948,1911,10,9,7,6,6,6,5,5,5,5
TCGA-AO-A129-DX1_xmin37502_ymin12501_MPP-0.2500+82[1000].png,215,1842,2308,1652,5392,2903,2226,7501,3526,1311,8,7,6,6,6,5,5,5,5,5
TCGA-AO-A129-DX1_xmin37502_ymin12501_MPP-0.2500+84[1000].png,1813,2226,1652,3088,215,6190,390,6194,6045,7698,8,7,7,6,6,5,4,4,4,4
TCGA-AO-A129-DX1_xmin37502_ymin12501_MPP-0.2500+85[1000].png,1652,6869,3526,215,2990,7869,4261,2226,1897,582,9,7,6,6,5,5,5,5,5,4
TCGA-AO-A129-DX1_xmin37502_ymin12501_MPP-0.2500+86[1000].png,215,2226,1652,5780,7249,3088,7134,781,6226,5424,7,6,6,5,5,5,5,5,5,4
TCGA-AO-A129-DX1_xmin37502_ymin12501_MPP-0.2500+89[1000].png,7948,1652,601,5433,7899,6869,4436,3030,7459,2644,9,8,5,5,5,5,5,5,5,4
TCGA-AO-A129-DX1_xmin37502_ymin12501_MPP-0.2500+92[1000].png,1652,1813,2226,3088,4311,5797,6869,2903,2686,781,8,7,7,6,5,5,5,5,4,4
TCGA-AO-A129-DX1_xmin37502_ymin12501_MPP-0.2500+93[1000].png,1813,3088,144,7957,7091,2226,3836,2650,2990,3044,7,6,5,5,5,5,4,4,4,4
TCGA-AO-A12F-DX1_xmin16484_ymin29374_MPP-0.2500+100[1000].png,6226,7948,1813,131,8013,6919,958,1652,2903,1911,8,7,6,5,5,5,5,5,5,4
TCGA-AO-A12F-DX1_xmin16484_ymin29374_MPP-0.2500+101[1000].png,958,7024,1652,6226,6619,2756,4821,1476,6045,4559,10,9,7,6,5,5,5,5,4,4
TCGA-AO-A12F-DX1_xmin16484_ymin29374_MPP-0.2500+102[1000].png,4559,7899,3088,958,1652,215,7948,582,6226,1682,8,6,6,6,6,6,6,6,6,5
TCGA-AO-A12F-DX1_xmin16484_ymin29374_MPP-0.2500+103[1000].png,1813,3526,958,6054,6226,4492,3836,5797,735,8162,9,6,6,6,5,5,5,5,5,4
TCGA-AO-A12F-DX1_xmin16484_ymin29374_MPP-0.2500+104[1000].png,2977,958,7189,3804,3088,2308,6032,1357,4143,6919,7,7,6,5,5,5,5,4,4,4
TCGA-AO-A12F-DX1_xmin16484_ymin29374_MPP-0.2500+108[1000].png,1652,6054,958,4711,1813,582,7249,1476,898,1464,6,6,6,5,5,4,4,4,4,4
TCGA-AO-A12F-DX1_xmin16484_ymin29374_MPP-0.2500+109[1000].png,1652,6045,7899,3088,7880,553,1813,1463,4559,1571,8,6,4,4,4,4,4,4,4,4
TCGA-AO-A12F-DX1_xmin16484_ymin29374_MPP-0.2500+110[1000].png,1476,7222,1911,6428,958,7694,5999,5541,3365,4622,9,5,5,5,5,4,4,4,4,4
TCGA-AO-A12F-DX1_xmin16484_ymin29374_MPP-0.2500+111[1000].png,1586,215,2903,582,1571,6702,958,7948,1652,3088,5,5,5,5,4,4,4,4,4,4
TCGA-AO-A12F-DX1_xmin16484_ymin29374_MPP-0.2500+112[1000].png,3088,3526,4911,4622,1174,2308,1652,898,5834,1373,7,7,6,5,5,5,5,4,4,4
TCGA-AO-A12F-DX1_xmin16484_ymin29374_MPP-0.2500+113[1000].png,1652,958,3088,1476,4311,2039,335,297,371,7357,9,7,6,6,5,5,4,4,4,4
TCGA-AO-A12F-DX1_xmin16484_ymin29374_MPP-0.2500+116[1000].png,1476,3088,958,7165,4968,1652,8013,840,3526,4377,10,7,6,6,5,5,4,4,4,4
TCGA-AO-A12F-DX1_xmin16484_ymin29374_MPP-0.2500+117[1000].png,1476,7091,3088,8013,7695,6491,1418,168,6814,515,7,6,5,5,4,4,4,4,4,4
TCGA-AO-A12F-DX1_xmin16484_ymin29374_MPP-0.2500+118[1000].png,632,4143,1652,662,215,4711,6219,6045,3088,8101,7,6,6,6,6,5,5,5,5,4
TCGA-AO-A12F-DX1_xmin16484_ymin29374_MPP-0.2500+119[1000].png,4637,3836,6045,4711,4311,5780,3088,6702,332,7899,6,6,5,5,5,5,5,5,4,4
TCGA-AO-A12F-DX1_xmin16484_ymin29374_MPP-0.2500+120[1000].png,958,4376,5133,1682,2039,2226,7733,215,2083,1652,8,6,6,5,5,5,5,5,5,5
TCGA-AO-A12F-DX1_xmin16484_ymin29374_MPP-0.2500+122[1000].png,1813,7249,6226,3836,1476,7129,2430,2054,5606,1652,7,7,7,6,5,5,5,5,5,5
TCGA-AO-A12F-DX1_xmin16484_ymin29374_MPP-0.2500+123[1000].png,6321,8013,958,2903,1586,6045,6226,5344,2646,5203,6,6,5,5,5,5,5,4,4,4
TCGA-AO-A12F-DX1_xmin16484_ymin29374_MPP-0.2500+124[1000].png,3836,1476,6724,1813,371,1373,8013,215,4711,237,6,6,5,5,4,4,4,4,4,4
TCGA-AO-A12F-DX1_xmin16484_ymin29374_MPP-0.2500+125[1000].png,3088,958,6054,1476,8013,5207,1905,693,4637,3849,7,5,5,5,4,4,4,4,4,4
TCGA-AO-A12F-DX1_xmin16484_ymin29374_MPP-0.2500+126[1000].png,6045,958,4021,4436,5392,7091,808,4711,5047,6814,6,6,5,5,5,4,4,4,4,4
TCGA-AO-A12F-DX1_xmin16484_ymin29374_MPP-0.2500+130[1000].png,2960,5207,3088,7459,1696,601,5859,2226,7948,1977,6,5,5,5,5,5,4,4,4,4
TCGA-AO-A12F-DX1_xmin16484_ymin29374_MPP-0.2500+131[1000].png,1652,335,7024,1842,4911,2308,958,5047,5780,215,6,5,5,5,5,4,4,4,4,4
TCGA-AO-A12F-DX1_xmin16484_ymin29374_MPP-0.2500+132[1000].png,6045,215,8013,3088,836,2751,7916,7119,8110,7591,8,7,7,6,6,5,5,4,4,4
TCGA-AO-A12F-DX1_xmin16484_ymin29374_MPP-0.2500+133[1000].png,958,1813,5780,4711,1652,7024,453,8101,7005,6677,7,6,6,5,5,5,4,4,4,4
TCGA-AO-A12F-DX1_xmin16484_ymin29374_MPP-0.2500+141[1000].png,3889,6219,3088,4501,6724,6702,4100,4443,4843,1270,5,5,5,5,4,4,4,4,4,4
TCGA-AO-A12F-DX1_xmin16484_ymin29374_MPP-0.2500+142[1000].png,958,5392,3870,6784,4711,7249,2686,7149,7880,6919,7,5,5,5,5,5,4,4,4,4
TCGA-AO-A12F-DX1_xmin16484_ymin29374_MPP-0.2500+51[1000].png,3088,6054,1476,6869,1813,8013,7024,4259,2780,2903,6,6,5,5,5,5,4,4,4,4
TCGA-AO-A12F-DX1_xmin16484_ymin29374_MPP-0.2500+52[1000].png,3088,582,6795,2686,8081,8013,6054,215,2226,1476,9,6,5,5,5,5,5,5,4,4
TCGA-AO-A12F-DX1_xmin16484_ymin29374_MPP-0.2500+60[1000].png,1652,4311,453,4436,1476,958,5097,6615,4911,2977,7,6,5,5,5,5,4,4,4,4
TCGA-AO-A12F-DX1_xmin16484_ymin29374_MPP-0.2500+61[1000].png,7948,7249,1652,601,2043,958,7149,215,5780,1297,9,6,6,6,6,6,5,5,5,5
TCGA-AO-A12F-DX1_xmin16484_ymin29374_MPP-0.2500+62[1000].png,958,6226,7175,1569,1813,8013,3088,2686,215,2308,9,8,7,7,6,5,5,5,5,5
TCGA-AO-A12F-DX1_xmin16484_ymin29374_MPP-0.2500+63[1000].png,6045,215,958,6491,1297,2226,1652,1813,7024,6902,7,7,5,5,5,5,5,5,5,4
TCGA-AO-A12F-DX1_xmin16484_ymin29374_MPP-0.2500+69[1000].png,1845,6045,1569,1476,1767,216,6724,6054,215,335,7,6,6,6,6,5,5,5,5,5
TCGA-AO-A12F-DX1_xmin16484_ymin29374_MPP-0.2500+70[1000].png,958,4311,4377,1767,2588,7819,5207,5392,7175,6905,9,7,6,5,5,5,4,4,4,4
TCGA-AO-A12F-DX1_xmin16484_ymin29374_MPP-0.2500+71[1000].png,958,6226,6054,7819,3926,7249,1297,1842,1813,5392,8,7,6,5,5,5,5,5,5,5
TCGA-AO-A12F-DX1_xmin16484_ymin29374_MPP-0.2500+72[1000].png,1476,958,915,7948,215,6905,2226,3021,3088,7149,7,6,5,5,5,5,5,5,5,4
TCGA-AO-A12F-DX1_xmin16484_ymin29374_MPP-0.2500+73[1000].png,4311,3836,1652,958,632,1297,7948,4711,1476,7249,8,7,7,7,6,6,5,5,5,5
TCGA-AO-A12F-DX1_xmin16484_ymin29374_MPP-0.2500+74[1000].png,1813,1652,215,6054,5797,4311,144,4911,1356,4417,7,7,7,5,5,5,4,4,4,4
TCGA-AO-A12F-DX1_xmin16484_ymin29374_MPP-0.2500+78[1000].png,958,1652,6045,4436,4311,4001,5561,4911,3088,2308,9,8,7,7,6,5,5,5,5,5
TCGA-AO-A12F-DX1_xmin16484_ymin29374_MPP-0.2500+79[1000].png,4311,7733,2308,8013,958,1813,817,3209,3088,3230,8,7,6,6,6,5,5,5,5,5
TCGA-AO-A12F-DX1_xmin16484_ymin29374_MPP-0.2500+80[1000].png,1813,215,1652,1911,6226,7024,1767,2686,1845,1413,7,7,6,6,6,5,5,5,4,4
TCGA-AO-A12F-DX1_xmin16484_ymin29374_MPP-0.2500+81[1000].png,3526,3088,898,958,2870,7948,781,5392,2308,6226,6,6,5,5,5,5,5,5,5,4
TCGA-AO-A12F-DX1_xmin16484_ymin29374_MPP-0.2500+82[1000].png,1813,8013,7733,3088,1357,6868,5344,1911,7957,4100,7,5,5,5,5,5,4,4,4,4
TCGA-AO-A12F-DX1_xmin16484_ymin29374_MPP-0.2500+83[1000].png,3088,1476,6902,4436,7895,1652,958,6226,1767,4501,8,6,5,5,5,5,5,5,5,4
TCGA-AO-A12F-DX1_xmin16484_ymin29374_MPP-0.2500+84[1000].png,215,5797,8110,1813,6045,2028,1373,2226,4911,7895,6,5,5,5,5,4,4,4,4,4
TCGA-AO-A12F-DX1_xmin16484_ymin29374_MPP-0.2500+85[1000].png,1652,1297,3088,958,6226,131,582,1813,7695,2028,10,7,6,6,6,5,5,5,5,5
TCGA-AO-A12F-DX1_xmin16484_ymin29374_MPP-0.2500+86[1000].png,5797,4492,7043,4911,2308,5392,7024,5780,1476,7733,7,6,5,5,5,5,5,5,4,4
TCGA-AO-A12F-DX1_xmin16484_ymin29374_MPP-0.2500+87[1000].png,4311,1652,1476,6724,6045,4072,958,808,215,2686,11,8,7,6,6,6,6,6,5,5
TCGA-AO-A12F-DX1_xmin16484_ymin29374_MPP-0.2500+88[1000].png,958,1476,3088,4711,1842,2021,5098,7695,2685,215,7,6,5,5,5,4,4,4,4,4
TCGA-AO-A12F-DX1_xmin16484_ymin29374_MPP-0.2500+89[1000].png,4311,3836,3088,1813,958,1476,1652,2903,3438,1569,7,7,7,6,6,6,6,5,5,5
TCGA-AO-A12F-DX1_xmin16484_ymin29374_MPP-0.2500+90[1000].png,1813,4311,958,1476,601,4377,6045,7695,7819,6321,9,8,7,7,7,7,6,6,5,5
TCGA-AO-A12F-DX1_xmin16484_ymin29374_MPP-0.2500+91[1000].png,1813,3088,1652,1476,958,2588,6702,5912,1571,3836,11,9,6,6,6,6,6,5,5,5
TCGA-AO-A12F-DX1_xmin16484_ymin29374_MPP-0.2500+92[1000].png,1652,7948,3526,1297,6724,778,131,1813,958,4436,8,7,7,6,6,5,5,5,5,5
TCGA-AO-A12F-DX1_xmin16484_ymin29374_MPP-0.2500+93[1000].png,1813,7948,808,8013,3889,6226,3088,3199,1767,5097,7,6,6,5,5,5,5,5,5,5
TCGA-AO-A12F-DX1_xmin16484_ymin29374_MPP-0.2500+94[1000].png,1813,7674,1476,2308,958,6905,5392,5810,6724,215,11,6,6,6,6,5,5,5,5,4
TCGA-AO-A12F-DX1_xmin16484_ymin29374_MPP-0.2500+95[1000].png,958,7895,8013,840,5797,1813,3088,7695,7948,6226,8,6,6,5,5,5,4,4,4,4
TCGA-AO-A12F-DX1_xmin16484_ymin29374_MPP-0.2500+98[1000].png,5834,965,958,8013,3088,1476,237,7152,915,1652,6,6,6,6,6,5,5,4,4,4
TCGA-AO-A12F-DX1_xmin16484_ymin29374_MPP-0.2500+99[1000].png,1476,3088,7165,836,1696,4559,1813,2686,7733,6724,9,7,7,6,6,5,5,5,5,4
TCGA-AO-A1KR-DX1_xmin19591_ymin37667_MPP-0.2500+104[1000].png,7134,8013,3230,7733,3088,2486,7589,935,4080,6984,7,6,5,5,5,5,4,4,4,4
TCGA-AO-A1KR-DX1_xmin19591_ymin37667_MPP-0.2500+105[1000].png,2308,7134,7694,2903,3501,3088,4993,6702,3477,2801,8,7,6,6,5,5,4,4,4,4
TCGA-AO-A1KR-DX1_xmin19591_ymin37667_MPP-0.2500+106[1000].png,3088,7134,4100,2509,215,958,7733,7674,7189,3889,7,6,5,4,4,4,4,4,4,4
TCGA-AO-A1KR-DX1_xmin19591_ymin37667_MPP-0.2500+117[1000].png,6045,6960,4068,7695,4143,872,4711,2635,1357,3088,6,4,4,4,4,4,4,4,4,4
TCGA-AO-A1KR-DX1_xmin19591_ymin37667_MPP-0.2500+118[1000].png,3889,1836,662,7007,2083,3836,4436,4711,7189,2278,6,6,5,4,4,4,4,4,4,4
TCGA-AO-A1KR-DX1_xmin19591_ymin37667_MPP-0.2500+135[1000].png,2308,3088,4573,817,3901,5203,3442,6054,5433,44,6,5,5,5,4,4,4,4,4,4
TCGA-AO-A1KR-DX1_xmin19591_ymin37667_MPP-0.2500+147[1000].png,3889,4100,3088,7589,935,7695,4762,1203,8148,3901,7,6,6,5,5,5,4,4,4,4
TCGA-AO-A1KR-DX1_xmin19591_ymin37667_MPP-0.2500+148[1000].png,5912,3230,2083,6702,2602,335,7357,1571,5635,4198,6,6,5,5,4,4,4,4,4,4
TCGA-AO-A1KR-DX1_xmin19591_ymin37667_MPP-0.2500+161[1000].png,7695,1842,3088,594,686,2028,1905,7134,5780,3024,5,5,5,5,4,4,4,4,4,4
TCGA-AO-A1KR-DX1_xmin19591_ymin37667_MPP-0.2500+169[1000].png,2028,3088,7733,145,6795,594,4911,5424,5129,5735,6,6,5,5,5,5,5,4,4,4
TCGA-AO-A1KR-DX1_xmin19591_ymin37667_MPP-0.2500+174[1000].png,2308,4711,6226,2588,6702,331,594,4430,7845,6321,8,7,5,5,5,5,5,4,4,4
TCGA-AO-A1KR-DX1_xmin19591_ymin37667_MPP-0.2500+187[1000].png,7149,2308,4100,3526,4143,1418,836,7916,7899,1297,8,7,5,5,4,4,4,4,4,4
TCGA-AO-A1KR-DX1_xmin19591_ymin37667_MPP-0.2500+197[1000].png,5392,2903,371,2255,781,5226,1476,686,7695,1126,6,6,5,5,4,4,4,4,4,4
TCGA-AO-A1KR-DX1_xmin19591_ymin37667_MPP-0.2500+200[1000].png,3088,1842,8082,1682,1476,808,6192,5392,4480,6078,7,6,4,4,4,4,4,4,3,3
TCGA-AO-A1KR-DX1_xmin19591_ymin37667_MPP-0.2500+201[1000].png,3088,7189,5392,1357,4711,6795,515,1476,2278,6702,10,5,5,5,5,5,4,4,4,4
TCGA-AO-A1KR-DX1_xmin19591_ymin37667_MPP-0.2500+202[1000].png,6045,2278,5392,3836,7134,4377,1842,3329,1652,144,6,4,4,4,4,4,4,4,4,4
TCGA-AO-A1KR-DX1_xmin19591_ymin37667_MPP-0.2500+207[1000].png,958,3088,53,1652,7249,1476,6226,1911,582,5797,7,7,6,5,5,5,4,4,4,4
TCGA-AO-A1KR-DX1_xmin19591_ymin37667_MPP-0.2500+208[1000].png,3526,582,808,3024,1357,3230,1476,4080,3088,7119,6,5,5,5,4,4,4,4,4,4
TCGA-AO-A1KR-DX1_xmin19591_ymin37667_MPP-0.2500+214[1000].png,3565,4582,7134,3536,6931,5735,781,8000,1389,7189,6,6,5,5,5,4,4,4,4,4
TCGA-AO-A1KR-DX1_xmin19591_ymin37667_MPP-0.2500+215[1000].png,8148,4817,8013,4582,4198,3088,4711,1842,215,1836,5,5,4,4,4,4,4,4,4,4
TCGA-AO-A1KR-DX1_xmin19591_ymin37667_MPP-0.2500+224[1000].png,3044,8148,4100,4480,3088,1297,1836,1652,1389,594,6,6,5,5,5,5,5,4,4,4
TCGA-AO-A1KR-DX1_xmin19591_ymin37667_MPP-0.2500+227[1000].png,582,3889,2308,3526,1373,6702,7501,1836,3088,6054,6,6,5,5,5,5,5,4,4,4
TCGA-AO-A1KR-DX1_xmin19591_ymin37667_MPP-0.2500+230[1000].png,6226,3734,2308,6054,1842,5392,5799,2766,7695,1682,7,5,5,5,5,4,4,4,4,4
TCGA-AO-A1KR-DX1_xmin19591_ymin37667_MPP-0.2500+235[1000].png,6226,1836,168,6868,7259,5428,2278,7089,7733,5780,5,5,5,5,4,4,4,4,4,4
TCGA-AO-A1KR-DX1_xmin19591_ymin37667_MPP-0.2500+243[1000].png,5561,1389,5433,5834,7175,6045,582,3841,4430,5207,6,5,5,5,5,5,4,4,4,4
TCGA-AO-A1KR-DX1_xmin19591_ymin37667_MPP-0.2500+247[1000].png,582,7134,7695,2028,4143,2031,1682,3088,915,5797,6,5,5,4,4,4,4,4,4,4
TCGA-AO-A1KR-DX1_xmin19591_ymin37667_MPP-0.2500+254[1000].png,3088,5392,2278,3836,1836,5039,1322,7442,5097,5047,7,5,5,5,4,4,4,4,4,4
TCGA-AO-A1KR-DX1_xmin19591_ymin37667_MPP-0.2500+255[1000].png,958,5392,1682,6321,7357,675,840,3088,4972,3230,7,6,6,5,4,4,4,4,4,4
TCGA-AO-A1KR-DX1_xmin19591_ymin37667_MPP-0.2500+256[1000].png,3088,3501,7916,5912,5797,1569,5611,4711,3619,958,5,5,5,5,4,4,4,4,4,4
TCGA-AO-A1KR-DX1_xmin19591_ymin37667_MPP-0.2500+257[1000].png,5065,3088,6628,1157,2903,4278,7249,131,6814,4100,7,6,5,4,4,4,4,4,4,4
TCGA-AO-A1KR-DX1_xmin19591_ymin37667_MPP-0.2500+265[1000].png,3088,778,4642,5999,4725,5912,2326,2801,5780,5392,6,5,5,5,5,5,5,4,4,4
TCGA-AO-A1KR-DX1_xmin19591_ymin37667_MPP-0.2500+266[1000].png,3088,3889,632,515,840,371,144,7134,3230,7880,7,7,6,5,5,5,5,5,5,4
TCGA-AO-A1KR-DX1_xmin19591_ymin37667_MPP-0.2500+267[1000].png,7134,4205,5392,7916,4427,6321,1389,6588,3438,836,6,5,5,5,5,4,4,4,4,4
TCGA-AO-A1KR-DX1_xmin19591_ymin37667_MPP-0.2500+268[1000].png,131,2308,3088,7134,2780,3889,3597,279,3836,6502,5,5,5,5,4,4,4,4,4,4
TCGA-AO-A1KR-DX1_xmin19591_ymin37667_MPP-0.2500+269[1000].png,3088,582,632,2278,276,2588,2198,3836,7149,215,6,6,5,5,5,5,5,5,4,4
TCGA-AO-A1KR-DX1_xmin19591_ymin37667_MPP-0.2500+26[1000].png,2308,1836,7134,6765,6226,1476,3088,7089,1001,3230,6,5,5,5,5,5,4,4,4,4
TCGA-AO-A1KR-DX1_xmin19591_ymin37667_MPP-0.2500+270[1000].png,7134,3889,2700,3501,1652,7249,1150,7916,4527,145,7,5,4,4,4,4,4,4,4,4
TCGA-AO-A1KR-DX1_xmin19591_ymin37667_MPP-0.2500+272[1000].png,7134,3088,6321,7733,2609,4559,7089,7222,6479,5252,5,5,5,5,4,4,4,4,3,3
TCGA-AO-A1KR-DX1_xmin19591_ymin37667_MPP-0.2500+273[1000].png,594,3088,1842,131,1196,1682,2588,591,2756,7694,5,5,5,5,4,4,4,4,4,4
TCGA-AO-A1KR-DX1_xmin19591_ymin37667_MPP-0.2500+278[1000].png,7134,516,4100,778,7916,4259,5912,7357,131,3459,6,6,5,4,4,4,4,4,3,3
TCGA-AO-A1KR-DX1_xmin19591_ymin37667_MPP-0.2500+279[1000].png,1413,2588,8081,1476,3230,5392,1298,3971,6395,3889,6,6,5,5,5,4,4,4,4,4
TCGA-AO-A1KR-DX1_xmin19591_ymin37667_MPP-0.2500+27[1000].png,5392,3088,4112,2308,675,7175,1277,1418,1476,6179,8,6,5,4,4,4,4,4,4,4
TCGA-AO-A1KR-DX1_xmin19591_ymin37667_MPP-0.2500+280[1000].png,131,3088,1476,7249,7694,6045,2308,4311,7189,915,6,6,5,5,5,4,4,4,4,4
TCGA-AO-A1KR-DX1_xmin19591_ymin37667_MPP-0.2500+281[1000].png,6226,6814,840,3836,8101,1813,836,958,2493,7501,7,5,5,5,4,4,4,4,4,4
TCGA-AO-A1KR-DX1_xmin19591_ymin37667_MPP-0.2500+282[1000].png,6192,7589,6502,7716,7899,2308,5999,5213,5603,3348,6,5,4,4,4,4,4,3,3,3
TCGA-AO-A1KR-DX1_xmin19591_ymin37667_MPP-0.2500+283[1000].png,1413,2278,124,2308,1836,4711,7612,4410,2588,276,6,5,5,5,5,5,4,4,4,4
TCGA-AO-A1KR-DX1_xmin19591_ymin37667_MPP-0.2500+285[1000].png,2278,6045,8041,3199,2766,216,3728,6905,2602,2031,5,5,5,4,4,4,4,4,4,4
TCGA-AO-A1KR-DX1_xmin19591_ymin37667_MPP-0.2500+291[1000].png,2308,6814,3088,5999,1682,1389,6618,5872,2766,5424,6,5,5,5,5,4,4,4,4,4
TCGA-AO-A1KR-DX1_xmin19591_ymin37667_MPP-0.2500+292[1000].png,3088,2308,958,3434,1836,6191,4100,4261,7698,2493,8,5,5,5,5,5,4,4,4,4
TCGA-AO-A1KR-DX1_xmin19591_ymin37667_MPP-0.2500+293[1000].png,4711,5912,5999,3088,515,6045,1836,7152,3044,3510,7,6,5,5,5,5,5,4,4,4
TCGA-AO-A1KR-DX1_xmin19591_ymin37667_MPP-0.2500+294[1000].png,131,2083,8037,1842,1298,2235,2308,3268,3981,958,6,5,4,4,4,4,4,4,4,4
TCGA-AO-A1KR-DX1_xmin19591_ymin37667_MPP-0.2500+295[1000].png,7134,331,2308,8148,6226,594,982,5428,6674,53,7,7,6,5,4,4,4,4,4,4
TCGA-AO-A1KR-DX1_xmin19591_ymin37667_MPP-0.2500+296[1000].png,3088,4711,7089,6226,6192,5097,4430,3189,6869,7880,7,6,5,5,5,5,5,4,4,4
TCGA-AO-A1KR-DX1_xmin19591_ymin37667_MPP-0.2500+305[1000].png,331,6226,2278,1476,4063,7357,2235,7189,7175,1389,6,5,5,4,4,4,3,3,3,3
TCGA-AO-A1KR-DX1_xmin19591_ymin37667_MPP-0.2500+306[1000].png,3088,6702,7916,5810,2226,686,1842,3804,3127,1682,6,5,4,4,4,4,4,4,4,4
TCGA-AO-A1KR-DX1_xmin19591_ymin37667_MPP-0.2500+307[1000].png,2903,553,7694,7604,6226,4417,6491,3836,4376,693,6,5,5,5,5,4,4,4,4,4
TCGA-AO-A1KR-DX1_xmin19591_ymin37667_MPP-0.2500+308[1000].png,7808,5735,7134,836,12,4711,2650,2226,1389,332,5,5,5,5,4,4,4,4,4,4
TCGA-AO-A1KR-DX1_xmin19591_ymin37667_MPP-0.2500+318[1000].png,7175,4143,6306,9,2083,3981,1842,4430,2990,4410,6,5,5,5,5,4,4,4,4,4
TCGA-AO-A1KR-DX1_xmin19591_ymin37667_MPP-0.2500+319[1000].png,7134,3438,6321,331,7604,7695,836,7400,804,2308,5,5,5,5,5,4,4,4,4,4
TCGA-AO-A1KR-DX1_xmin19591_ymin37667_MPP-0.2500+320[1000].png,2903,2278,7165,3088,2308,2226,1389,5999,7357,1476,6,5,5,5,4,4,4,4,4,4
TCGA-AO-A1KR-DX1_xmin19591_ymin37667_MPP-0.2500+321[1000].png,1569,2308,1373,5193,1842,7165,4376,1389,773,794,5,5,5,4,4,4,4,4,4,4
TCGA-AO-A1KR-DX1_xmin19591_ymin37667_MPP-0.2500+330[1000].png,5872,4100,582,6045,4436,7249,5235,632,958,6702,5,5,5,5,4,4,4,4,4,4
TCGA-AO-A1KR-DX1_xmin19591_ymin37667_MPP-0.2500+331[1000].png,3088,6795,4100,7134,331,836,1508,1203,131,2903,8,5,5,4,4,4,4,4,4,3
TCGA-AO-A1KR-DX1_xmin19591_ymin37667_MPP-0.2500+332[1000].png,7134,2308,5392,8081,2278,3836,7189,7595,2776,1297,7,6,5,5,4,4,4,4,4,4
TCGA-AO-A1KR-DX1_xmin19591_ymin37667_MPP-0.2500+333[1000].png,3889,6054,1652,7222,1389,7357,2308,131,5603,4711,6,5,5,4,4,4,4,4,4,4
TCGA-AO-A1KR-DX1_xmin19591_ymin37667_MPP-0.2500+39[1000].png,4100,2140,4833,3088,5799,3526,3823,2766,2278,3207,7,6,5,5,5,5,4,4,4,4
TCGA-AO-A1KR-DX1_xmin19591_ymin37667_MPP-0.2500+40[1000].png,3088,7134,4143,1373,6702,1682,5065,3526,7916,7165,6,6,6,5,4,4,4,4,4,4
TCGA-AO-A1KR-DX1_xmin19591_ymin37667_MPP-0.2500+52[1000].png,3597,3296,4328,1836,5166,2336,7450,3438,8049,7807,5,5,4,4,4,4,4,4,4,4
TCGA-AO-A1KR-DX1_xmin19591_ymin37667_MPP-0.2500+53[1000].png,8162,4693,2278,5047,7149,7189,335,4080,1320,5810,5,5,4,4,4,4,4,4,4,4
TCGA-AO-A1KR-DX1_xmin19591_ymin37667_MPP-0.2500+54[1000].png,3088,4410,2977,2776,2588,5735,7360,4947,2308,7134,8,5,5,5,4,4,4,4,4,4
TCGA-AO-A1KR-DX1_xmin19591_ymin37667_MPP-0.2500+65[1000].png,3088,2308,6931,7695,6226,5872,5780,2180,4410,7189,6,5,5,5,5,5,4,4,4,4
TCGA-AO-A1KR-DX1_xmin19591_ymin37667_MPP-0.2500+66[1000].png,2903,840,4711,4250,725,7733,1463,1057,5716,6702,5,5,4,4,4,4,4,4,4,4
TCGA-AO-A1KR-DX1_xmin19591_ymin37667_MPP-0.2500+67[1000].png,1869,2903,2815,5392,1842,4100,6702,2308,6045,216,8,5,4,4,4,4,4,4,4,3
TCGA-AO-A1KR-DX1_xmin19591_ymin37667_MPP-0.2500+68[1000].png,4100,4711,5780,7134,2686,6702,2870,3346,6960,7695,5,5,5,5,4,4,4,4,4,4
TCGA-AO-A1KR-DX1_xmin19591_ymin37667_MPP-0.2500+78[1000].png,7695,3836,320,215,1063,6931,3482,2278,3531,840,6,5,4,4,4,4,4,4,4,4
TCGA-AO-A1KR-DX1_xmin19591_ymin37667_MPP-0.2500+79[1000].png,1842,3298,7134,2903,3021,5179,2751,5299,2083,6674,6,5,5,5,4,4,4,4,4,4
TCGA-AO-A1KR-DX1_xmin19591_ymin37667_MPP-0.2500+80[1000].png,3526,781,7430,7165,4711,6357,6702,3510,6024,1772,7,4,4,4,4,4,4,3,3,3
TCGA-AO-A1KR-DX1_xmin19591_ymin37667_MPP-0.2500+81[1000].png,1373,5392,7916,1911,4436,7249,6702,3360,7450,4215,5,5,5,5,4,4,4,4,4,4
TCGA-AO-A1KR-DX1_xmin19591_ymin37667_MPP-0.2500+91[1000].png,5810,3088,1682,6480,1203,8066,276,5912,510,5428,5,5,5,5,4,4,4,4,4,4
TCGA-AO-A1KR-DX1_xmin19591_ymin37667_MPP-0.2500+92[1000].png,3011,6054,7733,2308,154,8148,131,6045,3144,389,5,5,5,4,4,4,4,4,4,4
TCGA-AO-A1KR-DX1_xmin19591_ymin37667_MPP-0.2500+93[1000].png,7694,1463,8013,3626,1270,632,935,4100,3088,958,5,5,5,5,4,4,4,4,4,4
TCGA-AO-A1KR-DX1_xmin19591_ymin37667_MPP-0.2500+94[1000].png,3088,5872,2028,3889,7134,965,6807,8066,2235,4436,6,6,5,5,4,4,4,4,4,4
TCGA-AQ-A54N-DX1_xmin32440_ymin26558_MPP-0.2500+103[1000].png,7134,3088,5611,5999,2308,4369,7733,5561,4112,1842,7,5,5,5,5,4,4,4,4,4
TCGA-AQ-A54N-DX1_xmin32440_ymin26558_MPP-0.2500+108[1000].png,915,5937,5780,6720,4711,3088,7024,3526,4247,2194,5,5,5,5,4,4,4,4,4,4
TCGA-AQ-A54N-DX1_xmin32440_ymin26558_MPP-0.2500+109[1000].png,3088,3526,4198,7694,7189,4711,4817,2977,2666,2293,7,7,5,5,5,4,4,4,4,4
TCGA-AQ-A54N-DX1_xmin32440_ymin26558_MPP-0.2500+10[1000].png,2967,4817,5235,6795,352,5891,3459,8081,5433,3369,6,5,4,4,4,4,4,4,4,4
TCGA-AQ-A54N-DX1_xmin32440_ymin26558_MPP-0.2500+110[1000].png,4947,7189,4278,3230,7134,4711,2336,5834,5203,808,6,5,5,5,5,4,4,4,4,4
TCGA-AQ-A54N-DX1_xmin32440_ymin26558_MPP-0.2500+112[1000].png,4430,3088,3823,1297,1682,4259,7739,5797,5301,3889,6,5,4,4,4,4,4,4,4,4
TCGA-AQ-A54N-DX1_xmin32440_ymin26558_MPP-0.2500+11[1000].png,5097,3044,3189,3247,3836,331,2102,2336,7024,3230,6,5,5,4,4,4,4,4,4,4
TCGA-AQ-A54N-DX1_xmin32440_ymin26558_MPP-0.2500+120[1000].png,5780,2308,1842,3209,7134,3618,828,7695,3044,581,8,6,5,5,5,4,4,4,4,4
TCGA-AQ-A54N-DX1_xmin32440_ymin26558_MPP-0.2500+123[1000].png,3088,2308,1150,2336,2278,3836,3381,1322,3044,1063,6,6,5,5,5,4,4,4,4,4
TCGA-AQ-A54N-DX1_xmin32440_ymin26558_MPP-0.2500+138[1000].png,3088,3209,5428,1977,3981,3526,3889,237,6357,634,7,6,6,4,4,4,4,4,4,4
TCGA-AQ-A54N-DX1_xmin32440_ymin26558_MPP-0.2500+139[1000].png,3088,7165,4911,3433,5810,4817,1716,7895,5937,2031,8,7,5,5,4,4,4,4,4,4
TCGA-AQ-A54N-DX1_xmin32440_ymin26558_MPP-0.2500+13[1000].png,1357,594,8148,6795,5555,5428,5780,2308,4817,5834,6,5,5,5,4,4,4,4,4,4
TCGA-AQ-A54N-DX1_xmin32440_ymin26558_MPP-0.2500+14[1000].png,1842,4817,3526,3254,3088,5392,4947,5780,1357,2308,7,6,5,4,4,4,4,4,4,4
TCGA-AQ-A54N-DX1_xmin32440_ymin26558_MPP-0.2500+15[1000].png,6964,4166,5392,2903,7733,6966,2308,5454,4376,5194,7,5,5,4,4,4,4,4,4,4
TCGA-AQ-A54N-DX1_xmin32440_ymin26558_MPP-0.2500+16[1000].png,4430,2308,4711,5940,4112,3088,5673,4199,2977,267,7,6,6,5,5,5,5,5,4,4
TCGA-AQ-A54N-DX1_xmin32440_ymin26558_MPP-0.2500+1[1000].png,7189,5428,2493,3088,3526,7694,7337,3298,1836,2666,6,5,5,5,5,4,4,4,4,4
TCGA-AQ-A54N-DX1_xmin32440_ymin26558_MPP-0.2500+20[1000].png,840,8162,2493,808,5810,5099,5097,3088,4711,3105,6,5,5,5,5,5,4,4,4,4
TCGA-AQ-A54N-DX1_xmin32440_ymin26558_MPP-0.2500+21[1000].png,3088,4711,1842,3889,8082,7324,3526,6809,5450,216,8,5,5,5,4,4,4,4,4,4
TCGA-AQ-A54N-DX1_xmin32440_ymin26558_MPP-0.2500+22[1000].png,5428,3088,131,2000,1508,4259,6801,2751,7189,2602,6,6,6,5,5,5,5,4,4,4
TCGA-AQ-A54N-DX1_xmin32440_ymin26558_MPP-0.2500+23[1000].png,3088,1297,5780,131,915,2703,6782,335,2278,145,8,5,5,5,5,5,5,4,4,4
TCGA-AQ-A54N-DX1_xmin32440_ymin26558_MPP-0.2500+24[1000].png,3088,6219,898,3836,5780,1109,1842,3619,3858,7065,10,6,5,4,4,4,4,4,4,4
TCGA-AQ-A54N-DX1_xmin32440_ymin26558_MPP-0.2500+25[1000].png,352,6045,1312,898,4259,5780,4691,4711,7134,6657,6,6,6,5,4,4,4,4,4,4
TCGA-AQ-A54N-DX1_xmin32440_ymin26558_MPP-0.2500+26[1000].png,7189,131,145,335,6960,5780,6674,4911,44,1460,6,5,5,5,5,4,4,4,4,4
TCGA-AQ-A54N-DX1_xmin32440_ymin26558_MPP-0.2500+27[1000].png,1682,3346,7694,216,6321,2308,4112,7337,7101,2870,6,6,5,5,5,5,4,4,4,4
TCGA-AQ-A54N-DX1_xmin32440_ymin26558_MPP-0.2500+28[1000].png,2198,2308,5213,4199,5428,3088,7134,5937,697,3036,5,5,4,4,4,4,4,4,4,3
TCGA-AQ-A54N-DX1_xmin32440_ymin26558_MPP-0.2500+2[1000].png,3088,5834,2308,1836,6702,3836,7324,1297,2336,4817,6,5,5,5,4,4,4,4,4,4
TCGA-AQ-A54N-DX1_xmin32440_ymin26558_MPP-0.2500+30[1000].png,5428,898,6905,4711,6782,1842,4725,3088,2635,2977,5,5,5,5,4,4,4,4,4,4
TCGA-AQ-A54N-DX1_xmin32440_ymin26558_MPP-0.2500+31[1000].png,3044,2326,3088,3836,4833,44,5541,4947,5999,4725,6,5,5,4,4,4,4,4,4,4
TCGA-AQ-A54N-DX1_xmin32440_ymin26558_MPP-0.2500+33[1000].png,7733,3088,6321,4160,2336,6702,6902,3526,1357,1794,6,5,5,4,4,4,4,4,4,4
TCGA-AQ-A54N-DX1_xmin32440_ymin26558_MPP-0.2500+34[1000].png,2308,1297,5912,5610,3209,3896,2903,4911,5392,6960,8,6,6,5,5,5,5,5,4,4
TCGA-AQ-A54N-DX1_xmin32440_ymin26558_MPP-0.2500+35[1000].png,3088,7089,4430,2977,145,1842,4673,4817,7032,7824,6,5,5,5,4,4,4,4,4,4
TCGA-AQ-A54N-DX1_xmin32440_ymin26558_MPP-0.2500+36[1000].png,3908,2666,3526,3209,3836,5065,7549,7599,1571,1373,6,5,5,5,5,4,4,4,4,4
TCGA-AQ-A54N-DX1_xmin32440_ymin26558_MPP-0.2500+37[1000].png,7733,5780,124,3088,7957,237,7129,6054,7134,8059,6,5,5,4,4,4,4,4,4,4
TCGA-AQ-A54N-DX1_xmin32440_ymin26558_MPP-0.2500+38[1000].png,840,1842,11,3105,3125,2308,2967,6045,4259,7129,6,5,4,4,4,4,4,4,4,4
TCGA-AQ-A54N-DX1_xmin32440_ymin26558_MPP-0.2500+39[1000].png,5780,3088,3209,7134,4817,7549,3836,3889,1357,4278,6,5,5,4,4,4,4,4,4,4
TCGA-AQ-A54N-DX1_xmin32440_ymin26558_MPP-0.2500+3[1000].png,1842,7880,5098,3189,4593,7134,371,1682,2493,697,5,5,5,5,5,5,5,4,4,4
TCGA-AQ-A54N-DX1_xmin32440_ymin26558_MPP-0.2500+40[1000].png,3088,7337,1842,3044,2028,4725,6227,3469,4160,5141,6,5,5,5,4,4,4,4,4,4
TCGA-AQ-A54N-DX1_xmin32440_ymin26558_MPP-0.2500+43[1000].png,4642,331,6795,5039,6652,4693,3209,4711,3836,5392,6,6,5,5,4,4,4,4,4,4
TCGA-AQ-A54N-DX1_xmin32440_ymin26558_MPP-0.2500+47[1000].png,5392,4430,1157,3044,5797,5780,7899,958,1682,7709,5,5,5,5,5,5,4,4,4,4
TCGA-AQ-A54N-DX1_xmin32440_ymin26558_MPP-0.2500+48[1000].png,3088,7880,3889,594,2326,335,2876,581,516,5611,5,5,5,5,5,4,4,4,4,4
TCGA-AQ-A54N-DX1_xmin32440_ymin26558_MPP-0.2500+49[1000].png,4711,3526,4376,7189,3088,3209,3189,8165,7732,594,6,5,5,4,4,4,4,4,4,4
TCGA-AQ-A54N-DX1_xmin32440_ymin26558_MPP-0.2500+4[1000].png,5203,5780,3088,5671,1842,6054,7694,5810,982,5872,6,6,6,5,5,5,5,5,4,4
TCGA-AQ-A54N-DX1_xmin32440_ymin26558_MPP-0.2500+50[1000].png,2308,3189,7189,4821,6227,693,516,3526,6121,4250,7,5,5,4,4,4,4,4,4,4
TCGA-AQ-A54N-DX1_xmin32440_ymin26558_MPP-0.2500+51[1000].png,3088,1842,6782,6321,6183,1836,44,168,650,8110,7,5,4,4,4,4,4,4,4,4
TCGA-AQ-A54N-DX1_xmin32440_ymin26558_MPP-0.2500+52[1000].png,4817,6045,3836,6428,7337,8049,4774,131,8066,4194,5,5,5,4,4,4,4,4,4,3
TCGA-AQ-A54N-DX1_xmin32440_ymin26558_MPP-0.2500+53[1000].png,3189,5023,5780,7733,7134,145,331,4261,6931,3526,6,5,4,4,4,4,4,4,4,4
TCGA-AQ-A54N-DX1_xmin32440_ymin26558_MPP-0.2500+5[1000].png,4711,3088,5235,7694,632,5834,4112,4309,5780,4950,7,7,6,6,6,5,5,5,4,4
TCGA-AQ-A54N-DX1_xmin32440_ymin26558_MPP-0.2500+60[1000].png,1842,2308,5834,7695,4533,1836,6321,830,612,2255,6,6,5,5,4,4,4,4,4,4
TCGA-AQ-A54N-DX1_xmin32440_ymin26558_MPP-0.2500+61[1000].png,7450,7129,3088,3208,1682,6892,2967,4340,7007,4376,6,5,5,5,5,4,4,4,4,4
TCGA-AQ-A54N-DX1_xmin32440_ymin26558_MPP-0.2500+62[1000].png,2870,3044,697,331,5023,5780,3469,2977,7134,2235,6,6,5,5,4,4,4,4,4,4
TCGA-AQ-A54N-DX1_xmin32440_ymin26558_MPP-0.2500+63[1000].png,2493,3088,2308,4250,1842,1063,1977,321,5392,331,5,5,4,4,4,4,4,4,4,4
TCGA-AQ-A54N-DX1_xmin32440_ymin26558_MPP-0.2500+64[1000].png,3088,5520,2685,389,2870,4817,7160,2028,4911,3209,9,5,5,4,4,4,4,4,4,3
TCGA-AQ-A54N-DX1_xmin32440_ymin26558_MPP-0.2500+65[1000].png,2308,7694,3088,808,5780,8148,5213,7352,2967,2635,7,5,5,5,5,4,4,4,4,4
TCGA-AQ-A54N-DX1_xmin32440_ymin26558_MPP-0.2500+66[1000].png,2308,3230,5717,3088,321,5170,7353,7880,7694,3112,7,5,5,5,4,4,4,4,4,4
TCGA-AQ-A54N-DX1_xmin32440_ymin26558_MPP-0.2500+67[1000].png,7694,1967,4261,7189,7134,3469,3209,3346,2336,7647,7,6,6,5,4,4,4,4,4,4
TCGA-AQ-A54N-DX1_xmin32440_ymin26558_MPP-0.2500+6[1000].png,4711,6809,335,3526,5065,3021,7212,7695,7189,4325,6,5,5,5,5,4,4,4,4,4
TCGA-AQ-A54N-DX1_xmin32440_ymin26558_MPP-0.2500+73[1000].png,131,7165,4259,4311,6782,6814,2967,7189,6795,7824,5,5,4,4,4,4,4,4,4,4
TCGA-AQ-A54N-DX1_xmin32440_ymin26558_MPP-0.2500+74[1000].png,4711,7501,4817,7733,3207,915,1836,6121,2308,3728,5,5,4,4,4,4,4,4,4,4
TCGA-AQ-A54N-DX1_xmin32440_ymin26558_MPP-0.2500+75[1000].png,2308,3088,3708,8148,6045,3526,331,7808,389,808,10,6,5,5,4,4,4,4,4,4
TCGA-AQ-A54N-DX1_xmin32440_ymin26558_MPP-0.2500+76[1000].png,7880,5603,5834,6724,5974,7089,8110,1682,6045,6871,5,5,5,5,4,4,4,4,4,4
TCGA-AQ-A54N-DX1_xmin32440_ymin26558_MPP-0.2500+77[1000].png,3088,4817,7880,1682,8148,2308,3112,7249,3526,8081,7,6,6,6,5,5,5,5,4,4
TCGA-AQ-A54N-DX1_xmin32440_ymin26558_MPP-0.2500+78[1000].png,4278,7733,3088,3189,5810,3469,7162,5065,6960,6964,6,6,6,5,5,5,5,4,4,4
TCGA-AQ-A54N-DX1_xmin32440_ymin26558_MPP-0.2500+79[1000].png,3088,4817,7733,7880,5797,5780,1356,237,1297,4080,8,5,5,4,4,4,4,4,4,3
TCGA-AQ-A54N-DX1_xmin32440_ymin26558_MPP-0.2500+89[1000].png,6357,6808,3044,3088,4950,7450,3836,7165,6192,4593,4,4,4,4,4,4,4,4,4,4
TCGA-AQ-A54N-DX1_xmin32440_ymin26558_MPP-0.2500+8[1000].png,4430,44,4376,7134,693,2502,3088,7224,7273,3836,5,5,5,4,4,4,4,3,3,3
TCGA-AQ-A54N-DX1_xmin32440_ymin26558_MPP-0.2500+90[1000].png,7957,4376,632,3429,5912,1373,5428,7539,3189,5937,5,5,5,4,4,4,4,4,4,4
TCGA-AQ-A54N-DX1_xmin32440_ymin26558_MPP-0.2500+91[1000].png,3088,594,1842,872,8066,352,6045,131,4685,2493,7,6,5,4,4,4,4,4,4,4
TCGA-AQ-A54N-DX1_xmin32440_ymin26558_MPP-0.2500+92[1000].png,4376,3088,7189,1008,7450,2870,3209,3836,2400,1842,6,6,5,5,4,4,4,4,4,4
TCGA-AQ-A54N-DX1_xmin32440_ymin26558_MPP-0.2500+93[1000].png,7276,4817,4711,2686,7895,3189,7599,7733,7880,5912,7,6,4,4,4,4,4,4,4,4
TCGA-AQ-A54N-DX1_xmin32440_ymin26558_MPP-0.2500+9[1000].png,6905,2278,2967,6428,352,6446,7957,5039,5797,7189,6,5,5,4,4,4,4,4,4,4
TCGA-AR-A0TS-DX1_xmin118843_ymin22812_MPP-0.2500+103[1000].png,44,1375,1312,808,2115,5717,2278,6219,2540,1571,6,5,4,4,4,4,4,4,4,4
TCGA-AR-A0TS-DX1_xmin118843_ymin22812_MPP-0.2500+104[1000].png,2666,3088,3433,3036,828,836,1813,3209,5611,5203,5,5,4,4,4,4,4,4,4,4
TCGA-AR-A0TS-DX1_xmin118843_ymin22812_MPP-0.2500+111[1000].png,4430,4143,1977,2977,6960,168,1357,2000,322,4198,8,6,4,4,4,4,4,4,4,4
TCGA-AR-A0TS-DX1_xmin118843_ymin22812_MPP-0.2500+112[1000].png,7733,3088,5872,1602,3708,1297,2293,7251,2666,3230,7,7,5,4,4,4,4,4,4,4
TCGA-AR-A0TS-DX1_xmin118843_ymin22812_MPP-0.2500+113[1000].png,4430,3836,3088,632,7189,4711,1357,2031,1463,2685,5,5,5,5,5,4,4,4,4,4
TCGA-AR-A0TS-DX1_xmin118843_ymin22812_MPP-0.2500+119[1000].png,2609,3836,371,5433,131,3469,7484,7899,3125,3795,5,5,4,4,4,4,4,4,4,4
TCGA-AR-A0TS-DX1_xmin118843_ymin22812_MPP-0.2500+120[1000].png,6724,3836,2308,7694,7152,8110,7647,6321,5097,6716,8,7,6,6,5,5,5,4,4,4
TCGA-AR-A0TS-DX1_xmin118843_ymin22812_MPP-0.2500+121[1000].png,1842,2083,3088,215,5999,237,840,516,3000,2666,5,5,5,5,4,4,4,4,4,4
TCGA-AR-A0TS-DX1_xmin118843_ymin22812_MPP-0.2500+80[1000].png,3088,2226,4711,1297,840,7149,5213,2703,44,3189,5,5,5,5,4,4,4,4,4,4
TCGA-AR-A0TS-DX1_xmin118843_ymin22812_MPP-0.2500+87[1000].png,335,237,131,5982,4340,3836,6620,3526,5717,1716,5,5,5,4,4,4,4,4,4,4
TCGA-AR-A0TS-DX1_xmin118843_ymin22812_MPP-0.2500+88[1000].png,3088,5780,2870,7212,3526,4527,352,1775,6782,2136,6,6,5,5,5,4,4,4,4,4
TCGA-AR-A0TS-DX1_xmin118843_ymin22812_MPP-0.2500+89[1000].png,44,1977,1755,3088,6919,2308,3986,1356,7337,4711,5,5,5,5,4,4,4,4,4,4
TCGA-AR-A0TS-DX1_xmin118843_ymin22812_MPP-0.2500+90[1000].png,3153,7303,7129,145,3896,4779,3105,4711,915,352,5,5,5,5,5,4,4,4,4,4
TCGA-AR-A0TS-DX1_xmin118843_ymin22812_MPP-0.2500+91[1000].png,7880,5937,7400,3088,1150,5527,7733,3230,131,2927,7,6,5,5,4,4,4,4,4,4
TCGA-AR-A0TS-DX1_xmin118843_ymin22812_MPP-0.2500+95[1000].png,2903,1297,1109,3388,1842,2967,5433,7828,5344,2228,6,5,4,4,4,4,4,4,4,3
TCGA-AR-A0TS-DX1_xmin118843_ymin22812_MPP-0.2500+96[1000].png,3088,4430,7089,1842,5428,5735,4533,6795,4606,2666,6,5,5,4,4,4,4,4,4,4
TCGA-AR-A0TU-DX1_xmin88352_ymin23098_MPP-0.2500+0[1000].png,3088,3208,216,3296,817,3151,6702,5810,4492,335,7,6,5,5,4,4,4,4,4,4
TCGA-AR-A0U1-DX1_xmin63681_ymin24922_MPP-0.2500+21[1000].png,3088,3189,7134,7189,7549,7694,2502,1373,5741,3105,8,7,6,5,5,5,5,4,4,4
TCGA-AR-A0U1-DX1_xmin63681_ymin24922_MPP-0.2500+25[1000].png,4711,3836,6789,3209,2308,2278,6479,7360,1218,915,6,5,4,4,4,4,4,4,4,4
TCGA-AR-A0U1-DX1_xmin63681_ymin24922_MPP-0.2500+26[1000].png,7175,3088,5611,3021,1297,2903,131,4480,5810,145,6,6,5,5,5,5,5,4,4,4
TCGA-AR-A0U1-DX1_xmin63681_ymin24922_MPP-0.2500+27[1000].png,1813,5428,1869,2226,3260,3209,453,4250,5325,4725,6,5,4,4,4,4,4,4,4,4
TCGA-AR-A0U1-DX1_xmin63681_ymin24922_MPP-0.2500+32[1000].png,5428,1716,5780,4711,4072,4725,1508,6321,4911,5207,6,4,4,4,4,4,4,4,4,4
TCGA-AR-A0U1-DX1_xmin63681_ymin24922_MPP-0.2500+39[1000].png,3849,836,7442,2226,1911,4340,7189,4419,7152,958,6,6,5,5,4,4,4,4,4,4
TCGA-AR-A0U4-DX1_xmin41141_ymin69786_MPP-0.2500+0[1000].png,1977,6032,3889,3526,4725,6702,4322,1373,44,7853,5,5,5,5,5,4,4,4,4,4
TCGA-AR-A0U4-DX1_xmin41141_ymin69786_MPP-0.2500+10[1000].png,1842,2870,1460,7695,594,3088,2308,7212,1357,7189,10,5,4,4,4,4,4,4,4,4
TCGA-AR-A0U4-DX1_xmin41141_ymin69786_MPP-0.2500+11[1000].png,3209,5780,7694,5873,2336,4993,6711,5428,1905,131,5,5,4,4,4,4,4,4,4,4
TCGA-AR-A0U4-DX1_xmin41141_ymin69786_MPP-0.2500+125[1000].png,3030,215,6226,5912,1652,4259,4817,6869,5780,5428,6,6,6,5,5,5,4,4,4,4
TCGA-AR-A0U4-DX1_xmin41141_ymin69786_MPP-0.2500+12[1000].png,1842,3088,7222,335,5780,7694,5101,1218,4911,1297,8,7,5,4,4,4,4,4,4,4
TCGA-AR-A0U4-DX1_xmin41141_ymin69786_MPP-0.2500+132[1000].png,2326,3889,3477,5741,7175,4322,3296,4524,5428,4924,5,5,5,5,5,4,4,4,4,4
TCGA-AR-A0U4-DX1_xmin41141_ymin69786_MPP-0.2500+13[1000].png,5428,1842,6702,2226,2278,7694,5098,4430,4376,516,7,6,5,4,4,4,4,4,4,4
TCGA-AR-A0U4-DX1_xmin41141_ymin69786_MPP-0.2500+14[1000].png,168,1157,3526,5872,2685,2666,7032,1842,2540,1417,6,5,4,4,4,4,4,4,4,3
TCGA-AR-A0U4-DX1_xmin41141_ymin69786_MPP-0.2500+150[1000].png,1476,4322,1654,6045,516,3030,44,6628,7807,958,5,5,5,4,4,4,4,4,4,4
TCGA-AR-A0U4-DX1_xmin41141_ymin69786_MPP-0.2500+156[1000].png,982,1652,3030,4817,5038,5741,3526,2557,7337,6054,5,5,5,5,5,5,5,4,4,4
TCGA-AR-A0U4-DX1_xmin41141_ymin69786_MPP-0.2500+15[1000].png,2870,3044,5424,4430,8014,3088,3585,7549,3114,3836,7,5,5,5,5,5,4,4,4,4
TCGA-AR-A0U4-DX1_xmin41141_ymin69786_MPP-0.2500+16[1000].png,898,7212,237,4436,3209,2042,2031,2635,6724,6809,6,5,5,5,4,4,4,4,4,4
TCGA-AR-A0U4-DX1_xmin41141_ymin69786_MPP-0.2500+17[1000].png,389,6724,4430,131,2336,8148,2021,5039,2870,1842,6,5,5,5,4,4,4,4,4,4
TCGA-AR-A0U4-DX1_xmin41141_ymin69786_MPP-0.2500+19[1000].png,3088,6809,4376,2278,693,1682,4593,4160,4817,3416,7,6,5,4,4,4,4,4,4,4
TCGA-AR-A0U4-DX1_xmin41141_ymin69786_MPP-0.2500+1[1000].png,3088,3029,1813,1869,697,5098,7733,414,7164,2308,5,5,4,4,4,4,4,4,4,4
TCGA-AR-A0U4-DX1_xmin41141_ymin69786_MPP-0.2500+20[1000].png,145,3088,4947,4160,4711,1312,4642,1682,4286,3417,9,6,5,5,4,4,4,4,4,4
TCGA-AR-A0U4-DX1_xmin41141_ymin69786_MPP-0.2500+22[1000].png,1682,4977,1297,44,7591,836,1150,3526,5999,3044,7,5,4,4,4,4,4,4,4,4
TCGA-AR-A0U4-DX1_xmin41141_ymin69786_MPP-0.2500+27[1000].png,3088,4711,4410,44,3044,7134,3209,7941,6808,4259,8,6,5,5,5,5,5,4,4,4
TCGA-AR-A0U4-DX1_xmin41141_ymin69786_MPP-0.2500+2[1000].png,3088,3230,7698,7165,6809,2021,352,2000,2336,6220,5,4,4,4,4,4,4,4,4,4
TCGA-AR-A0U4-DX1_xmin41141_ymin69786_MPP-0.2500+30[1000].png,3088,7694,4376,3836,516,4709,4817,7032,5133,5673,9,5,5,5,5,4,4,4,4,4
TCGA-AR-A0U4-DX1_xmin41141_ymin69786_MPP-0.2500+34[1000].png,1297,1842,3044,1682,3088,4711,6702,3836,4817,7869,7,6,5,5,5,5,5,5,4,4
TCGA-AR-A0U4-DX1_xmin41141_ymin69786_MPP-0.2500+37[1000].png,1842,7165,6702,2903,5913,5717,1571,2326,2627,400,7,5,4,4,4,4,4,4,4,4
TCGA-AR-A0U4-DX1_xmin41141_ymin69786_MPP-0.2500+38[1000].png,5454,6657,3088,216,4376,5937,145,5872,6219,4527,6,5,5,5,5,4,4,4,4,4
TCGA-AR-A0U4-DX1_xmin41141_ymin69786_MPP-0.2500+39[1000].png,1356,3189,7219,4725,7189,7694,7007,4369,3000,5440,6,4,4,4,4,4,4,4,4,4
TCGA-AR-A0U4-DX1_xmin41141_ymin69786_MPP-0.2500+3[1000].png,3029,1297,7089,237,4527,2326,6021,3115,5392,6724,5,5,5,4,4,4,4,4,4,4
TCGA-AR-A0U4-DX1_xmin41141_ymin69786_MPP-0.2500+40[1000].png,6702,2278,6809,3526,44,2198,267,5780,3029,5392,7,6,5,5,4,4,4,4,4,4
TCGA-AR-A0U4-DX1_xmin41141_ymin69786_MPP-0.2500+41[1000].png,5428,3088,7101,44,6446,267,7189,7089,2012,5599,7,6,5,4,4,4,4,4,4,4
TCGA-AR-A0U4-DX1_xmin41141_ymin69786_MPP-0.2500+47[1000].png,7694,3088,6628,145,1320,3200,4968,2308,2021,688,5,5,5,4,4,4,4,4,4,4
TCGA-AR-A0U4-DX1_xmin41141_ymin69786_MPP-0.2500+49[1000].png,6702,3088,3836,7360,7555,7694,6480,6219,5999,5741,5,5,5,5,4,4,4,4,4,4
TCGA-AR-A0U4-DX1_xmin41141_ymin69786_MPP-0.2500+4[1000].png,5780,2476,2635,4833,237,3088,6830,47,1586,3896,6,5,4,4,4,4,4,4,4,4
TCGA-AR-A0U4-DX1_xmin41141_ymin69786_MPP-0.2500+56[1000].png,1842,5810,4968,6881,1320,5688,3298,1312,3021,5999,6,4,4,4,4,4,4,4,4,4
TCGA-AR-A0U4-DX1_xmin41141_ymin69786_MPP-0.2500+57[1000].png,2493,1842,145,2278,4430,5428,8165,5039,2870,2876,6,6,5,4,4,4,4,4,4,4
TCGA-AR-A0U4-DX1_xmin41141_ymin69786_MPP-0.2500+58[1000].png,1312,6702,6724,1322,5367,7733,965,4693,6509,3908,7,5,5,4,4,4,4,4,4,4
TCGA-AR-A0U4-DX1_xmin41141_ymin69786_MPP-0.2500+63[1000].png,6428,7189,2666,3088,3836,2308,5780,1842,2482,4725,5,5,5,5,5,5,5,5,4,4
TCGA-AR-A0U4-DX1_xmin41141_ymin69786_MPP-0.2500+64[1000].png,7549,1682,2308,1842,267,4430,5780,7709,6219,8066,8,6,6,5,5,5,5,4,4,4
TCGA-AR-A0U4-DX1_xmin41141_ymin69786_MPP-0.2500+65[1000].png,1842,7189,1682,7709,6173,7694,4817,3044,5603,3030,7,6,5,5,4,4,4,4,4,4
TCGA-AR-A0U4-DX1_xmin41141_ymin69786_MPP-0.2500+66[1000].png,4711,44,4817,2278,3209,3823,3088,7165,6121,7188,6,5,5,5,5,4,4,4,4,4
TCGA-AR-A0U4-DX1_xmin41141_ymin69786_MPP-0.2500+67[1000].png,4198,3889,7880,982,1571,7089,6045,5065,6966,1388,6,5,5,5,5,5,4,4,4,4
TCGA-AR-A0U4-DX1_xmin41141_ymin69786_MPP-0.2500+68[1000].png,1297,8110,2308,7694,2635,3088,1682,1716,44,7733,5,5,5,4,4,4,4,4,4,4
TCGA-AR-A0U4-DX1_xmin41141_ymin69786_MPP-0.2500+69[1000].png,3836,145,1842,237,6628,1109,267,5599,872,6192,7,5,5,5,4,4,4,4,4,4
TCGA-AR-A0U4-DX1_xmin41141_ymin69786_MPP-0.2500+70[1000].png,4160,2784,7165,2870,145,1063,5797,594,3,6357,7,4,4,4,4,4,4,4,4,3
TCGA-AR-A0U4-DX1_xmin41141_ymin69786_MPP-0.2500+71[1000].png,5810,2870,2493,6222,267,5872,7189,3088,1463,1312,6,5,5,5,5,4,4,4,4,4
TCGA-AR-A0U4-DX1_xmin41141_ymin69786_MPP-0.2500+72[1000].png,7694,8148,6809,7484,34,4642,1977,4340,1780,7337,5,5,4,4,4,4,4,4,4,4
TCGA-AR-A0U4-DX1_xmin41141_ymin69786_MPP-0.2500+73[1000].png,1842,2308,44,935,1977,5686,4376,7400,7599,2957,7,6,5,4,4,4,4,4,4,3
TCGA-AR-A0U4-DX1_xmin41141_ymin69786_MPP-0.2500+74[1000].png,2375,2308,3088,2278,44,1977,1842,6702,7337,4817,6,5,5,5,4,4,4,4,4,4
TCGA-AR-A0U4-DX1_xmin41141_ymin69786_MPP-0.2500+75[1000].png,3088,7189,44,1418,3044,3230,267,3896,7824,1413,8,7,5,5,5,5,4,4,4,4
TCGA-AR-A0U4-DX1_xmin41141_ymin69786_MPP-0.2500+76[1000].png,7694,1905,5717,879,335,1842,1682,6480,267,4112,10,5,5,4,4,4,4,4,4,4
TCGA-AR-A0U4-DX1_xmin41141_ymin69786_MPP-0.2500+77[1000].png,6966,6702,3088,6657,1842,4950,4817,2666,4376,1977,7,5,4,4,4,4,4,4,4,4
TCGA-AR-A0U4-DX1_xmin41141_ymin69786_MPP-0.2500+78[1000].png,2502,1842,3230,3088,3527,322,6724,7591,7651,7853,7,5,4,4,4,4,4,4,4,4
TCGA-AR-A0U4-DX1_xmin41141_ymin69786_MPP-0.2500+7[1000].png,1413,2756,3088,7899,5999,1652,3209,6905,6509,2000,4,4,4,4,4,4,4,4,4,3
TCGA-AR-A0U4-DX1_xmin41141_ymin69786_MPP-0.2500+81[1000].png,3230,3836,688,1842,495,5603,1682,6809,2684,2870,5,5,4,4,4,4,4,4,4,4
TCGA-AR-A0U4-DX1_xmin41141_ymin69786_MPP-0.2500+82[1000].png,6702,982,7869,1977,5007,390,8110,2703,1418,1716,6,6,5,4,4,4,4,4,4,4
TCGA-AR-A0U4-DX1_xmin41141_ymin69786_MPP-0.2500+83[1000].png,3088,2198,4817,7189,7134,5780,7695,2766,2308,3908,6,5,4,4,4,4,4,4,4,4
TCGA-AR-A0U4-DX1_xmin41141_ymin69786_MPP-0.2500+8[1000].png,1836,267,3200,1842,3044,2336,697,44,130,1357,6,5,5,4,4,4,4,4,4,4
TCGA-AR-A0U4-DX1_xmin41141_ymin69786_MPP-0.2500+9[1000].png,4711,1842,879,3526,7189,5494,2493,7969,168,2194,6,5,5,5,5,4,4,4,4,4
TCGA-AR-A1AI-DX1_xmin38671_ymin10616_MPP-0.2500+18[1000].png,7189,4430,6964,5098,7149,3088,6702,5428,335,4376,8,6,5,5,5,5,5,5,4,4
TCGA-AR-A1AI-DX1_xmin38671_ymin10616_MPP-0.2500+23[1000].png,3088,7733,335,2278,5912,4278,6724,2083,8041,4259,5,4,4,4,4,4,4,4,4,4
TCGA-AR-A1AI-DX1_xmin38671_ymin10616_MPP-0.2500+28[1000].png,6321,1755,7694,4419,2794,1218,4247,131,3728,5780,5,5,5,4,4,4,4,4,4,4
TCGA-AR-A1AI-DX1_xmin38671_ymin10616_MPP-0.2500+34[1000].png,6045,6702,4376,216,1356,4527,5023,5635,6724,8037,6,5,4,4,4,4,4,4,4,4
TCGA-AR-A1AQ-DX1_xmin18171_ymin38296_MPP-0.2500+44[1000].png,4711,44,725,3088,2278,5741,2308,78,5780,2249,7,6,4,4,4,4,4,4,4,3
TCGA-AR-A1AQ-DX1_xmin18171_ymin38296_MPP-0.2500+47[1000].png,1813,145,6795,390,1652,7828,2083,5913,4774,7212,7,4,4,4,4,4,4,4,4,4
TCGA-AR-A1AQ-DX1_xmin18171_ymin38296_MPP-0.2500+48[1000].png,7249,1357,390,3021,6045,2583,6652,3487,1869,8081,7,6,4,4,4,4,4,4,4,4
TCGA-AR-A1AQ-DX1_xmin18171_ymin38296_MPP-0.2500+49[1000].png,1357,216,6795,1652,3209,2666,7733,1312,7189,4524,5,5,5,5,4,4,4,4,4,4
TCGA-AR-A1AQ-DX1_xmin18171_ymin38296_MPP-0.2500+50[1000].png,4817,7899,2031,4911,3088,1375,168,5392,3750,3452,6,5,4,4,4,4,3,3,3,3
TCGA-AR-A1AQ-DX1_xmin18171_ymin38296_MPP-0.2500+55[1000].png,6190,3640,1652,1842,1682,267,1218,168,7089,1813,5,4,4,4,4,4,4,4,4,4
TCGA-AR-A1AQ-DX1_xmin18171_ymin38296_MPP-0.2500+56[1000].png,4711,7694,2021,3526,3088,840,8066,3044,4993,6869,5,5,4,4,4,4,4,4,4,3
TCGA-AR-A1AQ-DX1_xmin18171_ymin38296_MPP-0.2500+57[1000].png,3526,4430,2308,34,5912,3144,5039,7163,872,4914,7,6,5,5,5,4,4,4,4,4
TCGA-AR-A1AQ-DX1_xmin18171_ymin38296_MPP-0.2500+64[1000].png,840,1373,267,7957,6808,4711,6502,1150,389,6702,4,4,4,4,4,4,4,4,4,3
TCGA-AR-A1AQ-DX1_xmin18171_ymin38296_MPP-0.2500+65[1000].png,8082,5611,6045,2226,7189,8148,1357,3526,778,6678,6,4,4,4,4,4,4,4,4,3
TCGA-AR-A1AQ-DX1_xmin18171_ymin38296_MPP-0.2500+66[1000].png,3230,6979,4377,3625,3836,4282,3189,6795,3790,2140,5,4,4,4,4,4,4,4,4,4
TCGA-AR-A1AR-DX1_xmin12708_ymin29100_MPP-0.2500+47[1000].png,267,1357,3088,6724,915,5235,7557,866,6054,1351,5,5,5,4,4,4,4,4,4,3
TCGA-AR-A1AR-DX1_xmin12708_ymin29100_MPP-0.2500+51[1000].png,7733,5937,3088,131,5213,4642,7134,1413,6809,7694,5,5,5,4,4,4,4,4,4,3
TCGA-AR-A1AR-DX1_xmin12708_ymin29100_MPP-0.2500+52[1000].png,7189,371,7165,6226,1373,7875,6674,4251,6902,808,6,5,5,5,4,4,4,4,4,4
TCGA-AR-A1AR-DX1_xmin12708_ymin29100_MPP-0.2500+54[1000].png,3000,4376,4711,2977,6950,516,5098,1297,5039,7219,5,5,4,4,4,4,4,4,4,4
TCGA-AR-A1AR-DX1_xmin12708_ymin29100_MPP-0.2500+56[1000].png,4430,1586,2493,994,5561,2308,4340,2083,7869,7165,5,4,4,4,4,4,4,4,4,3
TCGA-AR-A1AY-DX1_xmin62652_ymin27061_MPP-0.2500+0[1000].png,3088,1842,8082,215,3209,1682,131,3000,5912,781,6,5,4,4,4,4,4,4,4,3
TCGA-AR-A1AY-DX1_xmin62652_ymin27061_MPP-0.2500+14[1000].png,7400,5686,6045,145,958,1672,5937,8014,7695,4143,5,5,5,4,4,4,4,4,4,4
TCGA-AR-A1AY-DX1_xmin62652_ymin27061_MPP-0.2500+15[1000].png,5428,7189,2493,516,3044,4480,6045,5780,836,5599,5,5,4,4,4,4,4,4,4,4
TCGA-AR-A1AY-DX1_xmin62652_ymin27061_MPP-0.2500+16[1000].png,3526,3189,145,3230,8081,2903,1312,1652,5741,215,5,5,5,5,5,5,5,4,4,4
TCGA-AR-A1AY-DX1_xmin62652_ymin27061_MPP-0.2500+43[1000].png,4725,5428,6045,3836,1038,3088,5872,7249,3044,1767,6,6,5,4,4,4,4,4,3,3
TCGA-AR-A1AY-DX1_xmin62652_ymin27061_MPP-0.2500+57[1000].png,1842,237,5780,5392,5912,5913,1652,5999,331,5717,5,5,5,5,4,4,4,4,4,4
TCGA-AR-A1AY-DX1_xmin62652_ymin27061_MPP-0.2500+62[1000].png,3836,4430,7880,4116,7134,3088,2308,404,3026,390,7,6,5,5,4,4,4,4,4,4
TCGA-AR-A1AY-DX1_xmin62652_ymin27061_MPP-0.2500+7[1000].png,7694,6702,3836,1842,839,6830,2198,5780,6173,6795,5,5,4,4,4,4,4,4,4,4
TCGA-AR-A1AY-DX1_xmin62652_ymin27061_MPP-0.2500+8[1000].png,4817,2308,4711,390,7222,3527,6655,2685,3088,2666,6,5,5,4,4,4,4,4,4,4
TCGA-AR-A2LH-DX1_xmin78480_ymin42305_MPP-0.2500+75[1000].png,7880,3836,5780,2977,3030,7101,7612,6321,1846,4911,6,5,5,4,4,4,4,4,4,4
TCGA-AR-A2LH-DX1_xmin78480_ymin42305_MPP-0.2500+89[1000].png,3088,3526,2308,7549,5065,2226,4999,3230,4259,2278,8,6,5,5,4,4,4,4,4,4
TCGA-BH-A0AV-DX1_xmin77937_ymin57165_MPP-0.2500+83[1000].png,2308,2990,3836,6795,836,7275,4781,5065,3442,8148,6,5,5,4,4,4,4,4,4,4
TCGA-BH-A0B3-DX1_xmin82526_ymin42184_MPP-0.2500+100[1000].png,215,1652,2226,44,2249,7589,7694,1297,390,2319,7,6,6,5,5,5,4,4,4,4
TCGA-BH-A0B3-DX1_xmin82526_ymin42184_MPP-0.2500+102[1000].png,1652,2226,2686,8081,5810,2650,2588,44,3268,8140,7,6,5,5,5,4,4,4,4,4
TCGA-BH-A0B3-DX1_xmin82526_ymin42184_MPP-0.2500+103[1000].png,6321,3189,6702,7880,7695,331,3526,6190,5498,2990,5,5,5,4,4,4,4,4,4,4
TCGA-BH-A0B3-DX1_xmin82526_ymin42184_MPP-0.2500+104[1000].png,6795,4911,3836,3088,1813,4972,836,6674,2801,2308,6,5,5,5,4,4,4,4,4,4
TCGA-BH-A0B3-DX1_xmin82526_ymin42184_MPP-0.2500+105[1000].png,215,6931,3209,2686,1813,5717,5098,5937,1911,6054,7,7,6,5,4,4,4,4,4,4
TCGA-BH-A0B3-DX1_xmin82526_ymin42184_MPP-0.2500+106[1000].png,2903,6869,332,958,1842,4817,6931,3230,4259,7790,7,7,6,5,5,5,5,4,4,4
TCGA-BH-A0B3-DX1_xmin82526_ymin42184_MPP-0.2500+107[1000].png,3230,131,1813,6869,778,2903,3021,7189,6321,5424,5,5,4,4,4,4,4,4,4,4
TCGA-BH-A0B3-DX1_xmin82526_ymin42184_MPP-0.2500+108[1000].png,215,6795,3836,2226,6702,2083,5097,5741,898,1813,6,5,5,5,5,4,4,4,4,4
TCGA-BH-A0B3-DX1_xmin82526_ymin42184_MPP-0.2500+110[1000].png,2903,1813,7119,7694,6702,3127,7442,958,8081,5810,6,5,5,5,5,4,4,4,4,4
TCGA-BH-A0B3-DX1_xmin82526_ymin42184_MPP-0.2500+111[1000].png,1682,1813,1652,6809,6321,1842,840,7694,2609,6869,7,6,6,5,4,4,4,4,4,4
TCGA-BH-A0B3-DX1_xmin82526_ymin42184_MPP-0.2500+112[1000].png,2903,3088,162,1813,2083,5235,3526,3030,215,5023,6,6,5,5,5,5,5,5,5,4
TCGA-BH-A0B3-DX1_xmin82526_ymin42184_MPP-0.2500+113[1000].png,390,4711,7880,7119,3000,7175,5872,725,6795,5047,6,5,5,5,4,4,4,4,4,4
TCGA-BH-A0B3-DX1_xmin82526_ymin42184_MPP-0.2500+114[1000].png,3088,6045,3836,2308,6966,4436,2237,6724,901,5325,6,5,5,5,5,5,4,4,4,4
TCGA-BH-A0B3-DX1_xmin82526_ymin42184_MPP-0.2500+115[1000].png,2903,215,5047,6354,3088,5428,5718,3433,453,1652,7,5,5,4,4,4,4,4,4,4
TCGA-BH-A0B3-DX1_xmin82526_ymin42184_MPP-0.2500+116[1000].png,3088,1476,2685,7694,319,5428,7189,2919,5872,3044,6,5,5,5,4,4,4,4,4,4
TCGA-BH-A0B3-DX1_xmin82526_ymin42184_MPP-0.2500+117[1000].png,1297,4947,3209,2967,5741,7808,7694,6678,7249,2977,6,5,4,4,4,4,4,4,4,4
TCGA-BH-A0B3-DX1_xmin82526_ymin42184_MPP-0.2500+118[1000].png,7189,6702,5203,1476,1813,335,2226,3526,4160,4711,8,5,5,5,5,5,4,4,4,4
TCGA-BH-A0B3-DX1_xmin82526_ymin42184_MPP-0.2500+119[1000].png,7149,3088,6571,453,7694,5937,1652,3030,1869,2226,6,6,5,5,5,5,4,4,4,4
TCGA-BH-A0B3-DX1_xmin82526_ymin42184_MPP-0.2500+120[1000].png,3088,6869,131,5780,4711,5797,5999,5392,5235,215,10,5,5,5,5,4,4,4,4,4
TCGA-BH-A0B3-DX1_xmin82526_ymin42184_MPP-0.2500+122[1000].png,1813,1911,7024,3000,1413,2635,6724,3836,3088,145,6,6,6,5,5,5,5,5,5,5
TCGA-BH-A0B3-DX1_xmin82526_ymin42184_MPP-0.2500+123[1000].png,5561,1476,1842,4376,4160,4711,6321,215,2540,2226,9,6,5,5,4,4,4,4,4,4
TCGA-BH-A0B3-DX1_xmin82526_ymin42184_MPP-0.2500+124[1000].png,7175,3088,6702,1297,6724,5780,5203,215,7091,7353,6,6,6,5,5,5,4,4,4,4
TCGA-BH-A0B3-DX1_xmin82526_ymin42184_MPP-0.2500+125[1000].png,3088,6045,6724,3209,7249,7166,1652,7694,935,6121,6,5,5,5,5,5,5,4,4,4
TCGA-BH-A0B3-DX1_xmin82526_ymin42184_MPP-0.2500+126[1000].png,6869,6702,8081,1813,3088,4711,2493,6054,6045,5717,6,6,6,5,5,5,5,5,5,5
TCGA-BH-A0B3-DX1_xmin82526_ymin42184_MPP-0.2500+127[1000].png,3088,2903,6674,5717,1297,4250,1373,1813,6173,2255,6,5,5,4,4,4,4,4,4,4
TCGA-BH-A0B3-DX1_xmin82526_ymin42184_MPP-0.2500+132[1000].png,215,1297,3889,2977,7694,237,1652,1911,6931,5702,8,5,5,4,4,4,4,4,4,4
TCGA-BH-A0B3-DX1_xmin82526_ymin42184_MPP-0.2500+133[1000].png,5797,4198,840,2308,5097,6321,5780,3030,5620,4250,5,4,4,4,4,4,4,4,4,4
TCGA-BH-A0B3-DX1_xmin82526_ymin42184_MPP-0.2500+134[1000].png,215,1842,2136,5213,7024,6321,958,594,2609,1836,7,6,5,5,5,5,5,4,4,4
TCGA-BH-A0B3-DX1_xmin82526_ymin42184_MPP-0.2500+135[1000].png,3526,2308,5428,3088,5937,5098,131,1357,3044,5716,7,6,5,5,5,4,4,4,4,4
TCGA-BH-A0B3-DX1_xmin82526_ymin42184_MPP-0.2500+140[1000].png,3088,5094,1297,7089,840,6869,781,5741,6795,3349,6,5,5,5,5,4,4,4,4,4
TCGA-BH-A0B3-DX1_xmin82526_ymin42184_MPP-0.2500+141[1000].png,5999,215,5780,1682,3189,216,2226,2870,3088,1373,7,6,5,5,5,5,5,5,5,5
TCGA-BH-A0B3-DX1_xmin82526_ymin42184_MPP-0.2500+142[1000].png,1652,4711,1157,6054,958,8013,5912,5047,1842,1297,6,5,5,5,5,5,4,4,4,4
TCGA-BH-A0B3-DX1_xmin82526_ymin42184_MPP-0.2500+143[1000].png,3088,8081,3021,4711,1682,4430,2990,4112,3526,2686,7,6,6,5,5,5,4,4,4,4
TCGA-BH-A0B3-DX1_xmin82526_ymin42184_MPP-0.2500+148[1000].png,3088,1312,4725,5097,215,1357,331,2000,2540,5741,8,6,5,5,5,5,5,4,4,4
TCGA-BH-A0B3-DX1_xmin82526_ymin42184_MPP-0.2500+150[1000].png,1476,4725,6702,836,3088,8013,1460,778,6724,2583,6,6,5,5,5,4,4,4,4,4
TCGA-BH-A0B3-DX1_xmin82526_ymin42184_MPP-0.2500+151[1000].png,6054,1813,4711,3230,2903,2226,2686,1842,4968,237,6,6,6,5,4,4,4,4,4,4
TCGA-BH-A0B3-DX1_xmin82526_ymin42184_MPP-0.2500+152[1000].png,2226,1652,1813,6321,2990,3088,215,840,3029,4711,6,5,5,4,4,4,4,4,4,4
TCGA-BH-A0B3-DX1_xmin82526_ymin42184_MPP-0.2500+153[1000].png,3088,2967,5428,5937,2686,4436,7694,781,1911,1652,7,6,6,6,6,5,5,4,4,4
TCGA-BH-A0B3-DX1_xmin82526_ymin42184_MPP-0.2500+154[1000].png,7249,8013,6702,4430,1813,778,693,3526,7024,4805,7,6,5,5,5,5,4,4,4,4
TCGA-BH-A0B3-DX1_xmin82526_ymin42184_MPP-0.2500+155[1000].png,2990,7694,6226,4817,335,6869,6045,958,6795,2226,8,5,5,5,4,4,4,4,4,4
TCGA-BH-A0B3-DX1_xmin82526_ymin42184_MPP-0.2500+156[1000].png,1682,7853,4972,3230,2028,5561,6724,4436,3526,215,5,5,5,4,4,4,4,4,4,4
TCGA-BH-A0B3-DX1_xmin82526_ymin42184_MPP-0.2500+159[1000].png,5872,8013,6054,5392,3088,8081,778,3247,5735,3209,6,6,5,5,5,5,5,5,5,4
TCGA-BH-A0B3-DX1_xmin82526_ymin42184_MPP-0.2500+160[1000].png,3088,5392,2336,2308,3114,3030,4711,390,3858,3329,7,6,5,5,5,4,4,4,4,4
TCGA-BH-A0B3-DX1_xmin82526_ymin42184_MPP-0.2500+161[1000].png,5937,5810,7694,1813,2666,4559,3088,958,4817,6702,5,5,5,5,5,5,5,4,4,4
TCGA-BH-A0B3-DX1_xmin82526_ymin42184_MPP-0.2500+162[1000].png,1813,7612,781,6321,2686,2226,1652,5937,5428,2336,8,6,5,5,5,5,4,4,4,4
TCGA-BH-A0B3-DX1_xmin82526_ymin42184_MPP-0.2500+163[1000].png,4711,2226,5741,7249,5937,4436,7149,3442,1297,1652,8,7,7,6,5,5,5,4,4,4
TCGA-BH-A0B3-DX1_xmin82526_ymin42184_MPP-0.2500+164[1000].png,5780,7694,3088,5392,2903,2194,4436,5207,6194,3500,6,5,5,5,4,4,4,4,4,4
TCGA-BH-A0B3-DX1_xmin82526_ymin42184_MPP-0.2500+88[1000].png,1297,6869,6054,4711,215,453,3526,3088,2226,2540,7,7,6,5,5,5,5,5,5,4
TCGA-BH-A0B3-DX1_xmin82526_ymin42184_MPP-0.2500+89[1000].png,1652,516,6869,3088,3477,8013,3836,5834,297,5999,7,6,6,6,6,5,5,5,4,4
TCGA-BH-A0B3-DX1_xmin82526_ymin42184_MPP-0.2500+90[1000].png,1842,2249,6054,1652,7165,2666,3971,237,6045,5259,6,5,5,5,4,4,4,4,4,4
TCGA-BH-A0B3-DX1_xmin82526_ymin42184_MPP-0.2500+91[1000].png,6054,4100,8081,6321,7129,5717,6702,3088,5741,4911,6,5,5,4,4,4,4,4,4,4
TCGA-BH-A0B3-DX1_xmin82526_ymin42184_MPP-0.2500+92[1000].png,3088,7808,1652,4711,3044,3000,2226,390,5428,3230,8,6,5,5,5,5,5,4,4,4
TCGA-BH-A0B3-DX1_xmin82526_ymin42184_MPP-0.2500+94[1000].png,3230,4436,4711,4376,2876,3088,2990,6045,5937,1911,6,6,6,5,5,5,4,4,4,4
TCGA-BH-A0B3-DX1_xmin82526_ymin42184_MPP-0.2500+95[1000].png,2226,2903,1652,7175,6619,2028,4376,215,1780,7149,7,5,5,5,5,5,5,4,4,4
TCGA-BH-A0B3-DX1_xmin82526_ymin42184_MPP-0.2500+96[1000].png,1842,4286,5023,1813,3088,2226,958,6657,2650,3030,5,5,5,5,5,5,4,4,4,4
TCGA-BH-A0B3-DX1_xmin82526_ymin42184_MPP-0.2500+97[1000].png,7189,1652,1297,3526,5097,4377,7249,5797,168,5741,7,6,6,5,4,4,4,4,4,4
TCGA-BH-A0B3-DX1_xmin82526_ymin42184_MPP-0.2500+98[1000].png,3088,1911,915,5910,1977,2990,2278,2903,6045,131,6,6,5,5,5,5,5,5,4,4
TCGA-BH-A0B3-DX1_xmin82526_ymin42184_MPP-0.2500+99[1000].png,215,4711,1476,2650,6795,4593,3836,7175,7189,1767,8,7,6,5,5,5,5,4,4,4
TCGA-BH-A0B9-DX1_xmin62727_ymin56697_MPP-0.2500+105[1000].png,7165,3477,2308,5780,594,6321,4965,4492,5278,3088,5,5,5,5,4,4,4,4,3,3
TCGA-BH-A0B9-DX1_xmin62727_ymin56697_MPP-0.2500+106[1000].png,7694,1571,6724,321,4711,6809,6088,1218,836,5392,6,5,5,5,5,4,4,4,4,4
TCGA-BH-A0B9-DX1_xmin62727_ymin56697_MPP-0.2500+109[1000].png,2903,390,3477,6045,4711,5023,2766,1101,6809,958,8,6,6,5,4,4,4,4,4,4
TCGA-BH-A0B9-DX1_xmin62727_ymin56697_MPP-0.2500+110[1000].png,6321,2903,958,215,2265,5000,371,2028,4947,2801,7,5,5,4,4,4,4,4,4,4
TCGA-BH-A0B9-DX1_xmin62727_ymin56697_MPP-0.2500+111[1000].png,5047,2903,390,2308,3478,3088,216,5912,131,697,7,6,6,5,5,4,4,4,4,4
TCGA-BH-A0B9-DX1_xmin62727_ymin56697_MPP-0.2500+126[1000].png,390,836,2308,5433,6221,4524,4673,2708,4711,7134,6,5,5,5,4,4,4,4,4,4
TCGA-BH-A0B9-DX1_xmin62727_ymin56697_MPP-0.2500+127[1000].png,256,1741,3209,4340,1413,6192,2226,4968,5392,3597,5,5,5,4,4,4,4,4,4,4
TCGA-BH-A0B9-DX1_xmin62727_ymin56697_MPP-0.2500+128[1000].png,237,840,390,5097,594,3088,4711,7549,6157,2686,9,6,6,5,5,5,5,4,4,4
TCGA-BH-A0B9-DX1_xmin62727_ymin56697_MPP-0.2500+129[1000].png,4311,390,7880,2308,5428,5741,4322,2801,6321,6054,7,6,4,4,4,4,4,4,4,4
TCGA-BH-A0B9-DX1_xmin62727_ymin56697_MPP-0.2500+139[1000].png,390,1652,6724,958,4711,7647,8089,1655,4284,7819,11,6,5,5,5,4,4,4,4,4
TCGA-BH-A0B9-DX1_xmin62727_ymin56697_MPP-0.2500+140[1000].png,390,1413,7694,6724,4711,6219,5912,2756,1373,2841,7,5,5,5,5,4,4,4,4,4
TCGA-BH-A0B9-DX1_xmin62727_ymin56697_MPP-0.2500+141[1000].png,5027,516,390,958,3088,5392,5780,332,3469,3477,6,5,5,5,5,5,4,4,4,4
TCGA-BH-A0B9-DX1_xmin62727_ymin56697_MPP-0.2500+142[1000].png,7189,7694,1373,4100,390,6321,7807,7149,4430,1413,6,6,6,6,5,5,5,5,5,5
TCGA-BH-A0B9-DX1_xmin62727_ymin56697_MPP-0.2500+143[1000].png,390,4711,5780,6908,7189,7149,1842,4693,2666,1235,5,5,5,4,4,4,4,4,4,4
TCGA-BH-A0B9-DX1_xmin62727_ymin56697_MPP-0.2500+144[1000].png,6054,256,4817,2801,2666,3088,6321,3526,5047,1718,7,6,6,6,5,5,5,5,4,4
TCGA-BH-A0B9-DX1_xmin62727_ymin56697_MPP-0.2500+150[1000].png,7189,3526,7165,7007,5937,7149,4711,2977,5862,4215,6,6,5,5,5,5,5,4,4,4
TCGA-BH-A0B9-DX1_xmin62727_ymin56697_MPP-0.2500+151[1000].png,5392,1767,4711,7916,2308,3526,5797,4755,6088,5834,7,6,5,4,4,4,4,4,4,4
TCGA-BH-A0B9-DX1_xmin62727_ymin56697_MPP-0.2500+156[1000].png,6724,3088,898,4322,2308,958,389,390,3296,1813,5,5,5,5,5,4,4,4,4,4
TCGA-BH-A0B9-DX1_xmin62727_ymin56697_MPP-0.2500+157[1000].png,1413,2903,5392,4377,1373,1515,6809,8144,1273,1655,7,6,6,4,4,4,4,4,4,3
TCGA-BH-A0B9-DX1_xmin62727_ymin56697_MPP-0.2500+158[1000].png,5151,8188,3477,390,2903,6795,7916,2308,6054,4376,8,6,6,5,5,5,5,4,4,4
TCGA-BH-A0B9-DX1_xmin62727_ymin56697_MPP-0.2500+159[1000].png,390,2903,697,6054,1571,6724,2717,6045,958,2336,7,6,5,5,5,5,5,4,4,4
TCGA-BH-A0B9-DX1_xmin62727_ymin56697_MPP-0.2500+160[1000].png,3836,2717,3452,5780,438,1966,6054,4593,3964,5428,7,6,5,5,5,5,5,4,4,4
TCGA-BH-A0B9-DX1_xmin62727_ymin56697_MPP-0.2500+161[1000].png,7165,4711,8041,5428,6724,1373,5047,5872,1682,7149,8,7,5,5,5,5,5,4,4,4
TCGA-BH-A0B9-DX1_xmin62727_ymin56697_MPP-0.2500+162[1000].png,2903,3088,5937,390,5428,7189,6984,5912,7043,836,7,7,6,6,5,5,5,4,4,4
TCGA-BH-A0B9-DX1_xmin62727_ymin56697_MPP-0.2500+168[1000].png,7149,2903,5392,7895,6054,836,3088,5741,4711,7695,6,6,6,6,5,5,5,4,4,4
TCGA-BH-A0B9-DX1_xmin62727_ymin56697_MPP-0.2500+169[1000].png,1571,6724,3858,836,2666,7694,817,1767,3209,6054,7,6,6,6,6,6,6,5,5,5
TCGA-BH-A0B9-DX1_xmin62727_ymin56697_MPP-0.2500+170[1000].png,5133,3088,6999,237,1413,1373,216,1767,256,510,7,7,6,6,5,5,4,4,4,4
TCGA-BH-A0B9-DX1_xmin62727_ymin56697_MPP-0.2500+175[1000].png,4725,5741,4711,3088,3526,1767,7189,3625,390,836,6,5,4,4,4,4,4,4,4,4
TCGA-BH-A0B9-DX1_xmin62727_ymin56697_MPP-0.2500+176[1000].png,3088,4711,2356,3526,5780,5999,1109,7175,6931,5912,8,6,4,4,4,4,4,4,4,4
TCGA-BH-A0B9-DX1_xmin62727_ymin56697_MPP-0.2500+177[1000].png,4524,3836,553,4311,1682,1204,6795,5741,5780,4376,6,5,5,5,5,4,4,4,4,4
TCGA-BH-A0B9-DX1_xmin62727_ymin56697_MPP-0.2500+178[1000].png,3477,390,1297,840,3531,5151,7807,3526,7694,8165,6,5,5,5,5,4,4,4,4,4
TCGA-BH-A0B9-DX1_xmin62727_ymin56697_MPP-0.2500+179[1000].png,6999,2308,3088,7189,5023,5912,7807,2903,5937,4711,5,5,5,5,5,4,4,4,4,4
TCGA-BH-A0B9-DX1_xmin62727_ymin56697_MPP-0.2500+180[1000].png,3526,6724,7165,2903,237,6814,553,5999,7807,6795,7,6,6,6,6,6,5,5,5,5
TCGA-BH-A0B9-DX1_xmin62727_ymin56697_MPP-0.2500+181[1000].png,6321,2308,3088,2903,256,5937,3526,2400,237,371,8,7,7,7,6,6,5,5,5,5
TCGA-BH-A0B9-DX1_xmin62727_ymin56697_MPP-0.2500+185[1000].png,2903,7189,4711,6795,2255,2226,1373,4311,384,553,6,6,6,5,5,5,4,4,4,4
TCGA-BH-A0B9-DX1_xmin62727_ymin56697_MPP-0.2500+186[1000].png,7501,840,2666,5392,4905,3088,7895,7694,1767,1846,5,5,5,5,5,5,4,4,4,4
TCGA-BH-A0B9-DX1_xmin62727_ymin56697_MPP-0.2500+187[1000].png,237,840,7807,2666,836,2308,4725,256,3000,2028,7,7,5,5,5,4,4,4,4,4
TCGA-BH-A0B9-DX1_xmin62727_ymin56697_MPP-0.2500+191[1000].png,2903,4711,2801,697,7599,4674,1652,1413,168,4250,9,7,5,5,5,4,4,4,4,4
TCGA-BH-A0B9-DX1_xmin62727_ymin56697_MPP-0.2500+192[1000].png,5717,335,2588,6795,3044,7160,5038,4968,7733,6677,4,4,4,4,4,4,4,4,4,4
TCGA-BH-A0B9-DX1_xmin62727_ymin56697_MPP-0.2500+194[1000].png,1413,6054,390,7807,5454,7869,256,8089,836,294,8,6,6,5,5,4,4,4,4,4
TCGA-BH-A0B9-DX1_xmin62727_ymin56697_MPP-0.2500+195[1000].png,390,3526,3088,6620,7024,2308,5059,4080,3858,3021,6,5,4,4,4,4,4,4,4,4
TCGA-BH-A0B9-DX1_xmin62727_ymin56697_MPP-0.2500+196[1000].png,3127,2903,4711,332,5428,7694,3526,4817,4725,2194,7,6,6,6,5,5,5,5,5,4
TCGA-BH-A0B9-DX1_xmin62727_ymin56697_MPP-0.2500+197[1000].png,4711,237,3088,3477,7807,7895,5780,4311,3469,3021,8,6,6,5,5,5,5,5,4,4
TCGA-BH-A0B9-DX1_xmin62727_ymin56697_MPP-0.2500+201[1000].png,6321,3088,1543,1767,4725,7694,5213,5428,7160,2308,6,5,5,5,4,4,4,4,4,4
TCGA-BH-A0B9-DX1_xmin62727_ymin56697_MPP-0.2500+202[1000].png,4725,840,3477,6702,7189,6321,2666,6054,3209,4711,6,6,5,5,5,5,5,4,4,4
TCGA-BH-A0B9-DX1_xmin62727_ymin56697_MPP-0.2500+203[1000].png,6054,2308,6931,3477,1298,2028,267,2903,3296,6121,8,7,6,6,5,5,5,5,4,4
TCGA-BH-A0B9-DX1_xmin62727_ymin56697_MPP-0.2500+206[1000].png,6045,2666,371,3526,3469,5937,2903,3088,5913,1413,6,5,5,5,4,4,4,4,4,4
TCGA-BH-A0B9-DX1_xmin62727_ymin56697_MPP-0.2500+207[1000].png,3526,3477,5780,5862,4436,5697,8188,53,3115,2903,8,6,5,5,5,5,5,4,4,4
TCGA-BH-A0B9-DX1_xmin62727_ymin56697_MPP-0.2500+211[1000].png,3836,5392,5799,4492,3088,267,840,2903,371,7694,5,5,5,5,5,4,4,4,4,4
TCGA-BH-A0B9-DX1_xmin62727_ymin56697_MPP-0.2500+212[1000].png,2308,3526,3088,2028,3230,6321,2666,5392,1767,7165,6,5,5,5,4,4,4,4,4,4
TCGA-BH-A0B9-DX1_xmin62727_ymin56697_MPP-0.2500+215[1000].png,4711,7694,3526,3088,131,215,5799,6054,2308,6111,8,6,5,5,5,5,5,4,4,4
TCGA-BH-A0B9-DX1_xmin62727_ymin56697_MPP-0.2500+216[1000].png,1413,7916,7189,6045,6192,5799,3889,4711,5862,390,7,5,5,4,4,4,4,4,4,4
TCGA-BH-A0B9-DX1_xmin62727_ymin56697_MPP-0.2500+219[1000].png,1413,808,5151,2226,3526,6966,390,5799,6237,6137,6,6,5,5,5,5,5,4,4,4
TCGA-BH-A0B9-DX1_xmin62727_ymin56697_MPP-0.2500+220[1000].png,7189,8188,4524,6054,4602,601,1311,262,2226,6226,7,6,6,5,5,5,5,4,4,4
TCGA-BH-A0B9-DX1_xmin62727_ymin56697_MPP-0.2500+224[1000].png,6724,7189,7149,5392,1297,7694,7501,267,4911,8110,9,7,6,5,5,5,5,4,4,4
TCGA-BH-A0B9-DX1_xmin62727_ymin56697_MPP-0.2500+225[1000].png,6652,5741,7149,6321,7261,2903,5999,6724,685,4950,6,6,5,5,4,4,4,4,4,4
TCGA-BH-A0B9-DX1_xmin62727_ymin56697_MPP-0.2500+226[1000].png,1571,2903,3088,237,44,836,7165,5097,2028,6795,8,7,6,5,5,5,5,4,4,4
TCGA-BH-A0B9-DX1_xmin62727_ymin56697_MPP-0.2500+230[1000].png,6045,2028,840,4711,7694,215,6321,7166,6054,6814,7,6,5,5,5,4,4,4,4,4
TCGA-BH-A0B9-DX1_xmin62727_ymin56697_MPP-0.2500+231[1000].png,6321,2226,3477,958,390,5047,2666,3088,5912,3000,7,6,5,5,5,5,5,4,4,4
TCGA-BH-A0B9-DX1_xmin62727_ymin56697_MPP-0.2500+235[1000].png,3526,4711,5133,7175,5392,1655,1842,2903,3209,840,5,5,4,4,4,4,4,4,4,4
TCGA-BH-A0B9-DX1_xmin62727_ymin56697_MPP-0.2500+239[1000].png,2666,3088,5038,7165,7899,390,1905,3477,6054,972,7,6,6,5,5,5,4,4,4,4
TCGA-BH-A0B9-DX1_xmin62727_ymin56697_MPP-0.2500+240[1000].png,390,1842,7189,7694,5673,5937,7807,1063,7540,4674,9,6,5,4,4,4,4,4,4,4
TCGA-BH-A0B9-DX1_xmin62727_ymin56697_MPP-0.2500+246[1000].png,1842,6045,1298,2666,1476,7880,1992,4322,3526,3088,7,5,5,5,5,5,5,4,4,4
TCGA-BH-A0B9-DX1_xmin62727_ymin56697_MPP-0.2500+247[1000].png,7165,2226,6856,2308,7175,3209,4436,7808,3477,7024,6,5,5,4,4,4,4,4,4,4
TCGA-BH-A0B9-DX1_xmin62727_ymin56697_MPP-0.2500+248[1000].png,4322,958,5428,5027,7880,3836,1169,4112,2907,1869,9,6,5,5,4,4,4,4,4,4
TCGA-BH-A0B9-DX1_xmin62727_ymin56697_MPP-0.2500+249[1000].png,5937,2903,5392,3526,1297,7089,6795,4711,1357,808,8,7,6,6,5,5,5,5,4,4
TCGA-BH-A0B9-DX1_xmin62727_ymin56697_MPP-0.2500+251[1000].png,371,4436,6905,4524,3477,1235,7695,390,2101,697,8,5,5,5,5,5,4,4,4,4
TCGA-BH-A0B9-DX1_xmin62727_ymin56697_MPP-0.2500+252[1000].png,4711,4524,6931,6321,332,8101,5780,6054,237,6620,5,5,4,4,4,4,4,4,4,4
TCGA-BH-A0B9-DX1_xmin62727_ymin56697_MPP-0.2500+253[1000].png,3088,8073,5038,390,2180,6226,988,371,1842,6045,6,5,5,5,5,4,4,4,4,4
TCGA-BH-A0B9-DX1_xmin62727_ymin56697_MPP-0.2500+74[1000].png,5937,7694,4711,5910,898,958,1373,3477,3021,2308,6,5,4,4,4,4,4,4,4,4
TCGA-BH-A0B9-DX1_xmin62727_ymin56697_MPP-0.2500+89[1000].png,3938,7733,7222,390,7540,7165,1652,3477,2319,3088,5,5,5,4,4,4,4,4,4,4
TCGA-BH-A0B9-DX1_xmin62727_ymin56697_MPP-0.2500+92[1000].png,390,1312,1813,5910,6657,5799,3526,4311,2686,650,6,6,6,5,5,4,4,4,4,4
TCGA-BH-A0B9-DX1_xmin62727_ymin56697_MPP-0.2500+93[1000].png,332,4430,5428,5392,6480,7222,1813,553,7880,616,6,6,5,5,4,4,4,4,4,4
TCGA-BH-A0BG-DX1_xmin64019_ymin24975_MPP-0.2500+43[1000].png,297,5424,6045,4259,1682,5913,5454,7134,5499,131,5,5,5,4,4,4,4,4,4,4
TCGA-BH-A0BG-DX1_xmin64019_ymin24975_MPP-0.2500+44[1000].png,2308,958,145,2226,4693,965,8148,7175,4143,7485,8,5,5,5,5,5,4,4,4,4
TCGA-BH-A0BG-DX1_xmin64019_ymin24975_MPP-0.2500+45[1000].png,4911,5937,794,7249,5428,3434,5344,267,4572,594,5,5,5,4,4,4,4,4,4,4
TCGA-BH-A0BG-DX1_xmin64019_ymin24975_MPP-0.2500+46[1000].png,131,3088,3526,1654,6137,3889,44,5834,1842,5810,8,8,7,5,5,5,5,4,4,4
TCGA-BH-A0BL-DX1_xmin25219_ymin42847_MPP-0.2500+152[1000].png,5038,4322,4524,2304,7357,7162,6045,7134,3030,2493,10,8,6,5,5,5,5,5,5,4
TCGA-BH-A0BL-DX1_xmin25219_ymin42847_MPP-0.2500+184[1000].png,8013,5038,1842,3044,6226,808,6321,3870,1966,4501,7,6,5,5,5,5,4,4,4,4
TCGA-BH-A0BL-DX1_xmin25219_ymin42847_MPP-0.2500+18[1000].png,3889,808,1992,6226,6032,3438,1008,6795,3469,8148,8,6,6,5,4,4,4,4,4,4
TCGA-BH-A0BL-DX1_xmin25219_ymin42847_MPP-0.2500+192[1000].png,6226,5038,4322,6321,1696,5419,6088,3889,390,4524,7,7,7,6,6,6,6,6,5,5
TCGA-BH-A0BL-DX1_xmin25219_ymin42847_MPP-0.2500+19[1000].png,1586,7189,6795,1836,7555,6226,3296,2235,2666,3836,5,5,5,5,5,4,4,4,4,4
TCGA-BH-A0BL-DX1_xmin25219_ymin42847_MPP-0.2500+20[1000].png,131,3296,3889,5419,958,1297,371,7129,1897,2320,9,6,5,5,5,5,4,4,4,4
TCGA-BH-A0BL-DX1_xmin25219_ymin42847_MPP-0.2500+30[1000].png,6226,4322,3889,6321,7948,5912,7733,1836,7129,2766,7,7,6,5,4,4,4,4,4,4
TCGA-BH-A0BL-DX1_xmin25219_ymin42847_MPP-0.2500+31[1000].png,4322,5860,3088,6226,5038,629,632,390,6321,5419,8,6,6,6,6,5,5,5,4,4
TCGA-BH-A0BL-DX1_xmin25219_ymin42847_MPP-0.2500+32[1000].png,808,5039,347,1966,6054,4259,4311,7390,1297,2320,8,6,5,5,5,5,4,4,4,4
TCGA-BH-A0BL-DX1_xmin25219_ymin42847_MPP-0.2500+40[1000].png,4322,3296,7357,6226,632,5834,3526,808,3114,1571,7,6,5,5,5,5,5,5,5,4
TCGA-BH-A0BL-DX1_xmin25219_ymin42847_MPP-0.2500+41[1000].png,4322,632,808,7175,958,1977,7733,7334,1842,2320,6,5,5,5,5,4,4,4,4,4
TCGA-BH-A0BL-DX1_xmin25219_ymin42847_MPP-0.2500+51[1000].png,6226,4311,5344,5780,168,5038,8013,2903,697,390,11,6,6,5,5,5,4,4,4,4
TCGA-BH-A0BL-DX1_xmin25219_ymin42847_MPP-0.2500+62[1000].png,1655,808,5038,6795,1822,1389,632,4143,3127,3296,6,5,5,5,5,5,5,5,5,4
TCGA-BH-A0BL-DX1_xmin25219_ymin42847_MPP-0.2500+90[1000].png,2308,4112,982,5038,634,7694,1389,3298,4198,6045,8,7,7,6,5,5,5,4,4,4
TCGA-BH-A0BL-DX1_xmin25219_ymin42847_MPP-0.2500+9[1000].png,5038,2635,6045,7540,2292,2308,7589,2157,331,6724,6,5,5,4,4,4,4,4,4,4
TCGA-BH-A0BW-DX1_xmin42346_ymin30843_MPP-0.2500+100[1000].png,1586,34,4711,7189,6226,6045,4100,7733,267,5213,5,5,5,4,4,4,4,4,4,4
TCGA-BH-A0BW-DX1_xmin42346_ymin30843_MPP-0.2500+121[1000].png,7916,3230,6950,1508,1836,4711,2289,4199,6226,7303,5,5,5,4,4,4,4,4,4,4
TCGA-BH-A0BW-DX1_xmin42346_ymin30843_MPP-0.2500+142[1000].png,5097,5872,2308,3823,3088,2267,1586,6652,7501,215,5,5,5,5,5,4,4,4,4,4
TCGA-BH-A0BW-DX1_xmin42346_ymin30843_MPP-0.2500+143[1000].png,4911,3127,131,2031,6808,1696,3861,7895,7175,7589,6,5,5,4,4,4,4,4,4,4
TCGA-BH-A0BW-DX1_xmin42346_ymin30843_MPP-0.2500+14[1000].png,3088,7357,5428,2308,6285,935,5392,1586,7134,6724,8,5,4,4,4,4,4,4,4,4
TCGA-BH-A0BW-DX1_xmin42346_ymin30843_MPP-0.2500+164[1000].png,3088,1836,7357,5780,1682,6219,6226,4311,5912,4193,9,6,5,5,5,5,5,5,5,4
TCGA-BH-A0BW-DX1_xmin42346_ymin30843_MPP-0.2500+165[1000].png,915,4711,2278,7175,7733,1311,3088,3079,3011,7134,6,5,5,5,5,4,4,4,4,4
TCGA-BH-A0BW-DX1_xmin42346_ymin30843_MPP-0.2500+186[1000].png,7880,389,2308,131,5428,4622,1499,3088,594,7589,5,5,5,4,4,4,4,4,4,4
TCGA-BH-A0BW-DX1_xmin42346_ymin30843_MPP-0.2500+187[1000].png,7589,4691,5810,4711,7895,1813,932,5520,1842,5433,6,5,5,5,5,4,4,4,4,4
TCGA-BH-A0BW-DX1_xmin42346_ymin30843_MPP-0.2500+208[1000].png,5735,3298,7129,1008,6045,4711,553,6979,1977,1682,7,4,4,4,4,4,4,4,4,4
TCGA-BH-A0BW-DX1_xmin42346_ymin30843_MPP-0.2500+57[1000].png,2977,7695,5392,1586,2299,1413,7895,988,1602,840,5,5,5,5,4,4,4,4,4,4
TCGA-BH-A0BW-DX1_xmin42346_ymin30843_MPP-0.2500+68[1000].png,3088,4711,7948,1088,1373,1652,331,516,4166,4911,7,5,5,4,4,4,4,4,4,4
TCGA-BH-A0BW-DX1_xmin42346_ymin30843_MPP-0.2500+78[1000].png,1836,3477,1911,781,4911,5938,1842,7694,2235,7695,6,5,4,4,4,4,4,3,3,3
TCGA-BH-A0BW-DX1_xmin42346_ymin30843_MPP-0.2500+99[1000].png,5428,3836,958,4968,44,5937,1836,7165,2870,335,6,5,5,4,4,4,4,4,4,4
TCGA-BH-A0E0-DX1_xmin16640_ymin43761_MPP-0.2500+100[1000].png,145,2226,2028,4436,267,384,2588,2326,5023,1586,6,5,5,4,4,4,4,4,4,4
TCGA-BH-A0E0-DX1_xmin16640_ymin43761_MPP-0.2500+101[1000].png,389,267,390,5392,4436,2226,5741,2083,4052,1767,5,5,5,5,4,4,4,4,4,4
TCGA-BH-A0E0-DX1_xmin16640_ymin43761_MPP-0.2500+108[1000].png,1652,1842,371,2870,6141,6782,7149,215,7165,4817,6,5,5,5,4,4,4,4,4,4
TCGA-BH-A0E0-DX1_xmin16640_ymin43761_MPP-0.2500+109[1000].png,3836,2308,7119,4859,6830,1842,6509,5603,390,7695,5,5,4,4,4,4,4,4,4,4
TCGA-BH-A0E0-DX1_xmin16640_ymin43761_MPP-0.2500+110[1000].png,7948,836,7043,1977,3478,3088,6931,582,915,215,6,6,5,5,5,5,4,4,4,4
TCGA-BH-A0E0-DX1_xmin16640_ymin43761_MPP-0.2500+111[1000].png,5780,7249,7695,4377,7539,3346,3088,5203,6571,3127,5,5,5,4,4,4,4,4,4,4
TCGA-BH-A0E0-DX1_xmin16640_ymin43761_MPP-0.2500+112[1000].png,1652,7948,215,2101,4430,1282,7249,7222,3088,958,6,5,5,5,5,4,4,4,4,4
TCGA-BH-A0E0-DX1_xmin16640_ymin43761_MPP-0.2500+113[1000].png,3088,1652,7442,808,5023,1682,4742,7189,4711,9,7,6,5,4,4,4,4,4,4,4
TCGA-BH-A0E0-DX1_xmin16640_ymin43761_MPP-0.2500+114[1000].png,6702,3526,2990,3088,4817,840,1842,6054,7134,3487,6,6,5,5,4,4,4,4,4,3
TCGA-BH-A0E0-DX1_xmin16640_ymin43761_MPP-0.2500+115[1000].png,7165,2493,5213,1862,7089,6571,3195,7223,4436,5194,5,5,4,4,4,4,4,4,4,4
TCGA-BH-A0E0-DX1_xmin16640_ymin43761_MPP-0.2500+118[1000].png,7694,1357,2540,4100,4430,6571,1682,2885,7165,1196,5,4,4,4,4,4,4,4,4,4
TCGA-BH-A0E0-DX1_xmin16640_ymin43761_MPP-0.2500+121[1000].png,5213,5843,7165,7589,468,5392,7430,6475,6045,12,5,5,4,4,4,4,4,4,4,4
TCGA-BH-A0E0-DX1_xmin16640_ymin43761_MPP-0.2500+122[1000].png,958,5999,6724,4100,1682,6571,5797,7899,237,7539,7,6,5,5,5,4,4,4,4,4
TCGA-BH-A0E0-DX1_xmin16640_ymin43761_MPP-0.2500+123[1000].png,7165,1001,3088,4711,1842,836,215,1992,371,2717,9,5,5,4,4,4,4,4,4,3
TCGA-BH-A0E0-DX1_xmin16640_ymin43761_MPP-0.2500+124[1000].png,267,6376,144,1842,6602,4160,3088,3823,898,7501,7,6,5,5,4,4,4,4,4,4
TCGA-BH-A0E0-DX1_xmin16640_ymin43761_MPP-0.2500+125[1000].png,7957,6809,8003,2083,1569,4322,3526,7948,5842,4711,5,5,4,4,4,4,4,4,4,4
TCGA-BH-A0E0-DX1_xmin16640_ymin43761_MPP-0.2500+126[1000].png,7948,6702,6321,3858,5207,1476,4201,7164,1356,2320,6,5,5,4,4,4,4,4,4,4
TCGA-BH-A0E0-DX1_xmin16640_ymin43761_MPP-0.2500+127[1000].png,215,553,4711,4311,2028,2021,958,5292,7694,7442,7,7,5,5,5,4,4,4,4,4
TCGA-BH-A0E0-DX1_xmin16640_ymin43761_MPP-0.2500+128[1000].png,3088,7165,6192,126,2308,4168,6869,958,4072,7695,6,6,5,4,4,4,4,4,4,4
TCGA-BH-A0E0-DX1_xmin16640_ymin43761_MPP-0.2500+132[1000].png,4711,256,267,7189,6801,6571,1813,1001,390,932,7,6,5,5,4,4,4,4,3,3
TCGA-BH-A0E0-DX1_xmin16640_ymin43761_MPP-0.2500+133[1000].png,4711,5515,5133,1652,5561,7950,5912,2903,7165,1413,7,5,5,5,5,5,4,4,4,4
TCGA-BH-A0E0-DX1_xmin16640_ymin43761_MPP-0.2500+134[1000].png,7694,7807,7149,7165,1652,5797,1682,978,1977,1312,6,5,4,4,4,4,4,4,4,4
TCGA-BH-A0E0-DX1_xmin16640_ymin43761_MPP-0.2500+135[1000].png,215,8110,4572,8013,6931,836,6231,1311,3021,3675,5,4,4,4,4,4,4,4,4,4
TCGA-BH-A0E0-DX1_xmin16640_ymin43761_MPP-0.2500+136[1000].png,1842,1977,2028,2226,5392,7694,3469,1109,4436,688,6,6,5,5,4,4,4,4,4,4
TCGA-BH-A0E0-DX1_xmin16640_ymin43761_MPP-0.2500+140[1000].png,3836,2226,5023,1297,7733,6908,1842,3088,5999,4001,6,5,5,5,4,4,4,4,4,4
TCGA-BH-A0E0-DX1_xmin16640_ymin43761_MPP-0.2500+141[1000].png,7694,7160,5834,5179,1375,2903,4968,3029,7091,4430,7,6,5,4,4,4,4,4,4,4
TCGA-BH-A0E0-DX1_xmin16640_ymin43761_MPP-0.2500+142[1000].png,1297,390,6984,2319,2812,8148,5367,4711,237,632,7,6,5,4,4,4,4,4,4,4
TCGA-BH-A0E0-DX1_xmin16640_ymin43761_MPP-0.2500+146[1000].png,2562,8081,6054,5910,958,7647,321,8041,215,7442,5,5,5,4,4,4,4,4,4,3
TCGA-BH-A0E0-DX1_xmin16640_ymin43761_MPP-0.2500+150[1000].png,267,915,4410,1001,1842,7165,3230,7160,1652,4436,6,5,5,5,5,4,4,4,4,4
TCGA-BH-A0E0-DX1_xmin16640_ymin43761_MPP-0.2500+152[1000].png,4711,215,3088,4501,7165,6724,7695,390,3021,8082,5,5,5,5,4,4,4,4,4,4
TCGA-BH-A0E0-DX1_xmin16640_ymin43761_MPP-0.2500+154[1000].png,331,44,6054,1413,2083,2194,4711,4430,2903,3299,8,8,6,5,5,4,4,4,4,4
TCGA-BH-A0E0-DX1_xmin16640_ymin43761_MPP-0.2500+155[1000].png,3836,7647,5999,168,5702,4278,3855,7694,8162,6724,7,7,5,5,5,5,5,5,4,4
TCGA-BH-A0E0-DX1_xmin16640_ymin43761_MPP-0.2500+156[1000].png,4711,1652,7149,3088,256,2588,2028,267,4725,1109,6,5,5,5,4,4,4,4,4,4
TCGA-BH-A0E0-DX1_xmin16640_ymin43761_MPP-0.2500+157[1000].png,6054,836,332,5810,3125,6999,1297,8082,267,7733,5,5,5,5,5,4,4,4,4,4
TCGA-BH-A0E0-DX1_xmin16640_ymin43761_MPP-0.2500+158[1000].png,3438,516,131,5810,840,2635,7189,1297,6724,4965,7,5,5,5,5,5,5,5,4,4
TCGA-BH-A0E0-DX1_xmin16640_ymin43761_MPP-0.2500+159[1000].png,3349,7149,2031,1509,5039,1297,7540,7899,1652,5810,5,5,4,4,4,4,4,4,4,4
TCGA-BH-A0E0-DX1_xmin16640_ymin43761_MPP-0.2500+15[1000].png,3526,6321,3088,2967,7694,3000,6869,6045,5937,958,5,5,5,5,4,4,4,4,4,4
TCGA-BH-A0E0-DX1_xmin16640_ymin43761_MPP-0.2500+160[1000].png,6931,6571,390,3088,6054,7165,6702,254,915,3388,7,5,5,5,5,5,4,4,4,4
TCGA-BH-A0E0-DX1_xmin16640_ymin43761_MPP-0.2500+161[1000].png,4711,2028,6782,4725,7807,3858,3021,5780,2336,553,8,5,5,5,5,4,4,4,4,4
TCGA-BH-A0E0-DX1_xmin16640_ymin43761_MPP-0.2500+162[1000].png,2812,1480,6964,130,7149,2334,7224,7093,6908,3836,6,5,5,5,5,5,4,4,4,4
TCGA-BH-A0E0-DX1_xmin16640_ymin43761_MPP-0.2500+163[1000].png,1571,2903,1977,808,6321,6054,4711,5973,5797,6905,7,5,5,5,5,5,5,5,4,4
TCGA-BH-A0E0-DX1_xmin16640_ymin43761_MPP-0.2500+16[1000].png,5780,215,3088,836,3044,5059,2717,5428,5999,6479,8,6,5,4,4,4,4,4,4,4
TCGA-BH-A0E0-DX1_xmin16640_ymin43761_MPP-0.2500+25[1000].png,3230,1842,4817,2308,7189,7337,5872,2028,2903,6192,5,5,4,4,4,4,4,4,4,4
TCGA-BH-A0E0-DX1_xmin16640_ymin43761_MPP-0.2500+26[1000].png,5780,1842,2308,7835,3088,186,6321,2754,3469,237,7,5,5,4,4,4,4,4,4,4
TCGA-BH-A0E0-DX1_xmin16640_ymin43761_MPP-0.2500+38[1000].png,4711,1652,7959,915,5763,2308,3836,4290,4965,6966,5,5,5,4,4,4,4,4,4,4
TCGA-BH-A0E0-DX1_xmin16640_ymin43761_MPP-0.2500+39[1000].png,3088,3526,1767,1297,6764,4430,1652,7189,5937,594,6,5,4,4,4,4,4,4,4,4
TCGA-BH-A0E0-DX1_xmin16640_ymin43761_MPP-0.2500+52[1000].png,3088,6306,4711,3836,4194,2028,1897,6502,215,2967,5,5,5,4,4,4,4,4,4,4
TCGA-BH-A0E0-DX1_xmin16640_ymin43761_MPP-0.2500+53[1000].png,3088,1001,5780,5797,4711,215,1602,6868,3836,3477,6,6,5,5,4,4,4,4,4,4
TCGA-BH-A0E0-DX1_xmin16640_ymin43761_MPP-0.2500+57[1000].png,4376,216,3836,3981,3618,4160,5799,4080,321,4968,6,5,5,4,4,4,4,4,4,4
TCGA-BH-A0E0-DX1_xmin16640_ymin43761_MPP-0.2500+58[1000].png,4711,4968,7808,3208,836,237,7733,935,5428,5982,5,5,4,4,4,4,4,4,4,4
TCGA-BH-A0E0-DX1_xmin16640_ymin43761_MPP-0.2500+59[1000].png,145,6702,3836,7035,131,237,4377,3021,6960,6036,5,5,4,4,4,4,4,4,4,4
TCGA-BH-A0E0-DX1_xmin16640_ymin43761_MPP-0.2500+60[1000].png,7694,2766,215,5499,6984,5797,4198,5910,1842,5038,7,5,5,4,4,4,4,4,4,4
TCGA-BH-A0E0-DX1_xmin16640_ymin43761_MPP-0.2500+63[1000].png,335,371,7835,5292,2903,3209,594,267,2430,7134,6,6,4,4,4,4,4,4,4,4
TCGA-BH-A0E0-DX1_xmin16640_ymin43761_MPP-0.2500+67[1000].png,1297,6054,1767,215,332,7149,2477,3861,390,3151,7,5,5,5,5,4,4,4,4,4
TCGA-BH-A0E0-DX1_xmin16640_ymin43761_MPP-0.2500+68[1000].png,6720,4436,131,1767,6321,2990,1322,5094,1373,7485,5,4,4,4,4,4,4,4,4,3
TCGA-BH-A0E0-DX1_xmin16640_ymin43761_MPP-0.2500+69[1000].png,2609,5872,4194,4410,3477,594,5039,7694,7165,5428,6,5,4,4,4,4,4,4,4,4
TCGA-BH-A0E0-DX1_xmin16640_ymin43761_MPP-0.2500+79[1000].png,840,7733,7880,4622,4376,390,4859,1813,2967,8016,6,5,4,4,4,4,4,4,4,4
TCGA-BH-A0E0-DX1_xmin16640_ymin43761_MPP-0.2500+82[1000].png,168,4311,6048,4376,7149,7134,1297,3349,1842,7694,5,5,4,4,4,4,4,4,4,4
TCGA-BH-A0E0-DX1_xmin16640_ymin43761_MPP-0.2500+83[1000].png,2967,836,3088,7549,3836,5859,5048,7819,697,7941,7,5,5,4,4,4,4,4,4,3
TCGA-BH-A0E0-DX1_xmin16640_ymin43761_MPP-0.2500+84[1000].png,3477,2685,6869,6045,901,5235,2977,131,6152,4968,6,5,5,5,4,4,4,4,4,4
TCGA-BH-A0E0-DX1_xmin16640_ymin43761_MPP-0.2500+87[1000].png,1652,3836,5717,2990,3469,1613,5094,1297,7442,4559,5,5,4,4,4,4,4,4,4,4
TCGA-BH-A0E0-DX1_xmin16640_ymin43761_MPP-0.2500+88[1000].png,6190,6678,578,778,6795,1460,5094,215,7450,3021,7,5,5,5,5,4,4,4,4,4
TCGA-BH-A0E0-DX1_xmin16640_ymin43761_MPP-0.2500+92[1000].png,5047,3030,6217,2967,958,215,1373,6045,4250,3858,6,6,5,5,5,5,4,4,4,4
TCGA-BH-A0E0-DX1_xmin16640_ymin43761_MPP-0.2500+95[1000].png,6724,5097,2226,3836,7808,3230,3088,1842,8188,1357,7,5,5,5,5,5,5,5,5,4
TCGA-BH-A0E0-DX1_xmin16640_ymin43761_MPP-0.2500+96[1000].png,5392,7501,4430,2967,4965,496,5367,4501,7149,4725,5,5,5,4,4,4,4,4,4,4
TCGA-BH-A0E0-DX1_xmin16640_ymin43761_MPP-0.2500+97[1000].png,6702,1413,2686,5213,1476,215,6376,1203,7674,332,8,5,5,5,5,5,4,4,4,4
TCGA-BH-A0E0-DX1_xmin16640_ymin43761_MPP-0.2500+98[1000].png,4711,840,1842,6931,4100,5999,7733,4436,7155,6054,6,6,5,5,5,5,4,4,4,3
TCGA-BH-A0E0-DX1_xmin16640_ymin43761_MPP-0.2500+99[1000].png,1842,4711,8041,5098,6984,7164,6571,6502,7948,1571,6,5,4,4,4,4,4,4,4,4
TCGA-BH-A0E6-DX1_xmin54786_ymin20002_MPP-0.2500+100[1000].png,6702,1652,5999,1767,2686,5627,1569,256,2275,4250,6,5,5,4,4,4,4,4,4,4
TCGA-BH-A0E6-DX1_xmin54786_ymin20002_MPP-0.2500+111[1000].png,2336,1652,7189,6809,6045,237,4143,3088,7695,1696,6,6,5,5,5,4,4,4,4,4
TCGA-BH-A0E6-DX1_xmin54786_ymin20002_MPP-0.2500+112[1000].png,1297,4711,840,3836,2448,2308,4430,2226,4693,697,6,6,5,4,4,4,4,4,4,4
TCGA-BH-A0E6-DX1_xmin54786_ymin20002_MPP-0.2500+113[1000].png,2226,7165,4311,5780,4100,7819,7149,6809,2801,267,5,5,5,5,5,4,4,4,4,4
TCGA-BH-A0E6-DX1_xmin54786_ymin20002_MPP-0.2500+119[1000].png,6045,3088,1682,7165,836,8013,4311,7732,5039,6702,6,6,5,4,4,4,4,4,4,4
TCGA-BH-A0E6-DX1_xmin54786_ymin20002_MPP-0.2500+120[1000].png,4711,1476,6702,6905,5872,267,2430,3836,3842,2031,7,6,5,5,5,5,4,4,4,4
TCGA-BH-A0E6-DX1_xmin54786_ymin20002_MPP-0.2500+122[1000].png,7819,2028,144,215,3199,4430,5872,1001,8037,1842,6,5,5,5,4,4,4,4,4,4
TCGA-BH-A0E6-DX1_xmin54786_ymin20002_MPP-0.2500+123[1000].png,4311,6652,1476,4160,5207,7733,6190,7875,2903,1373,5,4,4,4,4,4,4,4,3,3
TCGA-BH-A0E6-DX1_xmin54786_ymin20002_MPP-0.2500+124[1000].png,5047,6702,958,7948,4410,7165,33,7869,6789,7824,6,5,5,5,5,4,4,4,4,4
TCGA-BH-A0E6-DX1_xmin54786_ymin20002_MPP-0.2500+125[1000].png,4711,7165,7695,2903,4143,8148,3088,2756,840,2635,6,5,5,5,4,4,4,4,4,3
TCGA-BH-A0E6-DX1_xmin54786_ymin20002_MPP-0.2500+131[1000].png,5872,6795,3836,5498,2226,3088,6724,1813,2876,601,5,5,5,4,4,4,4,4,4,4
TCGA-BH-A0E6-DX1_xmin54786_ymin20002_MPP-0.2500+132[1000].png,215,3088,6724,3728,1413,3127,3230,5810,1813,1476,6,6,5,5,5,4,4,4,4,4
TCGA-BH-A0E6-DX1_xmin54786_ymin20002_MPP-0.2500+133[1000].png,3088,915,3836,2756,4501,6226,7450,6045,1476,4492,6,5,5,5,5,5,5,4,4,4
TCGA-BH-A0E6-DX1_xmin54786_ymin20002_MPP-0.2500+134[1000].png,7694,6960,7189,331,4711,1297,3836,6808,7450,5872,6,6,5,5,5,5,5,4,4,4
TCGA-BH-A0E6-DX1_xmin54786_ymin20002_MPP-0.2500+135[1000].png,1842,7895,6711,7129,6724,5797,267,5367,2666,1476,6,5,4,4,4,4,4,4,4,4
TCGA-BH-A0E6-DX1_xmin54786_ymin20002_MPP-0.2500+136[1000].png,4711,7189,836,2903,3088,3836,7895,4143,1586,2430,6,6,5,5,5,4,4,4,4,4
TCGA-BH-A0E6-DX1_xmin54786_ymin20002_MPP-0.2500+149[1000].png,7165,3088,4100,958,5999,6226,8013,2083,2226,1297,6,5,5,5,5,5,4,4,4,4
TCGA-BH-A0E6-DX1_xmin54786_ymin20002_MPP-0.2500+150[1000].png,3088,7249,4711,1476,958,267,1280,7165,1682,7189,7,6,5,5,4,4,4,4,4,4
TCGA-BH-A0E6-DX1_xmin54786_ymin20002_MPP-0.2500+151[1000].png,778,3088,4711,4377,6652,7694,7948,3619,7895,3526,6,6,5,5,5,5,5,4,4,4
TCGA-BH-A0E6-DX1_xmin54786_ymin20002_MPP-0.2500+152[1000].png,5392,5708,1652,1571,7694,8013,1413,7808,5718,5047,7,6,5,5,4,4,4,4,4,4
TCGA-BH-A0E6-DX1_xmin54786_ymin20002_MPP-0.2500+156[1000].png,1652,1312,5392,7024,7165,215,4278,582,6950,6226,8,5,5,4,4,4,4,4,4,4
TCGA-BH-A0E6-DX1_xmin54786_ymin20002_MPP-0.2500+157[1000].png,3088,1652,1813,5872,6782,6219,7442,4725,3029,2336,8,7,6,5,5,5,4,4,4,4
TCGA-BH-A0E6-DX1_xmin54786_ymin20002_MPP-0.2500+158[1000].png,1911,1652,6226,4711,4725,840,5392,6045,44,8049,6,5,5,5,4,4,4,4,4,4
TCGA-BH-A0E6-DX1_xmin54786_ymin20002_MPP-0.2500+159[1000].png,4143,958,2430,144,582,2903,8014,1905,1270,3836,5,4,4,4,4,4,4,4,4,4
TCGA-BH-A0E6-DX1_xmin54786_ymin20002_MPP-0.2500+160[1000].png,5392,6226,5094,3836,958,7249,6724,2140,4711,7175,5,4,4,4,4,4,4,3,3,3
TCGA-BH-A0E6-DX1_xmin54786_ymin20002_MPP-0.2500+162[1000].png,3088,6054,7164,4436,3055,7089,7024,237,3951,2903,5,5,5,4,4,4,4,4,4,4
TCGA-BH-A0E6-DX1_xmin54786_ymin20002_MPP-0.2500+163[1000].png,8013,7819,7899,1373,7647,1682,2359,8082,836,4311,7,5,5,4,4,4,4,4,4,4
TCGA-BH-A0E6-DX1_xmin54786_ymin20002_MPP-0.2500+164[1000].png,1476,1652,2903,3088,8013,5999,6226,582,3527,1463,7,7,5,5,5,4,4,4,4,4
TCGA-BH-A0E6-DX1_xmin54786_ymin20002_MPP-0.2500+165[1000].png,3088,958,4143,1413,2308,2812,1569,1297,7249,7733,7,5,5,5,5,5,4,4,4,4
TCGA-BH-A0E6-DX1_xmin54786_ymin20002_MPP-0.2500+166[1000].png,1476,958,1842,5038,1652,7337,5913,6571,3836,5498,8,8,7,6,5,5,4,4,4,4
TCGA-BH-A0E6-DX1_xmin54786_ymin20002_MPP-0.2500+170[1000].png,1297,6045,3469,3000,1373,1767,1813,1842,7957,131,6,5,5,4,4,4,4,4,4,4
TCGA-BH-A0E6-DX1_xmin54786_ymin20002_MPP-0.2500+171[1000].png,3088,7089,6724,5097,4559,331,215,1297,3094,1975,12,5,5,5,5,5,5,5,4,4
TCGA-BH-A0E6-DX1_xmin54786_ymin20002_MPP-0.2500+172[1000].png,915,215,6226,4311,1476,3870,1297,1569,7165,4492,6,5,5,5,4,4,4,4,4,4
TCGA-BH-A0E6-DX1_xmin54786_ymin20002_MPP-0.2500+173[1000].png,4711,3088,2903,2330,7694,1373,5097,7165,1813,404,6,6,5,4,4,4,4,4,4,4
TCGA-BH-A0E6-DX1_xmin54786_ymin20002_MPP-0.2500+174[1000].png,4993,3526,1297,4055,7165,4436,2977,215,7895,2870,5,5,5,4,4,4,4,4,4,4
TCGA-BH-A0E6-DX1_xmin54786_ymin20002_MPP-0.2500+175[1000].png,6054,1476,453,7249,4817,1297,5814,6869,7694,4972,5,5,5,5,5,5,4,4,4,4
TCGA-BH-A0E6-DX1_xmin54786_ymin20002_MPP-0.2500+176[1000].png,7450,8013,1652,601,5999,332,2903,7674,662,1842,6,6,5,5,4,4,4,4,4,4
TCGA-BH-A0E6-DX1_xmin54786_ymin20002_MPP-0.2500+177[1000].png,4711,3088,6054,2756,7808,7895,7249,6045,958,8148,9,5,5,4,4,4,4,4,4,4
TCGA-BH-A0E6-DX1_xmin54786_ymin20002_MPP-0.2500+178[1000].png,2903,6869,1652,3088,1842,297,3889,215,6171,1312,6,5,5,5,4,4,4,4,4,4
TCGA-BH-A0E6-DX1_xmin54786_ymin20002_MPP-0.2500+179[1000].png,6869,1767,4143,7459,7948,7119,6226,2226,7134,2308,6,6,6,6,5,5,5,5,5,4
TCGA-BH-A0E6-DX1_xmin54786_ymin20002_MPP-0.2500+183[1000].png,7165,1297,267,7694,4711,3088,2903,7212,4160,8081,6,5,5,5,5,4,4,4,4,4
TCGA-BH-A0E6-DX1_xmin54786_ymin20002_MPP-0.2500+184[1000].png,4311,7948,3209,7869,1767,836,6830,5702,6321,4533,6,6,6,5,5,5,5,4,4,4
TCGA-BH-A0E6-DX1_xmin54786_ymin20002_MPP-0.2500+185[1000].png,7808,3841,7695,4430,5392,1586,3204,4725,4501,3477,5,5,5,5,5,5,4,4,4,4
TCGA-BH-A0E6-DX1_xmin54786_ymin20002_MPP-0.2500+186[1000].png,3088,7695,6724,6856,582,2031,6814,7694,7189,2308,9,6,6,5,5,5,5,4,4,4
TCGA-BH-A0E6-DX1_xmin54786_ymin20002_MPP-0.2500+187[1000].png,5872,808,3029,4711,4965,7694,3088,1842,1297,2226,5,5,5,4,4,4,4,4,4,3
TCGA-BH-A0E6-DX1_xmin54786_ymin20002_MPP-0.2500+189[1000].png,5810,7249,2308,7091,1813,5179,390,5797,7224,6724,5,4,4,4,4,4,4,4,4,4
TCGA-BH-A0E6-DX1_xmin54786_ymin20002_MPP-0.2500+190[1000].png,3889,3029,4711,7249,6966,3438,6045,7089,7091,3209,6,5,5,4,4,4,4,4,4,4
TCGA-BH-A0E6-DX1_xmin54786_ymin20002_MPP-0.2500+191[1000].png,6226,4911,2320,2699,3469,4968,836,5097,5498,5100,8,6,5,4,4,4,4,4,4,4
TCGA-BH-A0E6-DX1_xmin54786_ymin20002_MPP-0.2500+192[1000].png,7091,3088,6226,5797,1652,6276,4436,6652,2226,6321,6,6,6,5,5,5,4,4,4,4
TCGA-BH-A0E6-DX1_xmin54786_ymin20002_MPP-0.2500+193[1000].png,3088,2308,2093,3526,3870,7129,808,2801,7175,7324,8,5,5,4,4,4,4,3,3,3
TCGA-BH-A0E6-DX1_xmin54786_ymin20002_MPP-0.2500+197[1000].png,7694,3088,958,7149,7916,7733,3365,296,1413,2990,6,5,5,5,4,4,4,4,4,4
TCGA-BH-A0E6-DX1_xmin54786_ymin20002_MPP-0.2500+198[1000].png,6045,7189,1652,3030,6479,958,3011,6571,6702,1977,7,6,5,5,4,4,4,4,4,4
TCGA-BH-A0E6-DX1_xmin54786_ymin20002_MPP-0.2500+199[1000].png,1476,6054,3021,3088,6032,7222,5097,2083,1652,7819,6,6,5,5,5,5,4,4,4,4
TCGA-BH-A0E6-DX1_xmin54786_ymin20002_MPP-0.2500+200[1000].png,1569,216,1682,5515,3230,2336,267,1297,7329,5094,5,5,5,5,4,4,4,4,4,4
TCGA-BH-A0E6-DX1_xmin54786_ymin20002_MPP-0.2500+202[1000].png,3088,2226,4430,267,1652,1842,4436,7249,4369,601,7,7,7,6,5,5,5,5,4,4
TCGA-BH-A0E6-DX1_xmin54786_ymin20002_MPP-0.2500+203[1000].png,1842,3088,697,1297,5213,958,6219,1652,6724,6809,6,6,6,5,5,5,5,4,4,4
TCGA-BH-A0E6-DX1_xmin54786_ymin20002_MPP-0.2500+204[1000].png,215,582,4480,267,6045,3459,6702,5873,2903,1682,7,6,6,6,5,5,5,4,4,4
TCGA-BH-A0E6-DX1_xmin54786_ymin20002_MPP-0.2500+209[1000].png,3088,1813,4311,1297,6869,1652,5780,7876,6724,3836,7,7,6,5,5,5,4,4,4,4
TCGA-BH-A0E6-DX1_xmin54786_ymin20002_MPP-0.2500+210[1000].png,2226,1652,3088,3218,3836,215,5065,836,8110,5912,5,5,5,5,5,5,5,4,4,4
TCGA-BH-A0E6-DX1_xmin54786_ymin20002_MPP-0.2500+211[1000].png,6869,5392,7695,5780,6931,1716,4436,778,7165,4711,6,5,5,4,4,4,4,4,4,4
TCGA-BH-A0E6-DX1_xmin54786_ymin20002_MPP-0.2500+215[1000].png,8013,2903,144,2756,1813,6226,2493,215,335,4072,5,5,5,5,5,5,5,4,4,4
TCGA-BH-A0E6-DX1_xmin54786_ymin20002_MPP-0.2500+216[1000].png,215,582,5912,8013,1842,3836,7819,4762,7732,2644,7,6,6,6,5,5,4,4,4,4
TCGA-BH-A0E6-DX1_xmin54786_ymin20002_MPP-0.2500+217[1000].png,4436,2336,958,1652,7249,3836,3889,215,7733,1869,6,5,5,5,4,4,4,4,4,4
TCGA-BH-A0E6-DX1_xmin54786_ymin20002_MPP-0.2500+223[1000].png,3088,1652,2308,4436,2226,7166,7733,6226,5171,5912,8,6,5,5,5,5,5,4,4,4
TCGA-BH-A0E6-DX1_xmin54786_ymin20002_MPP-0.2500+228[1000].png,4711,4911,7189,2226,6724,4436,4311,464,594,5166,6,5,5,5,5,4,4,4,4,4
TCGA-BH-A0E6-DX1_xmin54786_ymin20002_MPP-0.2500+229[1000].png,6226,1373,3526,4711,7695,3088,4143,6807,1652,7164,7,6,5,4,4,4,4,4,4,4
TCGA-BH-A0E6-DX1_xmin54786_ymin20002_MPP-0.2500+231[1000].png,1008,6045,4968,1476,5392,6571,1652,168,2308,1509,5,5,5,5,5,4,4,4,4,4
TCGA-BH-A0E6-DX1_xmin54786_ymin20002_MPP-0.2500+236[1000].png,4711,1813,1297,1652,6960,1569,7134,3836,1413,3469,6,5,5,5,4,4,4,4,4,4
TCGA-BH-A0E6-DX1_xmin54786_ymin20002_MPP-0.2500+237[1000].png,5797,5392,4001,1652,6036,1297,3209,2336,3597,7647,8,7,6,5,5,5,4,4,4,4
TCGA-BH-A0E6-DX1_xmin54786_ymin20002_MPP-0.2500+238[1000].png,3088,1297,6869,2967,3189,4436,11,3586,5009,2870,6,5,5,4,4,4,4,3,3,3
TCGA-BH-A0E6-DX1_xmin54786_ymin20002_MPP-0.2500+239[1000].png,2666,331,3477,6219,958,3030,5797,1682,8089,2180,7,6,5,5,4,4,4,4,4,4
TCGA-BH-A0E6-DX1_xmin54786_ymin20002_MPP-0.2500+251[1000].png,2278,4311,2083,958,6054,7249,154,6571,808,7819,5,5,5,5,5,5,5,4,4,4
TCGA-BH-A0E6-DX1_xmin54786_ymin20002_MPP-0.2500+252[1000].png,1842,3088,7948,4711,1813,8081,215,267,1682,2815,7,5,5,5,5,4,4,4,4,4
TCGA-BH-A0E6-DX1_xmin54786_ymin20002_MPP-0.2500+253[1000].png,4711,2336,267,7869,144,6264,7442,1877,6045,8148,6,6,6,6,5,5,5,4,4,4
TCGA-BH-A0E6-DX1_xmin54786_ymin20002_MPP-0.2500+254[1000].png,1476,1652,3088,3836,144,958,267,6724,4376,5207,6,5,5,5,5,4,4,4,4,4
TCGA-BH-A0E6-DX1_xmin54786_ymin20002_MPP-0.2500+255[1000].png,2320,7807,215,2226,6226,254,958,1001,8013,3298,7,6,6,5,5,5,4,4,4,4
TCGA-BH-A0E6-DX1_xmin54786_ymin20002_MPP-0.2500+261[1000].png,267,7249,8013,4311,5392,6595,5561,7222,2031,2000,6,6,6,5,5,4,4,4,4,4
TCGA-BH-A0E6-DX1_xmin54786_ymin20002_MPP-0.2500+276[1000].png,1652,7880,4286,8041,1682,1373,6902,3000,3434,7450,5,5,5,4,4,4,4,4,4,4
TCGA-BH-A0E6-DX1_xmin54786_ymin20002_MPP-0.2500+277[1000].png,131,6045,215,7733,3088,3021,7189,840,7549,1652,6,6,6,5,4,4,4,4,4,4
TCGA-BH-A0E6-DX1_xmin54786_ymin20002_MPP-0.2500+278[1000].png,4322,1813,2320,8013,7189,2308,1652,3055,4527,1696,6,5,5,5,5,5,4,4,4,4
TCGA-BH-A0E6-DX1_xmin54786_ymin20002_MPP-0.2500+286[1000].png,7175,6054,8188,3209,2226,1652,6869,5454,4430,6571,5,5,5,5,5,5,4,4,4,4
TCGA-BH-A0E6-DX1_xmin54786_ymin20002_MPP-0.2500+287[1000].png,215,8081,2812,1196,7337,7165,3230,836,5213,1842,6,5,5,4,4,4,4,4,4,4
TCGA-BH-A0E6-DX1_xmin54786_ymin20002_MPP-0.2500+288[1000].png,7138,6808,3597,958,6054,5392,2756,7895,2336,4950,4,4,4,4,4,4,4,4,3,3
TCGA-BH-A0E6-DX1_xmin54786_ymin20002_MPP-0.2500+298[1000].png,4711,781,958,7540,321,4112,1842,2031,1373,1351,6,5,4,4,4,4,4,4,4,3
TCGA-BH-A0E6-DX1_xmin54786_ymin20002_MPP-0.2500+299[1000].png,6054,5392,3088,8081,2756,8066,5872,1373,7140,1842,6,5,5,5,4,4,4,4,4,4
TCGA-BH-A0E6-DX1_xmin54786_ymin20002_MPP-0.2500+308[1000].png,6702,131,3526,840,6809,7875,1280,215,7188,4950,6,5,5,5,4,4,4,4,4,4
TCGA-BH-A0E6-DX1_xmin54786_ymin20002_MPP-0.2500+309[1000].png,7165,3088,3836,2903,1297,1476,5717,216,3526,4833,6,6,5,5,5,5,4,4,4,4
TCGA-BH-A0E6-DX1_xmin54786_ymin20002_MPP-0.2500+59[1000].png,7249,6054,4711,5499,5428,4430,2666,2635,1842,2686,5,5,5,5,5,5,5,4,4,4
TCGA-BH-A0E6-DX1_xmin54786_ymin20002_MPP-0.2500+74[1000].png,1373,215,2336,4072,2028,3000,4817,6571,1813,6226,6,6,5,4,4,4,4,4,4,4
TCGA-BH-A0E6-DX1_xmin54786_ymin20002_MPP-0.2500+75[1000].png,7249,267,1842,1652,6782,4711,7165,1911,5611,6226,7,5,5,5,5,5,5,4,4,4
TCGA-BH-A0E6-DX1_xmin54786_ymin20002_MPP-0.2500+86[1000].png,4711,7895,5999,1203,4377,2226,6226,371,3729,5872,6,5,5,5,4,4,4,4,4,4
TCGA-BH-A0E6-DX1_xmin54786_ymin20002_MPP-0.2500+99[1000].png,7695,7694,1842,1652,5912,2336,404,553,5235,7189,6,5,5,5,4,4,4,4,4,4
TCGA-BH-A0RX-DX1_xmin69099_ymin22327_MPP-0.2500+0[1000].png,7249,6724,267,4480,1157,2083,6045,1509,7649,6814,5,5,4,4,4,4,4,3,3,3
TCGA-BH-A0RX-DX1_xmin69099_ymin22327_MPP-0.2500+106[1000].png,3442,237,390,5718,7016,215,6705,7024,7175,515,5,4,4,4,4,4,4,3,3,3
TCGA-BH-A0RX-DX1_xmin69099_ymin22327_MPP-0.2500+107[1000].png,3088,6036,1373,4711,5937,6321,591,44,7175,6782,8,5,5,4,4,4,4,4,4,3
TCGA-BH-A0RX-DX1_xmin69099_ymin22327_MPP-0.2500+108[1000].png,2801,6702,267,3088,4430,5982,1813,4711,6321,102,7,5,5,5,4,4,4,4,4,4
TCGA-BH-A0RX-DX1_xmin69099_ymin22327_MPP-0.2500+10[1000].png,3088,7149,1652,6795,5213,4322,2815,5344,5450,5741,7,5,5,5,4,4,4,4,4,4
TCGA-BH-A0RX-DX1_xmin69099_ymin22327_MPP-0.2500+114[1000].png,7189,168,6054,331,7222,3088,2903,5999,836,2226,6,6,6,5,5,4,4,4,4,4
TCGA-BH-A0RX-DX1_xmin69099_ymin22327_MPP-0.2500+115[1000].png,1297,1813,3469,7189,4817,215,6702,371,6814,2876,6,5,5,4,4,4,4,4,4,4
TCGA-BH-A0RX-DX1_xmin69099_ymin22327_MPP-0.2500+117[1000].png,6869,5101,3088,1373,6321,4711,6571,6702,4950,321,5,5,5,5,5,5,4,4,4,4
TCGA-BH-A0RX-DX1_xmin69099_ymin22327_MPP-0.2500+118[1000].png,5392,7165,2903,3858,1977,6892,3526,332,6702,4833,8,6,5,5,4,4,4,4,3,3
TCGA-BH-A0RX-DX1_xmin69099_ymin22327_MPP-0.2500+119[1000].png,1297,7149,6724,5047,7695,5717,3088,5937,1357,7189,7,6,5,5,5,4,4,4,4,4
TCGA-BH-A0RX-DX1_xmin69099_ymin22327_MPP-0.2500+11[1000].png,2903,7149,3230,6724,3088,4968,5428,5682,4112,2336,10,5,5,5,4,4,4,3,3,3
TCGA-BH-A0RX-DX1_xmin69099_ymin22327_MPP-0.2500+120[1000].png,958,4593,5872,7694,836,3438,7260,1922,7695,1413,6,6,5,5,4,4,4,4,4,4
TCGA-BH-A0RX-DX1_xmin69099_ymin22327_MPP-0.2500+124[1000].png,6045,3088,6724,5810,808,2028,6702,4436,5151,1767,7,6,6,4,4,4,4,4,4,4
TCGA-BH-A0RX-DX1_xmin69099_ymin22327_MPP-0.2500+125[1000].png,6960,7695,836,3526,2903,958,4250,2226,4817,1767,6,5,5,5,4,4,4,4,4,4
TCGA-BH-A0RX-DX1_xmin69099_ymin22327_MPP-0.2500+126[1000].png,1652,7149,2028,7916,958,3836,2308,5673,6111,5433,6,5,5,5,4,4,4,4,4,4
TCGA-BH-A0RX-DX1_xmin69099_ymin22327_MPP-0.2500+129[1000].png,6054,7189,7149,3088,4711,7450,6809,267,6100,4392,7,6,5,5,5,5,5,4,4,4
TCGA-BH-A0RX-DX1_xmin69099_ymin22327_MPP-0.2500+12[1000].png,1813,4492,5392,7189,5561,4711,6702,7694,6705,6045,6,5,5,5,4,4,4,4,4,4
TCGA-BH-A0RX-DX1_xmin69099_ymin22327_MPP-0.2500+130[1000].png,6795,7149,4711,6724,4725,1373,2635,1297,5872,6045,8,7,6,5,5,5,4,4,4,4
TCGA-BH-A0RX-DX1_xmin69099_ymin22327_MPP-0.2500+131[1000].png,1297,6054,1682,2198,840,7224,4436,7249,6960,2477,5,5,4,4,4,4,4,4,4,3
TCGA-BH-A0RX-DX1_xmin69099_ymin22327_MPP-0.2500+13[1000].png,4436,7189,4968,371,5179,3088,6809,3477,4155,7165,6,5,5,5,5,5,4,4,4,4
TCGA-BH-A0RX-DX1_xmin69099_ymin22327_MPP-0.2500+14[1000].png,321,5392,3469,2903,1842,840,1063,8041,3088,6931,6,6,5,5,5,5,4,4,4,4
TCGA-BH-A0RX-DX1_xmin69099_ymin22327_MPP-0.2500+15[1000].png,3088,6263,7695,6674,2684,1682,4037,5431,3938,6428,6,5,5,5,4,4,4,4,3,3
TCGA-BH-A0RX-DX1_xmin69099_ymin22327_MPP-0.2500+16[1000].png,215,3088,4100,6795,8013,5797,7695,5392,131,1429,6,6,5,5,5,4,4,4,4,3
TCGA-BH-A0RX-DX1_xmin69099_ymin22327_MPP-0.2500+171[1000].png,6054,6045,4470,2028,1696,4311,3230,1196,2967,553,6,5,5,4,4,4,4,4,4,4
TCGA-BH-A0RX-DX1_xmin69099_ymin22327_MPP-0.2500+172[1000].png,3861,7880,131,3088,2083,5780,5912,2469,145,4993,7,5,4,4,4,4,4,4,3,3
TCGA-BH-A0RX-DX1_xmin69099_ymin22327_MPP-0.2500+173[1000].png,3044,1682,267,7165,44,7948,371,4251,6868,3926,5,5,5,5,5,5,5,4,4,4
TCGA-BH-A0RX-DX1_xmin69099_ymin22327_MPP-0.2500+183[1000].png,3088,6571,2336,6121,3044,7160,2644,6293,3011,1413,5,5,5,4,4,4,4,4,4,4
TCGA-BH-A0RX-DX1_xmin69099_ymin22327_MPP-0.2500+184[1000].png,6931,2756,553,4711,872,1911,384,840,4501,498,5,4,4,4,4,4,4,4,4,4
TCGA-BH-A0RX-DX1_xmin69099_ymin22327_MPP-0.2500+185[1000].png,2903,7694,4410,3268,4711,4251,145,6376,1813,7409,5,4,4,4,4,4,4,4,4,4
TCGA-BH-A0RX-DX1_xmin69099_ymin22327_MPP-0.2500+186[1000].png,1652,1842,7694,3088,5603,4436,1476,5213,1966,8082,5,5,5,5,4,4,4,4,4,3
TCGA-BH-A0RX-DX1_xmin69099_ymin22327_MPP-0.2500+196[1000].png,4711,1842,2990,7016,7149,2226,371,6354,5810,1652,6,5,4,4,4,4,4,4,4,4
TCGA-BH-A0RX-DX1_xmin69099_ymin22327_MPP-0.2500+197[1000].png,2028,2226,5873,7694,2967,3088,3836,7876,2043,7189,7,5,5,4,4,4,4,4,4,4
TCGA-BH-A0RX-DX1_xmin69099_ymin22327_MPP-0.2500+198[1000].png,6226,3088,5428,6321,1297,4436,7482,5611,5039,4711,7,6,5,5,5,4,4,4,4,4
TCGA-BH-A0RX-DX1_xmin69099_ymin22327_MPP-0.2500+199[1000].png,3088,4711,840,7189,1652,7089,332,1297,7916,553,9,6,6,5,4,4,4,4,4,3
TCGA-BH-A0RX-DX1_xmin69099_ymin22327_MPP-0.2500+19[1000].png,6045,7189,4322,7149,6795,4250,2384,6724,1767,958,6,5,5,5,5,4,4,4,4,4
TCGA-BH-A0RX-DX1_xmin69099_ymin22327_MPP-0.2500+1[1000].png,3526,3088,5213,7149,4001,2226,1417,5392,215,6724,6,5,5,5,4,4,4,4,4,4
TCGA-BH-A0RX-DX1_xmin69099_ymin22327_MPP-0.2500+200[1000].png,6054,2493,7189,4436,7916,7694,1357,3836,4054,901,7,5,5,5,4,4,4,3,3,3
TCGA-BH-A0RX-DX1_xmin69099_ymin22327_MPP-0.2500+203[1000].png,2666,6321,1682,4711,6571,1652,131,3861,7189,7442,5,5,5,5,4,4,4,4,4,4
TCGA-BH-A0RX-DX1_xmin69099_ymin22327_MPP-0.2500+204[1000].png,1813,5392,6702,898,836,5810,5499,6966,7165,2967,7,5,5,4,4,4,4,4,4,4
TCGA-BH-A0RX-DX1_xmin69099_ymin22327_MPP-0.2500+205[1000].png,7916,836,7869,5235,4725,2588,6720,2083,5872,7694,6,5,4,4,4,4,4,4,4,4
TCGA-BH-A0RX-DX1_xmin69099_ymin22327_MPP-0.2500+207[1000].png,6045,7189,1373,6306,3088,5810,6795,216,7175,1298,5,5,5,5,5,5,4,4,4,4
TCGA-BH-A0RX-DX1_xmin69099_ymin22327_MPP-0.2500+208[1000].png,321,1463,2031,1813,4430,1682,1652,8110,6809,7119,6,5,5,5,5,5,4,4,4,4
TCGA-BH-A0RX-DX1_xmin69099_ymin22327_MPP-0.2500+209[1000].png,3088,2967,7859,7790,7189,5780,836,3209,3469,5973,8,5,5,4,4,4,4,3,3,3
TCGA-BH-A0RX-DX1_xmin69099_ymin22327_MPP-0.2500+20[1000].png,6724,6054,4430,3088,6157,7950,2226,3836,1297,6226,5,5,5,5,4,4,4,4,4,4
TCGA-BH-A0RX-DX1_xmin69099_ymin22327_MPP-0.2500+210[1000].png,6054,6702,7024,131,3349,4100,7948,3088,6966,5799,10,6,5,5,4,4,4,4,4,4
TCGA-BH-A0RX-DX1_xmin69099_ymin22327_MPP-0.2500+211[1000].png,4725,6190,2903,5912,5207,7165,5098,1109,3088,7093,5,5,5,4,4,4,4,4,4,4
TCGA-BH-A0RX-DX1_xmin69099_ymin22327_MPP-0.2500+212[1000].png,1813,215,4711,2717,8095,4436,2029,7249,5065,1373,6,5,5,4,4,4,4,4,4,4
TCGA-BH-A0RX-DX1_xmin69099_ymin22327_MPP-0.2500+213[1000].png,5392,6902,3260,267,7695,5177,6905,2700,2903,2308,5,5,5,4,4,4,4,4,4,4
TCGA-BH-A0RX-DX1_xmin69099_ymin22327_MPP-0.2500+214[1000].png,3088,4711,1652,6782,2903,2028,390,1977,7129,3858,8,5,5,5,5,4,4,4,4,4
TCGA-BH-A0RX-DX1_xmin69099_ymin22327_MPP-0.2500+215[1000].png,7694,1842,371,7540,2903,267,7222,6702,3088,2430,8,6,5,5,5,5,4,4,4,4
TCGA-BH-A0RX-DX1_xmin69099_ymin22327_MPP-0.2500+216[1000].png,7733,4711,4311,4965,4774,2903,7895,4325,2012,2493,5,5,4,4,4,4,4,3,3,3
TCGA-BH-A0RX-DX1_xmin69099_ymin22327_MPP-0.2500+217[1000].png,3127,6724,7089,3088,4430,1373,3526,2336,7916,371,5,5,5,5,5,5,4,4,4,4
TCGA-BH-A0RX-DX1_xmin69099_ymin22327_MPP-0.2500+218[1000].png,2308,836,2903,8082,4711,6237,390,5392,840,6588,8,6,5,5,4,4,4,4,4,4
TCGA-BH-A0RX-DX1_xmin69099_ymin22327_MPP-0.2500+21[1000].png,5392,3088,390,1767,7916,237,7189,499,4198,7649,6,6,5,5,5,5,4,4,4,4
TCGA-BH-A0RX-DX1_xmin69099_ymin22327_MPP-0.2500+220[1000].png,7134,5392,1373,3088,7165,7555,4711,2870,1297,7078,6,6,6,5,5,4,4,4,4,4
TCGA-BH-A0RX-DX1_xmin69099_ymin22327_MPP-0.2500+221[1000].png,4965,7149,7165,836,3597,5741,697,215,3088,267,5,5,5,5,4,4,4,4,4,4
TCGA-BH-A0RX-DX1_xmin69099_ymin22327_MPP-0.2500+222[1000].png,331,7695,3088,1109,5999,2562,5842,2083,3298,4311,6,6,5,5,4,4,4,4,4,4
TCGA-BH-A0RX-DX1_xmin69099_ymin22327_MPP-0.2500+223[1000].png,2903,6869,4725,7165,7134,1413,4478,7549,6702,321,6,5,5,5,4,4,4,4,4,4
TCGA-BH-A0RX-DX1_xmin69099_ymin22327_MPP-0.2500+224[1000].png,6795,5047,1297,1413,3088,5810,840,5498,2028,915,5,5,5,5,4,4,4,4,4,4
TCGA-BH-A0RX-DX1_xmin69099_ymin22327_MPP-0.2500+22[1000].png,3088,1413,6054,6724,390,3000,3908,5810,6931,2271,9,6,6,5,5,5,5,4,4,4
TCGA-BH-A0RX-DX1_xmin69099_ymin22327_MPP-0.2500+233[1000].png,4376,2336,6905,3597,7869,3619,3526,5047,1652,4711,6,5,5,5,4,4,4,4,4,4
TCGA-BH-A0RX-DX1_xmin69099_ymin22327_MPP-0.2500+23[1000].png,1297,7916,33,3526,5392,3088,3021,5097,7175,5428,6,6,5,5,5,5,4,4,4,4
TCGA-BH-A0RX-DX1_xmin69099_ymin22327_MPP-0.2500+24[1000].png,4711,6795,553,1813,7695,4725,6054,6226,6892,215,6,5,5,5,5,4,4,4,4,4
TCGA-BH-A0RX-DX1_xmin69099_ymin22327_MPP-0.2500+25[1000].png,7694,5912,2666,5780,3438,958,7695,3526,6892,1476,6,5,5,5,5,5,4,4,4,4
TCGA-BH-A0RX-DX1_xmin69099_ymin22327_MPP-0.2500+26[1000].png,6724,371,6054,1463,3836,3088,4311,840,6428,4911,8,5,4,4,4,4,4,4,4,4
TCGA-BH-A0RX-DX1_xmin69099_ymin22327_MPP-0.2500+27[1000].png,2666,5392,6702,267,5570,4240,5023,836,3088,3526,5,5,5,4,4,4,4,4,4,4
TCGA-BH-A0RX-DX1_xmin69099_ymin22327_MPP-0.2500+28[1000].png,725,1571,332,1418,6724,3346,1373,2666,7160,3209,7,7,5,4,4,4,4,4,4,4
TCGA-BH-A0RX-DX1_xmin69099_ymin22327_MPP-0.2500+29[1000].png,6724,6919,836,7647,2083,2903,2967,3088,11,6321,5,5,5,5,5,4,4,4,4,4
TCGA-BH-A0RX-DX1_xmin69099_ymin22327_MPP-0.2500+2[1000].png,6054,7694,5999,5213,6828,3477,2903,6814,7024,7149,6,6,5,5,5,5,4,4,4,4
TCGA-BH-A0RX-DX1_xmin69099_ymin22327_MPP-0.2500+30[1000].png,5797,3088,2226,6966,2308,7165,5392,7501,4725,131,6,5,5,4,4,4,4,4,4,4
TCGA-BH-A0RX-DX1_xmin69099_ymin22327_MPP-0.2500+32[1000].png,6702,6724,3526,1652,4311,5392,7249,6795,958,3021,9,6,5,5,4,4,4,4,4,4
TCGA-BH-A0RX-DX1_xmin69099_ymin22327_MPP-0.2500+33[1000].png,1297,3000,7165,1571,2308,3477,6931,808,256,7007,9,6,6,5,5,5,4,4,4,4
TCGA-BH-A0RX-DX1_xmin69099_ymin22327_MPP-0.2500+34[1000].png,3088,836,5428,7694,2903,1312,2226,4993,1297,2812,6,6,5,5,4,4,4,4,4,4
TCGA-BH-A0RX-DX1_xmin69099_ymin22327_MPP-0.2500+35[1000].png,7165,4725,6045,6905,6724,5047,1652,3637,5937,6919,7,6,5,5,5,5,5,4,4,4
TCGA-BH-A0RX-DX1_xmin69099_ymin22327_MPP-0.2500+36[1000].png,7733,2666,7694,5428,958,4711,6054,5741,6702,7647,6,6,6,5,5,5,5,5,4,4
TCGA-BH-A0RX-DX1_xmin69099_ymin22327_MPP-0.2500+37[1000].png,390,2226,3088,594,958,256,1652,8013,5912,4322,7,7,6,6,5,5,5,5,5,5
TCGA-BH-A0RX-DX1_xmin69099_ymin22327_MPP-0.2500+3[1000].png,958,6902,5392,4376,7224,131,1297,5428,4711,331,5,5,5,5,4,4,4,4,4,4
TCGA-BH-A0RX-DX1_xmin69099_ymin22327_MPP-0.2500+40[1000].png,4436,6702,2756,2903,7869,6814,4711,7540,1297,5383,6,6,5,5,5,5,5,4,4,4
TCGA-BH-A0RX-DX1_xmin69099_ymin22327_MPP-0.2500+41[1000].png,3021,2903,1413,3011,1586,2028,7657,7093,332,3088,6,5,5,4,4,4,4,4,4,4
TCGA-BH-A0RX-DX1_xmin69099_ymin22327_MPP-0.2500+42[1000].png,5392,6931,3804,267,2194,6618,6318,3889,2083,1413,6,5,5,5,4,4,4,4,4,4
TCGA-BH-A0RX-DX1_xmin69099_ymin22327_MPP-0.2500+43[1000].png,7694,5213,6795,7880,5203,5999,4376,7189,321,7807,6,5,5,5,5,5,5,5,4,4
TCGA-BH-A0RX-DX1_xmin69099_ymin22327_MPP-0.2500+45[1000].png,5392,3088,7695,6724,7733,4711,4527,8013,6321,3597,7,5,4,4,4,4,4,4,4,4
TCGA-BH-A0RX-DX1_xmin69099_ymin22327_MPP-0.2500+46[1000].png,5392,7189,6045,2756,3260,2028,5433,2990,5799,1682,7,5,5,5,4,4,4,4,4,4
TCGA-BH-A0RX-DX1_xmin69099_ymin22327_MPP-0.2500+47[1000].png,5392,4711,6045,7694,7539,3088,5133,6054,2000,1109,7,7,6,6,5,5,5,5,4,4
TCGA-BH-A0RX-DX1_xmin69099_ymin22327_MPP-0.2500+48[1000].png,2666,6054,5235,215,3127,2903,5428,2977,1652,267,6,6,5,5,5,4,4,4,4,4
TCGA-BH-A0RX-DX1_xmin69099_ymin22327_MPP-0.2500+49[1000].png,6054,390,1652,5038,7869,7160,4524,3088,4711,7694,7,6,5,5,5,4,4,4,4,4
TCGA-BH-A0RX-DX1_xmin69099_ymin22327_MPP-0.2500+50[1000].png,3088,267,8188,1813,1571,3526,7222,2101,1842,5741,8,6,5,5,5,5,4,4,4,4
TCGA-BH-A0RX-DX1_xmin69099_ymin22327_MPP-0.2500+55[1000].png,4711,2666,1655,3088,256,1767,3858,335,2336,8066,7,6,4,4,4,4,4,4,4,4
TCGA-BH-A0RX-DX1_xmin69099_ymin22327_MPP-0.2500+56[1000].png,7189,4492,2754,390,4673,7694,5094,3836,3477,4711,7,6,5,5,5,5,4,4,4,4
TCGA-BH-A0RX-DX1_xmin69099_ymin22327_MPP-0.2500+58[1000].png,2226,1373,3836,1813,4160,1571,6726,267,6984,332,6,5,5,5,5,5,4,4,4,4
TCGA-BH-A0RX-DX1_xmin69099_ymin22327_MPP-0.2500+59[1000].png,5392,6702,7165,1966,6841,1571,6795,5047,3298,4311,6,5,4,4,4,4,4,4,4,4
TCGA-BH-A0RX-DX1_xmin69099_ymin22327_MPP-0.2500+5[1000].png,3088,390,5999,7695,1586,7222,5047,6321,1312,836,6,5,4,4,4,4,4,4,4,4
TCGA-BH-A0RX-DX1_xmin69099_ymin22327_MPP-0.2500+60[1000].png,7733,3836,3477,7916,6321,215,7224,1813,5428,7430,5,5,5,5,5,5,4,4,4,4
TCGA-BH-A0RX-DX1_xmin69099_ymin22327_MPP-0.2500+61[1000].png,7165,6702,3260,515,4711,6219,7732,267,6428,7895,6,5,5,4,4,4,4,4,4,4
TCGA-BH-A0RX-DX1_xmin69099_ymin22327_MPP-0.2500+62[1000].png,3088,2666,7950,1571,5133,840,8110,4322,131,2226,7,5,5,5,5,5,5,5,5,5
TCGA-BH-A0RX-DX1_xmin69099_ymin22327_MPP-0.2500+63[1000].png,4711,3477,3088,7709,3209,5047,5780,6054,215,6724,6,6,6,5,5,4,4,4,4,4
TCGA-BH-A0RX-DX1_xmin69099_ymin22327_MPP-0.2500+64[1000].png,7189,7165,3088,5810,6724,1813,6702,2430,237,935,6,6,5,5,5,5,5,4,4,4
TCGA-BH-A0RX-DX1_xmin69099_ymin22327_MPP-0.2500+6[1000].png,1174,237,6702,5763,7024,7948,2226,2903,2308,5433,6,5,4,4,4,4,4,4,4,4
TCGA-BH-A0RX-DX1_xmin69099_ymin22327_MPP-0.2500+72[1000].png,2226,6905,7165,601,6724,2336,958,5428,7189,1463,8,5,5,5,5,5,5,5,5,4
TCGA-BH-A0RX-DX1_xmin69099_ymin22327_MPP-0.2500+73[1000].png,7149,6724,237,2028,4993,3282,6045,2957,2977,3838,7,6,5,5,4,4,4,4,4,4
TCGA-BH-A0RX-DX1_xmin69099_ymin22327_MPP-0.2500+74[1000].png,237,7165,6321,7916,6045,6795,7223,2815,4673,6724,6,5,5,5,5,5,4,4,4,4
TCGA-BH-A0RX-DX1_xmin69099_ymin22327_MPP-0.2500+75[1000].png,2801,5047,4198,7189,7733,6045,3550,331,3088,5235,5,5,5,5,5,4,4,4,4,4
TCGA-BH-A0RX-DX1_xmin69099_ymin22327_MPP-0.2500+76[1000].png,389,7165,6702,6657,2635,7317,1586,6724,2903,1297,5,5,5,4,4,4,4,4,4,4
TCGA-BH-A0RX-DX1_xmin69099_ymin22327_MPP-0.2500+77[1000].png,3088,6054,1813,4436,352,2493,1755,7899,5428,7189,9,5,5,5,4,4,4,4,4,4
TCGA-BH-A0RX-DX1_xmin69099_ymin22327_MPP-0.2500+78[1000].png,331,7895,6045,4711,5999,7695,7165,2903,4817,840,6,6,5,5,5,5,5,4,4,4
TCGA-BH-A0RX-DX1_xmin69099_ymin22327_MPP-0.2500+7[1000].png,7165,2308,4711,958,2903,44,6830,6054,6984,7078,5,5,5,5,4,4,4,4,4,4
TCGA-BH-A0RX-DX1_xmin69099_ymin22327_MPP-0.2500+85[1000].png,982,7165,6054,6905,7869,3477,6724,5097,725,2336,6,6,6,6,5,5,5,5,4,4
TCGA-BH-A0RX-DX1_xmin69099_ymin22327_MPP-0.2500+86[1000].png,3088,4711,7165,836,7189,6219,5499,332,3870,4100,7,6,6,5,5,5,5,5,5,4
TCGA-BH-A0RX-DX1_xmin69099_ymin22327_MPP-0.2500+87[1000].png,697,6702,3021,4968,6192,8110,2028,5797,7165,2198,7,5,5,5,5,4,4,4,4,4
TCGA-BH-A0RX-DX1_xmin69099_ymin22327_MPP-0.2500+88[1000].png,7695,1413,3836,2766,808,390,5810,4711,7149,5392,6,6,5,5,5,5,4,4,4,4
TCGA-BH-A0RX-DX1_xmin69099_ymin22327_MPP-0.2500+89[1000].png,808,6702,7694,8013,3836,1357,4965,2635,6054,3477,8,6,5,5,5,4,4,4,4,4
TCGA-BH-A0RX-DX1_xmin69099_ymin22327_MPP-0.2500+90[1000].png,6724,7694,7695,6045,3088,1297,808,5498,5428,3469,9,9,7,7,5,5,4,4,4,4
TCGA-BH-A0RX-DX1_xmin69099_ymin22327_MPP-0.2500+93[1000].png,215,371,8013,2031,4961,7212,7733,3088,8081,8082,7,5,5,5,4,4,4,4,4,4
TCGA-BH-A0RX-DX1_xmin69099_ymin22327_MPP-0.2500+94[1000].png,7733,6724,8066,2903,4725,3526,808,4968,1905,2083,6,6,5,5,4,4,4,4,4,4
TCGA-BH-A0WA-DX1_xmin56581_ymin24774_MPP-0.2500+106[1000].png,4711,4606,5515,390,7222,7808,2870,6054,237,7540,6,4,4,4,4,4,4,4,3,3
TCGA-BH-A0WA-DX1_xmin56581_ymin24774_MPP-0.2500+107[1000].png,808,3088,6702,2083,390,1767,8089,3296,7257,6931,6,6,5,5,5,5,4,4,4,4
TCGA-BH-A0WA-DX1_xmin56581_ymin24774_MPP-0.2500+108[1000].png,3088,7165,154,6814,331,4711,624,1571,4160,3021,7,6,5,5,5,5,4,4,4,4
TCGA-BH-A0WA-DX1_xmin56581_ymin24774_MPP-0.2500+109[1000].png,1813,2903,53,390,7337,6045,8126,5999,3088,1571,5,5,5,5,4,4,4,4,4,4
TCGA-BH-A0WA-DX1_xmin56581_ymin24774_MPP-0.2500+110[1000].png,6919,3088,5027,7916,1905,7175,7165,1842,3858,390,6,5,4,4,4,4,4,4,4,4
TCGA-BH-A0WA-DX1_xmin56581_ymin24774_MPP-0.2500+115[1000].png,7189,958,371,1842,131,4417,267,7261,1911,4711,7,5,5,5,4,4,4,4,4,4
TCGA-BH-A0WA-DX1_xmin56581_ymin24774_MPP-0.2500+129[1000].png,1842,7189,3817,5973,2903,1652,5810,168,8110,2320,6,5,5,5,5,4,4,4,4,4
TCGA-BH-A0WA-DX1_xmin56581_ymin24774_MPP-0.2500+130[1000].png,6754,7869,7175,4947,390,1767,4587,1312,1813,7024,5,4,4,4,4,4,4,4,4,4
TCGA-BH-A0WA-DX1_xmin56581_ymin24774_MPP-0.2500+132[1000].png,390,1297,4817,2110,2411,4673,6054,4492,5213,2577,6,5,4,4,4,4,4,4,4,4
TCGA-BH-A0WA-DX1_xmin56581_ymin24774_MPP-0.2500+135[1000].png,1413,1297,4430,2249,6054,5166,6321,321,1652,4436,7,4,4,4,4,4,4,4,4,4
TCGA-BH-A0WA-DX1_xmin56581_ymin24774_MPP-0.2500+13[1000].png,5097,1476,6032,8082,2028,3661,6321,5999,6054,2644,5,5,5,4,4,4,4,4,3,3
TCGA-BH-A0WA-DX1_xmin56581_ymin24774_MPP-0.2500+145[1000].png,7175,2405,1312,5065,1767,553,5097,6173,4833,6908,5,5,4,4,4,4,4,4,4,4
TCGA-BH-A0WA-DX1_xmin56581_ymin24774_MPP-0.2500+146[1000].png,7149,836,6960,7165,4430,5999,6724,3189,6054,553,6,5,5,5,5,4,4,4,4,4
TCGA-BH-A0WA-DX1_xmin56581_ymin24774_MPP-0.2500+14[1000].png,4430,6054,4711,982,5780,4593,1813,215,6045,5937,8,6,6,6,5,4,4,4,4,4
TCGA-BH-A0WA-DX1_xmin56581_ymin24774_MPP-0.2500+15[1000].png,1413,1652,516,3011,6192,6702,6814,935,808,4817,5,5,4,4,4,4,4,4,4,4
TCGA-BH-A0WA-DX1_xmin56581_ymin24774_MPP-0.2500+170[1000].png,7024,390,651,7647,2903,3478,3088,4205,5104,3011,6,5,5,4,4,4,4,4,4,4
TCGA-BH-A0WA-DX1_xmin56581_ymin24774_MPP-0.2500+171[1000].png,371,2000,6702,808,5292,4322,4711,7160,1877,3597,5,5,4,4,4,4,4,4,4,4
TCGA-BH-A0WA-DX1_xmin56581_ymin24774_MPP-0.2500+172[1000].png,3230,5213,6724,1977,8110,2028,279,1194,3088,3861,4,4,4,4,4,4,4,4,4,4
TCGA-BH-A0WA-DX1_xmin56581_ymin24774_MPP-0.2500+197[1000].png,6724,958,390,1297,331,4340,6908,4711,256,2917,5,5,4,4,4,4,4,4,3,3
TCGA-BH-A0WA-DX1_xmin56581_ymin24774_MPP-0.2500+198[1000].png,3298,1297,1624,267,131,1298,1767,6809,8013,817,5,5,4,4,4,4,4,4,4,3
TCGA-BH-A0WA-DX1_xmin56581_ymin24774_MPP-0.2500+1[1000].png,553,7694,7807,6724,1813,7149,7353,5735,267,1586,5,5,5,4,4,4,4,4,4,4
TCGA-BH-A0WA-DX1_xmin56581_ymin24774_MPP-0.2500+21[1000].png,778,1911,267,7539,2028,5213,1842,872,8016,4980,5,5,4,4,4,4,4,4,4,4
TCGA-BH-A0WA-DX1_xmin56581_ymin24774_MPP-0.2500+224[1000].png,5392,495,7119,1862,4278,6841,6045,5433,8013,5163,5,4,4,4,4,4,4,4,4,4
TCGA-BH-A0WA-DX1_xmin56581_ymin24774_MPP-0.2500+22[1000].png,3088,958,4968,3209,331,5717,1652,3477,3442,4593,6,5,4,4,4,4,3,3,3,3
TCGA-BH-A0WA-DX1_xmin56581_ymin24774_MPP-0.2500+231[1000].png,1813,915,6657,1571,4533,7165,3088,4711,390,6321,5,5,5,5,4,4,4,4,4,4
TCGA-BH-A0WA-DX1_xmin56581_ymin24774_MPP-0.2500+232[1000].png,7807,7733,4968,1652,7165,1813,836,332,5872,1094,5,5,5,5,5,4,4,4,4,4
TCGA-BH-A0WA-DX1_xmin56581_ymin24774_MPP-0.2500+23[1000].png,2482,4711,6809,2666,331,6428,3088,5023,1813,2635,5,4,4,4,4,4,4,4,4,3
TCGA-BH-A0WA-DX1_xmin56581_ymin24774_MPP-0.2500+24[1000].png,371,5862,2194,8144,5235,5151,1373,4278,3526,6984,6,6,5,4,4,4,4,4,4,4
TCGA-BH-A0WA-DX1_xmin56581_ymin24774_MPP-0.2500+252[1000].png,6226,1652,4436,7222,5454,3088,1813,2756,6702,1842,8,6,5,4,4,4,4,4,4,4
TCGA-BH-A0WA-DX1_xmin56581_ymin24774_MPP-0.2500+253[1000].png,3836,215,1186,5151,6054,840,7895,4492,390,6657,5,5,4,4,4,4,4,4,4,4
TCGA-BH-A0WA-DX1_xmin56581_ymin24774_MPP-0.2500+254[1000].png,3478,7695,4781,7165,6868,5810,1905,5213,3836,7733,6,5,5,5,4,4,4,4,4,4
TCGA-BH-A0WA-DX1_xmin56581_ymin24774_MPP-0.2500+255[1000].png,1652,3469,2411,1297,4911,1842,5235,371,4691,5213,5,5,5,5,4,4,4,4,4,4
TCGA-BH-A0WA-DX1_xmin56581_ymin24774_MPP-0.2500+277[1000].png,5999,7450,1966,4817,7189,6219,1586,594,3088,2144,5,5,5,4,4,4,4,4,4,4
TCGA-BH-A0WA-DX1_xmin56581_ymin24774_MPP-0.2500+278[1000].png,2083,7165,131,982,7149,2780,6702,7875,7869,221,6,5,5,5,4,4,4,4,4,4
TCGA-BH-A0WA-DX1_xmin56581_ymin24774_MPP-0.2500+279[1000].png,7165,5392,4968,6814,215,5428,1389,7160,2430,4080,5,5,5,5,5,4,4,4,4,4
TCGA-BH-A0WA-DX1_xmin56581_ymin24774_MPP-0.2500+280[1000].png,1476,958,1842,3296,1373,8013,1696,1297,5133,7165,7,6,5,5,5,4,4,4,4,4
TCGA-BH-A0WA-DX1_xmin56581_ymin24774_MPP-0.2500+2[1000].png,1586,3088,215,7733,2226,7540,7149,1842,8082,5047,6,6,5,5,5,4,4,4,4,4
TCGA-BH-A0WA-DX1_xmin56581_ymin24774_MPP-0.2500+300[1000].png,1571,6219,5027,3896,44,1767,4430,5810,3858,332,7,6,5,4,4,4,4,4,3,3
TCGA-BH-A0WA-DX1_xmin56581_ymin24774_MPP-0.2500+301[1000].png,7089,6054,3088,2903,4711,2666,7694,840,836,591,5,5,4,4,4,4,4,4,4,4
TCGA-BH-A0WA-DX1_xmin56581_ymin24774_MPP-0.2500+302[1000].png,4711,958,131,5235,1571,1157,3088,1992,5133,215,5,5,5,5,5,4,4,4,4,3
TCGA-BH-A0WA-DX1_xmin56581_ymin24774_MPP-0.2500+303[1000].png,1652,3881,840,7540,3088,2780,4968,390,3565,4160,5,4,4,4,4,4,4,4,4,4
TCGA-BH-A0WA-DX1_xmin56581_ymin24774_MPP-0.2500+304[1000].png,3088,5780,4430,735,4947,6702,1967,4711,3209,7089,6,5,4,4,4,4,4,4,4,4
TCGA-BH-A0WA-DX1_xmin56581_ymin24774_MPP-0.2500+30[1000].png,6054,5392,4711,2960,2083,7024,553,7249,1418,4501,6,6,5,5,5,5,4,4,4,4
TCGA-BH-A0WA-DX1_xmin56581_ymin24774_MPP-0.2500+31[1000].png,1652,2990,553,7249,1569,3708,4160,582,828,7481,5,5,5,5,4,4,4,4,4,4
TCGA-BH-A0WA-DX1_xmin56581_ymin24774_MPP-0.2500+325[1000].png,1571,7807,7165,3836,1842,4379,2411,5179,7808,4968,6,6,5,5,5,4,4,4,4,4
TCGA-BH-A0WA-DX1_xmin56581_ymin24774_MPP-0.2500+326[1000].png,6869,7694,5797,1682,3024,812,3230,6960,5780,6782,5,4,4,4,4,4,4,4,4,4
TCGA-BH-A0WA-DX1_xmin56581_ymin24774_MPP-0.2500+327[1000].png,4817,1373,1571,7224,836,4674,1652,4711,3584,688,5,5,5,5,5,5,5,5,4,4
TCGA-BH-A0WA-DX1_xmin56581_ymin24774_MPP-0.2500+328[1000].png,390,7916,331,5780,7733,1418,4533,914,6795,5872,8,5,5,4,4,4,4,4,4,4
TCGA-BH-A0WA-DX1_xmin56581_ymin24774_MPP-0.2500+32[1000].png,1813,2903,7540,4711,6801,4419,371,331,1652,1030,5,5,5,5,4,4,4,4,4,4
TCGA-BH-A0WA-DX1_xmin56581_ymin24774_MPP-0.2500+33[1000].png,3477,6354,215,6702,7165,7259,331,2226,6801,5203,7,6,5,5,5,4,4,4,4,4
TCGA-BH-A0WA-DX1_xmin56581_ymin24774_MPP-0.2500+349[1000].png,1297,7895,6054,4711,4968,3030,2903,6571,1652,3230,7,5,5,4,4,4,4,4,4,4
TCGA-BH-A0WA-DX1_xmin56581_ymin24774_MPP-0.2500+34[1000].png,215,1716,2903,7948,2756,6376,7869,1297,4198,1834,6,5,5,4,4,4,4,4,4,4
TCGA-BH-A0WA-DX1_xmin56581_ymin24774_MPP-0.2500+3[1000].png,1813,331,6376,1682,7647,6054,2870,213,5799,1652,6,6,5,4,4,4,4,4,4,4
TCGA-BH-A0WA-DX1_xmin56581_ymin24774_MPP-0.2500+41[1000].png,3088,3526,6931,390,915,1373,7694,1320,5151,6054,7,7,6,5,5,5,5,4,4,4
TCGA-BH-A0WA-DX1_xmin56581_ymin24774_MPP-0.2500+42[1000].png,3030,3526,840,7808,390,453,6931,5520,836,6795,5,4,4,4,4,4,4,4,4,4
TCGA-BH-A0WA-DX1_xmin56581_ymin24774_MPP-0.2500+43[1000].png,2903,6045,6724,7876,553,390,7899,2265,321,1767,6,5,5,4,4,4,4,4,4,4
TCGA-BH-A0WA-DX1_xmin56581_ymin24774_MPP-0.2500+44[1000].png,3144,697,2967,5424,722,2308,1001,4166,6054,3526,6,5,5,4,4,4,4,4,4,4
TCGA-BH-A0WA-DX1_xmin56581_ymin24774_MPP-0.2500+45[1000].png,6795,7694,3299,697,5151,3088,3349,4378,6227,7224,5,5,4,4,4,4,4,4,4,4
TCGA-BH-A0WA-DX1_xmin56581_ymin24774_MPP-0.2500+46[1000].png,7222,1476,4436,7165,7948,958,1297,1767,6678,3011,5,5,4,4,4,4,4,4,4,4
TCGA-BH-A0WA-DX1_xmin56581_ymin24774_MPP-0.2500+48[1000].png,131,390,4711,4160,1297,3088,215,7880,2336,7647,5,5,5,5,5,5,4,4,4,4
TCGA-BH-A0WA-DX1_xmin56581_ymin24774_MPP-0.2500+51[1000].png,2083,2756,7540,4430,5133,3838,601,7165,1460,1767,5,5,5,5,4,4,4,4,4,4
TCGA-BH-A0WA-DX1_xmin56581_ymin24774_MPP-0.2500+52[1000].png,3477,5133,6045,4198,4861,4911,1418,7539,1833,1767,5,5,4,4,4,4,4,4,3,3
TCGA-BH-A0WA-DX1_xmin56581_ymin24774_MPP-0.2500+53[1000].png,6226,1767,1813,1297,5799,7733,8013,1842,7119,6045,7,6,6,6,5,5,5,5,5,4
TCGA-BH-A0WA-DX1_xmin56581_ymin24774_MPP-0.2500+54[1000].png,958,390,1767,1235,5039,1842,371,6045,594,626,6,6,5,5,5,5,5,4,4,4
TCGA-BH-A0WA-DX1_xmin56581_ymin24774_MPP-0.2500+55[1000].png,1373,390,6931,3088,4582,7266,4376,1652,3189,3928,6,5,5,5,5,4,4,4,4,4
TCGA-BH-A0WA-DX1_xmin56581_ymin24774_MPP-0.2500+56[1000].png,390,5047,6724,5133,3209,6602,7165,3088,3477,1373,7,5,5,4,4,4,4,4,4,3
TCGA-BH-A0WA-DX1_xmin56581_ymin24774_MPP-0.2500+58[1000].png,7835,5419,2226,1992,6226,216,8188,6908,5780,5151,9,7,7,5,5,5,5,4,4,4
TCGA-BH-A0WA-DX1_xmin56581_ymin24774_MPP-0.2500+59[1000].png,4711,1652,4781,8188,475,5509,7134,3208,145,3088,7,5,4,4,4,4,4,4,4,4
TCGA-BH-A0WA-DX1_xmin56581_ymin24774_MPP-0.2500+62[1000].png,1297,8110,144,5999,6809,3088,215,3021,1842,3832,5,5,5,5,5,5,4,4,4,4
TCGA-BH-A0WA-DX1_xmin56581_ymin24774_MPP-0.2500+65[1000].png,1767,7916,2320,3088,2903,4572,7651,7007,3836,3282,5,5,4,4,4,4,4,4,4,4
TCGA-BH-A0WA-DX1_xmin56581_ymin24774_MPP-0.2500+66[1000].png,1652,7950,7733,2903,2812,4527,256,5179,7895,4284,5,5,4,4,4,4,4,4,4,3
TCGA-BH-A0WA-DX1_xmin56581_ymin24774_MPP-0.2500+67[1000].png,267,7733,6814,6702,7869,8081,7916,5515,4711,7007,5,5,4,4,4,4,4,4,4,3
TCGA-BH-A0WA-DX1_xmin56581_ymin24774_MPP-0.2500+68[1000].png,1813,3836,1767,4377,3526,2666,5038,6702,6782,4673,7,6,4,4,4,4,4,4,4,4
TCGA-BH-A0WA-DX1_xmin56581_ymin24774_MPP-0.2500+69[1000].png,215,8162,5213,817,2031,2903,4781,145,982,553,4,4,4,4,4,4,4,4,4,4
TCGA-BH-A0WA-DX1_xmin56581_ymin24774_MPP-0.2500+70[1000].png,4968,390,4524,1373,808,154,1297,2967,781,3619,5,5,4,4,4,4,4,4,4,4
TCGA-BH-A0WA-DX1_xmin56581_ymin24774_MPP-0.2500+71[1000].png,1842,1652,390,215,196,1813,144,898,6054,6226,6,6,6,5,5,5,4,4,4,4
TCGA-BH-A0WA-DX1_xmin56581_ymin24774_MPP-0.2500+72[1000].png,3088,808,6809,6045,5797,1977,3346,1652,1312,335,6,5,5,4,4,4,4,4,4,4
TCGA-BH-A0WA-DX1_xmin56581_ymin24774_MPP-0.2500+73[1000].png,6054,6908,390,5038,3088,1652,1767,5392,3475,915,5,5,5,5,5,4,4,4,4,4
TCGA-BH-A0WA-DX1_xmin56581_ymin24774_MPP-0.2500+74[1000].png,44,390,6226,808,4711,516,7539,1652,6908,3908,7,6,6,5,5,4,4,4,4,4
TCGA-BH-A0WA-DX1_xmin56581_ymin24774_MPP-0.2500+75[1000].png,3209,6192,5810,982,3836,1977,8110,2308,6999,808,6,5,5,5,4,4,4,4,4,4
TCGA-BH-A0WA-DX1_xmin56581_ymin24774_MPP-0.2500+78[1000].png,2903,3477,4430,6869,582,1001,553,2336,1813,7175,5,5,5,5,5,4,4,4,4,4
TCGA-BH-A0WA-DX1_xmin56581_ymin24774_MPP-0.2500+7[1000].png,6045,1373,8144,6814,3637,4501,216,3901,2977,7089,6,6,5,4,4,4,4,4,4,4
TCGA-BH-A0WA-DX1_xmin56581_ymin24774_MPP-0.2500+85[1000].png,1652,7024,1297,5799,1373,332,4993,7929,3282,1682,5,4,4,4,4,4,4,4,3,3
TCGA-BH-A0WA-DX1_xmin56581_ymin24774_MPP-0.2500+86[1000].png,8013,6054,2411,4833,4711,7224,840,44,7733,553,5,4,4,4,4,4,4,4,4,4
TCGA-BH-A0WA-DX1_xmin56581_ymin24774_MPP-0.2500+87[1000].png,1767,6960,390,7024,1413,4968,988,3088,7732,1652,6,5,5,4,4,4,4,4,4,4
TCGA-BH-A0WA-DX1_xmin56581_ymin24774_MPP-0.2500+88[1000].png,3021,4711,4430,2226,1813,6814,6702,982,5018,3442,6,5,5,4,4,4,4,4,4,4
TCGA-BH-A0WA-DX1_xmin56581_ymin24774_MPP-0.2500+89[1000].png,215,1977,915,1586,5797,7212,8082,7149,553,7166,5,4,4,4,4,3,3,3,3,3
TCGA-BH-A0WA-DX1_xmin56581_ymin24774_MPP-0.2500+8[1000].png,1767,594,2226,2292,6571,3438,267,7733,2336,4492,5,5,4,4,4,4,4,4,3,3
TCGA-BH-A0WA-DX1_xmin56581_ymin24774_MPP-0.2500+90[1000].png,3088,2903,4711,2029,7091,4587,6602,7149,5498,7043,6,5,5,4,4,4,4,4,4,4
TCGA-BH-A0WA-DX1_xmin56581_ymin24774_MPP-0.2500+91[1000].png,2967,6219,3088,697,7694,3475,982,7695,4711,145,6,5,5,5,5,4,4,4,4,4
TCGA-BH-A0WA-DX1_xmin56581_ymin24774_MPP-0.2500+92[1000].png,4817,3088,371,5133,7647,2336,7916,7089,321,5999,5,5,4,4,4,4,4,4,4,4
TCGA-BH-A18G-DX1_xmin16831_ymin497_MPP-0.2500+13[1000].png,778,7695,1367,1413,6795,1373,332,2967,3209,162,5,4,4,4,4,4,4,4,4,3
TCGA-BH-A18G-DX1_xmin16831_ymin497_MPP-0.2500+18[1000].png,4817,7189,4533,4711,2820,6509,6702,7152,5203,4593,5,5,4,4,4,4,4,4,4,4
TCGA-BH-A18G-DX1_xmin16831_ymin497_MPP-0.2500+19[1000].png,1297,516,6054,543,1682,3044,11,1842,4859,1357,5,5,5,5,5,4,4,4,4,4
TCGA-BH-A18G-DX1_xmin16831_ymin497_MPP-0.2500+33[1000].png,3088,7790,5999,4376,2666,697,3836,44,4725,6702,7,4,4,4,4,4,4,4,4,4
TCGA-BH-A18G-DX1_xmin16831_ymin497_MPP-0.2500+35[1000].png,2336,3526,4711,7880,6048,3889,267,2635,7134,6782,5,5,5,4,4,4,4,4,4,4
TCGA-BH-A18G-DX1_xmin16831_ymin497_MPP-0.2500+38[1000].png,267,2903,4725,5428,5717,44,2031,3088,2411,1979,5,5,4,4,4,4,4,4,4,4
TCGA-BH-A18G-DX1_xmin16831_ymin497_MPP-0.2500+39[1000].png,7733,5810,2308,4691,7134,5834,3088,6795,6388,8110,6,5,5,5,5,4,4,4,4,4
TCGA-BH-A18G-DX1_xmin16831_ymin497_MPP-0.2500+42[1000].png,6795,4376,2226,3526,3088,1460,3477,6702,3209,332,7,7,6,6,6,5,4,4,4,4
TCGA-BH-A18G-DX1_xmin16831_ymin497_MPP-0.2500+53[1000].png,840,4817,1716,1813,5039,1842,958,5938,215,4711,6,4,4,4,4,4,4,4,4,4
TCGA-BH-A18G-DX1_xmin16831_ymin497_MPP-0.2500+65[1000].png,4436,1842,5780,4725,7647,6931,7709,1471,1785,7212,7,6,5,5,4,4,4,4,4,4
TCGA-BH-A18G-DX1_xmin16831_ymin497_MPP-0.2500+73[1000].png,4711,7165,3230,2336,4693,7138,3029,3247,2265,6702,4,4,4,3,3,3,3,3,3,3
TCGA-BH-A18G-DX1_xmin16831_ymin497_MPP-0.2500+75[1000].png,6054,7189,5098,1373,5428,3836,5133,1842,7222,594,5,5,5,4,4,4,4,4,4,4
TCGA-BH-A18G-DX1_xmin16831_ymin497_MPP-0.2500+77[1000].png,3088,7694,6657,5428,3526,840,6808,1280,1297,5392,7,5,5,5,4,4,4,4,4,4
TCGA-BH-A18G-DX1_xmin16831_ymin497_MPP-0.2500+92[1000].png,872,6702,4430,3526,7540,4080,5039,2540,267,5249,5,5,5,4,4,4,4,3,3,3
TCGA-BH-A18G-DX1_xmin16831_ymin497_MPP-0.2500+93[1000].png,6702,1312,1869,5428,2028,1842,3597,332,2482,4965,8,6,5,5,4,4,4,3,3,3
TCGA-BH-A18G-DX1_xmin16831_ymin497_MPP-0.2500+94[1000].png,6054,3209,6293,6595,7352,8165,4499,4160,7327,4112,5,5,4,4,4,4,4,4,4,4
TCGA-BH-A18G-DX1_xmin16831_ymin497_MPP-0.2500+95[1000].png,4817,186,7957,5023,5912,5872,3346,594,7880,2028,6,4,4,4,4,4,4,4,4,4
TCGA-BH-A18G-DX1_xmin16831_ymin497_MPP-0.2500+97[1000].png,1842,2666,5133,5872,2870,6892,7694,5604,7540,6121,8,6,5,5,5,4,4,4,4,4
TCGA-BH-A18V-DX1_xmin50030_ymin48454_MPP-0.2500+102[1000].png,2780,7695,4250,1836,2308,7647,6711,5097,5428,5555,6,5,5,5,4,4,4,4,4,4
TCGA-BH-A18V-DX1_xmin50030_ymin48454_MPP-0.2500+103[1000].png,3230,7539,5780,7134,335,898,7089,6652,7165,915,6,6,5,5,5,4,4,4,4,4
TCGA-BH-A18V-DX1_xmin50030_ymin48454_MPP-0.2500+104[1000].png,4817,8081,3527,8148,1813,6227,6919,3088,5834,4642,6,5,5,4,4,4,4,4,4,4
TCGA-BH-A18V-DX1_xmin50030_ymin48454_MPP-0.2500+105[1000].png,7733,5754,2308,3469,7450,1463,5780,5094,124,7694,6,5,5,4,4,4,4,4,3,3
TCGA-BH-A18V-DX1_xmin50030_ymin48454_MPP-0.2500+116[1000].png,6137,1682,2267,4419,3526,6702,3088,8066,1203,7828,5,4,4,4,4,4,4,4,4,4
TCGA-BH-A18V-DX1_xmin50030_ymin48454_MPP-0.2500+117[1000].png,5039,1842,7694,1813,4693,1682,3526,4080,4774,3836,6,5,5,4,4,4,4,4,4,4
TCGA-BH-A18V-DX1_xmin50030_ymin48454_MPP-0.2500+118[1000].png,1682,8081,7337,8144,7134,3088,4859,2308,7695,7733,5,5,4,4,4,4,4,4,4,4
TCGA-BH-A18V-DX1_xmin50030_ymin48454_MPP-0.2500+11[1000].png,7694,3637,131,3088,4259,2967,267,6248,5171,840,5,5,5,5,5,4,4,4,4,4
TCGA-BH-A18V-DX1_xmin50030_ymin48454_MPP-0.2500+127[1000].png,3230,3388,2967,1682,6045,3365,1977,4259,5392,4711,6,5,5,5,5,4,4,4,4,4
TCGA-BH-A18V-DX1_xmin50030_ymin48454_MPP-0.2500+128[1000].png,6724,3088,389,1836,5780,1357,215,7189,6480,836,7,7,5,5,5,5,5,4,4,4
TCGA-BH-A18V-DX1_xmin50030_ymin48454_MPP-0.2500+12[1000].png,7134,4711,4447,7895,5842,5797,1977,1857,8148,4250,7,5,5,5,5,5,4,4,4,4
TCGA-BH-A18V-DX1_xmin50030_ymin48454_MPP-0.2500+130[1000].png,4817,7089,1682,1322,6045,5780,2994,267,6137,3526,10,5,5,4,4,4,4,4,4,4
TCGA-BH-A18V-DX1_xmin50030_ymin48454_MPP-0.2500+131[1000].png,7189,1109,7880,2194,915,8081,1813,2043,7589,5780,6,6,5,5,5,4,4,4,4,4
TCGA-BH-A18V-DX1_xmin50030_ymin48454_MPP-0.2500+132[1000].png,3088,154,7695,267,516,7501,4711,2903,6321,4376,5,4,4,4,4,4,4,4,4,4
TCGA-BH-A18V-DX1_xmin50030_ymin48454_MPP-0.2500+133[1000].png,3088,4436,8081,6809,5039,2903,7733,1375,5171,162,5,5,5,4,4,4,4,4,4,4
TCGA-BH-A18V-DX1_xmin50030_ymin48454_MPP-0.2500+134[1000].png,3088,6137,5780,3526,131,836,826,4711,3209,3247,5,5,4,4,4,4,4,4,4,4
TCGA-BH-A18V-DX1_xmin50030_ymin48454_MPP-0.2500+137[1000].png,1813,3088,2336,6869,3526,6657,3619,6219,5763,1775,6,5,5,4,4,4,4,4,4,4
TCGA-BH-A18V-DX1_xmin50030_ymin48454_MPP-0.2500+13[1000].png,840,4711,1977,7694,3088,8016,4259,2308,5097,5780,7,6,5,5,5,4,4,4,4,4
TCGA-BH-A18V-DX1_xmin50030_ymin48454_MPP-0.2500+142[1000].png,4080,1813,34,5971,4480,3729,4911,6960,5563,3088,5,5,5,5,5,4,4,4,4,4
TCGA-BH-A18V-DX1_xmin50030_ymin48454_MPP-0.2500+143[1000].png,3088,5834,131,7165,7024,1829,1150,2717,915,3209,11,6,5,5,5,4,4,4,4,4
TCGA-BH-A18V-DX1_xmin50030_ymin48454_MPP-0.2500+144[1000].png,3230,1813,3836,6615,7694,5611,4430,2028,5392,5277,6,5,5,5,4,4,4,4,4,4
TCGA-BH-A18V-DX1_xmin50030_ymin48454_MPP-0.2500+145[1000].png,335,1682,7694,254,2308,7549,4278,7337,5780,7134,6,5,5,5,4,4,4,4,4,4
TCGA-BH-A18V-DX1_xmin50030_ymin48454_MPP-0.2500+146[1000].png,5780,7024,3209,5428,2870,4775,4194,2330,6054,6219,6,5,5,5,4,4,4,4,4,4
TCGA-BH-A18V-DX1_xmin50030_ymin48454_MPP-0.2500+147[1000].png,3088,1977,1157,3526,7695,6321,7485,2326,1375,5213,8,7,5,5,5,5,4,4,4,4
TCGA-BH-A18V-DX1_xmin50030_ymin48454_MPP-0.2500+148[1000].png,3088,3526,2249,1682,44,1356,2766,6657,1001,124,5,5,5,4,4,4,4,4,4,4
TCGA-BH-A18V-DX1_xmin50030_ymin48454_MPP-0.2500+149[1000].png,7948,3526,6807,4259,1842,1794,3209,4911,237,5780,5,5,5,5,5,5,4,4,4,4
TCGA-BH-A18V-DX1_xmin50030_ymin48454_MPP-0.2500+14[1000].png,1842,1218,3230,44,1001,335,6724,2336,3088,3618,7,6,6,6,5,5,5,5,5,4
TCGA-BH-A18V-DX1_xmin50030_ymin48454_MPP-0.2500+150[1000].png,5023,7694,2493,4711,6321,4376,3189,7695,8110,124,5,5,5,5,5,5,4,4,4,4
TCGA-BH-A18V-DX1_xmin50030_ymin48454_MPP-0.2500+151[1000].png,2308,2666,4817,3526,131,371,2021,145,335,4642,5,5,5,5,5,4,4,4,4,4
TCGA-BH-A18V-DX1_xmin50030_ymin48454_MPP-0.2500+158[1000].png,5555,384,3708,215,3230,5065,804,1375,1508,5702,4,4,4,4,4,4,4,4,4,4
TCGA-BH-A18V-DX1_xmin50030_ymin48454_MPP-0.2500+159[1000].png,1842,4817,1375,3088,7450,1460,2336,3526,7695,2281,5,4,4,4,4,4,4,4,4,4
TCGA-BH-A18V-DX1_xmin50030_ymin48454_MPP-0.2500+15[1000].png,8081,2967,5097,267,7089,6807,2031,2405,3429,3500,6,5,5,5,5,4,4,4,4,4
TCGA-BH-A18V-DX1_xmin50030_ymin48454_MPP-0.2500+160[1000].png,267,3209,7485,7024,4080,7733,1297,44,1602,1682,6,5,5,5,4,4,4,4,4,4
TCGA-BH-A18V-DX1_xmin50030_ymin48454_MPP-0.2500+161[1000].png,5433,4100,7165,5780,1297,8081,6902,2336,215,3708,5,5,4,4,4,4,4,4,4,4
TCGA-BH-A18V-DX1_xmin50030_ymin48454_MPP-0.2500+162[1000].png,4711,3088,3021,1312,2021,5937,3209,2870,5780,4965,8,5,5,4,4,4,4,4,4,4
TCGA-BH-A18V-DX1_xmin50030_ymin48454_MPP-0.2500+163[1000].png,4817,4711,3836,2021,2430,2686,5780,8081,145,915,6,6,6,5,5,4,4,4,4,4
TCGA-BH-A18V-DX1_xmin50030_ymin48454_MPP-0.2500+164[1000].png,4250,5780,1813,1001,7647,3961,4259,6931,4160,1373,5,5,5,4,4,4,4,4,4,4
TCGA-BH-A18V-DX1_xmin50030_ymin48454_MPP-0.2500+165[1000].png,1357,5780,3836,6388,5611,3230,6227,7733,6702,4711,8,6,6,5,5,5,5,5,5,4
TCGA-BH-A18V-DX1_xmin50030_ymin48454_MPP-0.2500+168[1000].png,4711,5780,1836,6480,3209,2870,5797,3093,3728,2028,5,5,4,4,4,4,4,4,4,4
TCGA-BH-A18V-DX1_xmin50030_ymin48454_MPP-0.2500+16[1000].png,331,3088,3527,3526,4250,4817,3836,1356,4376,7612,5,5,5,5,5,5,5,4,4,4
TCGA-BH-A18V-DX1_xmin50030_ymin48454_MPP-0.2500+175[1000].png,7948,3000,5780,5716,830,7189,3021,1846,1312,6960,5,5,5,5,5,4,4,4,4,4
TCGA-BH-A18V-DX1_xmin50030_ymin48454_MPP-0.2500+176[1000].png,3230,2903,8066,1203,44,8148,4817,7032,3088,4080,5,5,5,4,4,4,4,4,4,4
TCGA-BH-A18V-DX1_xmin50030_ymin48454_MPP-0.2500+177[1000].png,4430,3088,5686,4436,4311,5490,4711,6217,186,1842,7,6,5,4,4,4,4,4,4,4
TCGA-BH-A18V-DX1_xmin50030_ymin48454_MPP-0.2500+17[1000].png,3088,5834,5203,3823,594,1836,4911,2228,1355,4430,6,6,6,5,4,4,4,4,4,4
TCGA-BH-A18V-DX1_xmin50030_ymin48454_MPP-0.2500+183[1000].png,2651,8081,4691,1813,2780,7134,808,6226,4160,4447,5,5,5,5,4,4,4,4,4,4
TCGA-BH-A18V-DX1_xmin50030_ymin48454_MPP-0.2500+185[1000].png,44,1357,5007,335,5238,5047,6502,5797,6265,124,6,5,5,4,4,4,4,4,4,4
TCGA-BH-A18V-DX1_xmin50030_ymin48454_MPP-0.2500+18[1000].png,3209,7089,3044,1775,601,7175,7189,8081,915,1508,5,5,5,5,5,5,4,4,4,4
TCGA-BH-A18V-DX1_xmin50030_ymin48454_MPP-0.2500+198[1000].png,4376,1842,3199,1813,5023,331,5780,2336,3230,2780,6,5,5,5,5,4,4,4,4,4
TCGA-BH-A18V-DX1_xmin50030_ymin48454_MPP-0.2500+219[1000].png,7024,7895,4711,4693,2994,4250,915,2308,1716,6964,5,5,5,4,4,4,4,4,4,4
TCGA-BH-A18V-DX1_xmin50030_ymin48454_MPP-0.2500+220[1000].png,4817,3209,7377,7222,331,7694,3526,216,5763,6226,5,5,4,4,4,4,4,4,4,3
TCGA-BH-A18V-DX1_xmin50030_ymin48454_MPP-0.2500+221[1000].png,7134,2666,3088,7694,5797,8081,6394,4160,2977,7119,6,5,5,4,4,4,4,4,4,3
TCGA-BH-A18V-DX1_xmin50030_ymin48454_MPP-0.2500+222[1000].png,6657,3088,3836,4711,2336,2686,915,7165,6219,215,6,6,5,5,5,4,4,4,4,4
TCGA-BH-A18V-DX1_xmin50030_ymin48454_MPP-0.2500+223[1000].png,4160,2336,3230,44,3088,2493,6795,352,5302,131,6,6,5,4,4,4,4,4,4,4
TCGA-BH-A18V-DX1_xmin50030_ymin48454_MPP-0.2500+224[1000].png,5797,915,4430,2780,1312,1499,2336,7165,4968,3889,7,6,5,5,5,4,4,4,4,4
TCGA-BH-A18V-DX1_xmin50030_ymin48454_MPP-0.2500+229[1000].png,1357,131,3088,1297,2336,2308,5799,6966,516,145,6,5,5,5,5,5,4,4,4,4
TCGA-BH-A18V-DX1_xmin50030_ymin48454_MPP-0.2500+230[1000].png,7089,2876,7129,7694,7733,3836,7957,3675,2267,7175,6,6,5,5,5,5,4,4,4,4
TCGA-BH-A18V-DX1_xmin50030_ymin48454_MPP-0.2500+231[1000].png,145,4250,5717,7899,1515,6628,6652,5620,1375,2223,6,5,5,4,4,4,4,4,4,4
TCGA-BH-A18V-DX1_xmin50030_ymin48454_MPP-0.2500+232[1000].png,5999,6131,5810,4430,215,3527,6045,662,145,3442,6,6,5,5,5,4,4,4,4,4
TCGA-BH-A18V-DX1_xmin50030_ymin48454_MPP-0.2500+233[1000].png,7165,1280,335,6905,2967,1869,4194,7377,5428,7969,5,5,5,4,4,4,4,4,4,4
TCGA-BH-A18V-DX1_xmin50030_ymin48454_MPP-0.2500+234[1000].png,3088,4430,4711,4622,3000,7880,3489,281,4340,4247,8,7,6,5,5,5,4,4,4,4
TCGA-BH-A18V-DX1_xmin50030_ymin48454_MPP-0.2500+235[1000].png,1842,4817,131,915,2083,7916,7212,988,7189,6628,6,6,5,5,5,5,4,4,4,4
TCGA-BH-A18V-DX1_xmin50030_ymin48454_MPP-0.2500+236[1000].png,5797,8110,8081,267,3044,5999,124,6702,3836,7880,6,5,4,4,4,4,4,4,4,4
TCGA-BH-A18V-DX1_xmin50030_ymin48454_MPP-0.2500+237[1000].png,7189,5194,1682,2028,6321,5999,468,6724,130,4311,6,5,5,5,4,4,4,4,4,4
TCGA-BH-A18V-DX1_xmin50030_ymin48454_MPP-0.2500+238[1000].png,1320,4817,4711,3526,1842,601,3088,4436,1312,4430,5,5,5,5,5,5,4,4,4,4
TCGA-BH-A18V-DX1_xmin50030_ymin48454_MPP-0.2500+23[1000].png,3209,3836,7391,3088,4311,7016,516,7880,3817,5600,5,5,5,4,4,4,4,4,3,3
TCGA-BH-A18V-DX1_xmin50030_ymin48454_MPP-0.2500+275[1000].png,8081,7007,1357,7599,3836,267,44,6869,1967,2977,6,5,5,4,4,4,4,4,4,4
TCGA-BH-A18V-DX1_xmin50030_ymin48454_MPP-0.2500+28[1000].png,7950,5780,44,4711,2028,5717,3088,7948,389,516,5,5,5,5,5,4,4,4,4,4
TCGA-BH-A18V-DX1_xmin50030_ymin48454_MPP-0.2500+30[1000].png,7733,8081,1836,3230,1440,5937,131,3088,1357,1977,6,5,5,5,4,4,4,4,4,4
TCGA-BH-A18V-DX1_xmin50030_ymin48454_MPP-0.2500+31[1000].png,3088,145,2903,2430,2870,781,6595,4250,7442,7501,6,5,5,4,4,4,4,4,4,4
TCGA-BH-A18V-DX1_xmin50030_ymin48454_MPP-0.2500+43[1000].png,215,4311,1297,3088,145,4199,898,162,3204,6964,5,4,4,4,4,4,3,3,3,3
TCGA-BH-A18V-DX1_xmin50030_ymin48454_MPP-0.2500+44[1000].png,4711,5797,145,3088,3230,5302,3209,267,2812,3858,8,7,6,5,4,4,4,4,4,4
TCGA-BH-A18V-DX1_xmin50030_ymin48454_MPP-0.2500+47[1000].png,5515,1842,3088,2870,8066,1813,7695,6702,1830,8014,7,6,6,5,5,4,4,4,4,4
TCGA-BH-A18V-DX1_xmin50030_ymin48454_MPP-0.2500+57[1000].png,7400,2308,5780,4376,4693,7869,335,3088,4711,1842,5,4,4,4,4,4,4,4,4,4
TCGA-BH-A18V-DX1_xmin50030_ymin48454_MPP-0.2500+58[1000].png,6227,4711,3114,1813,145,781,7134,3044,7089,2766,6,4,4,4,4,4,4,4,4,4
TCGA-BH-A18V-DX1_xmin50030_ymin48454_MPP-0.2500+59[1000].png,2083,5999,2308,3836,7032,3230,5913,3209,1356,6276,6,5,5,5,4,4,4,4,4,4
TCGA-BH-A18V-DX1_xmin50030_ymin48454_MPP-0.2500+5[1000].png,3088,5735,1842,7089,8081,4817,145,5947,2021,144,8,5,5,5,4,4,4,3,3,3
TCGA-BH-A18V-DX1_xmin50030_ymin48454_MPP-0.2500+60[1000].png,4711,516,7869,6678,8066,1312,6808,7948,8081,5797,7,7,6,6,6,5,4,4,4,3
TCGA-BH-A18V-DX1_xmin50030_ymin48454_MPP-0.2500+61[1000].png,5999,3908,1842,7175,267,2870,371,4194,2477,44,6,6,5,5,5,5,5,4,4,4
TCGA-BH-A18V-DX1_xmin50030_ymin48454_MPP-0.2500+62[1000].png,2308,5780,7957,215,2028,44,3526,4286,6808,7165,5,5,5,5,5,5,5,4,4,4
TCGA-BH-A18V-DX1_xmin50030_ymin48454_MPP-0.2500+63[1000].png,1357,2870,2197,6724,1586,2919,8101,6628,2028,4711,8,5,5,5,4,4,4,4,4,4
TCGA-BH-A18V-DX1_xmin50030_ymin48454_MPP-0.2500+6[1000].png,3836,331,4311,6829,4259,1813,2903,3626,4196,697,7,6,5,4,4,4,4,4,4,4
TCGA-BH-A18V-DX1_xmin50030_ymin48454_MPP-0.2500+71[1000].png,2308,4711,5780,6137,5392,2028,3088,7269,2493,6678,5,5,5,4,4,4,4,4,4,4
TCGA-BH-A18V-DX1_xmin50030_ymin48454_MPP-0.2500+72[1000].png,1842,1297,453,612,7134,8110,4622,5872,267,4606,6,5,5,5,5,5,4,4,4,4
TCGA-BH-A18V-DX1_xmin50030_ymin48454_MPP-0.2500+73[1000].png,2870,1312,1357,4250,1813,1842,6655,6892,4908,3836,6,5,5,5,5,5,4,4,4,4
TCGA-BH-A18V-DX1_xmin50030_ymin48454_MPP-0.2500+74[1000].png,3088,2308,7549,4430,7189,1320,2651,6121,2685,5854,8,5,5,4,4,4,4,4,4,3
TCGA-BH-A18V-DX1_xmin50030_ymin48454_MPP-0.2500+75[1000].png,7175,44,6121,2018,6502,7895,7937,1508,4080,3836,7,6,6,5,4,4,4,4,4,4
TCGA-BH-A18V-DX1_xmin50030_ymin48454_MPP-0.2500+86[1000].png,3088,4290,453,6227,4911,3209,5780,1652,1413,3526,7,6,5,5,4,4,4,4,4,4
TCGA-BH-A18V-DX1_xmin50030_ymin48454_MPP-0.2500+88[1000].png,1842,1682,3088,7733,1297,7694,2278,5392,4340,3708,6,6,6,5,5,5,4,4,4,4
TCGA-BH-A18V-DX1_xmin50030_ymin48454_MPP-0.2500+89[1000].png,7089,1977,5163,5763,2588,1297,7695,7400,2308,5388,5,5,5,4,4,4,4,4,4,4
TCGA-BH-A18V-DX1_xmin50030_ymin48454_MPP-0.2500+8[1000].png,3088,1297,1833,5999,1375,8081,1652,4309,2021,2359,6,6,5,4,4,4,4,4,4,4
TCGA-BH-A18V-DX1_xmin50030_ymin48454_MPP-0.2500+90[1000].png,3088,594,8081,5097,1508,3230,4711,8073,7568,4259,6,4,4,4,4,4,4,4,4,4
TCGA-BH-A1EW-DX1_xmin66752_ymin42706_MPP-0.2500+182[1000].png,6702,836,3527,4112,7450,3836,7189,7733,2336,5007,6,6,5,5,5,5,5,5,5,4
TCGA-BH-A1EW-DX1_xmin66752_ymin42706_MPP-0.2500+18[1000].png,1842,4711,5810,3836,331,3349,7589,3369,2308,6807,7,5,5,4,4,4,4,4,4,4
TCGA-BH-A1EW-DX1_xmin66752_ymin42706_MPP-0.2500+218[1000].png,808,1836,2967,1297,7733,7604,4100,3356,7024,3442,6,6,5,5,5,4,4,4,4,4
TCGA-BH-A1EW-DX1_xmin66752_ymin42706_MPP-0.2500+4[1000].png,1297,4817,7647,3088,7165,3469,7895,7695,4642,3986,6,6,5,5,5,5,5,5,4,4
TCGA-BH-A1EW-DX1_xmin66752_ymin42706_MPP-0.2500+5[1000].png,4160,131,3088,2430,3209,2308,5235,1373,6219,4205,9,5,5,5,4,4,4,4,4,4
TCGA-BH-A1EW-DX1_xmin66752_ymin42706_MPP-0.2500+7[1000].png,2766,5912,352,840,3889,3296,44,6766,7165,1932,6,5,5,5,4,4,4,4,4,4
TCGA-BH-A1EW-DX1_xmin66752_ymin42706_MPP-0.2500+99[1000].png,7134,7222,4711,1836,7549,935,5735,5097,1204,808,6,5,4,4,4,4,4,4,4,4
TCGA-BH-A1F6-DX1_xmin53806_ymin49901_MPP-0.2500+12[1000].png,1842,6222,4311,1794,5097,7249,4430,1869,8148,7694,7,5,5,5,5,5,5,4,4,4
TCGA-BH-A1F6-DX1_xmin53806_ymin49901_MPP-0.2500+13[1000].png,6902,1008,632,5780,4711,7694,1602,4108,6782,168,5,5,5,5,4,4,4,4,4,4
TCGA-BH-A1F6-DX1_xmin53806_ymin49901_MPP-0.2500+14[1000].png,6219,6226,8013,1008,4311,5810,6931,162,4251,6509,6,6,6,5,4,4,4,4,4,4
TCGA-BH-A1F6-DX1_xmin53806_ymin49901_MPP-0.2500+23[1000].png,4311,3849,836,124,6321,3526,1476,781,7357,5912,6,6,6,6,5,5,5,4,4,4
TCGA-BH-A1F6-DX1_xmin53806_ymin49901_MPP-0.2500+32[1000].png,6724,6795,1842,3088,7089,1813,958,4593,6264,6809,6,6,6,6,4,4,4,4,4,4
TCGA-BH-A1F6-DX1_xmin53806_ymin49901_MPP-0.2500+43[1000].png,6226,1716,7948,4322,1696,958,4198,7370,7895,3836,6,6,5,5,4,4,4,4,4,4
TCGA-BH-A1F6-DX1_xmin53806_ymin49901_MPP-0.2500+6[1000].png,958,6226,1696,5094,3088,4259,5561,3889,2226,3127,9,9,6,5,5,5,5,5,5,5
TCGA-BH-A1FC-DX1_xmin52216_ymin33355_MPP-0.2500+107[1000].png,3469,2841,3088,1811,898,4199,8165,2226,5603,4436,6,6,4,4,4,4,4,4,4,4
TCGA-BH-A1FC-DX1_xmin52216_ymin33355_MPP-0.2500+12[1000].png,7694,5912,1476,7549,2140,6795,4199,7880,7695,3127,5,4,4,4,4,4,4,3,3,3
TCGA-BH-A1FC-DX1_xmin52216_ymin33355_MPP-0.2500+13[1000].png,958,6045,3088,4250,3459,5872,2488,2226,5344,5937,6,6,6,5,5,5,4,4,4,4
TCGA-BH-A1FC-DX1_xmin52216_ymin33355_MPP-0.2500+18[1000].png,5428,5098,5611,6702,7899,3889,4143,5912,7175,2093,6,5,4,4,4,4,4,4,4,3
TCGA-BH-A1FC-DX1_xmin52216_ymin33355_MPP-0.2500+33[1000].png,3836,4311,958,6480,215,276,7212,6702,7738,7808,6,6,6,5,5,4,4,4,4,4
TCGA-BH-A1FC-DX1_xmin52216_ymin33355_MPP-0.2500+34[1000].png,958,5937,4559,7948,3870,582,6226,3477,5797,7189,7,7,6,5,5,5,4,4,4,4
TCGA-BH-A1FC-DX1_xmin52216_ymin33355_MPP-0.2500+35[1000].png,958,5428,331,6045,3088,3127,7733,2502,6048,7880,13,6,6,6,5,5,5,5,4,4
TCGA-BH-A1FC-DX1_xmin52216_ymin33355_MPP-0.2500+37[1000].png,958,3230,7694,6795,1813,4311,2043,781,216,6321,7,6,6,6,6,5,5,4,4,4
TCGA-BH-A1FC-DX1_xmin52216_ymin33355_MPP-0.2500+38[1000].png,8081,6226,915,6219,1357,2476,3526,7733,2666,3088,5,5,5,5,4,4,4,4,4,4
TCGA-BH-A1FC-DX1_xmin52216_ymin33355_MPP-0.2500+50[1000].png,958,5424,6782,1842,781,4817,1312,7175,6045,7880,6,6,5,5,5,5,4,4,4,4
TCGA-BH-A1FC-DX1_xmin52216_ymin33355_MPP-0.2500+61[1000].png,958,2336,2278,2960,3889,4311,453,216,3230,332,7,6,5,5,5,5,5,4,4,4
TCGA-BH-A1FC-DX1_xmin52216_ymin33355_MPP-0.2500+65[1000].png,1842,453,3870,7152,2278,2780,4711,1476,7222,7025,5,5,4,4,4,4,4,4,4,4
TCGA-BH-A1FC-DX1_xmin52216_ymin33355_MPP-0.2500+66[1000].png,4436,958,2308,1842,781,7824,368,2031,7948,5912,5,5,5,5,5,4,4,4,4,4
TCGA-BH-A1FC-DX1_xmin52216_ymin33355_MPP-0.2500+67[1000].png,1569,1373,6045,6966,5780,7175,7164,9,3088,1977,6,6,5,5,5,5,5,4,4,4
TCGA-BH-A1FC-DX1_xmin52216_ymin33355_MPP-0.2500+74[1000].png,6321,2226,6964,13,697,6795,6652,1476,6226,2043,6,5,5,4,4,4,4,4,4,4
TCGA-BH-A1FC-DX1_xmin52216_ymin33355_MPP-0.2500+75[1000].png,331,958,4436,3021,3127,3889,7224,6191,2198,5114,5,5,5,4,4,4,4,4,4,4
TCGA-BH-A1FC-DX1_xmin52216_ymin33355_MPP-0.2500+79[1000].png,958,6045,6720,145,4817,3088,2140,4859,7134,965,7,6,6,5,5,5,4,4,4,4
TCGA-BH-A1FC-DX1_xmin52216_ymin33355_MPP-0.2500+80[1000].png,4311,3088,7089,4559,1357,1008,168,935,4833,5810,6,5,4,4,4,4,4,4,4,4
TCGA-BH-A1FC-DX1_xmin52216_ymin33355_MPP-0.2500+84[1000].png,3088,515,7249,8148,4436,124,2226,4251,216,6321,6,5,5,5,5,5,5,5,5,5
TCGA-BH-A1FC-DX1_xmin52216_ymin33355_MPP-0.2500+85[1000].png,2841,898,958,5213,216,5842,516,1373,4311,130,6,6,5,5,5,5,4,4,4,4
TCGA-BH-A1FC-DX1_xmin52216_ymin33355_MPP-0.2500+86[1000].png,2043,5912,154,4911,5780,1696,7895,632,7175,3230,6,5,5,5,5,5,5,4,4,4
TCGA-BH-A1FC-DX1_xmin52216_ymin33355_MPP-0.2500+90[1000].png,7549,6045,4436,6808,4376,7694,1682,130,7175,3230,6,5,5,5,5,5,5,5,4,4
TCGA-BH-A1FC-DX1_xmin52216_ymin33355_MPP-0.2500+92[1000].png,6045,7134,781,5912,898,6657,5023,1624,6326,6226,5,5,5,4,4,4,4,4,4,4
TCGA-C8-A12V-DX1_xmin11056_ymin54401_MPP-0.2500+170[1000].png,4377,2756,335,4436,1813,4311,1373,898,958,2226,6,6,5,5,5,5,4,4,4,4
TCGA-C8-A12V-DX1_xmin11056_ymin54401_MPP-0.2500+171[1000].png,958,7948,4436,4377,1813,7869,2903,1613,5780,778,11,9,7,6,6,6,6,5,5,5
TCGA-C8-A12V-DX1_xmin11056_ymin54401_MPP-0.2500+186[1000].png,1813,2308,215,4911,7134,7948,5872,4817,4072,958,8,7,7,6,5,5,5,5,4,4
TCGA-C8-A12V-DX1_xmin11056_ymin54401_MPP-0.2500+187[1000].png,2043,7948,3526,1813,3088,5207,6321,4711,7733,162,9,8,7,6,6,6,5,5,5,5
TCGA-C8-A12V-DX1_xmin11056_ymin54401_MPP-0.2500+201[1000].png,958,4711,131,2043,5203,1813,5859,7392,3836,7880,8,8,7,6,5,5,4,4,4,4
TCGA-C8-A12V-DX1_xmin11056_ymin54401_MPP-0.2500+202[1000].png,4250,162,7024,1813,7948,8144,958,1569,3526,6045,6,6,6,6,5,5,5,5,5,5
TCGA-C8-A12V-DX1_xmin11056_ymin54401_MPP-0.2500+203[1000].png,7948,958,6226,5325,7337,2686,3971,1652,5834,331,8,7,6,6,5,5,5,4,4,4
TCGA-C8-A12V-DX1_xmin11056_ymin54401_MPP-0.2500+217[1000].png,958,7948,2903,1813,2308,2043,3088,4711,1298,8081,7,6,5,5,5,4,4,4,4,4
TCGA-C8-A12V-DX1_xmin11056_ymin54401_MPP-0.2500+218[1000].png,4311,7869,1813,958,4377,3597,389,145,591,3088,9,7,7,6,6,5,5,5,4,4
TCGA-C8-A12V-DX1_xmin11056_ymin54401_MPP-0.2500+219[1000].png,1813,215,6809,3209,4072,2043,5834,7819,7880,5712,7,5,5,5,5,5,4,4,4,4
TCGA-C8-A12V-DX1_xmin11056_ymin54401_MPP-0.2500+233[1000].png,1813,1842,5428,3088,5392,8101,7089,7895,5047,2292,7,6,4,4,4,4,4,4,4,4
TCGA-C8-A12V-DX1_xmin11056_ymin54401_MPP-0.2500+234[1000].png,3836,5872,215,7895,6121,8148,2903,553,1311,1846,6,5,5,5,5,4,4,4,4,4
TCGA-C8-A12V-DX1_xmin11056_ymin54401_MPP-0.2500+77[1000].png,1813,5810,6045,3088,6902,1652,7853,6905,3360,6321,13,6,5,5,5,5,5,4,4,4
TCGA-C8-A12V-DX1_xmin11056_ymin54401_MPP-0.2500+92[1000].png,4711,7249,1297,44,6192,5428,3088,5937,808,4311,6,6,5,5,5,5,4,4,4,4
TCGA-C8-A12V-DX1_xmin11056_ymin54401_MPP-0.2500+93[1000].png,1813,1682,4311,1836,215,3127,3889,468,3442,6265,6,6,5,5,4,4,4,4,4,3
TCGA-C8-A131-DX1_xmin43049_ymin10894_MPP-0.2500+0[1000].png,216,215,6995,1297,3836,1312,2115,1463,5065,389,6,5,4,4,4,4,4,4,4,4
TCGA-C8-A131-DX1_xmin43049_ymin10894_MPP-0.2500+10[1000].png,2028,1813,4250,7948,4606,2780,2666,958,5428,6807,6,6,5,5,5,4,4,4,4,3
TCGA-C8-A131-DX1_xmin43049_ymin10894_MPP-0.2500+11[1000].png,6190,5203,4559,7899,6702,6809,2308,4911,5797,1463,6,5,5,5,4,4,4,4,4,4
TCGA-C8-A131-DX1_xmin43049_ymin10894_MPP-0.2500+12[1000].png,1813,453,8110,2703,3127,215,7430,6321,3088,2330,6,5,5,5,4,4,4,4,4,4
TCGA-C8-A131-DX1_xmin43049_ymin10894_MPP-0.2500+13[1000].png,1813,4311,6619,2686,7694,4711,3365,6321,44,6799,8,6,5,5,4,4,4,4,4,4
TCGA-C8-A131-DX1_xmin43049_ymin10894_MPP-0.2500+14[1000].png,2903,3088,4311,215,3469,2043,7352,1813,958,7164,6,6,5,5,5,5,5,4,4,4
TCGA-C8-A131-DX1_xmin43049_ymin10894_MPP-0.2500+16[1000].png,6045,6931,453,6960,7948,958,4072,1476,4711,1696,8,6,5,5,5,5,5,5,4,4
TCGA-C8-A131-DX1_xmin43049_ymin10894_MPP-0.2500+17[1000].png,3088,4072,1842,7948,4286,778,6571,5097,6326,6269,6,6,5,5,4,4,4,4,4,4
TCGA-C8-A131-DX1_xmin43049_ymin10894_MPP-0.2500+18[1000].png,1842,2780,331,2666,3088,267,1813,1476,4377,7880,6,5,5,4,4,4,4,4,4,4
TCGA-C8-A131-DX1_xmin43049_ymin10894_MPP-0.2500+19[1000].png,7948,958,4311,5392,3836,2325,7869,267,2686,4711,7,6,5,5,4,4,4,4,4,4
TCGA-C8-A131-DX1_xmin43049_ymin10894_MPP-0.2500+1[1000].png,1813,1569,2278,781,7089,7948,958,5207,4377,1842,7,5,5,5,5,5,5,4,4,4
TCGA-C8-A131-DX1_xmin43049_ymin10894_MPP-0.2500+20[1000].png,1813,6321,2308,5163,3209,2028,958,6054,1842,237,8,6,6,5,5,5,5,4,4,4
TCGA-C8-A131-DX1_xmin43049_ymin10894_MPP-0.2500+21[1000].png,2903,6724,4376,3870,7400,4559,958,2326,2977,7899,5,5,4,4,4,4,4,4,4,4
TCGA-C8-A131-DX1_xmin43049_ymin10894_MPP-0.2500+22[1000].png,267,4606,2977,44,3299,1842,276,4950,145,5912,7,6,5,5,5,5,4,4,4,4
TCGA-C8-A131-DX1_xmin43049_ymin10894_MPP-0.2500+24[1000].png,1813,215,3088,332,958,2043,7549,4559,5999,1911,9,7,5,5,5,5,4,4,4,4
TCGA-C8-A131-DX1_xmin43049_ymin10894_MPP-0.2500+25[1000].png,958,2043,7028,8013,601,2482,7459,3088,4072,781,9,6,6,6,5,5,5,5,5,5
TCGA-C8-A131-DX1_xmin43049_ymin10894_MPP-0.2500+26[1000].png,2043,4072,4377,2686,958,2780,8110,4533,781,6388,7,6,6,5,5,5,4,4,4,4
TCGA-C8-A131-DX1_xmin43049_ymin10894_MPP-0.2500+27[1000].png,3088,7189,7249,3021,5585,6048,1297,389,6746,6045,5,5,5,4,4,4,4,4,4,4
TCGA-C8-A131-DX1_xmin43049_ymin10894_MPP-0.2500+28[1000].png,958,3626,3254,3088,2028,7024,1297,7089,3079,5023,5,5,4,4,4,4,4,4,4,4
TCGA-C8-A131-DX1_xmin43049_ymin10894_MPP-0.2500+29[1000].png,2686,3000,1476,352,2083,3230,686,7222,3021,44,7,6,6,5,5,4,4,4,4,4
TCGA-C8-A131-DX1_xmin43049_ymin10894_MPP-0.2500+2[1000].png,4817,332,1311,7880,3849,389,1297,6208,3836,7948,6,5,5,4,4,4,4,4,4,4
TCGA-C8-A131-DX1_xmin43049_ymin10894_MPP-0.2500+30[1000].png,7249,516,7948,915,840,390,453,6226,7876,5461,5,5,5,4,4,4,4,4,4,4
TCGA-C8-A131-DX1_xmin43049_ymin10894_MPP-0.2500+33[1000].png,2320,7459,4377,5100,7249,2780,3849,1869,3836,5207,8,8,6,6,5,5,5,5,4,4
TCGA-C8-A131-DX1_xmin43049_ymin10894_MPP-0.2500+34[1000].png,4711,4436,6321,3088,781,2330,3209,5213,8081,7337,8,6,6,6,5,5,5,4,4,4
TCGA-C8-A131-DX1_xmin43049_ymin10894_MPP-0.2500+35[1000].png,4436,6219,4559,4340,3527,1979,7948,2666,1297,915,7,5,4,4,4,4,4,4,4,4
TCGA-C8-A131-DX1_xmin43049_ymin10894_MPP-0.2500+36[1000].png,7649,2870,5490,7165,4436,4817,4150,4593,7164,6652,5,5,4,4,4,4,4,4,4,3
TCGA-C8-A131-DX1_xmin43049_ymin10894_MPP-0.2500+37[1000].png,828,7337,5047,4259,3500,1813,4711,2903,7695,2308,6,5,5,5,4,4,4,4,4,4
TCGA-C8-A131-DX1_xmin43049_ymin10894_MPP-0.2500+38[1000].png,3088,1813,332,6045,3637,4436,7249,3189,3585,7175,6,5,5,4,4,4,4,4,4,4
TCGA-C8-A131-DX1_xmin43049_ymin10894_MPP-0.2500+3[1000].png,5872,958,1813,6045,6190,3088,2997,8101,2870,8066,5,5,5,4,4,4,4,4,4,4
TCGA-C8-A131-DX1_xmin43049_ymin10894_MPP-0.2500+43[1000].png,958,3088,1813,2666,4377,4376,4072,2326,898,5717,7,7,5,4,4,4,4,4,4,4
TCGA-C8-A131-DX1_xmin43049_ymin10894_MPP-0.2500+44[1000].png,1842,958,1813,6054,7899,8081,4311,4497,5999,616,8,7,5,5,4,4,4,4,4,4
TCGA-C8-A131-DX1_xmin43049_ymin10894_MPP-0.2500+45[1000].png,1476,2308,1977,2043,4001,4559,7249,6226,3230,297,6,5,5,5,5,5,4,4,4,4
TCGA-C8-A131-DX1_xmin43049_ymin10894_MPP-0.2500+46[1000].png,2990,2870,5937,5999,6782,3088,3870,2666,2957,2703,6,6,4,4,4,4,4,4,4,4
TCGA-C8-A131-DX1_xmin43049_ymin10894_MPP-0.2500+4[1000].png,4817,1813,958,5203,2308,6045,3961,2990,8148,7212,7,6,6,5,5,4,4,4,4,4
TCGA-C8-A131-DX1_xmin43049_ymin10894_MPP-0.2500+51[1000].png,6931,3961,5023,6045,1460,1463,5937,650,1218,3088,5,5,4,4,4,4,4,4,4,4
TCGA-C8-A131-DX1_xmin43049_ymin10894_MPP-0.2500+52[1000].png,7948,1813,1911,958,4559,3526,7249,5973,6321,2226,9,7,6,5,5,5,5,5,4,4
TCGA-C8-A131-DX1_xmin43049_ymin10894_MPP-0.2500+54[1000].png,958,2686,7948,7089,1813,7337,1624,4072,5392,6658,7,7,7,6,5,5,5,4,4,4
TCGA-C8-A131-DX1_xmin43049_ymin10894_MPP-0.2500+5[1000].png,7948,7733,1813,693,5450,6931,6306,1373,6054,4072,6,5,5,5,4,4,4,4,4,4
TCGA-C8-A131-DX1_xmin43049_ymin10894_MPP-0.2500+61[1000].png,7948,3526,6265,7604,5235,6869,1476,7189,3200,4559,6,6,4,4,4,4,4,4,4,4
TCGA-C8-A131-DX1_xmin43049_ymin10894_MPP-0.2500+65[1000].png,2666,2686,331,6782,297,1813,3088,4311,2903,7698,6,5,5,5,5,5,5,5,5,4
TCGA-C8-A131-DX1_xmin43049_ymin10894_MPP-0.2500+6[1000].png,958,3526,5392,1813,5235,5708,7694,215,44,2043,9,6,5,5,5,4,4,4,4,4
TCGA-C8-A131-DX1_xmin43049_ymin10894_MPP-0.2500+8[1000].png,958,3088,5433,828,216,2903,331,6321,7028,6045,7,7,5,5,5,5,5,4,4,4
TCGA-C8-A131-DX1_xmin43049_ymin10894_MPP-0.2500+9[1000].png,1813,7189,5039,3729,7941,2359,3208,5428,1846,5023,6,5,5,5,4,4,4,4,4,4
TCGA-C8-A1HJ-DX1_xmin46412_ymin17174_MPP-0.2500+101[1000].png,6045,7916,7189,390,7807,6054,1842,4311,215,7249,6,5,5,5,4,4,4,4,4,4
TCGA-C8-A1HJ-DX1_xmin46412_ymin17174_MPP-0.2500+107[1000].png,1373,5428,1813,3088,331,186,8013,131,7249,3619,6,6,6,5,5,5,5,5,5,4
TCGA-C8-A1HJ-DX1_xmin46412_ymin17174_MPP-0.2500+112[1000].png,958,7880,5603,2336,1911,697,4559,2237,130,2009,8,6,5,5,5,4,4,4,4,4
TCGA-C8-A1HJ-DX1_xmin46412_ymin17174_MPP-0.2500+118[1000].png,1813,5392,6045,6809,516,7076,1569,7175,3971,7647,8,5,4,4,4,4,4,4,4,4
TCGA-C8-A1HJ-DX1_xmin46412_ymin17174_MPP-0.2500+119[1000].png,2903,4774,6054,958,5428,7101,6571,4711,5392,4377,6,5,5,5,4,4,4,4,4,4
TCGA-C8-A1HJ-DX1_xmin46412_ymin17174_MPP-0.2500+120[1000].png,215,3836,1767,2686,4725,3200,1476,3000,3088,836,7,6,5,5,4,4,4,4,4,4
TCGA-C8-A1HJ-DX1_xmin46412_ymin17174_MPP-0.2500+123[1000].png,2686,1297,1911,6306,7392,3526,5999,662,1967,1905,5,5,5,5,5,5,5,4,4,4
TCGA-C8-A1HJ-DX1_xmin46412_ymin17174_MPP-0.2500+124[1000].png,1813,3527,958,836,1571,3088,4711,267,5023,840,7,6,6,5,5,4,4,4,4,4
TCGA-C8-A1HJ-DX1_xmin46412_ymin17174_MPP-0.2500+125[1000].png,3526,1813,4376,211,5039,1042,3230,2903,5996,1312,5,5,5,4,4,4,4,4,4,4
TCGA-C8-A1HJ-DX1_xmin46412_ymin17174_MPP-0.2500+126[1000].png,2967,582,3088,2308,1476,7880,5047,3619,7819,4100,6,5,5,5,5,4,4,4,4,4
TCGA-C8-A1HJ-DX1_xmin46412_ymin17174_MPP-0.2500+127[1000].png,7819,2308,1297,1813,7442,2493,267,5163,256,215,5,5,5,5,5,4,4,4,4,4
TCGA-C8-A1HJ-DX1_xmin46412_ymin17174_MPP-0.2500+131[1000].png,1813,6054,3526,5912,2870,5780,390,5872,898,2903,7,6,6,5,4,4,4,4,4,4
TCGA-C8-A1HJ-DX1_xmin46412_ymin17174_MPP-0.2500+133[1000].png,7549,3000,5097,1652,4968,7733,7695,3088,4492,6190,5,5,5,5,5,5,5,4,4,4
TCGA-C8-A1HJ-DX1_xmin46412_ymin17174_MPP-0.2500+134[1000].png,1813,7089,215,6321,1654,781,332,3088,6054,8013,6,6,5,5,5,5,5,5,4,4
TCGA-C8-A1HJ-DX1_xmin46412_ymin17174_MPP-0.2500+135[1000].png,3209,267,2903,5716,6795,1235,2977,4447,7501,215,5,5,5,4,4,4,4,4,4,4
TCGA-C8-A1HJ-DX1_xmin46412_ymin17174_MPP-0.2500+136[1000].png,1813,3526,958,3088,693,4559,3209,8101,7065,4311,6,5,5,5,4,4,4,4,4,4
TCGA-C8-A1HJ-DX1_xmin46412_ymin17174_MPP-0.2500+137[1000].png,958,6795,5741,8101,3526,2028,7819,840,4436,2043,7,6,6,5,5,5,4,4,4,4
TCGA-C8-A1HJ-DX1_xmin46412_ymin17174_MPP-0.2500+138[1000].png,3901,390,582,7899,2359,958,2756,840,6045,1813,5,5,5,5,5,5,5,4,4,4
TCGA-C8-A1HJ-DX1_xmin46412_ymin17174_MPP-0.2500+139[1000].png,215,958,7948,6902,7694,8148,3230,6809,2043,1842,7,6,5,5,5,4,4,4,4,4
TCGA-C8-A1HJ-DX1_xmin46412_ymin17174_MPP-0.2500+144[1000].png,215,3477,3088,7450,131,6045,4322,7880,153,794,6,6,6,5,5,5,4,4,4,4
TCGA-C8-A1HJ-DX1_xmin46412_ymin17174_MPP-0.2500+145[1000].png,2157,1813,6321,2083,1652,3088,4436,1569,4322,131,5,5,5,5,5,5,4,4,4,4
TCGA-C8-A1HJ-DX1_xmin46412_ymin17174_MPP-0.2500+146[1000].png,1813,130,915,781,4691,390,5999,4817,3477,2043,5,5,5,5,5,5,5,4,4,4
TCGA-C8-A1HJ-DX1_xmin46412_ymin17174_MPP-0.2500+147[1000].png,7948,4072,1813,1911,6045,215,1476,145,5207,168,8,7,6,6,5,5,5,5,5,5
TCGA-C8-A1HJ-DX1_xmin46412_ymin17174_MPP-0.2500+148[1000].png,2686,1813,958,1911,4072,7948,7880,4965,7249,4112,8,8,7,7,6,6,4,4,4,4
TCGA-C8-A1HJ-DX1_xmin46412_ymin17174_MPP-0.2500+149[1000].png,1813,8081,2226,958,7819,5428,915,7808,2686,4430,7,6,5,5,5,5,4,4,4,4
TCGA-C8-A1HJ-DX1_xmin46412_ymin17174_MPP-0.2500+150[1000].png,958,3127,2308,4072,1813,453,697,2666,215,5207,7,7,7,6,5,5,5,5,5,4
TCGA-C8-A1HJ-DX1_xmin46412_ymin17174_MPP-0.2500+158[1000].png,1813,958,4377,6045,1652,6054,7149,2083,7819,1613,13,6,6,5,5,4,4,4,4,4
TCGA-C8-A1HJ-DX1_xmin46412_ymin17174_MPP-0.2500+159[1000].png,390,7948,1813,5428,7249,1652,215,6619,7819,7337,6,6,6,6,5,5,4,4,4,4
TCGA-C8-A1HJ-DX1_xmin46412_ymin17174_MPP-0.2500+160[1000].png,215,1813,6157,7249,4436,958,5881,1862,8110,4972,7,7,5,5,5,5,4,4,4,4
TCGA-C8-A1HJ-DX1_xmin46412_ymin17174_MPP-0.2500+171[1000].png,4377,1813,4711,7819,5741,6226,2977,4606,6720,2686,7,7,5,5,4,4,4,4,4,4
TCGA-C8-A1HJ-DX1_xmin46412_ymin17174_MPP-0.2500+174[1000].png,1813,8081,6306,3088,7948,982,215,5561,5454,2686,6,5,5,5,5,5,4,4,4,4
TCGA-C8-A1HJ-DX1_xmin46412_ymin17174_MPP-0.2500+185[1000].png,4711,1476,7152,215,1869,6045,2870,2028,6869,1652,8,6,6,6,5,5,5,4,4,4
TCGA-C8-A1HJ-DX1_xmin46412_ymin17174_MPP-0.2500+186[1000].png,1476,215,2308,4377,7733,6795,4072,3526,1813,1384,8,6,5,5,5,5,4,4,4,4
TCGA-C8-A1HJ-DX1_xmin46412_ymin17174_MPP-0.2500+18[1000].png,1813,781,1911,2588,7134,5098,3597,5433,6045,601,9,5,5,5,4,4,4,4,4,4
TCGA-C8-A1HJ-DX1_xmin46412_ymin17174_MPP-0.2500+29[1000].png,3442,958,3526,6054,1813,4436,6724,6045,7694,3908,8,8,7,7,6,6,5,5,5,5
TCGA-C8-A1HJ-DX1_xmin46412_ymin17174_MPP-0.2500+40[1000].png,1813,2686,4436,4100,4259,7694,1270,4419,5561,4711,9,6,5,5,4,4,4,4,4,4
TCGA-C8-A1HJ-DX1_xmin46412_ymin17174_MPP-0.2500+50[1000].png,7694,6045,1476,2226,475,6226,5611,4340,5099,3823,6,5,5,5,4,4,4,4,4,4
TCGA-C8-A1HJ-DX1_xmin46412_ymin17174_MPP-0.2500+51[1000].png,7189,1813,215,4072,389,7612,2686,7948,6809,6306,7,7,6,5,5,5,5,5,4,4
TCGA-C8-A1HJ-DX1_xmin46412_ymin17174_MPP-0.2500+60[1000].png,7694,1813,3088,7249,958,5392,4430,697,215,2841,7,7,7,6,6,5,4,4,4,4
TCGA-C8-A1HJ-DX1_xmin46412_ymin17174_MPP-0.2500+61[1000].png,958,7189,6226,7733,5780,1476,6702,4436,215,2686,6,5,4,4,4,4,4,4,4,4
TCGA-C8-A1HJ-DX1_xmin46412_ymin17174_MPP-0.2500+6[1000].png,4430,836,6045,1813,4559,5937,7869,6809,5094,4377,5,5,5,5,4,4,4,4,4,4
TCGA-C8-A1HJ-DX1_xmin46412_ymin17174_MPP-0.2500+70[1000].png,7459,453,215,958,7948,7674,1373,1476,2602,2780,10,7,7,6,6,5,5,5,5,4
TCGA-C8-A1HJ-DX1_xmin46412_ymin17174_MPP-0.2500+71[1000].png,1813,836,3836,5433,958,4711,8013,7694,3901,1418,9,7,6,5,5,5,5,5,4,4
TCGA-C8-A1HJ-DX1_xmin46412_ymin17174_MPP-0.2500+7[1000].png,4711,4965,5561,4559,7337,1682,4436,3044,6931,697,7,5,5,5,5,5,4,4,4,4
TCGA-C8-A1HJ-DX1_xmin46412_ymin17174_MPP-0.2500+81[1000].png,3487,4436,3889,2043,1911,1716,8144,5428,332,6018,5,5,5,5,5,4,4,4,4,4
TCGA-C8-A1HJ-DX1_xmin46412_ymin17174_MPP-0.2500+91[1000].png,1813,2308,8144,4711,4436,1624,516,4311,3836,778,8,6,6,5,5,4,4,4,4,4
TCGA-C8-A26X-DX1_xmin8990_ymin27544_MPP-0.2500+100[1000].png,4430,3088,6809,4968,267,4711,4821,1042,4674,7149,8,6,5,5,4,4,4,4,4,4
TCGA-C8-A26X-DX1_xmin8990_ymin27544_MPP-0.2500+104[1000].png,2770,1297,7450,4582,7165,1631,2903,5203,2756,2477,6,5,5,5,5,4,4,4,4,4
TCGA-C8-A26X-DX1_xmin8990_ymin27544_MPP-0.2500+105[1000].png,1297,1298,3836,4430,7880,1716,390,5094,7694,5039,5,4,4,4,4,4,4,4,4,4
TCGA-C8-A26X-DX1_xmin8990_ymin27544_MPP-0.2500+106[1000].png,1842,2356,390,7869,1413,7501,4322,5686,7807,1716,6,5,5,5,5,4,4,4,4,4
TCGA-C8-A26X-DX1_xmin8990_ymin27544_MPP-0.2500+112[1000].png,3044,5671,8110,6902,2031,3209,4711,3855,2903,7709,6,6,5,5,5,5,5,4,4,4
TCGA-C8-A26X-DX1_xmin8990_ymin27544_MPP-0.2500+119[1000].png,1413,53,516,8110,1654,5428,2635,8089,4251,7165,5,5,5,5,4,4,4,4,4,4
TCGA-C8-A26X-DX1_xmin8990_ymin27544_MPP-0.2500+120[1000].png,1297,3088,2635,8003,3477,1373,7899,5047,5735,1767,8,6,6,5,5,4,4,4,4,4
TCGA-C8-A26X-DX1_xmin8990_ymin27544_MPP-0.2500+121[1000].png,1297,332,2144,1322,256,7501,4492,3893,3889,4781,6,5,5,5,5,5,4,4,4,4
TCGA-C8-A26X-DX1_xmin8990_ymin27544_MPP-0.2500+122[1000].png,2028,5392,7450,5999,3637,3836,7916,5671,1297,7224,5,5,5,5,4,4,4,4,4,4
TCGA-C8-A26X-DX1_xmin8990_ymin27544_MPP-0.2500+136[1000].png,6931,836,2766,321,4501,2308,5810,5973,7708,1767,7,6,6,5,5,5,5,4,4,4
TCGA-C8-A26X-DX1_xmin8990_ymin27544_MPP-0.2500+137[1000].png,1413,2666,2000,390,7649,6808,5039,2751,3438,256,5,5,4,4,4,4,4,4,4,4
TCGA-C8-A26X-DX1_xmin8990_ymin27544_MPP-0.2500+138[1000].png,958,3088,3026,5810,4436,7695,1767,254,3021,5151,7,5,5,5,5,4,4,4,4,4
TCGA-C8-A26X-DX1_xmin8990_ymin27544_MPP-0.2500+139[1000].png,7165,5235,581,2977,1631,1977,237,2666,5392,958,6,5,4,4,4,4,4,4,4,4
TCGA-C8-A26X-DX1_xmin8990_ymin27544_MPP-0.2500+142[1000].png,3088,7337,4430,5810,5671,256,7694,2903,1373,1813,6,5,5,4,4,4,4,4,4,4
TCGA-C8-A26X-DX1_xmin8990_ymin27544_MPP-0.2500+143[1000].png,331,6292,1571,3836,6849,3986,2977,781,4170,553,5,5,4,4,4,4,4,4,4,4
TCGA-C8-A26X-DX1_xmin8990_ymin27544_MPP-0.2500+144[1000].png,2278,5498,7540,516,3487,7695,4711,168,5509,162,5,4,4,4,4,4,4,4,4,4
TCGA-C8-A26X-DX1_xmin8990_ymin27544_MPP-0.2500+145[1000].png,6931,1280,3836,6192,5799,145,3088,7846,1508,1001,5,4,4,4,4,4,4,4,4,4
TCGA-C8-A26X-DX1_xmin8990_ymin27544_MPP-0.2500+154[1000].png,5213,3088,2226,8148,6702,5937,7501,7134,4376,1682,5,5,5,4,4,4,4,4,4,4
TCGA-C8-A26X-DX1_xmin8990_ymin27544_MPP-0.2500+155[1000].png,2766,4377,3836,1322,5498,2083,2411,6702,267,1373,6,6,5,4,4,4,4,4,4,4
TCGA-C8-A26X-DX1_xmin8990_ymin27544_MPP-0.2500+159[1000].png,7410,2299,4711,2903,4199,466,2990,5762,8110,1842,5,4,4,4,4,4,4,4,4,4
TCGA-C8-A26X-DX1_xmin8990_ymin27544_MPP-0.2500+160[1000].png,4711,6045,390,6724,6702,7093,2411,6121,7189,215,6,6,5,5,5,4,4,4,4,4
TCGA-C8-A26X-DX1_xmin8990_ymin27544_MPP-0.2500+161[1000].png,2903,1652,972,371,7647,6219,6702,1836,1682,4965,6,5,5,4,4,4,4,4,4,4
TCGA-C8-A26X-DX1_xmin8990_ymin27544_MPP-0.2500+162[1000].png,7589,1586,3836,2265,5007,2666,4725,6192,8081,1767,6,5,4,4,4,4,4,4,4,4
TCGA-C8-A26X-DX1_xmin8990_ymin27544_MPP-0.2500+163[1000].png,6724,3088,1655,6054,5151,3889,256,1842,1312,6702,7,6,5,5,4,4,4,4,4,4
TCGA-C8-A26X-DX1_xmin8990_ymin27544_MPP-0.2500+164[1000].png,1682,7249,267,7189,7222,3088,2000,6809,2194,662,6,6,5,5,5,5,4,4,4,4
TCGA-C8-A26X-DX1_xmin8990_ymin27544_MPP-0.2500+165[1000].png,1297,1655,5179,8110,5392,53,4993,6702,7695,7129,8,6,5,5,5,4,4,4,4,4
TCGA-C8-A26X-DX1_xmin8990_ymin27544_MPP-0.2500+166[1000].png,5392,6702,6054,7694,5509,4322,7450,2000,935,4725,7,5,5,4,4,4,4,4,4,4
TCGA-C8-A26X-DX1_xmin8990_ymin27544_MPP-0.2500+167[1000].png,5834,3836,1877,1765,3088,5059,6054,1716,7807,321,5,5,5,5,4,4,4,4,4,4
TCGA-C8-A26X-DX1_xmin8990_ymin27544_MPP-0.2500+168[1000].png,582,390,6892,5999,3971,186,1297,44,2115,6830,5,4,4,4,4,4,4,4,4,4
TCGA-C8-A26X-DX1_xmin8990_ymin27544_MPP-0.2500+172[1000].png,131,1842,4160,2967,7317,3750,3088,2903,5999,5498,5,5,5,4,4,4,4,4,4,4
TCGA-C8-A26X-DX1_xmin8990_ymin27544_MPP-0.2500+173[1000].png,3477,3298,5585,7091,6657,2102,131,6964,162,974,5,4,4,4,4,4,4,4,4,4
TCGA-C8-A26X-DX1_xmin8990_ymin27544_MPP-0.2500+174[1000].png,3836,482,7189,1297,8016,3625,5913,5797,1413,3763,5,5,5,5,4,4,4,4,4,4
TCGA-C8-A26X-DX1_xmin8990_ymin27544_MPP-0.2500+175[1000].png,390,3088,1413,1836,7954,2903,5780,3500,4492,3029,5,5,5,4,4,4,4,4,4,4
TCGA-C8-A26X-DX1_xmin8990_ymin27544_MPP-0.2500+176[1000].png,331,3088,7869,1767,808,1652,1977,3209,3836,7189,6,5,5,4,4,4,4,4,4,4
TCGA-C8-A26X-DX1_xmin8990_ymin27544_MPP-0.2500+177[1000].png,2028,4100,6902,7152,6795,1297,836,2477,7501,4968,5,5,5,4,4,4,4,4,4,4
TCGA-C8-A26X-DX1_xmin8990_ymin27544_MPP-0.2500+178[1000].png,3088,2903,836,1297,4492,901,3478,7165,5910,1586,6,6,6,5,5,5,5,4,4,4
TCGA-C8-A26X-DX1_xmin8990_ymin27544_MPP-0.2500+184[1000].png,3861,7091,4711,2967,7165,335,7392,371,1682,1298,5,5,5,5,5,4,4,4,4,4
TCGA-C8-A26X-DX1_xmin8990_ymin27544_MPP-0.2500+185[1000].png,5235,2903,3536,6530,5099,2703,6807,4436,7189,5047,6,5,5,4,4,4,4,4,4,4
TCGA-C8-A26X-DX1_xmin8990_ymin27544_MPP-0.2500+186[1000].png,1652,2308,3477,5419,4711,5716,898,7222,553,794,6,5,5,4,4,4,4,4,4,4
TCGA-C8-A26X-DX1_xmin8990_ymin27544_MPP-0.2500+187[1000].png,5094,2226,5027,5235,4965,6931,5780,6054,3900,7249,5,5,5,4,4,4,4,4,4,3
TCGA-C8-A26X-DX1_xmin8990_ymin27544_MPP-0.2500+193[1000].png,3088,6702,4654,6808,7869,4979,2903,1767,7165,7024,5,5,5,5,5,4,4,4,4,4
TCGA-C8-A26X-DX1_xmin8990_ymin27544_MPP-0.2500+194[1000].png,6054,5735,7694,5235,6479,131,2812,7916,1413,6045,5,4,4,4,4,4,4,4,4,3
TCGA-C8-A26X-DX1_xmin8990_ymin27544_MPP-0.2500+55[1000].png,7948,3088,3477,2967,2194,2812,5999,7189,2336,7222,5,5,5,4,4,4,4,4,4,4
TCGA-C8-A26X-DX1_xmin8990_ymin27544_MPP-0.2500+73[1000].png,3088,5235,5671,5392,808,4642,6833,3230,7647,4410,6,5,5,4,4,4,4,4,4,4
TCGA-C8-A26X-DX1_xmin8990_ymin27544_MPP-0.2500+74[1000].png,6054,7093,1001,4251,1203,371,3637,390,2336,5999,6,4,4,4,4,4,4,4,4,4
TCGA-C8-A26X-DX1_xmin8990_ymin27544_MPP-0.2500+82[1000].png,3088,3836,4470,7807,6054,1413,7647,7969,7165,162,7,5,4,4,4,4,4,4,4,3
TCGA-C8-A26X-DX1_xmin8990_ymin27544_MPP-0.2500+83[1000].png,6702,7875,2903,1297,6571,5392,4533,4911,1836,5133,8,6,6,6,5,5,5,4,4,4
TCGA-C8-A26X-DX1_xmin8990_ymin27544_MPP-0.2500+88[1000].png,216,2278,1297,5810,2411,3469,331,2870,1413,1992,5,5,4,4,4,4,4,4,4,4
TCGA-C8-A26X-DX1_xmin8990_ymin27544_MPP-0.2500+89[1000].png,6702,7916,5235,6894,7160,1586,3248,6782,4198,1413,5,5,5,4,4,4,4,4,4,4
TCGA-C8-A26X-DX1_xmin8990_ymin27544_MPP-0.2500+90[1000].png,2903,6475,4198,1836,237,5235,215,162,3088,145,5,5,5,4,4,4,4,4,4,4
TCGA-C8-A26X-DX1_xmin8990_ymin27544_MPP-0.2500+91[1000].png,4261,5555,1312,4436,1842,7189,7160,6807,7134,4160,5,5,4,4,4,4,4,4,4,4
TCGA-C8-A26X-DX1_xmin8990_ymin27544_MPP-0.2500+96[1000].png,6054,3021,1297,6219,5834,371,5498,516,6702,6782,6,5,5,5,5,4,4,4,4,4
TCGA-C8-A26X-DX1_xmin8990_ymin27544_MPP-0.2500+97[1000].png,4160,3209,3088,3477,7149,3021,1297,1842,3637,4259,5,5,5,4,4,4,4,4,4,3
TCGA-C8-A26X-DX1_xmin8990_ymin27544_MPP-0.2500+98[1000].png,3088,5498,2226,7189,1204,8110,1297,1905,1716,7694,6,6,5,5,5,5,5,4,4,4
TCGA-C8-A26X-DX1_xmin8990_ymin27544_MPP-0.2500+99[1000].png,1767,4711,7119,131,5235,2967,1297,2000,3151,3526,7,5,5,5,5,4,4,4,4,4
TCGA-C8-A26Y-DX1_xmin29748_ymin36769_MPP-0.2500+0[1000].png,1813,6321,4194,131,4278,6045,3417,7880,3088,3044,6,5,4,4,4,4,4,4,4,4
TCGA-C8-A26Y-DX1_xmin29748_ymin36769_MPP-0.2500+20[1000].png,6702,6054,5039,335,2308,4112,3088,7337,5834,1571,6,5,5,5,5,5,4,4,4,4
TCGA-C8-A26Y-DX1_xmin29748_ymin36769_MPP-0.2500+21[1000].png,3088,421,6814,335,2308,5780,4817,7733,6795,5499,6,4,4,4,4,4,4,4,4,4
TCGA-C8-A26Y-DX1_xmin29748_ymin36769_MPP-0.2500+22[1000].png,5834,4376,2083,4711,3088,3243,7869,5741,6321,1682,6,6,5,5,5,4,4,4,4,4
TCGA-C8-A26Y-DX1_xmin29748_ymin36769_MPP-0.2500+24[1000].png,958,3088,5454,1652,3209,3230,4559,7249,162,5235,8,7,7,6,5,5,4,4,4,4
TCGA-C8-A26Y-DX1_xmin29748_ymin36769_MPP-0.2500+27[1000].png,3088,2278,7134,7808,5996,808,7695,958,6795,6045,6,6,6,5,5,5,5,5,5,4
TCGA-C8-A26Y-DX1_xmin29748_ymin36769_MPP-0.2500+28[1000].png,6045,7694,3836,4430,958,3088,7880,2502,8081,5094,7,6,5,5,5,5,5,4,4,4
TCGA-C8-A26Y-DX1_xmin29748_ymin36769_MPP-0.2500+29[1000].png,3088,958,3000,2967,4559,3230,2903,7916,3469,1836,11,6,6,6,6,5,5,5,4,4
TCGA-C8-A26Y-DX1_xmin29748_ymin36769_MPP-0.2500+34[1000].png,131,2308,2903,3889,3088,982,5834,778,6054,8110,7,6,6,5,5,5,5,4,4,4
TCGA-C8-A26Y-DX1_xmin29748_ymin36769_MPP-0.2500+35[1000].png,8081,5780,7880,6795,3088,7733,7134,3296,5428,2430,6,6,5,5,5,5,4,4,4,4
TCGA-C8-A26Y-DX1_xmin29748_ymin36769_MPP-0.2500+9[1000].png,3088,2278,6045,3526,7223,7249,7674,5780,256,1001,8,5,5,5,5,4,4,4,4,4
TCGA-C8-A27B-DX1_xmin52632_ymin11349_MPP-0.2500+0[1000].png,5912,2903,7649,4582,2666,4968,4965,5937,840,7695,5,5,5,4,4,4,4,4,4,4
TCGA-C8-A27B-DX1_xmin52632_ymin11349_MPP-0.2500+104[1000].png,6795,817,2083,2531,5735,390,267,2666,7149,5298,7,5,5,5,5,5,5,4,4,4
TCGA-C8-A27B-DX1_xmin52632_ymin11349_MPP-0.2500+105[1000].png,1297,6931,3637,390,332,3526,5133,7674,131,5702,5,5,5,4,4,4,4,4,4,4
TCGA-C8-A27B-DX1_xmin52632_ymin11349_MPP-0.2500+106[1000].png,6054,5810,6984,3230,7149,836,3088,5213,4478,5498,5,5,4,4,4,4,4,4,4,4
TCGA-C8-A27B-DX1_xmin52632_ymin11349_MPP-0.2500+107[1000].png,2083,267,6045,7189,808,958,3088,7708,5392,6054,6,5,5,5,5,5,5,5,4,4
TCGA-C8-A27B-DX1_xmin52632_ymin11349_MPP-0.2500+10[1000].png,3858,7539,4001,34,5999,7649,5166,8081,1297,7612,6,4,4,4,4,4,4,4,4,4
TCGA-C8-A27B-DX1_xmin52632_ymin11349_MPP-0.2500+114[1000].png,2903,6795,2666,982,3088,5912,4725,6219,1767,7835,6,5,5,5,5,5,4,4,4,4
TCGA-C8-A27B-DX1_xmin52632_ymin11349_MPP-0.2500+115[1000].png,3526,7880,7695,5937,237,2903,2308,2531,6795,7694,6,5,5,5,5,4,4,4,4,4
TCGA-C8-A27B-DX1_xmin52632_ymin11349_MPP-0.2500+116[1000].png,982,6979,8013,5428,3088,2666,7694,5133,5671,879,5,5,5,5,5,4,4,4,4,4
TCGA-C8-A27B-DX1_xmin52632_ymin11349_MPP-0.2500+117[1000].png,4430,6931,4711,3908,1297,781,6809,6054,5047,4311,5,5,4,4,4,4,4,4,4,4
TCGA-C8-A27B-DX1_xmin52632_ymin11349_MPP-0.2500+11[1000].png,1297,5235,6045,6192,2226,3477,7694,6908,6841,1905,7,6,5,5,5,5,4,4,4,4
TCGA-C8-A27B-DX1_xmin52632_ymin11349_MPP-0.2500+125[1000].png,3026,4725,836,1373,5937,5428,5973,5999,3088,840,6,6,5,4,4,4,4,4,4,3
TCGA-C8-A27B-DX1_xmin52632_ymin11349_MPP-0.2500+126[1000].png,2226,7450,1992,7540,2903,8110,7876,2083,4311,5735,7,5,5,4,4,4,4,4,4,4
TCGA-C8-A27B-DX1_xmin52632_ymin11349_MPP-0.2500+127[1000].png,2903,3044,7093,5799,4711,5834,7165,1001,836,6674,7,7,5,5,5,4,4,4,4,4
TCGA-C8-A27B-DX1_xmin52632_ymin11349_MPP-0.2500+128[1000].png,7694,5780,3088,915,1966,7916,2766,1761,2967,2685,8,7,5,4,4,4,4,4,4,4
TCGA-C8-A27B-DX1_xmin52632_ymin11349_MPP-0.2500+12[1000].png,3088,3804,5797,7140,7134,4711,371,6724,6615,2194,5,4,4,4,4,4,4,4,4,4
TCGA-C8-A27B-DX1_xmin52632_ymin11349_MPP-0.2500+136[1000].png,794,3889,6905,6657,5912,4322,155,3189,5419,1235,6,5,4,4,4,4,4,4,4,4
TCGA-C8-A27B-DX1_xmin52632_ymin11349_MPP-0.2500+137[1000].png,4711,3088,2028,2531,5179,8013,6702,5780,7916,2903,6,6,6,5,5,5,5,4,4,4
TCGA-C8-A27B-DX1_xmin52632_ymin11349_MPP-0.2500+138[1000].png,2028,4725,390,1682,5235,1413,3088,5741,499,2083,6,4,4,4,4,4,4,4,4,4
TCGA-C8-A27B-DX1_xmin52632_ymin11349_MPP-0.2500+146[1000].png,4311,6628,5872,7337,5292,1413,5151,2903,1373,7189,6,5,5,5,5,4,4,4,4,4
TCGA-C8-A27B-DX1_xmin52632_ymin11349_MPP-0.2500+147[1000].png,836,3088,186,5999,5039,2666,384,6724,4429,4311,5,5,4,4,4,4,4,4,4,3
TCGA-C8-A27B-DX1_xmin52632_ymin11349_MPP-0.2500+156[1000].png,215,958,6724,6054,6045,7899,4052,836,8081,7808,7,5,5,4,4,4,4,4,3,3
TCGA-C8-A27B-DX1_xmin52632_ymin11349_MPP-0.2500+157[1000].png,3526,2903,5213,4501,697,1413,5047,2308,6814,553,5,5,5,5,5,5,5,4,4,4
TCGA-C8-A27B-DX1_xmin52632_ymin11349_MPP-0.2500+168[1000].png,5717,7165,1373,7694,7733,3088,2780,1418,6570,5763,5,5,4,4,4,4,4,4,3,3
TCGA-C8-A27B-DX1_xmin52632_ymin11349_MPP-0.2500+173[1000].png,5515,594,2870,958,1977,5428,5213,836,6814,7482,5,5,5,5,5,4,4,4,4,4
TCGA-C8-A27B-DX1_xmin52632_ymin11349_MPP-0.2500+174[1000].png,3526,4742,4711,237,4968,7222,1846,6321,7134,371,6,5,5,5,5,5,5,4,4,4
TCGA-C8-A27B-DX1_xmin52632_ymin11349_MPP-0.2500+175[1000].png,6795,6045,836,1992,4711,5203,2801,4998,4311,4080,4,4,4,4,4,4,3,3,3,3
TCGA-C8-A27B-DX1_xmin52632_ymin11349_MPP-0.2500+179[1000].png,4711,453,3858,3088,3729,7014,3021,1357,925,12,5,4,4,4,4,4,4,4,4,4
TCGA-C8-A27B-DX1_xmin52632_ymin11349_MPP-0.2500+183[1000].png,3088,2903,6054,7694,4430,6905,4311,4325,6908,6702,7,5,5,5,5,5,4,4,4,4
TCGA-C8-A27B-DX1_xmin52632_ymin11349_MPP-0.2500+184[1000].png,3021,3088,6321,2588,817,8008,384,4160,1842,7694,5,5,4,4,4,4,4,4,4,4
TCGA-C8-A27B-DX1_xmin52632_ymin11349_MPP-0.2500+185[1000].png,7222,2903,3858,836,6054,1911,2028,371,5097,4376,6,5,5,5,4,4,4,4,4,4
TCGA-C8-A27B-DX1_xmin52632_ymin11349_MPP-0.2500+186[1000].png,256,958,5937,2336,3088,7694,7222,7950,7647,3497,6,5,4,4,4,4,3,3,3,3
TCGA-C8-A27B-DX1_xmin52632_ymin11349_MPP-0.2500+187[1000].png,1297,3088,836,5392,1373,6809,4711,553,6045,1425,6,6,6,5,4,4,4,4,4,4
TCGA-C8-A27B-DX1_xmin52632_ymin11349_MPP-0.2500+188[1000].png,6724,3088,4711,582,6702,8091,5810,131,3550,6321,6,5,5,4,4,4,4,4,4,4
TCGA-C8-A27B-DX1_xmin52632_ymin11349_MPP-0.2500+189[1000].png,958,6219,7189,840,7249,5392,8013,4711,697,5999,6,6,5,5,5,4,4,4,4,4
TCGA-C8-A27B-DX1_xmin52632_ymin11349_MPP-0.2500+18[1000].png,3088,5797,3298,335,5780,5038,7589,7153,4711,833,5,5,5,5,5,4,4,4,4,4
TCGA-C8-A27B-DX1_xmin52632_ymin11349_MPP-0.2500+190[1000].png,7694,3477,5718,7853,6795,958,5498,4085,836,1845,5,4,4,4,4,4,4,4,4,4
TCGA-C8-A27B-DX1_xmin52632_ymin11349_MPP-0.2500+191[1000].png,5973,3477,3044,335,6045,2326,1480,7694,3282,3088,5,5,5,5,4,4,4,4,4,4
TCGA-C8-A27B-DX1_xmin52632_ymin11349_MPP-0.2500+192[1000].png,3477,3021,1813,982,1373,5716,2903,3044,5910,453,7,5,5,5,5,5,4,4,4,4
TCGA-C8-A27B-DX1_xmin52632_ymin11349_MPP-0.2500+193[1000].png,1476,5133,1842,5428,3088,4377,3209,6908,6475,390,7,7,6,6,5,5,4,4,4,4
TCGA-C8-A27B-DX1_xmin52632_ymin11349_MPP-0.2500+194[1000].png,5392,7540,371,3088,4711,3526,7189,1386,2903,6045,7,6,5,5,5,4,4,4,4,4
TCGA-C8-A27B-DX1_xmin52632_ymin11349_MPP-0.2500+195[1000].png,6054,3021,3088,7089,5799,7149,7189,5133,1373,836,8,5,5,4,4,4,4,4,4,4
TCGA-C8-A27B-DX1_xmin52632_ymin11349_MPP-0.2500+196[1000].png,2903,4725,267,958,3088,5428,1905,4160,7189,6388,7,6,5,4,4,4,4,4,4,4
TCGA-C8-A27B-DX1_xmin52632_ymin11349_MPP-0.2500+199[1000].png,131,1842,7916,3526,836,3189,6814,5023,7694,3088,5,5,5,4,4,4,4,4,4,4
TCGA-C8-A27B-DX1_xmin52632_ymin11349_MPP-0.2500+19[1000].png,5797,4711,131,3230,3477,601,3526,1357,7948,8081,7,7,6,5,5,5,5,4,4,4
TCGA-C8-A27B-DX1_xmin52632_ymin11349_MPP-0.2500+1[1000].png,3209,1373,2308,2028,6054,3247,6321,389,1941,3619,5,5,5,4,4,4,4,4,4,4
TCGA-C8-A27B-DX1_xmin52632_ymin11349_MPP-0.2500+200[1000].png,4711,3346,3477,7165,5065,3526,4755,5834,4112,4085,5,4,4,4,4,4,4,4,3,3
TCGA-C8-A27B-DX1_xmin52632_ymin11349_MPP-0.2500+201[1000].png,3088,3021,2903,7101,5065,1297,5412,1842,2028,332,9,7,6,5,5,5,4,4,4,4
TCGA-C8-A27B-DX1_xmin52632_ymin11349_MPP-0.2500+202[1000].png,3477,267,5937,7694,4711,1297,3296,3088,2477,371,5,4,4,4,4,4,4,4,4,4
TCGA-C8-A27B-DX1_xmin52632_ymin11349_MPP-0.2500+203[1000].png,7647,6931,7189,4725,4781,390,5392,4166,2602,5910,5,5,5,4,4,4,4,4,4,3
TCGA-C8-A27B-DX1_xmin52632_ymin11349_MPP-0.2500+204[1000].png,4711,6595,2903,213,4430,8013,553,6908,4968,7149,7,6,6,5,5,5,4,4,4,4
TCGA-C8-A27B-DX1_xmin52632_ymin11349_MPP-0.2500+205[1000].png,3088,8013,958,2000,7222,4947,2336,4817,1413,2903,6,5,5,4,4,4,4,4,4,4
TCGA-C8-A27B-DX1_xmin52632_ymin11349_MPP-0.2500+20[1000].png,1842,3088,2903,982,7165,2194,8081,840,915,7694,7,6,5,5,5,4,4,4,4,4
TCGA-C8-A27B-DX1_xmin52632_ymin11349_MPP-0.2500+211[1000].png,6054,2903,2666,4311,958,6931,3088,6702,7733,1063,6,5,4,4,4,4,4,4,4,4
TCGA-C8-A27B-DX1_xmin52632_ymin11349_MPP-0.2500+212[1000].png,2751,3349,3889,6045,6702,4436,7093,840,836,4968,5,5,5,5,5,4,4,4,4,4
TCGA-C8-A27B-DX1_xmin52632_ymin11349_MPP-0.2500+213[1000].png,6724,898,2666,3088,7093,6931,453,6702,3889,3209,5,5,5,5,5,4,4,4,4,4
TCGA-C8-A27B-DX1_xmin52632_ymin11349_MPP-0.2500+214[1000].png,2903,7694,958,6054,3836,808,2493,390,7189,6219,5,5,5,5,5,4,4,4,4,4
TCGA-C8-A27B-DX1_xmin52632_ymin11349_MPP-0.2500+215[1000].png,3021,7694,2482,2308,3298,3088,1063,5433,3597,5754,5,5,4,4,4,4,4,4,4,4
TCGA-C8-A27B-DX1_xmin52632_ymin11349_MPP-0.2500+216[1000].png,2903,2028,4968,836,4711,6705,496,3526,3088,6054,7,5,5,4,4,4,4,4,4,4
TCGA-C8-A27B-DX1_xmin52632_ymin11349_MPP-0.2500+21[1000].png,3088,4725,131,3021,3526,5583,662,2644,2336,2967,5,5,5,5,5,4,4,4,4,4
TCGA-C8-A27B-DX1_xmin52632_ymin11349_MPP-0.2500+222[1000].png,8081,7937,4376,4711,7189,2400,7859,3088,2903,6830,4,4,4,4,4,4,4,4,4,4
TCGA-C8-A27B-DX1_xmin52632_ymin11349_MPP-0.2500+223[1000].png,4711,6674,3804,836,7694,7695,1842,6054,1413,2308,6,5,4,4,4,4,4,4,4,4
TCGA-C8-A27B-DX1_xmin52632_ymin11349_MPP-0.2500+224[1000].png,697,131,4911,7501,6054,3477,808,2180,4817,4965,7,5,5,5,5,5,4,4,4,4
TCGA-C8-A27B-DX1_xmin52632_ymin11349_MPP-0.2500+225[1000].png,5059,6724,7694,5097,8082,3088,5999,2336,7540,5213,5,5,4,4,4,4,4,4,4,3
TCGA-C8-A27B-DX1_xmin52632_ymin11349_MPP-0.2500+226[1000].png,7189,4711,692,2180,1655,2083,1179,6724,6726,5810,5,5,4,4,4,4,4,4,4,3
TCGA-C8-A27B-DX1_xmin52632_ymin11349_MPP-0.2500+227[1000].png,1297,3088,5133,1842,5059,6571,3260,7695,4243,371,7,6,6,5,5,4,4,4,4,4
TCGA-C8-A27B-DX1_xmin52632_ymin11349_MPP-0.2500+228[1000].png,4968,7808,4430,3637,3088,840,1196,4080,915,7222,6,6,6,5,5,4,4,4,4,4
TCGA-C8-A27B-DX1_xmin52632_ymin11349_MPP-0.2500+229[1000].png,553,7149,390,3438,4817,6702,3088,2083,4725,5235,6,5,4,4,4,4,4,4,4,4
TCGA-C8-A27B-DX1_xmin52632_ymin11349_MPP-0.2500+233[1000].png,2028,7694,8041,1977,331,2903,1373,7400,6054,2812,6,6,5,5,5,4,4,4,4,4
TCGA-C8-A27B-DX1_xmin52632_ymin11349_MPP-0.2500+234[1000].png,7694,5392,3088,4501,2028,5975,7377,1297,4170,4377,5,5,5,5,5,5,4,4,4,4
TCGA-C8-A27B-DX1_xmin52632_ymin11349_MPP-0.2500+235[1000].png,4215,840,1297,6657,6724,3637,5392,6306,4501,836,5,5,5,5,5,5,4,4,4,4
TCGA-C8-A27B-DX1_xmin52632_ymin11349_MPP-0.2500+236[1000].png,3836,3209,6702,4100,6602,594,4417,6868,2903,267,5,5,5,5,4,4,4,4,4,4
TCGA-C8-A27B-DX1_xmin52632_ymin11349_MPP-0.2500+237[1000].png,4968,5047,6054,3088,3230,5097,371,2801,7869,6219,6,5,5,5,4,4,4,4,4,4
TCGA-C8-A27B-DX1_xmin52632_ymin11349_MPP-0.2500+238[1000].png,4817,3230,3526,7337,2967,4711,6814,972,2766,3088,5,5,5,5,5,5,4,4,4,4
TCGA-C8-A27B-DX1_xmin52632_ymin11349_MPP-0.2500+239[1000].png,4965,7695,6868,5278,6724,2756,126,2083,168,6045,6,6,5,5,5,4,4,4,4,4
TCGA-C8-A27B-DX1_xmin52632_ymin11349_MPP-0.2500+240[1000].png,3836,6814,6931,3823,7189,6720,2198,3209,7694,817,5,5,4,4,4,4,4,4,4,4
TCGA-C8-A27B-DX1_xmin52632_ymin11349_MPP-0.2500+243[1000].png,4711,44,267,7694,1460,371,6724,2479,2684,7134,8,6,6,5,4,4,4,4,4,4
TCGA-C8-A27B-DX1_xmin52632_ymin11349_MPP-0.2500+244[1000].png,840,6428,6702,5133,2308,2903,6054,7149,3011,3088,6,6,5,5,5,5,5,4,4,4
TCGA-C8-A27B-DX1_xmin52632_ymin11349_MPP-0.2500+245[1000].png,4711,7540,7501,6795,1357,510,2031,6984,3088,6724,8,5,4,4,4,4,4,4,4,4
TCGA-C8-A27B-DX1_xmin52632_ymin11349_MPP-0.2500+246[1000].png,6054,1373,836,4501,7165,5392,1413,7869,7694,371,9,7,6,6,6,5,5,5,5,5
TCGA-C8-A27B-DX1_xmin52632_ymin11349_MPP-0.2500+247[1000].png,7165,7357,5973,836,3477,1413,7501,5499,1682,6702,10,6,5,5,5,5,4,4,4,4
TCGA-C8-A27B-DX1_xmin52632_ymin11349_MPP-0.2500+248[1000].png,3477,836,7647,7222,5572,5515,958,4711,7165,6045,6,5,5,5,5,5,5,5,4,4
TCGA-C8-A27B-DX1_xmin52632_ymin11349_MPP-0.2500+249[1000].png,7694,3088,898,3727,1571,6720,2903,7165,6814,1413,6,6,5,4,4,4,4,4,4,4
TCGA-C8-A27B-DX1_xmin52632_ymin11349_MPP-0.2500+250[1000].png,1373,5097,3199,7647,5433,131,1063,1413,5735,390,6,5,4,4,4,4,4,4,4,4
TCGA-C8-A27B-DX1_xmin52632_ymin11349_MPP-0.2500+251[1000].png,7149,3055,1842,7222,5392,1297,6727,3438,7392,3346,7,5,5,5,5,5,4,4,4,4
TCGA-C8-A27B-DX1_xmin52632_ymin11349_MPP-0.2500+252[1000].png,1297,6702,1413,1463,7160,3836,7916,4376,2756,5023,7,5,5,4,4,4,4,4,4,4
TCGA-C8-A27B-DX1_xmin52632_ymin11349_MPP-0.2500+253[1000].png,2903,7647,7189,3298,7565,808,6036,7695,3260,4968,7,6,6,5,5,5,5,5,4,4
TCGA-C8-A27B-DX1_xmin52632_ymin11349_MPP-0.2500+254[1000].png,2903,6724,4711,3144,3728,5999,3478,5686,808,5094,7,6,5,4,4,4,4,4,3,3
TCGA-C8-A27B-DX1_xmin52632_ymin11349_MPP-0.2500+255[1000].png,3088,7165,5133,2221,1571,2336,4711,6903,836,1357,7,6,6,5,5,5,5,4,4,4
TCGA-C8-A27B-DX1_xmin52632_ymin11349_MPP-0.2500+256[1000].png,4711,8081,1389,3438,516,2375,3230,131,3209,4651,5,5,4,4,4,4,4,4,4,4
TCGA-C8-A27B-DX1_xmin52632_ymin11349_MPP-0.2500+257[1000].png,5392,3298,390,7649,256,5780,6724,7224,6602,4492,4,4,4,4,4,4,4,4,4,4
TCGA-C8-A27B-DX1_xmin52632_ymin11349_MPP-0.2500+258[1000].png,3088,6724,2903,808,5606,8041,5799,7540,2308,6571,7,5,5,4,4,4,4,4,4,4
TCGA-C8-A27B-DX1_xmin52632_ymin11349_MPP-0.2500+259[1000].png,7694,7695,4725,3625,2448,4198,1297,4593,7539,5059,7,6,5,4,4,4,4,4,4,4
TCGA-C8-A27B-DX1_xmin52632_ymin11349_MPP-0.2500+260[1000].png,4711,836,6702,4905,6724,4410,2028,2977,2000,7649,6,6,5,5,5,4,4,4,4,4
TCGA-C8-A27B-DX1_xmin52632_ymin11349_MPP-0.2500+261[1000].png,7649,267,5097,3021,594,1654,7484,7694,7149,7222,5,4,4,4,4,4,4,4,4,4
TCGA-C8-A27B-DX1_xmin52632_ymin11349_MPP-0.2500+262[1000].png,186,2430,7450,7808,1413,1842,7835,6045,3088,3349,6,5,5,5,5,5,5,5,5,4
TCGA-C8-A27B-DX1_xmin52632_ymin11349_MPP-0.2500+263[1000].png,7189,1992,5561,4968,4711,2226,7450,4254,6121,7093,7,5,4,4,4,4,4,4,4,4
TCGA-C8-A27B-DX1_xmin52632_ymin11349_MPP-0.2500+264[1000].png,3088,7695,6054,840,7165,2083,5780,3438,5133,7880,7,6,6,6,5,4,4,4,4,4
TCGA-C8-A27B-DX1_xmin52632_ymin11349_MPP-0.2500+265[1000].png,1297,2635,6192,5392,6724,3836,331,601,256,3633,6,5,5,5,4,4,4,4,4,4
TCGA-C8-A27B-DX1_xmin52632_ymin11349_MPP-0.2500+266[1000].png,6054,2308,3836,237,3625,371,591,5454,5392,958,6,5,5,5,5,5,5,4,4,4
TCGA-C8-A27B-DX1_xmin52632_ymin11349_MPP-0.2500+267[1000].png,4711,3024,1571,3189,6595,1463,6724,7627,7165,840,6,5,4,4,4,4,4,4,4,4
TCGA-C8-A27B-DX1_xmin52632_ymin11349_MPP-0.2500+268[1000].png,1413,1842,7695,1682,7005,7134,2770,1373,3079,3088,5,5,4,4,4,4,4,4,4,4
TCGA-C8-A27B-DX1_xmin52632_ymin11349_MPP-0.2500+269[1000].png,1297,915,3209,4711,650,6960,3477,3349,7222,5810,6,5,5,5,5,5,4,4,4,4
TCGA-C8-A27B-DX1_xmin52632_ymin11349_MPP-0.2500+270[1000].png,2028,8059,3260,2977,2967,3310,2083,1571,3088,6219,5,5,4,4,4,4,4,4,4,4
TCGA-C8-A27B-DX1_xmin52632_ymin11349_MPP-0.2500+271[1000].png,5047,3021,1373,2221,6724,836,215,8082,7165,2028,6,6,5,5,5,5,5,4,4,4
TCGA-C8-A27B-DX1_xmin52632_ymin11349_MPP-0.2500+272[1000].png,2967,6795,4436,1297,7224,836,1992,2666,1813,2812,6,5,5,5,5,4,4,4,4,4
TCGA-C8-A27B-DX1_xmin52632_ymin11349_MPP-0.2500+273[1000].png,4711,3836,5392,2028,1413,6795,1078,5937,7165,3346,7,6,6,6,5,5,5,5,4,4
TCGA-C8-A27B-DX1_xmin52632_ymin11349_MPP-0.2500+274[1000].png,3088,836,5213,4711,4725,840,6724,3000,3478,1655,10,7,6,5,5,5,5,4,4,4
TCGA-C8-A27B-DX1_xmin52632_ymin11349_MPP-0.2500+275[1000].png,3088,836,3477,5999,6724,6702,6795,1652,2684,7165,7,6,6,6,6,5,5,5,4,4
TCGA-C8-A27B-DX1_xmin52632_ymin11349_MPP-0.2500+276[1000].png,6724,972,7695,5797,7694,216,3477,7916,5392,4593,7,5,5,5,4,4,4,4,4,4
TCGA-C8-A27B-DX1_xmin52632_ymin11349_MPP-0.2500+277[1000].png,6724,4711,6054,5515,6702,2903,6960,1297,4993,5702,7,6,6,5,5,4,4,4,4,4
TCGA-C8-A27B-DX1_xmin52632_ymin11349_MPP-0.2500+278[1000].png,5454,6054,7869,5179,2903,5842,3088,2448,1682,7709,6,6,6,5,5,5,5,4,4,4
TCGA-C8-A27B-DX1_xmin52632_ymin11349_MPP-0.2500+279[1000].png,3088,5843,5133,2756,2903,840,3477,6795,5082,237,7,6,5,4,4,4,4,4,4,4
TCGA-C8-A27B-DX1_xmin52632_ymin11349_MPP-0.2500+280[1000].png,972,3088,1833,7175,5253,7695,1905,4501,3790,1767,7,6,4,4,4,4,4,4,4,4
TCGA-C8-A27B-DX1_xmin52632_ymin11349_MPP-0.2500+281[1000].png,3349,4593,7916,8188,5454,7589,1767,5842,237,6054,6,6,6,4,4,4,4,4,4,4
TCGA-C8-A27B-DX1_xmin52632_ymin11349_MPP-0.2500+282[1000].png,6045,4965,7916,2766,5708,958,5235,2903,6219,2336,6,6,5,5,5,5,4,4,4,4
TCGA-C8-A27B-DX1_xmin52632_ymin11349_MPP-0.2500+283[1000].png,6571,8081,7024,6919,1905,2411,6157,7222,7149,1460,5,5,4,4,4,4,4,4,4,4
TCGA-C8-A27B-DX1_xmin52632_ymin11349_MPP-0.2500+284[1000].png,6724,4711,5392,2194,4947,2903,898,6571,6984,697,6,6,5,5,5,5,5,4,4,4
TCGA-C8-A27B-DX1_xmin52632_ymin11349_MPP-0.2500+285[1000].png,840,5166,1418,7808,7134,6814,2308,3230,5515,4725,6,5,5,5,4,4,4,4,4,4
TCGA-C8-A27B-DX1_xmin52632_ymin11349_MPP-0.2500+286[1000].png,7540,6814,7807,6219,1373,2903,6702,1297,4311,836,8,6,6,5,5,4,4,4,4,4
TCGA-C8-A27B-DX1_xmin52632_ymin11349_MPP-0.2500+287[1000].png,6724,4711,267,1911,1413,5797,4950,2666,4436,5810,7,7,5,4,4,4,4,4,4,4
TCGA-C8-A27B-DX1_xmin52632_ymin11349_MPP-0.2500+288[1000].png,836,3477,5498,5810,4968,7695,6724,3209,7165,1842,6,5,4,4,4,4,4,4,4,4
TCGA-C8-A27B-DX1_xmin52632_ymin11349_MPP-0.2500+289[1000].png,6702,3088,3836,4781,7501,7916,3011,4711,145,1977,6,5,5,5,4,4,4,4,4,3
TCGA-C8-A27B-DX1_xmin52632_ymin11349_MPP-0.2500+290[1000].png,371,6045,1373,3477,5454,6054,808,836,7733,3088,6,6,5,5,5,5,4,4,4,4
TCGA-C8-A27B-DX1_xmin52632_ymin11349_MPP-0.2500+291[1000].png,3438,1413,5133,2448,371,384,3526,808,7807,4725,5,5,5,4,4,4,4,4,4,4
TCGA-C8-A27B-DX1_xmin52632_ymin11349_MPP-0.2500+292[1000].png,7695,332,3088,3964,2903,7249,5780,5717,7175,8082,5,5,5,4,4,4,4,4,4,4
TCGA-C8-A27B-DX1_xmin52632_ymin11349_MPP-0.2500+293[1000].png,2903,3088,4711,6045,4533,6724,131,5708,7032,7165,6,5,5,5,4,4,4,4,4,4
TCGA-C8-A27B-DX1_xmin52632_ymin11349_MPP-0.2500+294[1000].png,7165,7149,7695,4725,7134,836,7163,3088,5098,1413,6,5,5,4,4,4,4,4,4,4
TCGA-C8-A27B-DX1_xmin52632_ymin11349_MPP-0.2500+295[1000].png,4968,3729,7539,8188,6652,7065,4593,1413,4711,8101,5,5,4,4,4,4,4,4,4,4
TCGA-C8-A27B-DX1_xmin52632_ymin11349_MPP-0.2500+296[1000].png,7165,6192,5392,7695,4259,4376,5799,5047,131,2031,6,5,5,4,4,4,4,4,4,4
TCGA-C8-A27B-DX1_xmin52632_ymin11349_MPP-0.2500+297[1000].png,6724,7733,3088,131,7165,697,7024,2356,5179,4908,7,7,6,5,5,4,4,4,4,4
TCGA-C8-A27B-DX1_xmin52632_ymin11349_MPP-0.2500+298[1000].png,1373,5392,3088,2308,8041,1413,6428,6192,6724,3478,5,5,5,4,4,4,4,4,4,4
TCGA-C8-A27B-DX1_xmin52632_ymin11349_MPP-0.2500+299[1000].png,4968,3024,2375,7224,6744,808,2000,3088,4492,4055,6,5,4,4,4,4,4,4,4,4
TCGA-C8-A27B-DX1_xmin52632_ymin11349_MPP-0.2500+29[1000].png,1842,3836,5515,553,2028,7695,6480,836,1297,958,6,6,4,4,4,4,4,4,4,4
TCGA-C8-A27B-DX1_xmin52632_ymin11349_MPP-0.2500+2[1000].png,1203,371,2776,6054,2686,7249,7695,4322,2870,5059,5,5,4,4,4,4,4,4,4,4
TCGA-C8-A27B-DX1_xmin52632_ymin11349_MPP-0.2500+300[1000].png,131,7695,5999,2411,5912,2756,2462,3260,4492,1373,6,5,5,5,4,4,4,4,4,4
TCGA-C8-A27B-DX1_xmin52632_ymin11349_MPP-0.2500+301[1000].png,3526,2028,5428,3621,3477,6054,2903,7694,6720,650,6,5,5,5,5,4,4,4,4,4
TCGA-C8-A27B-DX1_xmin52632_ymin11349_MPP-0.2500+302[1000].png,6054,2083,390,3477,5912,4311,6724,7249,588,371,7,5,5,5,5,5,5,4,4,4
TCGA-C8-A27B-DX1_xmin52632_ymin11349_MPP-0.2500+303[1000].png,958,3088,1813,8041,6724,2180,332,4711,7189,6054,8,6,5,5,5,4,4,4,4,4
TCGA-C8-A27B-DX1_xmin52632_ymin11349_MPP-0.2500+304[1000].png,6045,6814,6054,972,4968,3619,2588,8148,958,553,6,6,6,5,5,4,4,4,4,4
TCGA-C8-A27B-DX1_xmin52632_ymin11349_MPP-0.2500+305[1000].png,697,4711,1413,6795,2336,1280,5094,4250,4322,4311,7,5,5,4,4,4,4,4,4,4
TCGA-C8-A27B-DX1_xmin52632_ymin11349_MPP-0.2500+306[1000].png,840,4968,5810,1905,7165,1322,2194,131,6219,3088,5,5,5,5,5,4,4,4,4,4
TCGA-C8-A27B-DX1_xmin52632_ymin11349_MPP-0.2500+307[1000].png,6045,6054,6902,2308,475,5179,3230,4968,7241,7043,7,5,5,4,4,4,4,4,3,3
TCGA-C8-A27B-DX1_xmin52632_ymin11349_MPP-0.2500+308[1000].png,7875,1586,6054,6702,371,1842,2903,6376,1682,2562,6,5,5,5,4,4,4,4,4,4
TCGA-C8-A27B-DX1_xmin52632_ymin11349_MPP-0.2500+309[1000].png,4711,2903,840,6702,1297,808,145,7189,7916,972,7,5,5,5,5,4,4,4,4,4
TCGA-C8-A27B-DX1_xmin52632_ymin11349_MPP-0.2500+30[1000].png,6724,2028,1977,4711,6966,2308,808,616,5872,3088,7,6,5,5,5,5,4,4,4,4
TCGA-C8-A27B-DX1_xmin52632_ymin11349_MPP-0.2500+310[1000].png,3477,4968,6724,1063,1682,183,4198,2977,3088,6088,7,6,6,5,4,4,4,4,4,4
TCGA-C8-A27B-DX1_xmin52632_ymin11349_MPP-0.2500+311[1000].png,267,4821,3346,5428,510,2477,1297,5741,6702,7165,6,5,5,5,5,4,4,4,4,4
TCGA-C8-A27B-DX1_xmin52632_ymin11349_MPP-0.2500+313[1000].png,2028,5717,2226,1813,3489,6054,5999,7093,7851,5780,6,4,4,4,4,4,4,4,4,4
TCGA-C8-A27B-DX1_xmin52632_ymin11349_MPP-0.2500+314[1000].png,6045,4711,5428,4410,7337,7807,3734,7948,2531,466,7,6,6,5,5,4,4,4,4,4
TCGA-C8-A27B-DX1_xmin52632_ymin11349_MPP-0.2500+315[1000].png,1476,836,131,7175,5383,2083,3044,4376,8144,3088,5,5,5,5,4,4,4,4,4,4
TCGA-C8-A27B-DX1_xmin52632_ymin11349_MPP-0.2500+316[1000].png,1297,4198,3088,5392,5133,3477,2226,1001,6931,5810,6,5,4,4,4,4,4,4,4,4
TCGA-C8-A27B-DX1_xmin52632_ymin11349_MPP-0.2500+317[1000].png,3298,5454,4436,3804,4725,7695,2812,5428,2308,4911,6,4,4,4,4,4,4,4,4,4
TCGA-C8-A27B-DX1_xmin52632_ymin11349_MPP-0.2500+318[1000].png,6045,5392,3088,4573,5235,7950,7160,1297,7880,4711,6,5,4,4,4,4,4,4,4,4
TCGA-C8-A27B-DX1_xmin52632_ymin11349_MPP-0.2500+319[1000].png,390,2028,836,1280,3088,7875,1373,2903,4430,5937,5,5,5,5,5,5,4,4,4,4
TCGA-C8-A27B-DX1_xmin52632_ymin11349_MPP-0.2500+31[1000].png,3526,5780,7189,7859,7175,1373,5133,2477,1297,7224,7,5,5,4,4,4,4,4,4,4
TCGA-C8-A27B-DX1_xmin52632_ymin11349_MPP-0.2500+320[1000].png,6054,7501,2903,1297,1682,7694,4711,6931,186,237,8,6,5,5,5,5,5,4,4,4
TCGA-C8-A27B-DX1_xmin52632_ymin11349_MPP-0.2500+321[1000].png,6054,2903,7694,5059,216,6931,2448,371,6036,5047,7,6,5,4,4,4,4,4,4,4
TCGA-C8-A27B-DX1_xmin52632_ymin11349_MPP-0.2500+322[1000].png,7165,6045,1297,3858,3088,371,2028,3335,7869,3208,8,6,6,5,5,5,5,5,5,4
TCGA-C8-A27B-DX1_xmin52632_ymin11349_MPP-0.2500+325[1000].png,840,5592,836,6321,3951,6588,5433,2812,4725,5428,5,4,4,4,3,3,3,3,3,3
TCGA-C8-A27B-DX1_xmin52632_ymin11349_MPP-0.2500+326[1000].png,4711,4559,3088,7149,6045,3858,7165,6054,6111,2028,6,6,5,5,4,4,4,4,4,4
TCGA-C8-A27B-DX1_xmin52632_ymin11349_MPP-0.2500+327[1000].png,582,7948,2903,6045,3836,380,7189,5797,836,6744,6,6,6,5,4,4,4,4,4,4
TCGA-C8-A27B-DX1_xmin52632_ymin11349_MPP-0.2500+328[1000].png,2903,1297,3144,6702,3487,7249,7024,3838,3858,828,6,6,5,5,5,4,4,4,4,3
TCGA-C8-A27B-DX1_xmin52632_ymin11349_MPP-0.2500+329[1000].png,7694,7916,7001,6045,7733,872,1701,2666,332,2688,5,4,4,4,4,4,4,4,3,3
TCGA-C8-A27B-DX1_xmin52632_ymin11349_MPP-0.2500+32[1000].png,7189,7957,4711,1785,6795,3889,5213,5392,1571,7224,6,6,5,5,5,5,5,4,4,4
TCGA-C8-A27B-DX1_xmin52632_ymin11349_MPP-0.2500+330[1000].png,6045,5937,4965,6908,3088,6428,5810,4911,2635,2226,7,5,5,5,5,4,4,4,4,4
TCGA-C8-A27B-DX1_xmin52632_ymin11349_MPP-0.2500+331[1000].png,5392,836,5203,553,7175,5999,7733,5915,6293,6762,5,5,5,4,4,4,4,4,4,4
TCGA-C8-A27B-DX1_xmin52632_ymin11349_MPP-0.2500+332[1000].png,6905,1297,7501,4160,7695,6724,7224,7733,7081,1869,5,5,5,5,5,5,4,4,4,4
TCGA-C8-A27B-DX1_xmin52632_ymin11349_MPP-0.2500+333[1000].png,4711,4198,7694,3526,6702,7149,4100,2194,6054,1767,7,6,5,5,5,4,4,4,4,4
TCGA-C8-A27B-DX1_xmin52632_ymin11349_MPP-0.2500+337[1000].png,1476,7249,836,1905,5780,6724,7628,2903,7166,7149,6,6,6,5,5,5,4,4,3,3
TCGA-C8-A27B-DX1_xmin52632_ymin11349_MPP-0.2500+338[1000].png,1373,6321,836,958,3287,915,3021,7189,7222,4533,5,5,4,4,4,4,4,4,4,4
TCGA-C8-A27B-DX1_xmin52632_ymin11349_MPP-0.2500+339[1000].png,1373,237,1836,4711,4501,2336,3021,7032,6795,5392,6,5,5,5,4,4,4,4,4,4
TCGA-C8-A27B-DX1_xmin52632_ymin11349_MPP-0.2500+33[1000].png,4711,836,6045,7134,3526,4430,390,3079,6595,7470,5,5,5,4,4,4,4,4,4,3
TCGA-C8-A27B-DX1_xmin52632_ymin11349_MPP-0.2500+340[1000].png,6054,2903,1373,3260,389,1655,7948,3088,4965,7957,7,7,5,5,4,4,4,4,4,4
TCGA-C8-A27B-DX1_xmin52632_ymin11349_MPP-0.2500+341[1000].png,4100,6724,958,7189,5810,2336,840,3296,5133,836,6,5,5,5,4,4,4,4,4,4
TCGA-C8-A27B-DX1_xmin52632_ymin11349_MPP-0.2500+342[1000].png,4711,7165,1842,1682,6931,7695,1413,3477,2194,131,6,6,6,5,4,4,4,4,4,4
TCGA-C8-A27B-DX1_xmin52632_ymin11349_MPP-0.2500+343[1000].png,1297,7189,4311,6724,4436,5213,553,4900,5918,7163,6,5,5,5,4,4,3,3,3,3
TCGA-C8-A27B-DX1_xmin52632_ymin11349_MPP-0.2500+344[1000].png,7189,6054,2308,7540,4573,131,972,840,4160,7694,6,5,5,4,4,4,4,4,4,4
TCGA-C8-A27B-DX1_xmin52632_ymin11349_MPP-0.2500+349[1000].png,131,215,958,4968,6054,3088,4311,2028,6186,6571,6,5,5,4,4,4,4,4,4,4
TCGA-C8-A27B-DX1_xmin52632_ymin11349_MPP-0.2500+350[1000].png,958,8091,3870,5179,7845,371,2686,4711,4755,7628,7,6,6,5,5,5,5,4,4,4
TCGA-C8-A27B-DX1_xmin52632_ymin11349_MPP-0.2500+351[1000].png,3526,5094,5780,553,6809,836,1476,685,2913,1515,6,5,5,5,4,4,4,4,4,4
TCGA-C8-A27B-DX1_xmin52632_ymin11349_MPP-0.2500+352[1000].png,7916,4711,2448,7224,8110,3477,958,1413,4691,7721,5,5,4,4,4,4,4,4,4,4
TCGA-C8-A27B-DX1_xmin52632_ymin11349_MPP-0.2500+353[1000].png,7165,2259,4711,7708,6530,8016,3088,1966,1652,1842,5,4,4,4,4,4,4,4,4,4
TCGA-C8-A27B-DX1_xmin52632_ymin11349_MPP-0.2500+354[1000].png,2903,6045,5392,5059,6984,7694,697,3858,5797,237,7,6,5,4,4,4,4,4,4,4
TCGA-C8-A27B-DX1_xmin52632_ymin11349_MPP-0.2500+355[1000].png,4711,6702,7482,5999,836,6724,2903,3477,3861,1297,8,5,5,4,4,4,4,4,4,4
TCGA-C8-A27B-DX1_xmin52632_ymin11349_MPP-0.2500+360[1000].png,131,6321,735,352,6227,2083,4259,6868,7923,958,5,4,4,4,4,4,4,4,4,4
TCGA-C8-A27B-DX1_xmin52632_ymin11349_MPP-0.2500+361[1000].png,453,3088,958,2308,836,267,3469,102,4100,3475,5,5,5,5,4,4,4,4,4,4
TCGA-C8-A27B-DX1_xmin52632_ymin11349_MPP-0.2500+362[1000].png,3088,7189,4762,3858,3869,5213,1373,1297,2903,5515,6,5,4,4,4,4,4,4,4,3
TCGA-C8-A27B-DX1_xmin52632_ymin11349_MPP-0.2500+368[1000].png,1413,2903,1297,972,2774,4905,5133,8013,2292,7916,6,5,4,4,4,4,4,4,4,4
TCGA-C8-A27B-DX1_xmin52632_ymin11349_MPP-0.2500+369[1000].png,3526,7880,3021,6428,2646,2157,3044,4293,1869,8013,7,4,4,4,4,4,4,4,4,4
TCGA-C8-A27B-DX1_xmin52632_ymin11349_MPP-0.2500+370[1000].png,4501,836,1767,1842,6045,958,5498,1813,5780,5133,6,5,5,5,5,5,4,4,4,4
TCGA-C8-A27B-DX1_xmin52632_ymin11349_MPP-0.2500+371[1000].png,958,2083,7165,8188,6321,6053,2411,331,3024,4725,7,7,6,5,5,5,4,4,4,4
TCGA-C8-A27B-DX1_xmin52632_ymin11349_MPP-0.2500+372[1000].png,6809,6724,347,5999,6054,5424,6795,1905,2903,5428,8,7,5,4,4,4,4,4,4,4
TCGA-C8-A27B-DX1_xmin52632_ymin11349_MPP-0.2500+373[1000].png,7149,131,2308,6054,7165,7694,2903,958,3477,2411,6,5,5,5,5,5,5,4,4,4
TCGA-C8-A27B-DX1_xmin52632_ymin11349_MPP-0.2500+378[1000].png,2801,6045,7694,6724,1297,3477,2903,6054,5292,7165,6,6,6,6,5,5,5,5,4,4
TCGA-C8-A27B-DX1_xmin52632_ymin11349_MPP-0.2500+379[1000].png,4501,6054,3477,5047,6442,44,7149,5179,5872,1297,6,6,5,5,5,4,4,4,4,4
TCGA-C8-A27B-DX1_xmin52632_ymin11349_MPP-0.2500+380[1000].png,7165,5392,958,6054,2903,1767,3349,2977,4193,6354,9,7,5,5,5,5,5,5,4,4
TCGA-C8-A27B-DX1_xmin52632_ymin11349_MPP-0.2500+381[1000].png,958,3619,2308,5999,4559,390,3230,3510,7165,6045,6,5,5,5,4,4,4,4,4,4
TCGA-C8-A27B-DX1_xmin52632_ymin11349_MPP-0.2500+382[1000].png,3021,3296,836,6724,697,7249,7948,2666,4811,553,5,5,5,4,4,4,4,4,4,4
TCGA-C8-A27B-DX1_xmin52632_ymin11349_MPP-0.2500+383[1000].png,5133,7189,1413,1813,5780,6388,5717,7484,3207,237,5,5,5,4,4,4,4,4,4,4
TCGA-C8-A27B-DX1_xmin52632_ymin11349_MPP-0.2500+394[1000].png,6054,5862,215,2903,5213,840,256,216,900,7895,5,5,5,4,4,4,4,4,4,4
TCGA-C8-A27B-DX1_xmin52632_ymin11349_MPP-0.2500+3[1000].png,2308,5097,4215,4968,7450,131,2043,1682,4691,7249,7,6,5,5,5,5,4,4,4,4
TCGA-C8-A27B-DX1_xmin52632_ymin11349_MPP-0.2500+40[1000].png,3088,7165,5999,5872,558,2903,2666,7134,7694,6807,6,5,5,5,5,5,4,4,4,4
TCGA-C8-A27B-DX1_xmin52632_ymin11349_MPP-0.2500+41[1000].png,6054,3625,3526,5433,1311,1373,6905,5799,5810,5392,6,5,5,4,4,4,4,4,4,4
TCGA-C8-A27B-DX1_xmin52632_ymin11349_MPP-0.2500+42[1000].png,2903,7880,3268,7695,5498,4968,6054,131,4950,6724,6,5,5,5,5,4,4,4,4,4
TCGA-C8-A27B-DX1_xmin52632_ymin11349_MPP-0.2500+43[1000].png,7695,6618,6054,1842,1001,836,6724,7501,7249,3836,5,5,5,5,4,4,4,4,4,4
TCGA-C8-A27B-DX1_xmin52632_ymin11349_MPP-0.2500+44[1000].png,958,7869,2666,371,8013,4100,3477,2417,5428,3088,7,5,4,4,4,4,4,4,4,4
TCGA-C8-A27B-DX1_xmin52632_ymin11349_MPP-0.2500+50[1000].png,3088,5392,3478,5996,5810,6088,836,7869,7189,5129,7,4,4,4,4,4,4,4,4,4
TCGA-C8-A27B-DX1_xmin52632_ymin11349_MPP-0.2500+51[1000].png,7165,2903,5999,7189,1508,3477,7249,5718,5872,3088,6,5,4,4,4,4,4,4,4,4
TCGA-C8-A27B-DX1_xmin52632_ymin11349_MPP-0.2500+52[1000].png,7165,1413,1038,4711,267,4859,3088,1373,5097,1298,5,5,4,4,4,4,4,4,4,4
TCGA-C8-A27B-DX1_xmin52632_ymin11349_MPP-0.2500+53[1000].png,2903,3526,3469,4859,7501,7165,6219,7149,3346,331,6,6,5,5,5,5,5,4,4,4
TCGA-C8-A27B-DX1_xmin52632_ymin11349_MPP-0.2500+59[1000].png,1842,1297,4817,2028,4711,3044,4100,651,840,5780,5,5,5,5,4,4,4,4,4,4
TCGA-C8-A27B-DX1_xmin52632_ymin11349_MPP-0.2500+60[1000].png,7916,6814,126,781,4685,8081,3565,2770,3209,1089,5,4,4,4,4,4,4,4,4,4
TCGA-C8-A27B-DX1_xmin52632_ymin11349_MPP-0.2500+61[1000].png,3088,7695,2602,2965,267,1297,7165,7880,131,6088,6,5,4,4,4,4,4,4,4,4
TCGA-C8-A27B-DX1_xmin52632_ymin11349_MPP-0.2500+62[1000].png,7024,131,468,2493,1196,5603,958,4817,6795,1373,5,4,4,4,4,4,4,4,4,4
TCGA-C8-A27B-DX1_xmin52632_ymin11349_MPP-0.2500+68[1000].png,836,2336,2204,131,4160,3477,5872,7869,898,5094,5,4,4,4,4,4,4,4,4,4
TCGA-C8-A27B-DX1_xmin52632_ymin11349_MPP-0.2500+69[1000].png,697,3477,7916,5392,1297,4725,840,6054,1857,6902,6,5,5,5,4,4,4,4,3,3
TCGA-C8-A27B-DX1_xmin52632_ymin11349_MPP-0.2500+70[1000].png,1297,3044,7024,6111,2336,5611,2815,7501,1842,697,6,5,4,4,4,4,4,4,4,4
TCGA-C8-A27B-DX1_xmin52632_ymin11349_MPP-0.2500+71[1000].png,2903,5428,6807,3477,2308,321,6219,5912,5038,3836,7,6,6,5,5,5,4,4,4,4
TCGA-C8-A27B-DX1_xmin52632_ymin11349_MPP-0.2500+76[1000].png,2903,5799,6226,2423,1373,2931,6388,5031,2751,3550,5,5,4,4,4,4,4,4,4,4
TCGA-C8-A27B-DX1_xmin52632_ymin11349_MPP-0.2500+77[1000].png,7695,6931,6054,7647,1813,168,3836,5039,3209,4711,6,5,5,5,4,4,4,4,4,4
TCGA-C8-A27B-DX1_xmin52632_ymin11349_MPP-0.2500+78[1000].png,1297,3088,4711,3790,6428,2043,7337,1373,7649,3478,9,8,6,6,4,4,4,4,4,4
TCGA-C8-A27B-DX1_xmin52632_ymin11349_MPP-0.2500+79[1000].png,8081,4711,6610,5199,7695,2448,970,2870,6702,5735,6,6,4,4,4,4,4,4,3,3
TCGA-C8-A27B-DX1_xmin52632_ymin11349_MPP-0.2500+80[1000].png,7694,840,836,4410,6054,2903,1001,2990,2801,279,7,6,5,5,4,4,4,4,4,4
TCGA-C8-A27B-DX1_xmin52632_ymin11349_MPP-0.2500+84[1000].png,7695,3088,2336,5428,3055,267,7540,582,1554,4148,7,5,5,4,4,4,4,3,3,3
TCGA-C8-A27B-DX1_xmin52632_ymin11349_MPP-0.2500+85[1000].png,5203,1413,5392,1905,7165,3260,7400,691,4817,6931,5,5,5,4,4,4,4,4,4,4
TCGA-C8-A27B-DX1_xmin52632_ymin11349_MPP-0.2500+86[1000].png,5799,836,2101,8081,3230,3658,7695,3298,2588,7160,5,5,4,4,4,4,4,4,4,4
TCGA-C8-A27B-DX1_xmin52632_ymin11349_MPP-0.2500+87[1000].png,6054,7694,7589,3858,1373,7695,4711,6702,7540,7189,7,5,5,4,4,4,4,4,4,4
TCGA-C8-A27B-DX1_xmin52632_ymin11349_MPP-0.2500+88[1000].png,6571,267,1373,5392,982,836,6219,131,2226,4911,5,5,5,4,4,4,4,4,4,3
TCGA-C8-A27B-DX1_xmin52632_ymin11349_MPP-0.2500+94[1000].png,4911,3088,6045,3209,7224,1373,1842,2083,215,2903,5,5,4,4,4,4,4,4,4,4
TCGA-C8-A27B-DX1_xmin52632_ymin11349_MPP-0.2500+95[1000].png,6702,836,5799,6979,3597,1373,3477,3196,6226,4501,8,6,5,5,4,4,4,4,4,4
TCGA-C8-A27B-DX1_xmin52632_ymin11349_MPP-0.2500+96[1000].png,836,6430,237,5937,4711,2083,2308,3477,2028,3526,6,5,5,5,5,5,4,4,4,4
TCGA-C8-A27B-DX1_xmin52632_ymin11349_MPP-0.2500+97[1000].png,4430,6814,237,2308,3477,6984,3114,453,3021,2903,5,5,5,5,4,4,4,4,4,4
TCGA-C8-A27B-DX1_xmin52632_ymin11349_MPP-0.2500+9[1000].png,8013,7392,2627,1842,2278,7149,1460,6357,7647,5799,4,4,4,4,4,4,4,3,3,3
TCGA-C8-A3M7-DX1_xmin41677_ymin66930_MPP-0.2500+156[1000].png,215,7948,4001,5937,2780,7089,1652,4311,594,2686,7,5,5,5,5,4,4,4,4,4
TCGA-D8-A13Z-DX1_xmin30985_ymin49337_MPP-0.2500+0[1000].png,7948,7694,516,7175,1813,2043,466,4436,4072,2054,8,7,5,5,5,5,5,4,4,4
TCGA-D8-A13Z-DX1_xmin30985_ymin49337_MPP-0.2500+101[1000].png,3466,2043,4072,2094,7948,7028,1569,2686,4311,6045,8,7,7,6,6,6,6,6,5,5
TCGA-D8-A13Z-DX1_xmin30985_ymin49337_MPP-0.2500+104[1000].png,1297,5912,958,7360,2140,7337,7484,1312,8148,6960,6,6,5,5,5,5,5,4,4,4
TCGA-D8-A13Z-DX1_xmin30985_ymin49337_MPP-0.2500+109[1000].png,2194,6795,7899,44,6808,5097,3836,2815,3526,7337,5,5,5,5,4,4,4,4,4,4
TCGA-D8-A13Z-DX1_xmin30985_ymin49337_MPP-0.2500+112[1000].png,2226,6869,7869,5213,1911,5583,7880,6121,6321,3526,7,6,5,5,5,4,4,4,4,4
TCGA-D8-A13Z-DX1_xmin30985_ymin49337_MPP-0.2500+113[1000].png,516,5023,3526,3176,5611,4160,781,6678,935,6137,5,4,4,4,4,4,4,4,4,4
TCGA-D8-A13Z-DX1_xmin30985_ymin49337_MPP-0.2500+114[1000].png,6045,935,6121,4001,4436,6321,2635,7391,1357,7035,5,5,5,5,4,4,4,4,4,4
TCGA-D8-A13Z-DX1_xmin30985_ymin49337_MPP-0.2500+115[1000].png,215,7880,7941,389,1813,4817,8101,5207,6795,7175,8,5,5,5,5,5,4,4,4,4
TCGA-D8-A13Z-DX1_xmin30985_ymin49337_MPP-0.2500+116[1000].png,44,389,1842,2493,6054,7337,6795,4593,1375,5763,6,5,5,4,4,4,4,4,4,4
TCGA-D8-A13Z-DX1_xmin30985_ymin49337_MPP-0.2500+117[1000].png,216,688,2267,2319,2308,5094,7937,5763,4376,1682,6,5,5,5,4,4,4,4,4,4
TCGA-D8-A13Z-DX1_xmin30985_ymin49337_MPP-0.2500+121[1000].png,3849,4072,6226,5428,3526,3044,2320,7819,6563,4436,7,7,6,5,5,5,4,4,4,4
TCGA-D8-A13Z-DX1_xmin30985_ymin49337_MPP-0.2500+122[1000].png,7175,5780,7694,3869,1682,4080,5810,3526,1476,7152,6,5,5,4,4,4,4,4,4,4
TCGA-D8-A13Z-DX1_xmin30985_ymin49337_MPP-0.2500+127[1000].png,7189,6045,6194,5213,5428,267,1654,4150,3684,8081,5,4,4,4,4,4,4,4,4,4
TCGA-D8-A13Z-DX1_xmin30985_ymin49337_MPP-0.2500+128[1000].png,2226,3230,7694,1652,516,3088,215,5065,4817,6795,6,6,5,5,5,5,4,4,4,4
TCGA-D8-A13Z-DX1_xmin30985_ymin49337_MPP-0.2500+129[1000].png,124,3030,1813,5428,7337,7101,3526,4166,44,7880,7,5,5,5,5,5,4,4,4,4
TCGA-D8-A13Z-DX1_xmin30985_ymin49337_MPP-0.2500+130[1000].png,5780,7089,3908,7694,124,2635,1679,2326,4131,2666,6,6,5,5,4,4,4,4,4,4
TCGA-D8-A13Z-DX1_xmin30985_ymin49337_MPP-0.2500+131[1000].png,7853,6321,3526,4711,4250,237,781,5428,4286,7249,5,5,5,5,5,4,4,4,4,4
TCGA-D8-A13Z-DX1_xmin30985_ymin49337_MPP-0.2500+132[1000].png,6795,5741,2977,7089,4711,2876,7337,7134,3626,7599,7,6,5,4,4,4,4,4,4,4
TCGA-D8-A13Z-DX1_xmin30985_ymin49337_MPP-0.2500+138[1000].png,7948,2043,3849,4072,7694,6226,958,5207,7175,3127,11,7,7,6,6,6,6,6,6,6
TCGA-D8-A13Z-DX1_xmin30985_ymin49337_MPP-0.2500+139[1000].png,958,6226,1696,781,601,453,7819,7459,2686,2043,9,8,6,6,6,5,5,5,5,5
TCGA-D8-A13Z-DX1_xmin30985_ymin49337_MPP-0.2500+140[1000].png,4817,1813,2756,2686,4072,2308,958,1654,7249,5171,6,6,5,5,5,5,4,4,4,4
TCGA-D8-A13Z-DX1_xmin30985_ymin49337_MPP-0.2500+145[1000].png,2903,1813,6321,4430,6045,3230,5735,5912,781,7337,6,6,6,6,5,4,4,4,4,4
TCGA-D8-A13Z-DX1_xmin30985_ymin49337_MPP-0.2500+158[1000].png,2990,5717,4436,4642,1991,7694,4168,215,2359,2666,5,5,5,5,5,5,5,5,4,4
TCGA-D8-A13Z-DX1_xmin30985_ymin49337_MPP-0.2500+171[1000].png,5433,6321,44,7249,1911,6511,4340,5098,3619,5611,6,5,5,5,4,4,4,4,4,4
TCGA-D8-A13Z-DX1_xmin30985_ymin49337_MPP-0.2500+176[1000].png,7948,601,5912,6511,7189,2990,578,1977,2320,2319,9,7,6,5,5,5,4,4,4,4
TCGA-D8-A13Z-DX1_xmin30985_ymin49337_MPP-0.2500+177[1000].png,216,2197,3209,4259,5780,6321,958,6045,4817,3889,7,6,6,5,5,4,4,4,4,4
TCGA-D8-A13Z-DX1_xmin30985_ymin49337_MPP-0.2500+17[1000].png,1842,5763,44,4250,7353,3088,7249,7694,4351,3908,6,5,5,4,4,4,4,4,4,4
TCGA-D8-A13Z-DX1_xmin30985_ymin49337_MPP-0.2500+181[1000].png,958,7442,6511,2686,840,2226,371,6829,8110,215,6,5,5,5,5,5,4,4,4,4
TCGA-D8-A13Z-DX1_xmin30985_ymin49337_MPP-0.2500+184[1000].png,2235,3088,5600,8066,3000,1001,7175,6678,3044,7880,6,5,5,5,5,4,4,4,4,4
TCGA-D8-A13Z-DX1_xmin30985_ymin49337_MPP-0.2500+189[1000].png,2686,6795,581,3000,7694,7337,3346,3044,5098,4480,7,7,6,5,5,5,5,5,4,4
TCGA-D8-A13Z-DX1_xmin30985_ymin49337_MPP-0.2500+18[1000].png,4072,958,1696,7948,3526,6045,4817,7819,4377,1911,8,7,7,6,6,6,5,5,5,5
TCGA-D8-A13Z-DX1_xmin30985_ymin49337_MPP-0.2500+191[1000].png,2320,7459,4311,3127,582,601,7948,3088,6869,4559,14,10,8,7,6,6,6,5,5,5
TCGA-D8-A13Z-DX1_xmin30985_ymin49337_MPP-0.2500+192[1000].png,6321,2686,2083,7175,2815,7134,2776,4436,1476,5741,7,6,5,5,5,5,4,4,4,4
TCGA-D8-A13Z-DX1_xmin30985_ymin49337_MPP-0.2500+196[1000].png,7337,4817,1356,5741,3044,3526,7189,6795,389,7694,6,5,5,4,4,4,4,4,4,4
TCGA-D8-A13Z-DX1_xmin30985_ymin49337_MPP-0.2500+19[1000].png,4559,215,3209,5424,7089,237,4436,4377,781,3459,8,6,6,5,5,5,5,5,4,4
TCGA-D8-A13Z-DX1_xmin30985_ymin49337_MPP-0.2500+1[1000].png,7948,4311,2043,4072,389,7819,7024,5207,5780,4034,10,8,8,7,6,5,5,5,4,4
TCGA-D8-A13Z-DX1_xmin30985_ymin49337_MPP-0.2500+207[1000].png,2686,215,958,3230,6795,7948,1476,5780,7024,4559,6,6,5,5,5,5,5,5,4,4
TCGA-D8-A13Z-DX1_xmin30985_ymin49337_MPP-0.2500+20[1000].png,7948,3849,4376,3466,3230,2686,4436,6226,2094,4001,10,8,6,6,5,5,5,5,5,5
TCGA-D8-A13Z-DX1_xmin30985_ymin49337_MPP-0.2500+212[1000].png,7091,7164,594,5780,3088,7807,267,5194,4046,840,6,5,5,5,4,4,4,4,4,4
TCGA-D8-A13Z-DX1_xmin30985_ymin49337_MPP-0.2500+218[1000].png,7937,2226,2336,5912,1312,2308,1652,6795,4817,168,7,6,6,6,5,5,4,4,4,4
TCGA-D8-A13Z-DX1_xmin30985_ymin49337_MPP-0.2500+21[1000].png,3849,7948,4072,3527,6227,2686,1696,4559,7249,5780,11,8,8,6,6,5,5,5,5,5
TCGA-D8-A13Z-DX1_xmin30985_ymin49337_MPP-0.2500+225[1000].png,5780,7694,3088,3230,4817,5213,2977,6652,1311,516,9,7,5,5,5,4,4,4,4,4
TCGA-D8-A13Z-DX1_xmin30985_ymin49337_MPP-0.2500+235[1000].png,7337,5797,2903,4278,6869,7317,725,3044,7612,7694,7,5,5,4,4,4,4,4,4,4
TCGA-D8-A13Z-DX1_xmin30985_ymin49337_MPP-0.2500+238[1000].png,3088,1842,4436,6321,7089,2493,1203,2990,5912,2226,7,5,5,5,4,4,4,4,4,4
TCGA-D8-A13Z-DX1_xmin30985_ymin49337_MPP-0.2500+245[1000].png,1203,5440,2685,6795,594,352,7175,2034,1977,2226,5,5,5,4,4,4,4,4,4,4
TCGA-D8-A13Z-DX1_xmin30985_ymin49337_MPP-0.2500+266[1000].png,6121,6321,5392,7733,2226,5428,7101,2278,1911,7152,6,5,5,5,5,5,5,5,5,4
TCGA-D8-A13Z-DX1_xmin30985_ymin49337_MPP-0.2500+278[1000].png,6054,5937,6795,516,3836,168,6048,4602,5428,7337,7,6,6,5,5,5,4,4,4,4
TCGA-D8-A13Z-DX1_xmin30985_ymin49337_MPP-0.2500+27[1000].png,2635,6657,5065,6795,7360,1652,1967,594,3230,6856,6,5,5,5,4,4,4,4,4,3
TCGA-D8-A13Z-DX1_xmin30985_ymin49337_MPP-0.2500+28[1000].png,6321,935,3836,3000,1311,1842,6292,2588,1541,3434,6,5,5,4,4,4,4,4,4,4
TCGA-D8-A13Z-DX1_xmin30985_ymin49337_MPP-0.2500+296[1000].png,1977,3189,6045,3000,3823,3088,5392,6702,5891,4711,5,5,5,5,5,5,4,4,4,3
TCGA-D8-A13Z-DX1_xmin30985_ymin49337_MPP-0.2500+297[1000].png,516,3526,6795,2876,4817,6045,3209,8014,594,145,6,6,5,5,5,4,4,4,4,4
TCGA-D8-A13Z-DX1_xmin30985_ymin49337_MPP-0.2500+29[1000].png,3526,3230,2336,6782,1373,2990,5937,6321,237,3619,6,5,5,5,4,4,4,4,4,4
TCGA-D8-A13Z-DX1_xmin30985_ymin49337_MPP-0.2500+2[1000].png,7948,3849,958,4072,2977,1911,2308,3626,4911,3127,8,8,6,6,5,5,5,5,4,4
TCGA-D8-A13Z-DX1_xmin30985_ymin49337_MPP-0.2500+315[1000].png,1842,6045,3893,3230,4711,6678,3487,5702,6795,1813,7,6,5,5,4,4,4,4,4,4
TCGA-D8-A13Z-DX1_xmin30985_ymin49337_MPP-0.2500+330[1000].png,6054,7089,7549,7175,7007,5023,1157,7694,4166,4199,7,7,6,5,5,4,4,4,4,4
TCGA-D8-A13Z-DX1_xmin30985_ymin49337_MPP-0.2500+347[1000].png,237,124,7337,4711,6795,516,389,915,5872,3908,6,6,5,5,4,4,4,4,4,4
TCGA-D8-A13Z-DX1_xmin30985_ymin49337_MPP-0.2500+34[1000].png,7337,2998,1652,7549,7694,3088,6678,5891,7448,2666,8,6,6,5,5,5,4,4,4,4
TCGA-D8-A13Z-DX1_xmin30985_ymin49337_MPP-0.2500+365[1000].png,3088,2140,3247,1157,4290,5780,4376,7899,1911,3044,5,5,4,4,4,4,4,4,4,4
TCGA-D8-A13Z-DX1_xmin30985_ymin49337_MPP-0.2500+36[1000].png,958,7152,3889,7899,4311,5507,582,7024,6226,3466,8,6,6,6,6,5,5,5,5,5
TCGA-D8-A13Z-DX1_xmin30985_ymin49337_MPP-0.2500+37[1000].png,3849,7948,1911,2094,5912,2977,3466,1813,5207,1811,7,7,6,6,5,5,5,5,5,5
TCGA-D8-A13Z-DX1_xmin30985_ymin49337_MPP-0.2500+38[1000].png,2320,5207,2749,1569,4377,3466,7899,216,2686,6045,8,8,6,6,6,6,5,5,5,5
TCGA-D8-A13Z-DX1_xmin30985_ymin49337_MPP-0.2500+39[1000].png,2320,7694,2226,4270,5507,1813,6045,2666,6479,1569,8,8,5,5,5,5,5,4,4,4
TCGA-D8-A13Z-DX1_xmin30985_ymin49337_MPP-0.2500+3[1000].png,958,5428,7948,4436,4072,215,4166,5101,6269,7028,11,10,6,5,5,4,4,4,4,4
TCGA-D8-A13Z-DX1_xmin30985_ymin49337_MPP-0.2500+420[1000].png,5097,4711,1967,516,6227,3889,2666,389,4369,6892,5,5,4,4,4,4,4,4,4,4
TCGA-D8-A13Z-DX1_xmin30985_ymin49337_MPP-0.2500+45[1000].png,2226,1652,2493,1476,1813,4259,781,912,3127,4250,6,6,6,6,5,5,5,4,4,4
TCGA-D8-A13Z-DX1_xmin30985_ymin49337_MPP-0.2500+46[1000].png,4817,3209,1652,2666,6321,2756,4715,2780,5763,6678,8,7,6,5,5,5,5,4,4,4
TCGA-D8-A13Z-DX1_xmin30985_ymin49337_MPP-0.2500+4[1000].png,2686,7459,7948,958,1813,4559,4072,3127,3971,1476,8,7,7,6,6,5,5,5,5,5
TCGA-D8-A13Z-DX1_xmin30985_ymin49337_MPP-0.2500+50[1000].png,3088,5428,3870,2308,6045,6263,2359,5716,3526,4642,8,6,5,5,5,4,4,4,4,4
TCGA-D8-A13Z-DX1_xmin30985_ymin49337_MPP-0.2500+52[1000].png,1569,4072,7948,781,6226,7694,3526,3442,3849,7189,9,7,7,6,6,5,5,5,5,5
TCGA-D8-A13Z-DX1_xmin30985_ymin49337_MPP-0.2500+53[1000].png,2043,7948,5428,5098,6856,3466,2686,4377,124,1967,6,6,6,6,6,5,5,5,4,4
TCGA-D8-A13Z-DX1_xmin30985_ymin49337_MPP-0.2500+54[1000].png,7948,4072,4911,7377,2686,5585,2062,4711,6795,3971,9,7,7,6,6,5,5,5,5,5
TCGA-D8-A13Z-DX1_xmin30985_ymin49337_MPP-0.2500+55[1000].png,6226,7948,7819,4436,2960,7694,237,3849,4311,2493,10,8,7,6,6,6,5,5,5,5
TCGA-D8-A13Z-DX1_xmin30985_ymin49337_MPP-0.2500+61[1000].png,6321,6045,3088,5912,4160,3189,7549,4430,7674,6801,9,6,5,5,4,4,4,4,4,4
TCGA-D8-A13Z-DX1_xmin30985_ymin49337_MPP-0.2500+67[1000].png,958,389,685,3849,3230,5603,4311,2094,7249,781,6,5,5,5,5,5,5,5,5,5
TCGA-D8-A13Z-DX1_xmin30985_ymin49337_MPP-0.2500+68[1000].png,958,7948,4072,2043,7694,3926,7024,1696,4817,7189,10,9,8,7,7,5,5,5,5,5
TCGA-D8-A13Z-DX1_xmin30985_ymin49337_MPP-0.2500+70[1000].png,4072,4377,3088,958,7249,4559,1569,2308,7024,7948,7,6,6,5,5,5,5,5,5,5
TCGA-D8-A13Z-DX1_xmin30985_ymin49337_MPP-0.2500+75[1000].png,2320,6738,7948,601,3849,7459,6226,7028,6869,7249,28,16,13,11,10,10,8,7,6,6
TCGA-D8-A13Z-DX1_xmin30985_ymin49337_MPP-0.2500+78[1000].png,3619,4259,44,7899,7337,2226,1373,6265,6191,2876,6,5,5,5,5,4,4,4,4,4
TCGA-D8-A13Z-DX1_xmin30985_ymin49337_MPP-0.2500+81[1000].png,3230,3021,1842,1157,1476,6321,7360,3986,2686,3208,5,5,5,5,5,5,5,4,4,4
TCGA-D8-A13Z-DX1_xmin30985_ymin49337_MPP-0.2500+84[1000].png,2686,4072,7948,267,804,7337,6321,7484,6563,3230,7,6,6,6,5,5,5,5,4,4
TCGA-D8-A13Z-DX1_xmin30985_ymin49337_MPP-0.2500+87[1000].png,3849,4311,2043,7189,7249,2320,4072,4436,6226,958,8,7,7,7,6,6,5,5,5,5
TCGA-D8-A13Z-DX1_xmin30985_ymin49337_MPP-0.2500+95[1000].png,5810,215,4480,4622,7899,6808,2249,1652,6054,2650,6,6,5,5,5,5,5,4,4,4
TCGA-D8-A13Z-DX1_xmin30985_ymin49337_MPP-0.2500+96[1000].png,4436,1311,1716,5433,5780,1150,781,1842,3901,2194,8,6,6,5,5,5,5,5,5,4
TCGA-D8-A13Z-DX1_xmin30985_ymin49337_MPP-0.2500+97[1000].png,7880,5098,7007,3230,124,3526,4972,7750,4436,7733,6,6,5,5,5,5,4,4,4,4
TCGA-D8-A13Z-DX1_xmin30985_ymin49337_MPP-0.2500+98[1000].png,3088,2308,2226,5810,7941,1911,2990,6678,3526,7528,6,6,5,5,5,4,4,4,4,4
TCGA-D8-A142-DX1_xmin62151_ymin41337_MPP-0.2500+111[1000].png,594,7189,3526,4972,215,5603,1682,124,4711,2703,6,6,5,5,5,5,4,4,4,4
TCGA-D8-A142-DX1_xmin62151_ymin41337_MPP-0.2500+112[1000].png,958,4325,215,7337,2028,7694,697,3230,7899,3088,6,5,5,5,5,4,4,4,4,4
TCGA-D8-A142-DX1_xmin62151_ymin41337_MPP-0.2500+113[1000].png,267,168,4642,2476,2226,3044,4559,7694,215,2870,6,6,5,5,5,5,4,4,4,4
TCGA-D8-A142-DX1_xmin62151_ymin41337_MPP-0.2500+114[1000].png,2308,3088,7007,4436,515,516,4593,6905,7357,958,7,5,4,4,4,4,4,4,4,4
TCGA-D8-A142-DX1_xmin62151_ymin41337_MPP-0.2500+115[1000].png,5797,7101,5937,4286,7091,3836,7007,4377,4911,2841,6,6,5,5,5,5,4,4,4,4
TCGA-D8-A142-DX1_xmin62151_ymin41337_MPP-0.2500+116[1000].png,3088,7129,7733,6795,7189,582,6678,2197,3889,594,6,5,5,4,4,4,4,4,4,3
TCGA-D8-A142-DX1_xmin62151_ymin41337_MPP-0.2500+117[1000].png,7189,8148,2226,2493,5741,7880,257,6902,1063,3088,7,5,5,5,5,5,4,4,4,4
TCGA-D8-A142-DX1_xmin62151_ymin41337_MPP-0.2500+134[1000].png,4711,5780,2226,389,7165,1813,7024,1652,5937,5428,7,6,5,5,5,5,5,5,4,4
TCGA-D8-A142-DX1_xmin62151_ymin41337_MPP-0.2500+135[1000].png,7880,4817,7695,3619,958,5937,4425,276,1476,7028,8,5,5,4,4,4,4,4,4,4
TCGA-D8-A142-DX1_xmin62151_ymin41337_MPP-0.2500+136[1000].png,839,2226,267,2967,4376,1654,6869,3836,3088,6950,5,4,4,4,4,4,4,4,4,4
TCGA-D8-A142-DX1_xmin62151_ymin41337_MPP-0.2500+137[1000].png,4311,3526,124,2588,1652,5795,7694,5428,1813,6807,7,5,5,4,4,4,4,4,4,4
TCGA-D8-A142-DX1_xmin62151_ymin41337_MPP-0.2500+139[1000].png,915,4322,6045,6479,2588,8081,7337,5741,1842,2977,6,6,5,5,5,5,5,4,4,4
TCGA-D8-A142-DX1_xmin62151_ymin41337_MPP-0.2500+158[1000].png,8013,6795,6194,168,4711,7694,6960,4112,1476,6321,6,6,5,5,5,5,5,4,4,4
TCGA-D8-A142-DX1_xmin62151_ymin41337_MPP-0.2500+159[1000].png,3088,5797,4817,582,1297,1236,6905,2257,7165,7549,8,7,5,5,5,4,4,4,4,4
TCGA-D8-A142-DX1_xmin62151_ymin41337_MPP-0.2500+160[1000].png,2308,7880,1977,6045,3088,215,319,516,5454,4711,7,6,5,5,5,5,5,5,4,4
TCGA-D8-A142-DX1_xmin62151_ymin41337_MPP-0.2500+161[1000].png,3836,2226,5424,3088,216,5392,237,915,3487,3477,6,6,6,5,5,5,4,4,4,4
TCGA-D8-A142-DX1_xmin62151_ymin41337_MPP-0.2500+16[1000].png,7694,1813,7189,6226,8013,2257,237,7501,7249,840,8,6,5,5,5,4,4,4,4,4
TCGA-D8-A142-DX1_xmin62151_ymin41337_MPP-0.2500+17[1000].png,6795,7948,1813,4150,5428,7249,4711,840,4817,7694,6,5,5,5,5,5,5,5,4,4
TCGA-D8-A142-DX1_xmin62151_ymin41337_MPP-0.2500+185[1000].png,2903,5912,6814,2650,2308,5428,7024,2140,7695,3044,5,5,5,5,5,5,4,4,4,4
TCGA-D8-A142-DX1_xmin62151_ymin41337_MPP-0.2500+211[1000].png,3836,3619,4436,1842,6321,7695,6702,1094,1312,1297,6,6,6,5,5,5,5,4,4,4
TCGA-D8-A142-DX1_xmin62151_ymin41337_MPP-0.2500+212[1000].png,7694,2903,3836,1297,2990,7189,5717,3889,5872,6321,7,6,5,5,5,4,4,4,4,4
TCGA-D8-A142-DX1_xmin62151_ymin41337_MPP-0.2500+233[1000].png,7459,6226,629,2749,3387,7948,5100,6190,1652,6738,15,7,7,7,6,6,5,5,5,5
TCGA-D8-A142-DX1_xmin62151_ymin41337_MPP-0.2500+234[1000].png,4311,1652,3836,7899,2977,7164,693,2990,1132,4436,6,5,5,5,5,4,4,4,4,4
TCGA-D8-A142-DX1_xmin62151_ymin41337_MPP-0.2500+242[1000].png,7899,4377,3836,2686,2226,4436,4711,3088,5428,7119,6,5,5,5,5,5,4,4,4,4
TCGA-D8-A142-DX1_xmin62151_ymin41337_MPP-0.2500+243[1000].png,6226,144,1297,4711,5047,6902,7899,2140,515,3526,7,5,5,5,5,4,4,4,4,4
TCGA-D8-A142-DX1_xmin62151_ymin41337_MPP-0.2500+264[1000].png,331,1126,1373,8185,215,781,7733,2226,1842,4311,6,5,5,5,5,5,5,5,5,4
TCGA-D8-A142-DX1_xmin62151_ymin41337_MPP-0.2500+265[1000].png,1652,1813,2686,6869,781,7869,1476,215,8013,3365,8,6,6,5,5,5,5,5,5,5
TCGA-D8-A142-DX1_xmin62151_ymin41337_MPP-0.2500+272[1000].png,7459,4001,7948,781,7024,4143,4150,2960,7694,1476,7,7,5,5,5,4,4,4,4,4
TCGA-D8-A142-DX1_xmin62151_ymin41337_MPP-0.2500+273[1000].png,1652,3526,5937,6702,7129,5797,601,4311,781,5735,6,5,5,5,5,5,5,4,4,4
TCGA-D8-A142-DX1_xmin62151_ymin41337_MPP-0.2500+294[1000].png,4376,3836,3526,1652,4166,6354,6795,2034,216,7175,6,5,4,4,4,4,4,4,4,4
TCGA-D8-A142-DX1_xmin62151_ymin41337_MPP-0.2500+301[1000].png,1652,7880,1813,5171,7189,7024,6628,6321,6960,2780,8,6,6,6,6,5,5,5,5,5
TCGA-D8-A142-DX1_xmin62151_ymin41337_MPP-0.2500+302[1000].png,7175,1842,44,7028,6321,4911,5213,389,1157,4311,6,5,5,5,5,4,4,4,4,3
TCGA-D8-A142-DX1_xmin62151_ymin41337_MPP-0.2500+318[1000].png,7189,1476,5106,3230,958,2226,7695,7694,2482,1311,5,5,5,5,5,4,4,4,4,4
TCGA-D8-A142-DX1_xmin62151_ymin41337_MPP-0.2500+321[1000].png,1476,4711,7694,6678,331,3971,1813,3619,7189,7175,6,6,5,5,5,5,5,4,4,4
TCGA-D8-A142-DX1_xmin62151_ymin41337_MPP-0.2500+322[1000].png,4043,3088,697,331,6137,4711,144,4376,7899,6931,4,4,4,4,4,4,4,4,4,4
TCGA-D8-A142-DX1_xmin62151_ymin41337_MPP-0.2500+32[1000].png,44,1652,6226,1297,2903,6628,1476,2226,3631,2308,6,6,6,5,5,5,5,4,4,4
TCGA-D8-A142-DX1_xmin62151_ymin41337_MPP-0.2500+330[1000].png,3889,1842,5166,4436,6121,6226,7916,4376,4377,1218,6,5,5,4,4,4,4,4,4,4
TCGA-D8-A142-DX1_xmin62151_ymin41337_MPP-0.2500+33[1000].png,3088,7895,3836,4911,7733,2870,7589,958,4711,6702,6,5,5,5,4,4,4,4,4,4
TCGA-D8-A142-DX1_xmin62151_ymin41337_MPP-0.2500+343[1000].png,5810,1652,1869,1813,3127,6702,7091,3088,7024,331,5,5,4,4,4,4,4,4,4,4
TCGA-D8-A142-DX1_xmin62151_ymin41337_MPP-0.2500+344[1000].png,1652,1813,267,2990,6269,5937,6724,215,131,794,9,6,5,5,4,4,4,4,4,4
TCGA-D8-A142-DX1_xmin62151_ymin41337_MPP-0.2500+345[1000].png,958,4436,1586,4250,7694,3088,8013,1813,6045,5937,8,7,6,5,5,5,5,5,4,4
TCGA-D8-A142-DX1_xmin62151_ymin41337_MPP-0.2500+346[1000].png,3526,7442,4436,5912,5392,7222,3088,215,5797,2308,9,5,5,5,5,5,5,4,4,4
TCGA-D8-A142-DX1_xmin62151_ymin41337_MPP-0.2500+347[1000].png,6724,2308,4711,5797,1696,2977,5392,3088,5912,6702,6,6,5,5,4,4,4,4,4,4
TCGA-D8-A142-DX1_xmin62151_ymin41337_MPP-0.2500+348[1000].png,2644,131,7337,5999,4725,7958,2977,3365,4711,1150,5,5,5,4,4,4,4,4,4,4
TCGA-D8-A142-DX1_xmin62151_ymin41337_MPP-0.2500+349[1000].png,1652,958,7175,215,3619,1813,4711,7249,2686,2255,10,8,6,6,5,4,4,4,4,4
TCGA-D8-A142-DX1_xmin62151_ymin41337_MPP-0.2500+360[1000].png,2308,3088,5937,1476,7694,4817,1030,2588,6226,4711,6,6,5,5,5,4,4,4,4,4
TCGA-D8-A142-DX1_xmin62151_ymin41337_MPP-0.2500+361[1000].png,1842,5741,7694,6045,2140,4311,7459,6795,215,2308,7,6,5,5,5,5,5,5,5,4
TCGA-D8-A142-DX1_xmin62151_ymin41337_MPP-0.2500+375[1000].png,1652,958,3088,215,7459,5937,7899,2320,5023,5912,9,7,6,5,5,5,4,4,4,4
TCGA-D8-A142-DX1_xmin62151_ymin41337_MPP-0.2500+376[1000].png,7880,7442,778,5433,6321,1654,601,2990,2226,7869,6,5,5,5,5,5,4,4,4,4
TCGA-D8-A142-DX1_xmin62151_ymin41337_MPP-0.2500+377[1000].png,7948,1652,8101,3088,4436,601,5937,2226,215,1476,7,7,6,6,6,6,6,6,5,5
TCGA-D8-A142-DX1_xmin62151_ymin41337_MPP-0.2500+390[1000].png,6226,3526,7089,6045,331,7895,7165,3044,44,2749,6,5,5,5,5,4,4,4,4,4
TCGA-D8-A142-DX1_xmin62151_ymin41337_MPP-0.2500+391[1000].png,594,6475,3908,6905,6509,3030,7880,6194,2226,7674,7,4,4,4,4,4,4,4,4,4
TCGA-D8-A142-DX1_xmin62151_ymin41337_MPP-0.2500+400[1000].png,5780,6226,215,3000,1652,6869,594,144,1813,2226,6,6,6,5,5,5,5,5,4,4
TCGA-D8-A142-DX1_xmin62151_ymin41337_MPP-0.2500+401[1000].png,215,6795,495,3030,1977,1297,389,7880,3526,4311,6,5,5,4,4,4,4,4,4,4
TCGA-D8-A142-DX1_xmin62151_ymin41337_MPP-0.2500+421[1000].png,1652,840,2903,144,3889,5717,2094,4711,6054,4150,6,6,6,5,5,5,4,4,4,4
TCGA-D8-A142-DX1_xmin62151_ymin41337_MPP-0.2500+422[1000].png,1813,3836,4369,3487,7880,4436,6979,2650,6720,5235,7,5,4,4,4,4,4,4,3,3
TCGA-D8-A142-DX1_xmin62151_ymin41337_MPP-0.2500+423[1000].png,6121,3209,7694,958,5780,7091,7249,5094,781,4436,6,6,6,6,5,5,4,4,4,4
TCGA-D8-A142-DX1_xmin62151_ymin41337_MPP-0.2500+424[1000].png,3836,7694,5780,8013,2990,276,1297,124,4240,2336,7,6,6,6,6,5,5,4,4,4
TCGA-D8-A142-DX1_xmin62151_ymin41337_MPP-0.2500+433[1000].png,5780,7119,5872,1813,2226,2666,7249,958,7089,1652,6,5,5,4,4,4,4,4,4,4
TCGA-D8-A142-DX1_xmin62151_ymin41337_MPP-0.2500+434[1000].png,215,4711,4436,7024,3088,8013,1813,5392,7808,216,8,7,6,6,5,5,5,5,4,4
TCGA-D8-A142-DX1_xmin62151_ymin41337_MPP-0.2500+435[1000].png,2226,1476,3088,4311,7175,958,215,7442,4911,7189,7,6,6,6,6,6,5,5,5,5
TCGA-D8-A142-DX1_xmin62151_ymin41337_MPP-0.2500+436[1000].png,2140,6678,237,7819,5498,1373,6045,6121,4311,1911,6,5,5,5,5,4,4,4,4,4
TCGA-D8-A142-DX1_xmin62151_ymin41337_MPP-0.2500+440[1000].png,7694,958,4711,1476,4559,1357,7899,2278,5872,2185,7,6,5,5,5,4,4,4,4,4
TCGA-D8-A142-DX1_xmin62151_ymin41337_MPP-0.2500+441[1000].png,1652,7733,4436,3586,7694,3127,5780,3088,216,7595,5,4,4,4,4,4,4,4,4,4
TCGA-D8-A142-DX1_xmin62151_ymin41337_MPP-0.2500+454[1000].png,1652,8014,808,5780,1297,1911,4602,7674,3619,7733,6,5,5,5,5,5,4,4,4,4
TCGA-D8-A142-DX1_xmin62151_ymin41337_MPP-0.2500+455[1000].png,215,2903,7484,6724,7089,2226,7895,331,6045,5717,6,6,5,5,5,5,5,5,4,4
TCGA-D8-A142-DX1_xmin62151_ymin41337_MPP-0.2500+456[1000].png,1652,5098,2226,5797,4725,515,3088,4001,237,7337,9,6,5,4,4,4,4,4,4,4
TCGA-D8-A142-DX1_xmin62151_ymin41337_MPP-0.2500+457[1000].png,5780,1652,7175,7869,7880,516,7733,4817,3836,898,5,4,4,4,4,4,4,4,4,4
TCGA-D8-A142-DX1_xmin62151_ymin41337_MPP-0.2500+458[1000].png,7175,331,3088,6388,2870,3230,3619,1157,6095,6814,6,6,6,5,5,5,5,4,4,4
TCGA-D8-A142-DX1_xmin62151_ymin41337_MPP-0.2500+460[1000].png,4711,5937,5780,4410,6321,44,2083,516,3044,4817,6,6,5,5,4,4,4,4,4,4
TCGA-D8-A142-DX1_xmin62151_ymin41337_MPP-0.2500+461[1000].png,3088,5797,7694,6678,4711,4436,3836,1025,1089,7091,6,6,5,5,5,5,4,4,4,4
TCGA-D8-A142-DX1_xmin62151_ymin41337_MPP-0.2500+462[1000].png,6950,335,3526,2977,5937,6022,1652,4711,2870,1682,6,5,5,5,5,4,4,4,4,4
TCGA-D8-A142-DX1_xmin62151_ymin41337_MPP-0.2500+466[1000].png,1297,8049,3088,3189,4376,3477,2101,1836,7733,3637,6,5,4,4,4,4,4,4,4,4
TCGA-D8-A142-DX1_xmin62151_ymin41337_MPP-0.2500+489[1000].png,7899,4436,3088,7819,781,1813,2226,2876,3434,6931,5,5,5,5,5,4,4,4,4,4
TCGA-D8-A142-DX1_xmin62151_ymin41337_MPP-0.2500+490[1000].png,629,2320,1813,1476,1652,7459,6795,8013,7694,144,8,7,7,6,6,6,5,5,5,4
TCGA-D8-A142-DX1_xmin62151_ymin41337_MPP-0.2500+491[1000].png,5797,7024,1813,1869,6795,1842,4436,5735,4711,262,6,5,5,5,5,5,5,4,4,4
TCGA-D8-A142-DX1_xmin62151_ymin41337_MPP-0.2500+516[1000].png,3000,4711,2903,2278,3526,7175,2308,7880,839,5097,7,6,5,5,4,4,4,4,4,4
TCGA-D8-A142-DX1_xmin62151_ymin41337_MPP-0.2500+517[1000].png,1911,5101,1297,1813,3836,216,6048,5611,2308,7175,6,5,5,5,5,5,4,4,4,4
TCGA-D8-A142-DX1_xmin62151_ymin41337_MPP-0.2500+518[1000].png,7165,781,331,898,4376,4410,872,6960,2031,7249,7,6,5,4,4,4,4,4,4,4
TCGA-D8-A142-DX1_xmin62151_ymin41337_MPP-0.2500+519[1000].png,1813,215,3836,1842,1373,2646,5603,1476,1203,3199,6,6,6,5,5,4,4,4,4,4
TCGA-D8-A142-DX1_xmin62151_ymin41337_MPP-0.2500+540[1000].png,1476,6678,1842,237,2308,6321,8148,1654,2336,1652,7,6,5,5,5,4,4,4,4,4
TCGA-D8-A142-DX1_xmin62151_ymin41337_MPP-0.2500+541[1000].png,7694,3870,3000,3889,2686,516,3526,4436,3189,7160,5,5,5,5,4,4,4,4,4,4
TCGA-D8-A142-DX1_xmin62151_ymin41337_MPP-0.2500+542[1000].png,6045,2226,3088,7869,2493,3861,1652,5428,8081,3230,8,6,5,5,5,4,4,4,4,4
TCGA-D8-A142-DX1_xmin62151_ymin41337_MPP-0.2500+543[1000].png,6795,1476,5671,1652,6219,5999,778,7119,935,5872,5,5,5,5,5,5,5,4,4,4
TCGA-D8-A142-DX1_xmin62151_ymin41337_MPP-0.2500+544[1000].png,3088,8000,1813,44,1652,7101,578,2635,7733,4112,6,6,6,5,5,5,4,4,4,4
TCGA-D8-A142-DX1_xmin62151_ymin41337_MPP-0.2500+545[1000].png,1813,7880,1476,3088,958,8148,2430,2308,34,4666,6,5,5,5,5,5,4,4,4,4
TCGA-D8-A142-DX1_xmin62151_ymin41337_MPP-0.2500+546[1000].png,4711,5741,4436,7854,5780,3044,267,5213,5872,1297,7,5,5,5,5,5,5,4,4,4
TCGA-D8-A142-DX1_xmin62151_ymin41337_MPP-0.2500+54[1000].png,3088,4376,781,2756,186,1869,8013,4711,1476,6321,10,7,6,5,5,5,4,4,4,4
TCGA-D8-A142-DX1_xmin62151_ymin41337_MPP-0.2500+550[1000].png,1813,5392,5810,5999,582,3127,215,1652,332,3230,6,5,5,5,5,5,4,4,4,4
TCGA-D8-A142-DX1_xmin62151_ymin41337_MPP-0.2500+55[1000].png,2226,840,1203,1297,1476,215,3088,6326,4001,4168,5,4,4,4,4,4,4,4,4,4
TCGA-D8-A142-DX1_xmin62151_ymin41337_MPP-0.2500+565[1000].png,7733,6724,3526,8013,4642,958,582,2903,5872,2308,5,5,4,4,4,4,4,4,4,4
TCGA-D8-A142-DX1_xmin62151_ymin41337_MPP-0.2500+566[1000].png,7134,8110,1357,1297,2990,1652,1311,7948,958,4068,6,5,5,5,4,4,4,4,4,4
TCGA-D8-A142-DX1_xmin62151_ymin41337_MPP-0.2500+567[1000].png,4711,1476,958,7807,7733,5937,515,2903,5023,5499,6,5,5,4,4,4,4,4,4,4
TCGA-D8-A142-DX1_xmin62151_ymin41337_MPP-0.2500+568[1000].png,3088,1311,215,7360,3526,1476,935,4430,5094,688,10,6,6,6,5,5,4,4,4,4
TCGA-D8-A142-DX1_xmin62151_ymin41337_MPP-0.2500+569[1000].png,3836,1652,4436,267,2954,7694,8165,7442,5572,4972,6,6,5,5,4,4,4,4,4,4
TCGA-D8-A142-DX1_xmin62151_ymin41337_MPP-0.2500+56[1000].png,7694,2226,3836,3708,200,267,335,6766,4711,632,6,5,5,5,4,4,4,4,4,3
TCGA-D8-A142-DX1_xmin62151_ymin41337_MPP-0.2500+570[1000].png,4436,1652,4430,1842,958,7165,516,3729,7808,2990,6,5,5,5,5,5,4,4,4,4
TCGA-D8-A142-DX1_xmin62151_ymin41337_MPP-0.2500+574[1000].png,6226,1476,6869,1652,4311,1842,1159,1373,1613,4436,6,6,6,6,5,5,5,4,4,4
TCGA-D8-A142-DX1_xmin62151_ymin41337_MPP-0.2500+575[1000].png,1652,2815,7189,3088,2967,1977,1569,5937,6905,7119,6,6,5,5,4,4,4,4,4,4
TCGA-D8-A142-DX1_xmin62151_ymin41337_MPP-0.2500+57[1000].png,3088,4559,44,6919,3000,2876,5099,2756,4436,2021,5,5,5,4,4,4,4,4,4,4
TCGA-D8-A142-DX1_xmin62151_ymin41337_MPP-0.2500+58[1000].png,5912,464,6194,7807,168,6354,7808,2235,331,124,6,4,4,4,4,4,4,4,4,4
TCGA-D8-A142-DX1_xmin62151_ymin41337_MPP-0.2500+59[1000].png,5797,4430,1842,516,7950,7674,3708,7565,6902,6571,5,5,5,5,4,4,4,4,4,4
TCGA-D8-A142-DX1_xmin62151_ymin41337_MPP-0.2500+5[1000].png,1813,4311,3526,4143,1476,3088,6226,1755,475,5524,8,7,6,5,5,5,4,4,4,4
TCGA-D8-A142-DX1_xmin62151_ymin41337_MPP-0.2500+67[1000].png,7695,215,3836,6902,331,6045,389,958,3115,8082,7,7,5,4,4,4,4,4,4,4
TCGA-D8-A142-DX1_xmin62151_ymin41337_MPP-0.2500+74[1000].png,389,237,4286,352,1652,7101,6045,808,2493,3199,5,5,5,5,5,4,4,4,4,4
TCGA-D8-A142-DX1_xmin62151_ymin41337_MPP-0.2500+75[1000].png,5065,3088,1813,2493,6226,632,3526,6045,4817,7694,6,6,6,5,5,5,4,4,4,4
TCGA-D8-A142-DX1_xmin62151_ymin41337_MPP-0.2500+76[1000].png,3088,1842,7091,2686,3526,4436,781,4001,7450,267,5,5,5,4,4,4,4,4,4,4
TCGA-D8-A142-DX1_xmin62151_ymin41337_MPP-0.2500+77[1000].png,1652,7869,781,2903,5912,7134,6045,5428,44,2278,6,5,5,5,5,4,4,4,4,4
TCGA-D8-A142-DX1_xmin62151_ymin41337_MPP-0.2500+78[1000].png,4817,3088,1652,4430,7007,7733,5780,5114,3030,915,7,6,5,5,4,4,4,4,4,4
TCGA-D8-A142-DX1_xmin62151_ymin41337_MPP-0.2500+79[1000].png,3088,4430,1652,5433,3526,915,4290,1836,1203,2990,6,5,5,4,4,4,4,4,4,4
TCGA-D8-A142-DX1_xmin62151_ymin41337_MPP-0.2500+88[1000].png,6321,2226,1842,4494,4430,5912,12,4436,7733,7189,6,5,5,5,5,5,4,4,4,4
TCGA-D8-A142-DX1_xmin62151_ymin41337_MPP-0.2500+89[1000].png,7694,4711,3088,1813,1150,5797,2308,1682,2194,215,6,5,5,5,5,4,4,4,4,4
TCGA-D8-A142-DX1_xmin62151_ymin41337_MPP-0.2500+91[1000].png,1842,3329,3088,237,4711,6226,836,6321,7260,2666,7,5,5,5,5,5,5,4,4,4
TCGA-D8-A142-DX1_xmin62151_ymin41337_MPP-0.2500+92[1000].png,5392,5872,1311,6321,4072,7442,7337,3044,5912,1297,6,5,4,4,4,4,4,4,4,4
TCGA-D8-A142-DX1_xmin62151_ymin41337_MPP-0.2500+93[1000].png,3088,6795,7175,5937,4711,1373,2990,1297,6054,2319,8,6,6,6,6,4,4,4,4,4
TCGA-D8-A142-DX1_xmin62151_ymin41337_MPP-0.2500+95[1000].png,2756,5780,1150,7024,3088,3230,1476,1716,8082,7032,5,5,5,5,5,5,5,4,4,4
TCGA-D8-A142-DX1_xmin62151_ymin41337_MPP-0.2500+96[1000].png,5097,1679,3088,4711,2308,7134,1842,3089,3487,2977,5,5,5,5,5,4,4,4,4,4
TCGA-D8-A142-DX1_xmin62151_ymin41337_MPP-0.2500+97[1000].png,3088,1652,5937,1682,331,2870,5428,3127,145,3000,7,6,5,5,5,4,4,4,4,4
TCGA-D8-A142-DX1_xmin62151_ymin41337_MPP-0.2500+98[1000].png,1813,6321,215,2102,5780,7694,6953,3728,4711,4376,7,5,5,4,4,4,4,4,4,4
TCGA-D8-A142-DX1_xmin62151_ymin41337_MPP-0.2500+99[1000].png,3088,7337,7880,2917,1652,6764,2028,781,168,1977,7,5,5,5,5,4,4,4,4,4
TCGA-D8-A143-DX1_xmin52429_ymin19478_MPP-0.2500+0[1000].png,4711,2226,7694,4311,3477,6678,453,7360,1652,6724,8,7,6,5,5,4,4,4,4,4
TCGA-D8-A143-DX1_xmin52429_ymin19478_MPP-0.2500+100[1000].png,6045,5780,5999,7694,3836,215,5065,4068,8013,1311,6,6,6,6,5,5,5,4,4,4
TCGA-D8-A143-DX1_xmin52429_ymin19478_MPP-0.2500+101[1000].png,4425,6054,6931,5097,7091,7189,2226,1652,319,7101,5,5,5,5,5,5,5,5,4,4
TCGA-D8-A143-DX1_xmin52429_ymin19478_MPP-0.2500+102[1000].png,2226,6194,4436,6321,778,3230,5428,4143,915,2308,7,6,5,5,5,5,5,5,5,5
TCGA-D8-A143-DX1_xmin52429_ymin19478_MPP-0.2500+103[1000].png,2226,2990,7694,7337,7149,6762,6321,6045,4711,3088,6,5,5,4,4,4,4,4,4,4
TCGA-D8-A143-DX1_xmin52429_ymin19478_MPP-0.2500+105[1000].png,4911,2903,1813,4711,8013,7165,4430,3209,1652,3088,6,6,6,5,5,5,5,4,4,4
TCGA-D8-A143-DX1_xmin52429_ymin19478_MPP-0.2500+114[1000].png,1652,6795,7694,4711,267,6045,966,2308,7528,7695,7,5,5,5,5,5,5,5,4,4
TCGA-D8-A143-DX1_xmin52429_ymin19478_MPP-0.2500+120[1000].png,3088,1652,7895,2226,7807,1682,7591,2650,7695,915,6,5,4,4,4,4,4,4,4,4
TCGA-D8-A143-DX1_xmin52429_ymin19478_MPP-0.2500+121[1000].png,215,3088,2226,4817,6652,5937,7880,7175,3144,7337,7,6,6,5,5,5,4,4,4,4
TCGA-D8-A143-DX1_xmin52429_ymin19478_MPP-0.2500+122[1000].png,958,6931,1652,6321,144,836,2249,3088,6905,6045,8,7,6,6,5,5,5,5,4,4
TCGA-D8-A143-DX1_xmin52429_ymin19478_MPP-0.2500+124[1000].png,3836,6795,1042,5937,1652,319,332,6045,2903,8110,7,5,5,5,4,4,4,4,4,4
TCGA-D8-A143-DX1_xmin52429_ymin19478_MPP-0.2500+136[1000].png,7808,6628,3088,5392,5780,2226,725,3893,6045,591,6,6,6,5,5,5,5,5,5,4
TCGA-D8-A143-DX1_xmin52429_ymin19478_MPP-0.2500+137[1000].png,2226,215,2635,3088,1652,1297,2903,332,4993,5741,8,7,7,6,6,5,5,5,5,5
TCGA-D8-A143-DX1_xmin52429_ymin19478_MPP-0.2500+139[1000].png,3088,3477,7694,6054,215,1571,7733,267,6795,4150,8,6,6,5,5,5,4,4,4,4
TCGA-D8-A143-DX1_xmin52429_ymin19478_MPP-0.2500+140[1000].png,2308,2226,3088,215,4711,2292,2140,7089,5937,1767,7,5,5,5,5,5,4,4,4,4
TCGA-D8-A143-DX1_xmin52429_ymin19478_MPP-0.2500+156[1000].png,3044,4817,6054,5039,725,7808,3526,5937,1977,2801,7,5,5,4,4,4,4,4,4,4
TCGA-D8-A143-DX1_xmin52429_ymin19478_MPP-0.2500+157[1000].png,4711,1842,390,5098,958,1652,1373,4817,6045,1833,8,6,5,5,5,5,4,4,4,4
TCGA-D8-A143-DX1_xmin52429_ymin19478_MPP-0.2500+158[1000].png,5454,215,267,7189,7442,2557,2666,371,1813,7808,6,6,5,5,5,5,5,4,4,4
TCGA-D8-A143-DX1_xmin52429_ymin19478_MPP-0.2500+159[1000].png,215,2031,216,2308,3619,7694,1413,4817,4436,4711,6,5,5,5,5,4,4,4,4,4
TCGA-D8-A143-DX1_xmin52429_ymin19478_MPP-0.2500+177[1000].png,7733,3088,2226,1652,2990,3526,1373,2034,7164,215,6,6,6,5,5,5,4,4,4,4
TCGA-D8-A143-DX1_xmin52429_ymin19478_MPP-0.2500+20[1000].png,1813,215,4711,7249,216,6054,7442,3477,7091,5023,8,8,8,5,5,5,4,4,4,4
TCGA-D8-A143-DX1_xmin52429_ymin19478_MPP-0.2500+23[1000].png,215,5708,6724,3088,4711,516,6869,3000,2226,4693,7,5,5,4,4,4,4,4,4,4
TCGA-D8-A143-DX1_xmin52429_ymin19478_MPP-0.2500+24[1000].png,6054,3088,6795,237,1813,1842,5047,601,1357,4711,7,6,5,5,5,4,4,4,4,4
TCGA-D8-A143-DX1_xmin52429_ymin19478_MPP-0.2500+252[1000].png,4711,1813,2540,2226,1977,7175,6045,8014,1842,1297,5,5,5,5,4,4,4,4,4,4
TCGA-D8-A143-DX1_xmin52429_ymin19478_MPP-0.2500+25[1000].png,7694,4817,5424,331,5999,371,7189,5872,6892,1196,7,6,5,5,4,4,4,4,4,4
TCGA-D8-A143-DX1_xmin52429_ymin19478_MPP-0.2500+273[1000].png,2320,7459,5100,778,1652,7694,6045,2308,5741,5611,8,8,6,5,5,4,4,4,4,4
TCGA-D8-A143-DX1_xmin52429_ymin19478_MPP-0.2500+28[1000].png,3971,215,2776,3209,3619,1476,331,3088,2235,781,5,5,5,4,4,4,4,4,4,4
TCGA-D8-A143-DX1_xmin52429_ymin19478_MPP-0.2500+290[1000].png,144,4436,1373,1911,1652,4311,2226,7024,8081,3044,5,5,5,4,4,4,4,4,4,4
TCGA-D8-A143-DX1_xmin52429_ymin19478_MPP-0.2500+2[1000].png,1813,6045,1857,390,4911,7442,2990,7337,7808,4250,6,5,5,5,5,5,5,4,4,4
TCGA-D8-A143-DX1_xmin52429_ymin19478_MPP-0.2500+38[1000].png,6054,215,4311,8013,6045,2776,216,781,6869,3870,8,7,6,5,5,5,4,4,4,4
TCGA-D8-A143-DX1_xmin52429_ymin19478_MPP-0.2500+393[1000].png,2226,215,6045,5937,3088,3526,7819,1311,6190,1842,6,6,5,5,5,4,4,4,4,4
TCGA-D8-A143-DX1_xmin52429_ymin19478_MPP-0.2500+39[1000].png,6045,144,7694,5912,8082,5428,7450,4290,3088,5797,5,5,5,5,4,4,4,4,4,4
TCGA-D8-A143-DX1_xmin52429_ymin19478_MPP-0.2500+412[1000].png,2226,7189,4711,725,8165,3836,3209,915,5498,8081,6,6,5,5,5,5,4,4,4,4
TCGA-D8-A143-DX1_xmin52429_ymin19478_MPP-0.2500+413[1000].png,2226,6179,5797,1652,4817,5741,3459,8059,6219,4436,5,5,5,5,5,5,4,4,4,4
TCGA-D8-A143-DX1_xmin52429_ymin19478_MPP-0.2500+414[1000].png,215,1652,1297,1813,6054,3981,3230,582,3088,6762,7,6,5,4,4,4,4,4,4,4
TCGA-D8-A143-DX1_xmin52429_ymin19478_MPP-0.2500+431[1000].png,6054,7808,6869,6856,1652,808,5741,7175,7165,215,6,6,6,5,4,4,4,4,4,4
TCGA-D8-A143-DX1_xmin52429_ymin19478_MPP-0.2500+450[1000].png,4436,1652,1297,1813,4376,6795,2226,5780,3088,7337,8,7,6,6,5,5,5,5,5,5
TCGA-D8-A143-DX1_xmin52429_ymin19478_MPP-0.2500+468[1000].png,215,7119,6931,144,4480,4311,5741,1652,516,5797,8,6,4,4,4,4,4,4,3,3
TCGA-D8-A143-DX1_xmin52429_ymin19478_MPP-0.2500+47[1000].png,1813,3526,7430,2226,4311,2180,4160,3044,4711,5603,7,6,5,5,5,5,5,4,4,4
TCGA-D8-A143-DX1_xmin52429_ymin19478_MPP-0.2500+487[1000].png,3526,2320,958,1813,215,7459,1652,6045,2226,578,9,7,7,7,6,6,6,5,5,5
TCGA-D8-A143-DX1_xmin52429_ymin19478_MPP-0.2500+488[1000].png,4817,215,2780,6045,7869,1476,3088,1506,3526,7674,5,5,5,5,4,4,4,4,4,4
TCGA-D8-A143-DX1_xmin52429_ymin19478_MPP-0.2500+55[1000].png,4436,7175,2140,331,4311,215,5515,5235,808,3346,6,5,5,5,5,4,4,4,4,4
TCGA-D8-A143-DX1_xmin52429_ymin19478_MPP-0.2500+56[1000].png,215,4436,1813,3526,6054,515,3088,2870,262,1652,8,6,6,6,4,4,4,4,4,4
TCGA-D8-A143-DX1_xmin52429_ymin19478_MPP-0.2500+57[1000].png,2226,2776,7024,7899,8013,578,5862,4480,2336,2990,6,5,5,5,5,5,4,4,4,4
TCGA-D8-A143-DX1_xmin52429_ymin19478_MPP-0.2500+5[1000].png,6321,4311,1842,4711,3088,7895,7392,1584,3908,7165,7,6,6,6,5,5,4,4,4,4
TCGA-D8-A143-DX1_xmin52429_ymin19478_MPP-0.2500+67[1000].png,3619,2226,3088,1373,267,958,7175,7591,215,6045,7,7,6,5,5,5,5,4,4,4
TCGA-D8-A143-DX1_xmin52429_ymin19478_MPP-0.2500+75[1000].png,4436,3088,144,1001,4492,7078,7808,1696,168,3469,11,6,5,5,5,5,4,4,4,4
TCGA-D8-A143-DX1_xmin52429_ymin19478_MPP-0.2500+76[1000].png,1652,1813,5428,215,7091,3619,335,3044,1655,7895,9,8,6,6,6,5,5,4,4,4
TCGA-D8-A143-DX1_xmin52429_ymin19478_MPP-0.2500+80[1000].png,7808,3836,2226,215,1586,1311,7165,4559,6054,6720,6,6,5,5,5,4,4,4,4,4
TCGA-D8-A143-DX1_xmin52429_ymin19478_MPP-0.2500+8[1000].png,1652,958,2226,6869,331,7337,612,3836,7750,5097,8,6,6,6,5,5,5,5,4,4
TCGA-D8-A143-DX1_xmin52429_ymin19478_MPP-0.2500+95[1000].png,6045,215,778,6795,4711,2140,390,2226,5797,6869,6,5,5,5,5,5,5,5,4,4
TCGA-D8-A143-DX1_xmin52429_ymin19478_MPP-0.2500+96[1000].png,4436,2990,3088,8013,2666,6121,5585,778,4625,1813,7,5,5,4,4,4,4,4,4,4
TCGA-D8-A143-DX1_xmin52429_ymin19478_MPP-0.2500+9[1000].png,3088,7249,2666,2359,6045,2967,5912,5428,7695,3526,6,5,5,5,4,4,4,4,4,4
TCGA-D8-A147-DX1_xmin66394_ymin19298_MPP-0.2500+0[1000].png,6226,1297,3088,7459,215,8013,5912,1842,5937,4533,8,5,5,5,5,5,5,4,4,4
TCGA-D8-A147-DX1_xmin66394_ymin19298_MPP-0.2500+24[1000].png,778,3889,2903,781,7485,7089,6045,5428,8013,1654,5,5,5,5,5,5,4,4,4,4
TCGA-D8-A147-DX1_xmin66394_ymin19298_MPP-0.2500+5[1000].png,840,7189,7165,7459,2666,1218,1652,6321,3469,7091,6,6,5,5,5,4,4,4,4,4
TCGA-D8-A147-DX1_xmin66394_ymin19298_MPP-0.2500+7[1000].png,215,216,7948,5203,601,2226,7880,1476,6226,5392,6,6,6,6,5,5,5,4,4,4
TCGA-D8-A1JF-DX1_xmin24865_ymin52345_MPP-0.2500+102[1000].png,6321,2308,1813,6222,4436,7694,2493,297,7442,2106,8,7,6,5,5,5,5,4,4,4
TCGA-D8-A1JF-DX1_xmin24865_ymin52345_MPP-0.2500+103[1000].png,7189,1813,7694,601,4436,4817,5912,6326,5682,840,8,5,5,5,5,4,4,4,4,4
TCGA-D8-A1JF-DX1_xmin24865_ymin52345_MPP-0.2500+110[1000].png,7694,2493,2226,1652,5912,7389,1569,4711,1813,5763,6,6,5,5,5,5,5,5,5,5
TCGA-D8-A1JF-DX1_xmin24865_ymin52345_MPP-0.2500+111[1000].png,958,389,1842,1813,3088,5780,4072,1911,267,2990,7,6,5,5,5,5,5,5,5,5
TCGA-D8-A1JF-DX1_xmin24865_ymin52345_MPP-0.2500+115[1000].png,4311,1476,4376,215,828,2794,4817,2977,840,5325,7,6,6,6,5,5,5,4,4,4
TCGA-D8-A1JF-DX1_xmin24865_ymin52345_MPP-0.2500+116[1000].png,4911,1813,453,5433,725,3088,1652,4001,8014,215,7,6,5,5,4,4,4,4,4,4
TCGA-D8-A1JF-DX1_xmin24865_ymin52345_MPP-0.2500+117[1000].png,4430,1203,5433,3487,2686,124,7189,4168,3230,1311,6,5,5,5,4,4,4,4,4,4
TCGA-D8-A1JF-DX1_xmin24865_ymin52345_MPP-0.2500+11[1000].png,1813,7694,5763,778,7819,168,2990,612,404,804,7,6,6,5,5,5,5,5,4,4
TCGA-D8-A1JF-DX1_xmin24865_ymin52345_MPP-0.2500+123[1000].png,5780,7360,1652,145,2094,2194,7007,4817,5741,4311,6,6,6,6,5,5,5,5,4,4
TCGA-D8-A1JF-DX1_xmin24865_ymin52345_MPP-0.2500+124[1000].png,1813,1367,3526,4436,7880,7155,1842,5433,6869,5498,10,7,6,5,5,5,5,5,4,4
TCGA-D8-A1JF-DX1_xmin24865_ymin52345_MPP-0.2500+127[1000].png,6678,4817,3088,7189,5780,1813,1682,1157,840,124,7,7,6,6,5,5,4,4,4,4
TCGA-D8-A1JF-DX1_xmin24865_ymin52345_MPP-0.2500+128[1000].png,2903,1813,1476,215,3088,7790,2990,5433,4377,7459,7,7,6,6,5,5,5,4,4,4
TCGA-D8-A1JF-DX1_xmin24865_ymin52345_MPP-0.2500+129[1000].png,7024,7948,594,6045,6226,2967,516,958,186,4377,6,6,5,5,5,5,5,5,4,4
TCGA-D8-A1JF-DX1_xmin24865_ymin52345_MPP-0.2500+12[1000].png,215,5428,6045,3526,3127,1842,5741,7459,4746,5235,6,6,5,5,5,4,4,4,4,4
TCGA-D8-A1JF-DX1_xmin24865_ymin52345_MPP-0.2500+130[1000].png,215,4593,7249,1476,3626,2540,216,2226,4001,1842,8,8,5,5,5,4,4,4,4,4
TCGA-D8-A1JF-DX1_xmin24865_ymin52345_MPP-0.2500+131[1000].png,5166,6321,6045,1911,5610,352,688,4376,1682,8165,6,5,5,4,4,4,4,4,4,4
TCGA-D8-A1JF-DX1_xmin24865_ymin52345_MPP-0.2500+132[1000].png,215,6227,4001,6226,3926,7835,7024,4711,4436,6633,7,6,6,5,5,5,5,4,4,4
TCGA-D8-A1JF-DX1_xmin24865_ymin52345_MPP-0.2500+135[1000].png,1842,4436,3208,958,8066,516,2226,2493,6045,2903,5,4,4,4,4,4,4,4,4,4
TCGA-D8-A1JF-DX1_xmin24865_ymin52345_MPP-0.2500+136[1000].png,7134,4250,516,4817,1813,2967,4376,8014,439,6789,6,5,5,5,5,5,5,4,4,4
TCGA-D8-A1JF-DX1_xmin24865_ymin52345_MPP-0.2500+141[1000].png,4436,1842,3889,7189,5999,466,2493,3526,1682,7175,7,6,5,5,5,5,5,5,4,4
TCGA-D8-A1JF-DX1_xmin24865_ymin52345_MPP-0.2500+142[1000].png,215,1026,3230,5524,5686,5937,693,7189,1869,7694,6,5,5,5,4,4,4,4,4,4
TCGA-D8-A1JF-DX1_xmin24865_ymin52345_MPP-0.2500+143[1000].png,7899,7442,6795,3526,3088,2666,2977,5780,1476,7790,6,5,5,5,5,4,4,4,4,4
TCGA-D8-A1JF-DX1_xmin24865_ymin52345_MPP-0.2500+144[1000].png,7694,5166,7024,168,3000,4377,7698,3901,1506,3044,7,5,5,5,5,5,5,5,5,4
TCGA-D8-A1JF-DX1_xmin24865_ymin52345_MPP-0.2500+147[1000].png,6795,1813,1911,1476,4072,7337,3981,7674,5433,7459,6,6,5,5,5,5,5,5,5,4
TCGA-D8-A1JF-DX1_xmin24865_ymin52345_MPP-0.2500+148[1000].png,1813,7442,1445,7899,3908,237,3487,6511,215,5937,6,5,5,5,5,5,5,5,5,4
TCGA-D8-A1JF-DX1_xmin24865_ymin52345_MPP-0.2500+155[1000].png,3088,8014,124,6321,958,2493,1813,5872,6652,215,6,5,5,5,4,4,4,4,4,4
TCGA-D8-A1JF-DX1_xmin24865_ymin52345_MPP-0.2500+158[1000].png,6678,2226,4436,1813,267,1842,297,2326,1476,4250,6,6,5,5,4,4,4,4,4,4
TCGA-D8-A1JF-DX1_xmin24865_ymin52345_MPP-0.2500+159[1000].png,5428,215,1842,5717,7819,4436,7895,6264,1911,662,7,5,5,5,5,5,4,4,4,4
TCGA-D8-A1JF-DX1_xmin24865_ymin52345_MPP-0.2500+160[1000].png,4947,4711,389,5235,781,5428,297,2666,4430,5097,6,5,5,5,5,5,5,4,4,4
TCGA-D8-A1JF-DX1_xmin24865_ymin52345_MPP-0.2500+161[1000].png,2308,7694,215,5717,389,371,2267,2540,3000,5682,6,5,5,5,5,5,4,4,4,4
TCGA-D8-A1JF-DX1_xmin24865_ymin52345_MPP-0.2500+162[1000].png,4436,6678,3487,6054,3230,6869,3836,3631,8081,5872,6,5,5,5,4,4,4,4,4,4
TCGA-D8-A1JF-DX1_xmin24865_ymin52345_MPP-0.2500+166[1000].png,2943,5912,6869,3044,4376,2336,5937,7189,3000,3030,6,5,5,5,5,5,5,4,4,4
TCGA-D8-A1JF-DX1_xmin24865_ymin52345_MPP-0.2500+167[1000].png,1297,3088,6321,4436,1813,7470,725,7007,4116,7175,7,6,6,5,5,5,5,4,4,4
TCGA-D8-A1JF-DX1_xmin24865_ymin52345_MPP-0.2500+168[1000].png,1682,4711,2308,4080,3000,2977,215,781,2999,8013,5,5,4,4,4,4,4,4,4,4
TCGA-D8-A1JF-DX1_xmin24865_ymin52345_MPP-0.2500+169[1000].png,1813,840,1569,778,1652,1842,6326,8013,2990,2194,10,6,5,5,5,4,4,4,4,4
TCGA-D8-A1JF-DX1_xmin24865_ymin52345_MPP-0.2500+22[1000].png,958,2903,5780,6045,7249,1813,4311,5194,1026,8066,7,6,6,5,5,5,5,4,4,4
TCGA-D8-A1JF-DX1_xmin24865_ymin52345_MPP-0.2500+23[1000].png,2226,958,515,7175,1813,4376,2967,216,3115,2180,6,6,5,5,5,4,4,4,4,4
TCGA-D8-A1JF-DX1_xmin24865_ymin52345_MPP-0.2500+24[1000].png,2226,5872,840,1842,778,44,1682,6795,6226,4711,6,6,5,5,5,5,5,5,5,5
TCGA-D8-A1JF-DX1_xmin24865_ymin52345_MPP-0.2500+34[1000].png,958,3088,5912,2990,1813,1133,4602,4711,7565,3526,7,6,6,6,5,5,5,4,4,4
TCGA-D8-A1JF-DX1_xmin24865_ymin52345_MPP-0.2500+45[1000].png,6321,7249,2686,4376,215,1813,4436,124,958,4369,7,5,5,5,5,5,5,4,4,4
TCGA-D8-A1JF-DX1_xmin24865_ymin52345_MPP-0.2500+46[1000].png,7249,7694,5912,1813,7337,4436,3230,3836,693,2157,6,6,6,5,5,5,5,5,4,4
TCGA-D8-A1JF-DX1_xmin24865_ymin52345_MPP-0.2500+47[1000].png,5937,5780,2308,6326,1652,1857,262,237,6795,1813,9,5,5,5,5,5,5,5,5,5
TCGA-D8-A1JG-DX1_xmin15677_ymin69205_MPP-0.2500+171[1000].png,2493,3526,3836,6388,2666,2229,5428,7212,2477,1813,8,6,5,5,5,4,4,4,4,4
TCGA-D8-A1JG-DX1_xmin15677_ymin69205_MPP-0.2500+181[1000].png,2308,1652,6678,1977,3088,4711,2780,4278,7750,4817,6,6,5,5,5,5,4,4,4,4
TCGA-D8-A1JG-DX1_xmin15677_ymin69205_MPP-0.2500+182[1000].png,5433,2841,5741,5913,331,4430,2325,6121,3114,5717,4,4,4,4,4,4,4,4,4,4
TCGA-D8-A1JG-DX1_xmin15677_ymin69205_MPP-0.2500+195[1000].png,389,3836,3088,3823,6795,3501,3208,6678,8041,3044,7,6,6,5,5,4,4,4,4,4
TCGA-D8-A1JG-DX1_xmin15677_ymin69205_MPP-0.2500+196[1000].png,216,5780,5428,4259,5065,4817,1081,6678,3501,6321,5,5,4,4,4,4,4,4,4,4
TCGA-D8-A1JG-DX1_xmin15677_ymin69205_MPP-0.2500+197[1000].png,915,6724,4311,7337,389,7091,5780,4430,1506,1842,5,5,5,5,5,5,5,5,5,5
TCGA-D8-A1JG-DX1_xmin15677_ymin69205_MPP-0.2500+198[1000].png,4711,34,3728,3230,5859,6678,3836,1476,4351,5170,6,6,6,5,5,5,4,4,4,4
TCGA-D8-A1JG-DX1_xmin15677_ymin69205_MPP-0.2500+207[1000].png,3088,3889,1682,44,3044,2325,4817,1842,215,1977,6,6,5,5,5,5,5,5,5,4
TCGA-D8-A1JG-DX1_xmin15677_ymin69205_MPP-0.2500+221[1000].png,7694,5797,237,3526,3189,4436,7337,6808,6894,2666,6,5,5,5,5,5,4,4,4,4
TCGA-D8-A1JG-DX1_xmin15677_ymin69205_MPP-0.2500+222[1000].png,4711,1357,389,3526,2998,2028,1813,6227,7698,7694,7,5,5,5,4,4,4,4,4,4
TCGA-D8-A1JG-DX1_xmin15677_ymin69205_MPP-0.2500+223[1000].png,7212,5428,335,6121,7648,6045,3526,3629,3088,2957,6,6,5,5,5,5,4,4,4,4
TCGA-D8-A1JG-DX1_xmin15677_ymin69205_MPP-0.2500+224[1000].png,6795,267,2801,4340,5797,7828,1977,4250,5872,2200,6,6,6,5,5,5,4,4,4,4
TCGA-D8-A1JG-DX1_xmin15677_ymin69205_MPP-0.2500+231[1000].png,215,1652,5797,5098,5428,6619,725,898,7459,3204,7,7,6,5,5,4,4,4,4,4
TCGA-D8-A1JG-DX1_xmin15677_ymin69205_MPP-0.2500+232[1000].png,2308,7189,44,3088,4259,4376,1842,6657,7694,6652,8,7,5,5,5,5,5,4,4,4
TCGA-D8-A1JG-DX1_xmin15677_ymin69205_MPP-0.2500+258[1000].png,6960,1869,216,1842,3088,6678,632,1716,5450,3189,5,5,5,5,5,5,5,5,4,4
TCGA-D8-A1JG-DX1_xmin15677_ymin69205_MPP-0.2500+284[1000].png,3088,2977,7175,4311,3836,7694,44,3388,7442,3189,10,6,6,6,5,5,5,4,4,4
TCGA-D8-A1JG-DX1_xmin15677_ymin69205_MPP-0.2500+285[1000].png,1813,6795,6227,5763,237,3836,7024,2756,4725,145,7,7,6,6,5,5,4,4,4,4
TCGA-D8-A1JG-DX1_xmin15677_ymin69205_MPP-0.2500+310[1000].png,5780,1842,1652,1813,1476,5741,6193,6892,516,7694,6,6,6,6,5,4,4,4,4,4
TCGA-D8-A1JG-DX1_xmin15677_ymin69205_MPP-0.2500+323[1000].png,7694,6795,3088,2977,1157,3526,3469,2445,2756,7937,8,6,5,5,5,4,4,4,4,4
TCGA-D8-A1JG-DX1_xmin15677_ymin69205_MPP-0.2500+336[1000].png,3088,44,427,6892,2308,3981,4711,3189,518,3823,6,5,5,5,5,5,5,5,4,4
TCGA-D8-A1JG-DX1_xmin15677_ymin69205_MPP-0.2500+349[1000].png,3088,7549,3901,2308,5461,3526,186,2666,6678,3230,9,9,5,5,5,5,5,5,4,4
TCGA-D8-A1JG-DX1_xmin15677_ymin69205_MPP-0.2500+362[1000].png,44,3044,4116,145,1311,1813,6217,6979,3000,4711,6,6,5,4,4,4,4,4,4,4
TCGA-D8-A1JG-DX1_xmin15677_ymin69205_MPP-0.2500+375[1000].png,4817,7549,3208,1842,389,6553,5872,8148,1218,3434,6,6,5,5,5,4,4,4,4,4
TCGA-D8-A1JG-DX1_xmin15677_ymin69205_MPP-0.2500+381[1000].png,2308,1312,5780,1356,2278,7337,237,2903,34,6902,7,6,5,5,5,5,5,5,4,4
TCGA-D8-A1JG-DX1_xmin15677_ymin69205_MPP-0.2500+382[1000].png,2308,3088,5780,3230,5797,5834,5763,781,5912,1157,7,7,6,5,5,5,5,4,4,4
TCGA-D8-A1JG-DX1_xmin15677_ymin69205_MPP-0.2500+388[1000].png,4711,5717,958,4914,2703,8081,2250,3527,2140,3088,6,5,5,5,5,4,4,4,4,4
TCGA-D8-A1JG-DX1_xmin15677_ymin69205_MPP-0.2500+396[1000].png,5780,3044,6137,3000,1846,958,5797,5065,1613,2249,8,7,5,5,4,4,4,4,4,4
TCGA-D8-A1JG-DX1_xmin15677_ymin69205_MPP-0.2500+398[1000].png,7694,4817,4290,7337,130,3836,7695,6856,3961,5428,6,6,5,5,5,5,5,4,4,4
TCGA-D8-A1JG-DX1_xmin15677_ymin69205_MPP-0.2500+402[1000].png,145,2666,7007,4335,594,3836,1218,3088,2937,3526,6,5,5,4,4,4,4,4,4,4
TCGA-D8-A1JG-DX1_xmin15677_ymin69205_MPP-0.2500+403[1000].png,3088,5433,4286,6902,2493,1356,7750,693,5797,6892,6,5,5,5,5,5,4,4,4,4
TCGA-D8-A1JG-DX1_xmin15677_ymin69205_MPP-0.2500+411[1000].png,3836,145,7007,7189,3209,4430,4436,5999,5937,1560,6,5,5,5,5,5,4,4,4,4
TCGA-D8-A1JG-DX1_xmin15677_ymin69205_MPP-0.2500+412[1000].png,4817,3044,778,6678,2540,6191,5763,6226,2330,4369,6,5,5,5,5,5,5,4,4,4
TCGA-D8-A1JG-DX1_xmin15677_ymin69205_MPP-0.2500+414[1000].png,3230,168,4278,7337,2870,781,2999,8081,3527,5780,5,5,5,4,4,4,4,4,4,4
TCGA-D8-A1JG-DX1_xmin15677_ymin69205_MPP-0.2500+419[1000].png,1356,7089,5673,7694,1357,5780,3044,2815,6678,2666,8,5,5,5,5,5,5,4,4,4
TCGA-D8-A1JG-DX1_xmin15677_ymin69205_MPP-0.2500+429[1000].png,5428,778,7694,1357,5440,4369,516,7134,3088,1203,6,5,5,5,5,5,4,4,4,4
TCGA-D8-A1JG-DX1_xmin15677_ymin69205_MPP-0.2500+432[1000].png,216,872,6045,7880,145,7089,1373,6226,7694,4817,5,5,5,4,4,4,4,4,4,4
TCGA-D8-A1JL-DX1_xmin39765_ymin24835_MPP-0.2500+0[1000].png,6226,5912,8013,5780,2320,6420,6702,4666,1297,3365,7,5,5,5,5,5,5,4,4,4
TCGA-D8-A1JL-DX1_xmin39765_ymin24835_MPP-0.2500+100[1000].png,2226,6269,3030,7694,1569,3230,8013,5910,6121,4436,7,6,6,6,5,5,5,4,4,4
TCGA-D8-A1JL-DX1_xmin39765_ymin24835_MPP-0.2500+106[1000].png,7948,3526,3209,44,4817,453,2903,4311,7459,1696,6,6,5,5,5,5,4,4,4,4
TCGA-D8-A1JL-DX1_xmin39765_ymin24835_MPP-0.2500+107[1000].png,958,7694,2320,1476,4817,2308,6045,267,7948,4278,7,6,5,5,5,5,5,4,4,4
TCGA-D8-A1JL-DX1_xmin39765_ymin24835_MPP-0.2500+108[1000].png,958,7948,4972,5207,3127,7459,2308,2226,2320,4436,6,5,5,5,5,5,5,5,4,4
TCGA-D8-A1JL-DX1_xmin39765_ymin24835_MPP-0.2500+109[1000].png,7459,4436,7819,4311,6321,3849,4725,8013,6045,7948,7,6,6,6,6,6,5,5,5,5
TCGA-D8-A1JL-DX1_xmin39765_ymin24835_MPP-0.2500+110[1000].png,5428,3088,3000,1157,6226,7175,5065,6678,4691,7442,5,5,5,4,4,4,4,4,4,4
TCGA-D8-A1JL-DX1_xmin39765_ymin24835_MPP-0.2500+111[1000].png,2226,7175,256,1624,7819,5999,6054,1297,2229,5717,7,6,5,5,5,5,4,4,4,4
TCGA-D8-A1JL-DX1_xmin39765_ymin24835_MPP-0.2500+112[1000].png,5999,4817,6795,237,6194,5780,915,1911,5392,5213,7,6,5,5,5,4,4,4,4,4
TCGA-D8-A1JL-DX1_xmin39765_ymin24835_MPP-0.2500+116[1000].png,4430,5023,6678,4711,215,5780,2870,6619,6227,4494,7,7,6,5,5,5,5,5,5,4
TCGA-D8-A1JL-DX1_xmin39765_ymin24835_MPP-0.2500+119[1000].png,1813,215,7948,7819,145,2226,2308,6226,2194,5842,8,6,6,5,5,5,5,4,4,4
TCGA-D8-A1JL-DX1_xmin39765_ymin24835_MPP-0.2500+120[1000].png,4377,3044,3030,2320,1842,6045,7091,2028,453,2960,5,5,5,5,5,5,5,5,4,4
TCGA-D8-A1JL-DX1_xmin39765_ymin24835_MPP-0.2500+121[1000].png,7948,216,3466,6179,4143,778,6045,3526,1716,4072,5,5,5,5,5,4,4,4,4,4
TCGA-D8-A1JL-DX1_xmin39765_ymin24835_MPP-0.2500+124[1000].png,1696,3526,453,2062,4711,1311,2451,7694,6217,3870,5,5,5,5,5,4,4,4,4,4
TCGA-D8-A1JL-DX1_xmin39765_ymin24835_MPP-0.2500+125[1000].png,8013,958,7549,7459,124,216,7880,1311,215,4311,6,6,5,5,5,4,4,4,4,4
TCGA-D8-A1JL-DX1_xmin39765_ymin24835_MPP-0.2500+126[1000].png,3836,215,2919,124,781,6795,935,5203,1157,1312,6,6,5,5,5,5,4,4,4,4
TCGA-D8-A1JL-DX1_xmin39765_ymin24835_MPP-0.2500+127[1000].png,6321,47,7694,7089,2666,5741,5166,828,2903,3088,6,5,5,5,5,4,4,4,4,4
TCGA-D8-A1JL-DX1_xmin39765_ymin24835_MPP-0.2500+128[1000].png,4436,1813,2320,1652,4711,3626,6321,781,215,3908,7,6,5,5,5,5,4,4,4,4
TCGA-D8-A1JL-DX1_xmin39765_ymin24835_MPP-0.2500+129[1000].png,7694,6321,7152,778,7175,7442,124,4602,4693,4817,7,6,5,5,5,5,4,4,4,4
TCGA-D8-A1JL-DX1_xmin39765_ymin24835_MPP-0.2500+132[1000].png,7738,6678,3088,7694,5912,7948,1794,6724,3230,4817,6,5,5,5,5,5,5,5,5,4
TCGA-D8-A1JL-DX1_xmin39765_ymin24835_MPP-0.2500+135[1000].png,5428,5780,1476,7948,1869,4072,1312,3230,6795,3526,6,6,6,6,5,5,5,5,5,5
TCGA-D8-A1JL-DX1_xmin39765_ymin24835_MPP-0.2500+136[1000].png,6724,6321,4711,4311,237,1813,3088,5937,1413,4817,5,5,5,4,4,4,4,4,4,4
TCGA-D8-A1JL-DX1_xmin39765_ymin24835_MPP-0.2500+137[1000].png,5428,4817,3088,2278,5937,3209,1813,7948,2028,237,8,6,6,6,6,5,5,5,4,4
TCGA-D8-A1JL-DX1_xmin39765_ymin24835_MPP-0.2500+142[1000].png,215,1696,2666,2776,958,3434,2226,3487,237,4436,7,5,5,5,5,5,5,5,5,5
TCGA-D8-A1JL-DX1_xmin39765_ymin24835_MPP-0.2500+143[1000].png,4817,4559,2903,2686,4080,5912,6321,6892,4711,3000,6,6,5,5,5,5,5,4,4,4
TCGA-D8-A1JL-DX1_xmin39765_ymin24835_MPP-0.2500+144[1000].png,6960,958,7948,6321,2903,7249,4604,1813,2666,1476,6,5,5,5,5,5,5,5,4,4
TCGA-D8-A1JL-DX1_xmin39765_ymin24835_MPP-0.2500+145[1000].png,4817,8081,7695,7175,3836,958,2226,6795,836,582,7,5,5,5,5,5,5,5,4,4
TCGA-D8-A1JL-DX1_xmin39765_ymin24835_MPP-0.2500+146[1000].png,215,7694,958,6795,6321,237,582,6054,5325,124,6,6,5,5,5,5,5,4,4,4
TCGA-D8-A1JL-DX1_xmin39765_ymin24835_MPP-0.2500+152[1000].png,1476,3526,7337,215,6869,7175,6623,594,2249,5428,7,6,5,5,5,5,5,5,4,4
TCGA-D8-A1JL-DX1_xmin39765_ymin24835_MPP-0.2500+153[1000].png,6321,2326,2226,2308,8148,3961,6869,1654,7819,7880,7,5,5,5,5,4,4,4,4,4
TCGA-D8-A1JL-DX1_xmin39765_ymin24835_MPP-0.2500+154[1000].png,3230,3189,7189,2249,1842,5780,7337,1476,297,5023,6,6,5,5,5,5,4,4,4,4
TCGA-D8-A1JL-DX1_xmin39765_ymin24835_MPP-0.2500+155[1000].png,2320,5207,2977,958,453,604,3127,7459,1696,4711,7,6,6,6,6,5,5,5,5,5
TCGA-D8-A1JL-DX1_xmin39765_ymin24835_MPP-0.2500+159[1000].png,6022,8037,3088,3889,5780,2967,7166,7819,5428,215,6,6,5,5,5,5,5,5,4,4
TCGA-D8-A1JL-DX1_xmin39765_ymin24835_MPP-0.2500+160[1000].png,7249,1813,3626,7189,4817,3526,6321,7880,4072,5999,6,5,5,5,5,5,5,4,4,4
TCGA-D8-A1JL-DX1_xmin39765_ymin24835_MPP-0.2500+161[1000].png,2226,4001,453,3849,6321,6226,5507,7948,1696,4593,7,6,6,5,5,5,5,5,5,4
TCGA-D8-A1JL-DX1_xmin39765_ymin24835_MPP-0.2500+162[1000].png,6045,3849,2686,6678,5912,215,4376,4436,7694,7442,9,7,5,5,5,4,4,4,4,4
TCGA-D8-A1JL-DX1_xmin39765_ymin24835_MPP-0.2500+163[1000].png,3526,4436,6054,5912,6022,6678,3836,5392,4189,7249,8,6,5,5,5,5,5,4,4,4
TCGA-D8-A1JL-DX1_xmin39765_ymin24835_MPP-0.2500+167[1000].png,1842,3088,1297,5023,4376,4711,693,778,8073,5166,7,5,5,5,5,5,5,5,4,4
TCGA-D8-A1JL-DX1_xmin39765_ymin24835_MPP-0.2500+168[1000].png,3526,6321,7459,4072,7024,3127,6869,2308,6795,237,7,6,6,6,5,5,5,5,5,5
TCGA-D8-A1JL-DX1_xmin39765_ymin24835_MPP-0.2500+16[1000].png,6321,2686,1813,6045,1569,7694,6226,1845,4711,4725,11,7,6,6,5,5,5,5,5,5
TCGA-D8-A1JL-DX1_xmin39765_ymin24835_MPP-0.2500+170[1000].png,3088,7189,7790,4817,7694,4711,216,3000,5741,5780,6,6,5,5,4,4,4,4,4,4
TCGA-D8-A1JL-DX1_xmin39765_ymin24835_MPP-0.2500+171[1000].png,4436,6192,781,7222,7337,7410,5891,7249,3526,7134,7,6,5,5,5,5,4,4,4,4
TCGA-D8-A1JL-DX1_xmin39765_ymin24835_MPP-0.2500+172[1000].png,4311,6724,5780,7134,130,4774,6321,3000,5763,8014,5,5,5,4,4,4,4,4,4,4
TCGA-D8-A1JL-DX1_xmin39765_ymin24835_MPP-0.2500+176[1000].png,6226,215,7024,4711,2557,4376,7694,237,7089,7091,8,6,5,5,5,4,4,4,4,4
TCGA-D8-A1JL-DX1_xmin39765_ymin24835_MPP-0.2500+177[1000].png,778,3836,7337,3088,3230,8081,7484,6354,5601,2666,7,5,5,5,5,4,4,4,4,4
TCGA-D8-A1JL-DX1_xmin39765_ymin24835_MPP-0.2500+178[1000].png,8014,5780,6795,6571,6678,4311,237,297,2686,6045,6,5,5,5,5,5,4,4,4,4
TCGA-D8-A1JL-DX1_xmin39765_ymin24835_MPP-0.2500+179[1000].png,5937,3044,453,3459,215,237,3779,1911,5912,839,7,6,6,5,5,5,5,4,4,4
TCGA-D8-A1JL-DX1_xmin39765_ymin24835_MPP-0.2500+17[1000].png,958,7249,1357,2686,1569,44,4436,7028,5428,2226,7,7,6,6,5,5,5,5,5,4
TCGA-D8-A1JL-DX1_xmin39765_ymin24835_MPP-0.2500+180[1000].png,1842,6045,1157,5763,4311,7948,1654,5424,4376,1476,6,6,5,5,5,5,5,4,4,4
TCGA-D8-A1JL-DX1_xmin39765_ymin24835_MPP-0.2500+181[1000].png,7189,3230,3088,2226,4436,1026,5780,4577,7880,7459,9,9,6,5,5,4,4,4,4,4
TCGA-D8-A1JL-DX1_xmin39765_ymin24835_MPP-0.2500+182[1000].png,5912,1476,5780,186,582,6326,958,1203,4817,3346,6,5,5,5,5,5,5,5,4,4
TCGA-D8-A1JL-DX1_xmin39765_ymin24835_MPP-0.2500+183[1000].png,5912,3526,267,2666,7948,3044,7028,3182,5937,2028,6,6,5,5,5,5,5,4,4,4
TCGA-D8-A1JL-DX1_xmin39765_ymin24835_MPP-0.2500+186[1000].png,7694,8081,3526,5177,145,3209,6950,5741,4593,6808,6,5,5,4,4,4,4,4,4,4
TCGA-D8-A1JL-DX1_xmin39765_ymin24835_MPP-0.2500+187[1000].png,7694,267,4436,6795,4817,1869,2493,6652,1682,6678,6,6,6,5,5,5,5,4,4,4
TCGA-D8-A1JL-DX1_xmin39765_ymin24835_MPP-0.2500+188[1000].png,3526,5780,2977,4817,4711,5098,5797,3209,3088,7007,6,6,5,5,5,5,5,5,5,5
TCGA-D8-A1JL-DX1_xmin39765_ymin24835_MPP-0.2500+192[1000].png,186,3088,7808,778,5433,7694,6892,7166,6869,3230,6,6,6,5,5,5,4,4,4,4
TCGA-D8-A1JL-DX1_xmin39765_ymin24835_MPP-0.2500+193[1000].png,3841,6892,124,4817,5428,6702,2990,2249,4430,6808,6,6,5,5,5,4,4,4,4,4
TCGA-D8-A1JL-DX1_xmin39765_ymin24835_MPP-0.2500+194[1000].png,5937,237,1373,7876,8165,4817,5788,5708,335,6795,5,5,4,4,4,4,4,4,4,4
TCGA-D8-A1JL-DX1_xmin39765_ymin24835_MPP-0.2500+195[1000].png,958,7249,2686,5872,216,5912,1696,1150,6727,828,7,6,6,5,5,5,4,4,4,4
TCGA-D8-A1JL-DX1_xmin39765_ymin24835_MPP-0.2500+196[1000].png,6795,8165,7899,6045,6856,4436,8073,4817,7093,3088,7,5,5,5,5,5,4,4,4,4
TCGA-D8-A1JL-DX1_xmin39765_ymin24835_MPP-0.2500+197[1000].png,958,389,5097,4436,7674,5561,6321,5702,935,6801,6,5,5,5,5,5,5,4,4,4
TCGA-D8-A1JL-DX1_xmin39765_ymin24835_MPP-0.2500+198[1000].png,4559,7694,6795,2062,958,6321,3127,2281,4377,389,7,7,6,5,5,5,5,4,4,4
TCGA-D8-A1JL-DX1_xmin39765_ymin24835_MPP-0.2500+199[1000].png,5780,3526,6795,1203,958,7695,582,4817,4711,781,6,6,4,4,4,4,4,4,4,4
TCGA-D8-A1JL-DX1_xmin39765_ymin24835_MPP-0.2500+1[1000].png,7948,7459,2226,267,7024,3230,7694,7442,4311,215,7,7,6,5,5,5,5,5,5,4
TCGA-D8-A1JL-DX1_xmin39765_ymin24835_MPP-0.2500+203[1000].png,2140,2226,6377,2686,4037,6869,215,5999,8081,3200,6,5,5,5,5,5,5,4,4,4
TCGA-D8-A1JL-DX1_xmin39765_ymin24835_MPP-0.2500+204[1000].png,6321,7459,5780,4311,44,958,8013,5428,4817,1977,6,6,6,6,5,5,4,4,4,4
TCGA-D8-A1JL-DX1_xmin39765_ymin24835_MPP-0.2500+205[1000].png,3088,6354,2686,840,4711,5780,6678,7880,267,1515,7,6,5,5,5,5,5,5,4,4
TCGA-D8-A1JL-DX1_xmin39765_ymin24835_MPP-0.2500+210[1000].png,5780,2977,7450,8041,7694,5741,1869,8101,3823,5763,6,5,5,5,5,4,4,4,4,4
TCGA-D8-A1JL-DX1_xmin39765_ymin24835_MPP-0.2500+211[1000].png,6226,215,5937,6045,6054,3626,6321,5780,4168,3088,7,7,7,5,5,5,5,5,5,4
TCGA-D8-A1JL-DX1_xmin39765_ymin24835_MPP-0.2500+212[1000].png,3230,6045,4725,3088,3000,5780,2903,2226,2308,6192,6,5,5,5,5,5,5,5,4,4
TCGA-D8-A1JL-DX1_xmin39765_ymin24835_MPP-0.2500+213[1000].png,4817,5428,6321,7549,2308,1357,7948,453,3021,6479,6,5,5,5,5,4,4,4,4,4
TCGA-D8-A1JL-DX1_xmin39765_ymin24835_MPP-0.2500+214[1000].png,3230,4711,7899,6194,2686,2977,6045,7249,8037,6869,6,6,5,5,5,5,4,4,4,4
TCGA-D8-A1JL-DX1_xmin39765_ymin24835_MPP-0.2500+220[1000].png,215,594,7175,3230,6321,8082,5741,6045,8081,2326,6,5,5,5,5,4,4,4,4,4
TCGA-D8-A1JL-DX1_xmin39765_ymin24835_MPP-0.2500+221[1000].png,5860,4817,2320,5433,7694,4050,958,2990,662,7899,8,7,7,6,5,5,5,5,4,4
TCGA-D8-A1JL-DX1_xmin39765_ymin24835_MPP-0.2500+222[1000].png,5780,5763,5023,4250,5912,3268,2666,389,1842,1001,6,5,5,5,5,4,4,4,4,4
TCGA-D8-A1JL-DX1_xmin39765_ymin24835_MPP-0.2500+223[1000].png,4436,7189,5912,7694,6321,5717,7164,1967,7948,6678,8,5,5,5,5,5,4,4,4,4
TCGA-D8-A1JL-DX1_xmin39765_ymin24835_MPP-0.2500+224[1000].png,7941,7189,2686,4311,1624,2903,5780,8082,7024,7134,5,5,5,4,4,4,4,4,4,4
TCGA-D8-A1JL-DX1_xmin39765_ymin24835_MPP-0.2500+225[1000].png,4817,7948,1842,7459,2043,1652,5912,5763,4377,6321,7,7,6,6,5,5,5,5,5,5
TCGA-D8-A1JL-DX1_xmin39765_ymin24835_MPP-0.2500+228[1000].png,6045,7189,2903,6856,5106,958,7450,7694,4150,778,5,5,5,5,4,4,4,4,4,4
TCGA-D8-A1JL-DX1_xmin39765_ymin24835_MPP-0.2500+229[1000].png,1476,7674,4376,8081,2666,3849,6226,5912,1869,3836,6,6,5,5,5,5,5,5,5,5
TCGA-D8-A1JL-DX1_xmin39765_ymin24835_MPP-0.2500+234[1000].png,7694,237,2336,4711,3088,2330,5610,2990,2226,8144,8,5,5,5,5,4,4,4,4,4
TCGA-D8-A1JL-DX1_xmin39765_ymin24835_MPP-0.2500+235[1000].png,6045,1654,6321,44,7694,1026,2267,2278,4150,3000,6,6,6,5,5,4,4,4,4,4
TCGA-D8-A1JL-DX1_xmin39765_ymin24835_MPP-0.2500+236[1000].png,3088,7880,144,6795,3000,215,237,3619,7442,1218,8,8,6,5,5,4,4,4,4,4
TCGA-D8-A1JL-DX1_xmin39765_ymin24835_MPP-0.2500+237[1000].png,6795,6960,3526,6045,3626,6678,6702,5780,7698,6022,6,5,5,5,5,4,4,4,4,4
TCGA-D8-A1JL-DX1_xmin39765_ymin24835_MPP-0.2500+238[1000].png,2308,3000,7948,4711,7738,7166,6226,6045,6966,3176,7,5,5,5,5,5,5,4,4,4
TCGA-D8-A1JL-DX1_xmin39765_ymin24835_MPP-0.2500+239[1000].png,6321,7694,6720,7880,3526,4711,5912,6795,5428,3442,7,6,5,5,5,5,4,4,4,4
TCGA-D8-A1JL-DX1_xmin39765_ymin24835_MPP-0.2500+240[1000].png,7853,2686,778,5207,1303,5392,2226,6678,8148,332,6,6,6,6,5,5,5,5,4,4
TCGA-D8-A1JL-DX1_xmin39765_ymin24835_MPP-0.2500+241[1000].png,1813,2226,4742,4711,3526,2336,1842,1194,4311,404,9,6,6,6,6,5,5,5,4,4
TCGA-D8-A1JL-DX1_xmin39765_ymin24835_MPP-0.2500+242[1000].png,5912,4436,215,8081,7819,6652,1025,6869,3678,7249,6,6,6,5,5,4,4,4,4,4
TCGA-D8-A1JL-DX1_xmin39765_ymin24835_MPP-0.2500+243[1000].png,1476,6892,2226,6321,778,4711,4817,6045,7694,2960,6,5,5,5,5,5,5,5,5,4
TCGA-D8-A1JL-DX1_xmin39765_ymin24835_MPP-0.2500+244[1000].png,7948,7442,1652,5872,601,2960,4430,2308,7249,3088,7,6,6,6,5,5,5,5,5,5
TCGA-D8-A1JL-DX1_xmin39765_ymin24835_MPP-0.2500+245[1000].png,4311,8013,3849,6869,7948,2780,3088,2977,5717,2960,7,6,6,5,5,5,5,5,5,5
TCGA-D8-A1JL-DX1_xmin39765_ymin24835_MPP-0.2500+250[1000].png,2686,6045,7694,6795,7266,5392,6191,5433,3093,2105,7,6,6,5,5,5,5,5,5,4
TCGA-D8-A1JL-DX1_xmin39765_ymin24835_MPP-0.2500+251[1000].png,4817,7948,4376,594,8013,840,2226,124,5392,332,5,5,5,5,5,5,4,4,4,4
TCGA-D8-A1JL-DX1_xmin39765_ymin24835_MPP-0.2500+252[1000].png,3526,6702,6795,5741,949,3088,4376,6321,7149,466,11,6,5,5,4,4,4,4,4,4
TCGA-D8-A1JL-DX1_xmin39765_ymin24835_MPP-0.2500+253[1000].png,5937,3526,4817,6571,267,4436,6702,331,215,546,6,6,6,5,5,5,5,5,4,4
TCGA-D8-A1JL-DX1_xmin39765_ymin24835_MPP-0.2500+254[1000].png,5763,5780,4340,1301,8013,1297,3044,215,2336,2200,6,6,5,5,5,4,4,4,4,4
TCGA-D8-A1JL-DX1_xmin39765_ymin24835_MPP-0.2500+255[1000].png,3526,7869,7175,3000,7694,4377,7249,6655,4727,168,7,5,5,5,5,5,4,4,4,4
TCGA-D8-A1JL-DX1_xmin39765_ymin24835_MPP-0.2500+256[1000].png,5937,5392,215,2686,6795,1813,4001,2094,4746,7750,7,6,6,6,5,5,5,5,4,4
TCGA-D8-A1JL-DX1_xmin39765_ymin24835_MPP-0.2500+257[1000].png,840,215,1813,3127,2226,1312,2445,7164,4311,4080,6,6,6,6,5,5,4,4,4,4
TCGA-D8-A1JL-DX1_xmin39765_ymin24835_MPP-0.2500+259[1000].png,2249,1476,215,2870,3000,1977,4376,4711,6678,5780,7,6,5,5,5,5,5,5,4,4
TCGA-D8-A1JL-DX1_xmin39765_ymin24835_MPP-0.2500+260[1000].png,7694,4250,7175,4480,2927,5912,6121,6588,389,1842,7,6,5,5,4,4,4,4,4,4
TCGA-D8-A1JL-DX1_xmin39765_ymin24835_MPP-0.2500+261[1000].png,4817,6045,3050,237,7694,840,1842,958,2686,5937,7,6,6,5,5,5,5,5,5,5
TCGA-D8-A1JL-DX1_xmin39765_ymin24835_MPP-0.2500+267[1000].png,6095,7694,1157,6979,7101,5937,6678,1373,4642,3230,5,5,5,4,4,4,4,4,4,4
TCGA-D8-A1JL-DX1_xmin39765_ymin24835_MPP-0.2500+268[1000].png,2226,3000,5912,4436,4817,1842,3526,3441,7166,5741,6,5,5,5,4,4,4,4,4,4
TCGA-D8-A1JL-DX1_xmin39765_ymin24835_MPP-0.2500+269[1000].png,7694,8013,3836,215,1869,7360,7249,8066,4817,781,6,6,6,5,5,4,4,4,4,4
TCGA-D8-A1JL-DX1_xmin39765_ymin24835_MPP-0.2500+270[1000].png,44,4377,6045,6226,6869,2226,3526,237,1696,958,6,5,5,5,5,4,4,4,4,4
TCGA-D8-A1JL-DX1_xmin39765_ymin24835_MPP-0.2500+271[1000].png,7694,4817,215,1312,4436,3127,2650,6588,958,7024,8,6,6,6,6,6,6,5,5,5
TCGA-D8-A1JL-DX1_xmin39765_ymin24835_MPP-0.2500+276[1000].png,4711,4311,1356,4376,7212,3088,2686,352,958,7674,6,5,5,5,5,4,4,4,4,4
TCGA-D8-A1JL-DX1_xmin39765_ymin24835_MPP-0.2500+277[1000].png,5428,3526,7948,389,1682,5392,6571,6321,8144,4001,7,6,6,5,5,5,5,5,4,4
TCGA-D8-A1JL-DX1_xmin39765_ymin24835_MPP-0.2500+278[1000].png,2977,4311,1569,3088,5741,6795,3526,215,5891,7695,8,6,5,5,5,5,4,4,4,4
TCGA-D8-A1JL-DX1_xmin39765_ymin24835_MPP-0.2500+279[1000].png,6045,389,1654,7549,4480,3088,4436,7721,6194,4642,6,5,5,5,5,4,4,4,4,4
TCGA-D8-A1JL-DX1_xmin39765_ymin24835_MPP-0.2500+283[1000].png,5937,1813,958,1297,4436,7024,6226,2815,7007,3220,7,6,6,5,5,5,5,4,4,4
TCGA-D8-A1JL-DX1_xmin39765_ymin24835_MPP-0.2500+284[1000].png,3526,3088,7189,2686,4711,237,4377,1652,7149,2932,7,6,5,5,4,4,4,4,4,4
TCGA-D8-A1JL-DX1_xmin39765_ymin24835_MPP-0.2500+285[1000].png,3230,781,1869,7189,3000,389,3044,4150,778,4817,6,6,5,5,5,5,5,4,4,4
TCGA-D8-A1JL-DX1_xmin39765_ymin24835_MPP-0.2500+286[1000].png,958,4711,2903,7819,3849,7249,267,725,2801,7948,8,7,6,6,5,5,5,5,4,4
TCGA-D8-A1JL-DX1_xmin39765_ymin24835_MPP-0.2500+28[1000].png,3000,7694,145,4817,3971,2967,778,4430,6045,781,8,6,6,6,6,6,5,5,5,5
TCGA-D8-A1JL-DX1_xmin39765_ymin24835_MPP-0.2500+293[1000].png,2320,4436,297,215,2226,4259,4072,1696,7442,6321,7,6,5,4,4,4,4,4,4,4
TCGA-D8-A1JL-DX1_xmin39765_ymin24835_MPP-0.2500+294[1000].png,6045,958,7337,688,4377,541,319,7853,7523,4947,6,5,5,5,4,4,4,4,4,4
TCGA-D8-A1JL-DX1_xmin39765_ymin24835_MPP-0.2500+295[1000].png,5937,2320,5741,7948,958,629,5325,1209,4311,4376,6,6,5,5,5,5,4,4,4,4
TCGA-D8-A1JL-DX1_xmin39765_ymin24835_MPP-0.2500+296[1000].png,1150,4711,7337,958,1357,7249,6054,3526,5392,3127,5,5,5,5,5,5,4,4,4,4
TCGA-D8-A1JL-DX1_xmin39765_ymin24835_MPP-0.2500+299[1000].png,778,267,6892,3127,6045,5741,2919,2967,6678,3000,6,5,5,5,4,4,4,4,4,4
TCGA-D8-A1JL-DX1_xmin39765_ymin24835_MPP-0.2500+300[1000].png,3000,4725,6856,1813,958,7695,1842,5392,4436,2223,8,6,5,5,5,5,5,5,4,4
TCGA-D8-A1JL-DX1_xmin39765_ymin24835_MPP-0.2500+301[1000].png,6321,1813,7694,237,1150,5428,4430,6795,2650,4270,6,6,5,5,5,5,5,5,4,4
TCGA-D8-A1JL-DX1_xmin39765_ymin24835_MPP-0.2500+302[1000].png,1813,6045,4817,1476,958,1357,44,2977,4833,3230,7,6,5,5,5,5,5,4,4,4
TCGA-D8-A1JL-DX1_xmin39765_ymin24835_MPP-0.2500+303[1000].png,6121,131,5912,7853,4436,5585,5913,1157,3230,2493,5,5,5,5,4,4,4,4,4,4
TCGA-D8-A1JL-DX1_xmin39765_ymin24835_MPP-0.2500+310[1000].png,215,4559,2308,7899,7694,5912,5717,4436,1654,237,7,6,5,5,5,4,4,4,4,4
TCGA-D8-A1JL-DX1_xmin39765_ymin24835_MPP-0.2500+311[1000].png,1813,7819,256,7694,1911,3127,4817,1842,2028,1312,7,5,5,5,5,4,4,4,4,4
TCGA-D8-A1JL-DX1_xmin39765_ymin24835_MPP-0.2500+312[1000].png,7948,4376,1869,1476,7694,1682,778,872,2326,4311,8,6,5,5,5,4,4,4,4,4
TCGA-D8-A1JL-DX1_xmin39765_ymin24835_MPP-0.2500+313[1000].png,6321,237,215,5392,7694,6808,2650,4430,4436,3030,6,6,6,5,5,4,4,4,4,4
TCGA-D8-A1JL-DX1_xmin39765_ymin24835_MPP-0.2500+314[1000].png,778,5937,7808,840,5912,4250,335,2226,2841,6045,6,6,5,5,5,5,4,4,4,4
TCGA-D8-A1JL-DX1_xmin39765_ymin24835_MPP-0.2500+315[1000].png,1842,4311,3230,2493,3526,145,2650,8073,2083,6048,5,5,5,5,5,5,4,4,4,4
TCGA-D8-A1JL-DX1_xmin39765_ymin24835_MPP-0.2500+316[1000].png,4817,1463,541,7694,5717,6795,3896,3127,3115,7853,6,5,5,5,5,5,4,4,4,4
TCGA-D8-A1JL-DX1_xmin39765_ymin24835_MPP-0.2500+319[1000].png,2903,5428,3088,4817,390,6179,2336,144,5912,4001,8,7,6,6,5,5,5,5,5,5
TCGA-D8-A1JL-DX1_xmin39765_ymin24835_MPP-0.2500+31[1000].png,5100,4817,1310,6226,6931,8144,693,7674,211,5610,7,5,5,5,4,4,4,4,4,4
TCGA-D8-A1JL-DX1_xmin39765_ymin24835_MPP-0.2500+320[1000].png,6795,4711,4430,836,3619,7089,145,7694,7591,331,8,5,5,5,5,5,4,4,4,4
TCGA-D8-A1JL-DX1_xmin39765_ymin24835_MPP-0.2500+328[1000].png,7694,3230,840,7337,7189,2308,6702,958,1652,5780,6,6,5,5,5,5,4,4,4,4
TCGA-D8-A1JL-DX1_xmin39765_ymin24835_MPP-0.2500+329[1000].png,8081,6226,1911,4001,958,5433,3836,3230,2043,3126,6,5,5,5,5,5,5,4,4,4
TCGA-D8-A1JL-DX1_xmin39765_ymin24835_MPP-0.2500+32[1000].png,7089,2062,7459,4711,840,4311,7694,958,3981,6321,5,5,5,5,5,5,5,4,4,4
TCGA-D8-A1JL-DX1_xmin39765_ymin24835_MPP-0.2500+330[1000].png,7101,4143,1813,4711,7175,4072,5763,145,594,2336,5,5,5,5,5,5,4,4,4,4
TCGA-D8-A1JL-DX1_xmin39765_ymin24835_MPP-0.2500+331[1000].png,3088,5937,6045,1813,145,1977,389,8081,6869,1311,7,7,5,5,5,5,5,4,4,4
TCGA-D8-A1JL-DX1_xmin39765_ymin24835_MPP-0.2500+33[1000].png,2686,1911,7189,4001,7819,216,1476,6045,2336,4559,6,6,6,6,5,5,5,5,5,5
TCGA-D8-A1JL-DX1_xmin39765_ymin24835_MPP-0.2500+345[1000].png,4593,4436,8066,4311,262,8049,3088,7880,958,1682,5,5,5,4,4,4,4,4,4,4
TCGA-D8-A1JL-DX1_xmin39765_ymin24835_MPP-0.2500+346[1000].png,4817,2686,1842,2990,4436,6678,4001,1682,3526,2977,6,6,5,5,5,5,4,4,4,4
TCGA-D8-A1JL-DX1_xmin39765_ymin24835_MPP-0.2500+350[1000].png,6045,3088,2226,168,4711,267,5763,725,3000,4072,6,6,6,6,5,5,5,5,5,5
TCGA-D8-A1JL-DX1_xmin39765_ymin24835_MPP-0.2500+40[1000].png,7694,5912,2686,6502,958,6045,6121,2666,2609,5717,7,6,5,5,5,5,4,4,4,4
TCGA-D8-A1JL-DX1_xmin39765_ymin24835_MPP-0.2500+43[1000].png,3127,6702,5937,3000,6045,7459,2666,7948,7694,3230,7,6,6,6,5,5,5,5,5,5
TCGA-D8-A1JL-DX1_xmin39765_ymin24835_MPP-0.2500+44[1000].png,958,7694,5428,2308,5763,5780,4376,4377,7249,3526,9,8,6,6,6,5,5,5,5,5
TCGA-D8-A1JL-DX1_xmin39765_ymin24835_MPP-0.2500+45[1000].png,4377,6960,6121,5259,1911,3088,7880,7694,2686,3044,6,6,5,5,5,5,5,5,5,5
TCGA-D8-A1JL-DX1_xmin39765_ymin24835_MPP-0.2500+48[1000].png,7007,2602,5780,3044,6045,5433,2609,6842,4168,958,6,5,5,5,5,5,5,4,4,4
TCGA-D8-A1JL-DX1_xmin39765_ymin24835_MPP-0.2500+49[1000].png,1696,7948,8041,4311,3088,7459,3526,375,5910,7078,5,5,5,5,5,5,5,4,4,4
TCGA-D8-A1JL-DX1_xmin39765_ymin24835_MPP-0.2500+50[1000].png,124,958,2493,836,5392,4817,3487,2021,6242,3230,7,6,5,5,4,4,4,4,4,4
TCGA-D8-A1JL-DX1_xmin39765_ymin24835_MPP-0.2500+51[1000].png,958,6045,2493,4068,3044,3127,4817,7674,7091,267,6,6,5,5,5,5,5,4,4,4
TCGA-D8-A1JL-DX1_xmin39765_ymin24835_MPP-0.2500+57[1000].png,2226,1813,7694,453,2990,4711,601,1696,7189,2127,7,5,5,5,4,4,4,4,4,4
TCGA-D8-A1JL-DX1_xmin39765_ymin24835_MPP-0.2500+60[1000].png,6045,958,2960,4072,2686,2320,1569,131,6724,3849,7,7,6,6,6,5,5,5,5,5
TCGA-D8-A1JL-DX1_xmin39765_ymin24835_MPP-0.2500+61[1000].png,7694,7459,390,7470,6795,6194,3030,4001,6045,958,10,7,5,5,5,5,4,4,4,4
TCGA-D8-A1JL-DX1_xmin39765_ymin24835_MPP-0.2500+62[1000].png,5207,2540,2226,3971,7694,5860,5872,781,7249,2493,6,5,5,5,5,4,4,4,4,4
TCGA-D8-A1JL-DX1_xmin39765_ymin24835_MPP-0.2500+63[1000].png,7808,215,2054,4050,389,582,5213,7459,7819,2990,6,6,5,5,5,5,4,4,4,4
TCGA-D8-A1JL-DX1_xmin39765_ymin24835_MPP-0.2500+66[1000].png,5428,3526,7337,2308,3044,5912,1652,6100,7189,1297,7,6,6,5,4,4,4,4,4,4
TCGA-D8-A1JL-DX1_xmin39765_ymin24835_MPP-0.2500+67[1000].png,168,6892,7249,532,2028,958,2320,4642,7007,4311,6,6,5,5,5,5,4,4,4,4
TCGA-D8-A1JL-DX1_xmin39765_ymin24835_MPP-0.2500+6[1000].png,5561,7078,3849,601,1911,3088,6321,2943,6269,516,7,6,5,5,5,5,5,5,4,4
TCGA-D8-A1JL-DX1_xmin39765_ymin24835_MPP-0.2500+74[1000].png,7459,2226,4072,1297,7249,4311,958,6226,6045,2650,8,6,5,5,5,5,5,5,5,4
TCGA-D8-A1JL-DX1_xmin39765_ymin24835_MPP-0.2500+75[1000].png,6321,4436,2320,6678,4063,4168,453,7091,6856,2330,7,7,6,5,5,5,4,4,4,4
TCGA-D8-A1JL-DX1_xmin39765_ymin24835_MPP-0.2500+76[1000].png,6321,4001,6795,958,2493,4376,4436,7484,8140,6869,6,6,5,5,5,5,5,5,5,5
TCGA-D8-A1JL-DX1_xmin39765_ymin24835_MPP-0.2500+77[1000].png,215,3526,1476,5428,4377,7899,840,6716,5912,6263,5,5,5,5,5,4,4,4,4,4
TCGA-D8-A1JL-DX1_xmin39765_ymin24835_MPP-0.2500+78[1000].png,8013,6045,4377,267,5023,2960,7089,2320,5611,1813,6,5,5,5,5,5,4,4,4,4
TCGA-D8-A1JL-DX1_xmin39765_ymin24835_MPP-0.2500+79[1000].png,7459,3088,7175,2320,6226,6869,7249,3971,7808,7091,6,6,5,5,5,5,5,4,4,4
TCGA-D8-A1JL-DX1_xmin39765_ymin24835_MPP-0.2500+7[1000].png,2666,216,3434,5433,958,5763,1324,5428,836,3526,7,5,5,5,5,4,4,4,4,4
TCGA-D8-A1JL-DX1_xmin39765_ymin24835_MPP-0.2500+83[1000].png,7948,5163,4817,1977,1297,6856,1682,1842,1869,3230,8,5,5,4,4,4,4,4,4,4
TCGA-D8-A1JL-DX1_xmin39765_ymin24835_MPP-0.2500+90[1000].png,6045,7819,1569,4711,5166,4365,1869,1652,3729,4311,7,6,5,5,5,5,5,5,5,5
TCGA-D8-A1JL-DX1_xmin39765_ymin24835_MPP-0.2500+91[1000].png,1476,2903,3526,5937,6795,6960,4001,1842,4436,2960,7,6,6,6,6,5,5,5,5,4
TCGA-D8-A1JL-DX1_xmin39765_ymin24835_MPP-0.2500+92[1000].png,5937,3000,4311,1569,7899,3088,4376,3802,3526,2320,6,5,5,5,5,5,5,4,4,4
TCGA-D8-A1JL-DX1_xmin39765_ymin24835_MPP-0.2500+93[1000].png,3088,7189,2226,7024,7807,5606,781,4080,3526,5702,6,5,5,4,4,4,4,4,4,4
TCGA-D8-A1JL-DX1_xmin39765_ymin24835_MPP-0.2500+94[1000].png,2320,778,2960,6226,7024,2249,4430,4436,3209,6194,8,6,6,5,5,5,5,5,5,4
TCGA-D8-A1JL-DX1_xmin39765_ymin24835_MPP-0.2500+95[1000].png,2557,6678,1157,1311,4817,3836,5741,5780,3729,6194,6,5,5,5,5,5,4,4,4,4
TCGA-D8-A1JL-DX1_xmin39765_ymin24835_MPP-0.2500+96[1000].png,958,2666,3230,5999,6045,5780,368,215,3127,7899,7,5,5,5,5,5,5,5,4,4
TCGA-D8-A1XK-DX1_xmin26340_ymin50273_MPP-0.2500+11[1000].png,4430,7024,2493,4080,1356,1836,5912,3526,7165,8165,5,5,5,5,4,4,4,4,4,4
TCGA-D8-A1XK-DX1_xmin26340_ymin50273_MPP-0.2500+12[1000].png,335,3637,2308,6582,1389,5834,3088,1977,5098,2766,7,6,5,5,5,5,5,5,4,4
TCGA-D8-A1XK-DX1_xmin26340_ymin50273_MPP-0.2500+30[1000].png,2967,5735,5570,1813,7501,3088,1652,2686,8110,4311,7,6,6,6,6,6,5,5,5,4
TCGA-D8-A1XK-DX1_xmin26340_ymin50273_MPP-0.2500+35[1000].png,3088,2903,215,7694,2226,2756,2766,3619,4911,3024,7,6,5,5,5,5,4,4,4,4
TCGA-D8-A1XK-DX1_xmin26340_ymin50273_MPP-0.2500+36[1000].png,215,3526,3626,2903,2780,7880,5717,7129,3204,6657,7,6,5,5,5,5,4,4,4,4
TCGA-D8-A1XK-DX1_xmin26340_ymin50273_MPP-0.2500+37[1000].png,1813,2308,7501,5717,5097,915,2903,34,3243,1652,8,7,6,6,5,5,5,5,4,4
TCGA-D8-A1XK-DX1_xmin26340_ymin50273_MPP-0.2500+38[1000].png,4160,215,7175,3088,7160,2226,1977,1297,7165,693,6,5,5,5,5,5,4,4,4,4
TCGA-D8-A1XK-DX1_xmin26340_ymin50273_MPP-0.2500+39[1000].png,1652,7589,5194,8126,5047,7694,3088,2990,7189,131,6,5,5,5,5,5,5,5,5,4
TCGA-D8-A1XK-DX1_xmin26340_ymin50273_MPP-0.2500+42[1000].png,335,4160,371,8081,4376,958,4430,4261,7134,7089,7,5,5,5,4,4,4,4,4,4
TCGA-D8-A1XK-DX1_xmin26340_ymin50273_MPP-0.2500+43[1000].png,1813,3230,453,7134,1842,3472,4436,725,5701,1682,7,6,5,5,5,5,5,4,4,4
TCGA-D8-A1XK-DX1_xmin26340_ymin50273_MPP-0.2500+45[1000].png,3365,5047,131,2308,2756,1682,6121,2766,3527,1389,6,4,4,4,4,4,4,4,4,4
TCGA-D8-A1XK-DX1_xmin26340_ymin50273_MPP-0.2500+46[1000].png,7134,7501,7129,7948,1413,7089,7091,3088,5717,7160,6,6,5,5,5,4,4,4,4,4
TCGA-D8-A1XK-DX1_xmin26340_ymin50273_MPP-0.2500+47[1000].png,4160,5780,1297,1682,215,6902,7694,808,4582,4436,9,8,5,5,5,5,5,4,4,4
TCGA-D8-A1XK-DX1_xmin26340_ymin50273_MPP-0.2500+48[1000].png,5392,215,131,6702,1089,3024,4034,2756,390,516,6,6,5,5,5,5,4,4,4,4
TCGA-D8-A1XK-DX1_xmin26340_ymin50273_MPP-0.2500+51[1000].png,3088,7589,131,915,5392,2870,4160,5702,6931,1682,6,6,5,5,5,5,4,4,4,4
TCGA-D8-A1XK-DX1_xmin26340_ymin50273_MPP-0.2500+56[1000].png,3088,256,7134,1297,3526,4311,1775,7392,3204,131,7,6,5,5,5,5,4,4,4,4
TCGA-D8-A1XK-DX1_xmin26340_ymin50273_MPP-0.2500+57[1000].png,6869,4377,5810,3500,3626,215,2308,7501,7024,1977,6,6,5,5,5,5,5,4,4,4
TCGA-D8-A1XK-DX1_xmin26340_ymin50273_MPP-0.2500+58[1000].png,3088,1813,2967,5999,5797,2776,5114,7808,389,7819,8,6,5,5,5,4,4,4,4,4
TCGA-D8-A1XK-DX1_xmin26340_ymin50273_MPP-0.2500+59[1000].png,215,5570,8148,7392,162,7164,3230,1813,5433,4582,8,5,5,5,5,5,5,5,4,4
TCGA-D8-A1XK-DX1_xmin26340_ymin50273_MPP-0.2500+5[1000].png,3088,1836,3526,7134,4160,6702,131,237,2028,2237,9,7,5,5,5,5,5,5,4,4
TCGA-D8-A1XK-DX1_xmin26340_ymin50273_MPP-0.2500+65[1000].png,781,3088,5392,1652,8110,4160,4259,5735,3365,2967,6,6,5,5,4,4,4,4,4,4
TCGA-D8-A1XK-DX1_xmin26340_ymin50273_MPP-0.2500+66[1000].png,3204,3088,4711,1682,6054,4436,5735,215,3637,1877,6,5,5,5,4,4,4,4,4,4
TCGA-D8-A1XK-DX1_xmin26340_ymin50273_MPP-0.2500+67[1000].png,3088,5810,2194,4436,5039,322,2018,6905,7377,3079,7,5,5,5,5,5,5,4,4,4
TCGA-D8-A1XK-DX1_xmin26340_ymin50273_MPP-0.2500+68[1000].png,215,2907,778,5735,1297,7189,131,2278,3189,4290,6,5,5,5,5,5,5,4,4,4
TCGA-D8-A1XK-DX1_xmin26340_ymin50273_MPP-0.2500+6[1000].png,3088,2226,6931,5912,1312,4430,3836,7819,1297,2157,6,5,5,5,5,4,4,4,4,4
TCGA-D8-A1XK-DX1_xmin26340_ymin50273_MPP-0.2500+74[1000].png,3088,5780,932,1297,215,7695,3526,5718,389,935,7,6,4,4,4,4,4,4,4,4
TCGA-D8-A1XK-DX1_xmin26340_ymin50273_MPP-0.2500+75[1000].png,7695,1682,4436,3088,6321,7024,267,6705,3044,8081,6,5,5,5,5,5,4,4,4,4
TCGA-D8-A1XK-DX1_xmin26340_ymin50273_MPP-0.2500+76[1000].png,6931,131,7694,215,7899,2267,7165,2967,6960,2870,5,5,5,5,4,4,4,4,4,4
TCGA-D8-A1XK-DX1_xmin26340_ymin50273_MPP-0.2500+77[1000].png,3088,5392,131,7392,6931,1813,215,7694,5780,1297,7,6,6,6,5,5,5,5,5,4
TCGA-D8-A1XQ-DX1_xmin61261_ymin33317_MPP-0.2500+105[1000].png,840,5780,8082,5555,1869,7695,44,7694,4148,7450,6,5,5,4,4,4,4,4,4,4
TCGA-D8-A1XQ-DX1_xmin61261_ymin33317_MPP-0.2500+106[1000].png,4711,3619,267,1842,5065,6276,3189,7880,3901,4376,8,6,5,5,5,4,4,4,4,4
TCGA-D8-A1XQ-DX1_xmin61261_ymin33317_MPP-0.2500+107[1000].png,4247,3526,6226,4673,1218,7549,8110,5388,5386,7189,4,4,4,4,4,4,4,3,3,3
TCGA-D8-A1XQ-DX1_xmin61261_ymin33317_MPP-0.2500+108[1000].png,5912,7695,331,2000,1842,7134,2666,389,7694,6480,6,5,5,5,5,4,4,4,4,4
TCGA-D8-A1XQ-DX1_xmin61261_ymin33317_MPP-0.2500+109[1000].png,8041,6678,2226,2115,2308,186,5735,8082,8081,4376,5,5,5,4,4,4,4,4,4,3
TCGA-D8-A1XQ-DX1_xmin61261_ymin33317_MPP-0.2500+122[1000].png,1297,3728,7189,3207,131,7160,4817,6892,3836,5433,6,4,4,4,4,4,4,4,4,4
TCGA-D8-A1XQ-DX1_xmin61261_ymin33317_MPP-0.2500+123[1000].png,1842,4817,8000,4908,900,215,3000,7733,515,8110,5,5,4,4,4,4,4,4,4,4
TCGA-D8-A1XQ-DX1_xmin61261_ymin33317_MPP-0.2500+144[1000].png,1842,3088,2308,1312,44,4725,1977,6678,4080,5097,8,6,6,4,4,4,4,4,4,4
TCGA-D8-A1XQ-DX1_xmin61261_ymin33317_MPP-0.2500+145[1000].png,3908,7694,1842,3088,5097,7733,3487,5433,6711,6678,7,6,6,6,5,5,4,4,4,4
TCGA-D8-A1XQ-DX1_xmin61261_ymin33317_MPP-0.2500+149[1000].png,6808,5741,145,8144,3029,3469,7695,594,2876,2194,6,5,5,5,4,4,4,4,4,4
TCGA-D8-A1XQ-DX1_xmin61261_ymin33317_MPP-0.2500+158[1000].png,5999,6814,7430,7007,7165,3144,1977,4965,5424,2717,5,5,4,4,4,4,4,3,3,3
TCGA-D8-A1XQ-DX1_xmin61261_ymin33317_MPP-0.2500+164[1000].png,2493,6321,4947,5780,321,4447,1150,3597,213,3115,5,5,5,4,4,4,4,4,4,4
TCGA-D8-A1XQ-DX1_xmin61261_ymin33317_MPP-0.2500+165[1000].png,1571,6192,4821,215,3209,8082,1373,2967,6045,8013,6,5,5,5,4,4,4,4,4,4
TCGA-D8-A1XQ-DX1_xmin61261_ymin33317_MPP-0.2500+172[1000].png,8144,3088,5099,7540,389,7733,1373,2255,2815,3044,5,4,4,4,4,4,4,4,3,3
TCGA-D8-A1XQ-DX1_xmin61261_ymin33317_MPP-0.2500+186[1000].png,2666,5133,6428,7337,1357,371,5202,1932,7400,5428,6,6,6,5,5,4,4,4,4,4
TCGA-D8-A1XQ-DX1_xmin61261_ymin33317_MPP-0.2500+200[1000].png,4711,6354,7549,2476,693,1150,2903,5912,5913,7078,5,4,4,4,4,4,4,3,3,3
TCGA-D8-A1XQ-DX1_xmin61261_ymin33317_MPP-0.2500+219[1000].png,4817,4430,5039,2411,5975,352,2400,5433,5912,6121,5,4,4,4,4,4,4,4,3,3
TCGA-D8-A1XQ-DX1_xmin61261_ymin33317_MPP-0.2500+233[1000].png,3088,7337,5716,6045,4417,8013,6479,1509,3209,7959,5,5,5,4,4,4,4,4,3,3
TCGA-D8-A1XQ-DX1_xmin61261_ymin33317_MPP-0.2500+239[1000].png,3619,7549,1218,2776,3088,3230,3836,7733,3204,33,6,5,4,4,4,4,4,4,4,4
TCGA-D8-A1XQ-DX1_xmin61261_ymin33317_MPP-0.2500+47[1000].png,3088,7165,1836,1297,453,7880,1322,4990,6795,3889,5,5,4,4,4,4,4,4,4,4
TCGA-D8-A1XQ-DX1_xmin61261_ymin33317_MPP-0.2500+48[1000].png,3527,7189,7695,6306,5999,7093,3000,3510,331,1842,5,4,4,4,4,4,4,4,4,4
TCGA-D8-A1XQ-DX1_xmin61261_ymin33317_MPP-0.2500+61[1000].png,3088,3836,237,5065,3230,6814,2308,1515,3268,2326,6,6,5,4,4,4,4,4,4,4
TCGA-D8-A1XQ-DX1_xmin61261_ymin33317_MPP-0.2500+79[1000].png,5428,4817,5780,3901,6678,836,2903,840,6814,4527,5,5,4,4,4,4,4,4,4,4
TCGA-D8-A1XQ-DX1_xmin61261_ymin33317_MPP-0.2500+80[1000].png,2977,6678,3115,3892,2493,2299,4817,3088,7853,6919,4,4,4,4,4,4,4,4,3,3
TCGA-D8-A1XQ-DX1_xmin61261_ymin33317_MPP-0.2500+81[1000].png,6045,6121,4968,7695,972,2308,390,3088,1682,1842,7,6,5,5,4,4,4,4,4,4
TCGA-D8-A1XQ-DX1_xmin61261_ymin33317_MPP-0.2500+82[1000].png,1682,3526,7539,4311,2890,1413,1463,331,1157,1312,5,5,4,4,4,3,3,3,3,3
TCGA-D8-A1XQ-DX1_xmin61261_ymin33317_MPP-0.2500+92[1000].png,4725,3088,515,2278,3199,2106,1842,5912,836,3801,5,5,4,4,4,4,4,4,4,4
TCGA-D8-A1XQ-DX1_xmin61261_ymin33317_MPP-0.2500+93[1000].png,3088,7733,7853,6479,6919,3889,237,7694,2493,3044,6,5,4,4,4,4,4,4,4,4
TCGA-D8-A1XQ-DX1_xmin61261_ymin33317_MPP-0.2500+94[1000].png,6795,5428,5194,11,7549,693,5780,4001,3088,6121,5,5,4,4,4,4,4,4,4,4
TCGA-D8-A1XQ-DX1_xmin61261_ymin33317_MPP-0.2500+95[1000].png,5428,3889,352,6711,1150,4968,3836,6674,1312,5213,5,4,4,4,4,4,4,4,4,4
TCGA-D8-A1XQ-DX1_xmin61261_ymin33317_MPP-0.2500+96[1000].png,6960,4251,4376,2577,515,331,131,4184,5912,6321,5,5,5,4,4,4,4,4,4,4
TCGA-D8-A1XQ-DX1_xmin61261_ymin33317_MPP-0.2500+97[1000].png,4817,2308,6628,5810,7694,6045,7175,5999,972,7149,8,6,4,4,4,4,4,4,4,3
TCGA-D8-A27M-DX1_xmin54473_ymin16109_MPP-0.2500+115[1000].png,3088,3836,215,5194,1845,2157,1194,297,4642,2308,7,6,5,5,4,4,4,4,4,4
TCGA-D8-A27M-DX1_xmin54473_ymin16109_MPP-0.2500+32[1000].png,3088,6931,8148,3889,1652,6227,1297,808,1813,6321,9,7,6,6,5,5,4,4,4,4
TCGA-D8-A27M-DX1_xmin54473_ymin16109_MPP-0.2500+5[1000].png,3088,2308,5047,7604,5780,5717,2756,6652,8013,781,10,6,6,5,5,5,5,5,5,5
TCGA-D8-A27M-DX1_xmin54473_ymin16109_MPP-0.2500+67[1000].png,1297,6795,3088,3526,7337,5392,7880,4376,215,7869,7,6,6,5,5,5,4,4,4,4
TCGA-D8-A27M-DX1_xmin54473_ymin16109_MPP-0.2500+6[1000].png,2308,2977,7134,3127,688,145,7089,297,8126,2430,6,6,5,5,5,5,4,4,4,4
TCGA-D8-A27M-DX1_xmin54473_ymin16109_MPP-0.2500+75[1000].png,4673,7249,5780,7694,131,453,215,2278,8126,5937,6,6,6,6,5,5,5,5,4,4
TCGA-D8-A27M-DX1_xmin54473_ymin16109_MPP-0.2500+7[1000].png,3088,2967,3526,131,335,4311,6226,6192,4143,5194,9,8,7,5,5,5,5,4,4,4
TCGA-E2-A1AZ-DX1_xmin50286_ymin17075_MPP-0.2500+0[1000].png,215,5392,958,6321,6045,2990,1682,4068,5937,7549,7,6,5,5,5,4,4,4,4,4
TCGA-E2-A1AZ-DX1_xmin50286_ymin17075_MPP-0.2500+106[1000].png,4311,2226,2686,958,5780,7694,7829,4559,3836,4080,8,6,6,5,5,4,4,4,4,4
TCGA-E2-A1AZ-DX1_xmin50286_ymin17075_MPP-0.2500+110[1000].png,7694,958,6869,7249,3088,5207,1476,8066,4436,4311,6,6,5,5,5,5,5,4,4,4
TCGA-E2-A1AZ-DX1_xmin50286_ymin17075_MPP-0.2500+118[1000].png,2308,4559,5780,1311,4259,3088,2043,2686,958,1911,6,6,6,5,5,4,4,4,4,4
TCGA-E2-A1AZ-DX1_xmin50286_ymin17075_MPP-0.2500+119[1000].png,7899,3088,2308,1911,7249,1311,7442,5872,958,2043,7,6,5,5,5,5,5,5,4,4
TCGA-E2-A1AZ-DX1_xmin50286_ymin17075_MPP-0.2500+11[1000].png,516,7337,1911,1311,3526,2870,5912,1312,6045,237,6,5,5,4,4,4,4,4,4,4
TCGA-E2-A1AZ-DX1_xmin50286_ymin17075_MPP-0.2500+12[1000].png,6045,2686,958,2308,7134,3088,781,7937,8101,1356,6,6,6,5,5,5,5,4,4,4
TCGA-E2-A1AZ-DX1_xmin50286_ymin17075_MPP-0.2500+13[1000].png,2493,7880,2226,6795,267,5716,4194,2278,371,4376,6,6,6,6,5,5,5,4,4,4
TCGA-E2-A1AZ-DX1_xmin50286_ymin17075_MPP-0.2500+14[1000].png,7249,5023,3971,6054,693,7152,2967,1297,5392,5277,5,5,5,4,4,4,4,4,4,4
TCGA-E2-A1AZ-DX1_xmin50286_ymin17075_MPP-0.2500+15[1000].png,3088,4150,5428,5023,7249,7948,1813,3388,7223,5834,6,5,5,4,4,4,4,4,4,4
TCGA-E2-A1AZ-DX1_xmin50286_ymin17075_MPP-0.2500+16[1000].png,958,1911,3459,3889,2990,7895,3000,6227,5937,6931,8,5,5,5,5,4,4,4,4,4
TCGA-E2-A1AZ-DX1_xmin50286_ymin17075_MPP-0.2500+17[1000].png,7224,4377,2043,3088,6045,1813,958,7249,2226,8027,6,6,5,5,4,4,4,4,4,4
TCGA-E2-A1AZ-DX1_xmin50286_ymin17075_MPP-0.2500+1[1000].png,7694,958,7249,8081,4377,6321,3044,7091,781,1297,7,6,5,5,5,5,5,4,4,4
TCGA-E2-A1AZ-DX1_xmin50286_ymin17075_MPP-0.2500+23[1000].png,215,6321,3619,6045,958,6960,389,267,4711,915,6,6,5,5,5,4,4,4,4,4
TCGA-E2-A1AZ-DX1_xmin50286_ymin17075_MPP-0.2500+24[1000].png,7442,6814,1624,2308,2756,237,6321,1813,2609,145,9,5,5,5,5,5,4,4,4,4
TCGA-E2-A1AZ-DX1_xmin50286_ymin17075_MPP-0.2500+25[1000].png,6795,1813,5433,4817,4447,7007,4965,1357,4436,5585,7,6,5,5,5,4,4,4,4,4
TCGA-E2-A1AZ-DX1_xmin50286_ymin17075_MPP-0.2500+26[1000].png,4376,6795,2650,8049,7694,8003,2226,8148,958,1311,8,6,5,5,5,5,4,4,4,4
TCGA-E2-A1AZ-DX1_xmin50286_ymin17075_MPP-0.2500+27[1000].png,958,2083,1842,1911,3526,1813,6491,2990,2226,5163,8,7,6,5,5,5,5,4,4,4
TCGA-E2-A1AZ-DX1_xmin50286_ymin17075_MPP-0.2500+28[1000].png,601,7948,4311,958,2308,4817,1311,6652,7694,6217,9,7,7,5,5,5,4,4,4,4
TCGA-E2-A1AZ-DX1_xmin50286_ymin17075_MPP-0.2500+2[1000].png,3088,1813,5937,3526,778,7189,8014,7134,215,2646,10,6,5,5,4,4,4,4,4,4
TCGA-E2-A1AZ-DX1_xmin50286_ymin17075_MPP-0.2500+34[1000].png,4817,1813,7024,7880,2990,5098,781,6829,3230,1209,6,5,5,5,5,4,4,4,4,4
TCGA-E2-A1AZ-DX1_xmin50286_ymin17075_MPP-0.2500+35[1000].png,131,7880,4430,4311,4494,215,1911,1813,3209,4168,6,5,5,4,4,4,4,4,4,4
TCGA-E2-A1AZ-DX1_xmin50286_ymin17075_MPP-0.2500+36[1000].png,6795,3044,2308,7134,4817,1813,2967,4155,7733,1654,6,5,5,5,4,4,4,4,4,4
TCGA-E2-A1AZ-DX1_xmin50286_ymin17075_MPP-0.2500+3[1000].png,4436,3230,5098,3044,958,3000,5780,4311,1813,2043,7,5,5,5,5,5,5,4,4,4
TCGA-E2-A1AZ-DX1_xmin50286_ymin17075_MPP-0.2500+45[1000].png,2780,215,4436,958,5610,5999,931,3189,5166,1682,6,6,5,5,4,4,4,4,4,4
TCGA-E2-A1AZ-DX1_xmin50286_ymin17075_MPP-0.2500+46[1000].png,237,2686,6795,958,3209,7189,215,4436,3526,7360,6,6,5,5,5,5,5,5,5,5
TCGA-E2-A1AZ-DX1_xmin50286_ymin17075_MPP-0.2500+47[1000].png,6045,215,6192,2249,5203,4377,168,1813,6702,3849,9,5,5,5,5,4,4,4,4,4
TCGA-E2-A1AZ-DX1_xmin50286_ymin17075_MPP-0.2500+4[1000].png,3088,5741,958,4559,2903,4436,781,3836,1813,1373,5,4,4,4,4,4,4,4,4,4
TCGA-E2-A1AZ-DX1_xmin50286_ymin17075_MPP-0.2500+56[1000].png,2990,215,6795,5098,267,6192,6326,4250,3088,5023,7,7,6,6,5,5,5,5,4,4
TCGA-E2-A1AZ-DX1_xmin50286_ymin17075_MPP-0.2500+57[1000].png,1813,215,3626,6321,3526,3088,5023,594,237,5912,7,7,6,6,5,5,5,5,5,4
TCGA-E2-A1AZ-DX1_xmin50286_ymin17075_MPP-0.2500+5[1000].png,3088,4833,2308,4376,2577,4859,7337,1476,893,958,5,5,5,5,4,4,4,4,4,4
TCGA-E2-A1AZ-DX1_xmin50286_ymin17075_MPP-0.2500+66[1000].png,582,1813,4436,958,2686,4377,1911,4430,7899,1463,7,6,6,5,5,5,5,5,5,4
TCGA-E2-A1AZ-DX1_xmin50286_ymin17075_MPP-0.2500+67[1000].png,3230,7134,2308,7880,4340,5780,7249,7612,2226,7853,5,5,5,5,5,5,5,4,4,4
TCGA-E2-A1AZ-DX1_xmin50286_ymin17075_MPP-0.2500+6[1000].png,4436,5428,1813,5611,7317,6894,6702,1157,3836,4617,6,5,5,4,4,4,4,4,4,4
TCGA-E2-A1AZ-DX1_xmin50286_ymin17075_MPP-0.2500+77[1000].png,2308,1813,7694,4725,7948,1311,7501,5561,4247,6192,11,8,7,5,5,5,5,4,4,4
TCGA-E2-A1AZ-DX1_xmin50286_ymin17075_MPP-0.2500+78[1000].png,5937,1911,662,2686,4072,3230,6045,7501,8081,1813,7,7,6,6,5,5,5,4,4,4
TCGA-E2-A1AZ-DX1_xmin50286_ymin17075_MPP-0.2500+7[1000].png,1813,4436,2650,3836,7007,5780,3889,1842,1311,144,9,8,6,5,5,5,4,4,4,4
TCGA-E2-A1AZ-DX1_xmin50286_ymin17075_MPP-0.2500+88[1000].png,215,778,5386,2308,7189,7337,2967,4817,4100,237,7,6,5,5,5,5,5,5,5,5
TCGA-E2-A1AZ-DX1_xmin50286_ymin17075_MPP-0.2500+89[1000].png,778,7948,215,958,1311,3230,2083,2686,4001,1813,7,5,5,5,4,4,4,4,4,4
TCGA-E2-A1B6-DX1_xmin16266_ymin50634_MPP-0.2500+100[1000].png,389,2308,3088,1977,6446,153,781,131,6795,7189,6,6,5,5,4,4,4,4,4,4
TCGA-E2-A1B6-DX1_xmin16266_ymin50634_MPP-0.2500+10[1000].png,1813,781,2756,4247,6480,2009,6029,3127,4100,7164,5,4,4,4,4,4,4,3,3,3
TCGA-E2-A1B6-DX1_xmin16266_ymin50634_MPP-0.2500+11[1000].png,1813,1911,6321,3526,7089,5203,1311,4642,6420,6226,6,5,5,4,4,4,4,4,4,4
TCGA-E2-A1B6-DX1_xmin16266_ymin50634_MPP-0.2500+12[1000].png,3088,2308,4725,4642,3889,3619,5937,4250,6809,3207,6,5,4,4,4,4,4,4,4,4
TCGA-E2-A1B6-DX1_xmin16266_ymin50634_MPP-0.2500+133[1000].png,2751,3268,4817,267,4947,5039,5424,2903,8081,3126,6,5,5,5,4,4,4,4,4,4
TCGA-E2-A1B6-DX1_xmin16266_ymin50634_MPP-0.2500+13[1000].png,6702,371,7694,5098,2278,5392,2686,2502,5428,898,6,5,5,5,4,4,4,4,4,4
TCGA-E2-A1B6-DX1_xmin16266_ymin50634_MPP-0.2500+149[1000].png,5194,840,1842,2083,7134,1367,2336,3836,6045,5603,5,5,4,4,4,4,4,4,4,4
TCGA-E2-A1B6-DX1_xmin16266_ymin50634_MPP-0.2500+150[1000].png,3526,3527,594,7249,3189,168,335,781,3230,3908,7,6,5,5,5,4,4,4,4,4
TCGA-E2-A1B6-DX1_xmin16266_ymin50634_MPP-0.2500+160[1000].png,7189,2308,4377,958,6192,6045,1813,632,3477,3526,7,7,6,6,6,5,5,4,4,4
TCGA-E2-A1B6-DX1_xmin16266_ymin50634_MPP-0.2500+174[1000].png,1476,5937,5912,3836,5717,7819,3209,1682,1025,5702,7,5,5,4,4,4,4,4,4,4
TCGA-E2-A1B6-DX1_xmin16266_ymin50634_MPP-0.2500+176[1000].png,958,144,1652,4711,6321,8148,4278,3247,6724,4436,5,5,5,5,5,5,4,4,4,4
TCGA-E2-A1B6-DX1_xmin16266_ymin50634_MPP-0.2500+17[1000].png,2493,6795,6702,215,7694,1842,5428,4711,1682,5203,5,5,5,5,5,5,4,4,4,4
TCGA-E2-A1B6-DX1_xmin16266_ymin50634_MPP-0.2500+18[1000].png,2977,5428,124,3526,6045,7694,4725,3836,2308,2028,5,5,5,4,4,4,4,4,4,4
TCGA-E2-A1B6-DX1_xmin16266_ymin50634_MPP-0.2500+192[1000].png,4160,1654,3526,5428,915,5097,1356,4817,2308,7249,7,6,6,5,5,5,5,4,4,4
TCGA-E2-A1B6-DX1_xmin16266_ymin50634_MPP-0.2500+195[1000].png,144,4817,1150,5428,781,1571,3209,3839,8148,915,6,5,5,5,5,4,4,4,4,4
TCGA-E2-A1B6-DX1_xmin16266_ymin50634_MPP-0.2500+19[1000].png,3526,5999,2493,6045,4546,5937,7853,3189,6265,836,7,6,6,5,5,5,4,4,4,4
TCGA-E2-A1B6-DX1_xmin16266_ymin50634_MPP-0.2500+201[1000].png,4436,7695,3088,8081,4947,4725,2557,2336,3000,5702,6,5,5,4,4,4,4,4,4,4
TCGA-E2-A1B6-DX1_xmin16266_ymin50634_MPP-0.2500+202[1000].png,2259,804,2198,1842,389,3088,5065,7694,335,3151,4,4,4,4,4,4,4,4,4,4
TCGA-E2-A1B6-DX1_xmin16266_ymin50634_MPP-0.2500+20[1000].png,44,6795,5524,6326,186,958,3981,3192,3189,1967,6,4,4,4,4,4,4,3,3,3
TCGA-E2-A1B6-DX1_xmin16266_ymin50634_MPP-0.2500+21[1000].png,1813,215,6966,7189,8081,2666,3088,6764,7948,2903,9,6,6,5,4,4,4,4,4,4
TCGA-E2-A1B6-DX1_xmin16266_ymin50634_MPP-0.2500+26[1000].png,7819,1682,3189,6227,2330,840,4711,1311,7721,5392,6,5,5,4,4,4,4,4,4,4
TCGA-E2-A1B6-DX1_xmin16266_ymin50634_MPP-0.2500+27[1000].png,4559,3971,6121,3189,2977,781,778,7119,3795,1977,6,5,5,4,4,4,4,4,4,4
TCGA-E2-A1B6-DX1_xmin16266_ymin50634_MPP-0.2500+28[1000].png,7694,5780,5937,4259,5428,5392,1813,3088,3127,1652,7,6,6,6,5,5,5,5,4,4
TCGA-E2-A1B6-DX1_xmin16266_ymin50634_MPP-0.2500+29[1000].png,3088,3836,124,958,686,7694,4250,453,1569,2700,8,5,4,4,4,4,4,4,4,4
TCGA-E2-A1B6-DX1_xmin16266_ymin50634_MPP-0.2500+30[1000].png,5780,7091,5023,5392,6321,1150,5207,7189,44,4965,6,6,5,5,5,5,4,4,4,4
TCGA-E2-A1B6-DX1_xmin16266_ymin50634_MPP-0.2500+40[1000].png,3088,1813,7694,2903,6321,828,3209,6226,958,1869,6,5,5,5,5,4,4,4,4,4
TCGA-E2-A1B6-DX1_xmin16266_ymin50634_MPP-0.2500+41[1000].png,7899,6045,5499,2666,2686,5937,958,7249,7450,4194,6,6,5,5,5,4,4,4,4,4
TCGA-E2-A1B6-DX1_xmin16266_ymin50634_MPP-0.2500+4[1000].png,7134,1813,2226,6045,7694,8066,4817,4642,7880,1654,7,6,5,5,5,4,4,4,4,4
TCGA-E2-A1B6-DX1_xmin16266_ymin50634_MPP-0.2500+5[1000].png,4436,2686,8081,7175,3088,1508,6702,3627,8014,237,6,5,5,5,5,4,4,4,4,4
TCGA-E2-A1B6-DX1_xmin16266_ymin50634_MPP-0.2500+65[1000].png,1682,3684,7750,8013,7869,898,5810,840,4606,5780,5,5,5,4,4,4,4,4,4,4
TCGA-E2-A1B6-DX1_xmin16266_ymin50634_MPP-0.2500+66[1000].png,3728,958,7224,1347,662,7164,3836,2666,2903,1682,6,5,5,5,5,4,4,4,4,4
TCGA-E2-A1B6-DX1_xmin16266_ymin50634_MPP-0.2500+67[1000].png,6321,594,404,2666,4817,5780,7353,4443,4376,5509,5,5,5,5,5,5,4,4,4,4
TCGA-E2-A1B6-DX1_xmin16266_ymin50634_MPP-0.2500+6[1000].png,4947,1911,5999,4559,4436,808,3088,145,4100,6321,5,5,5,5,5,5,5,5,4,4
TCGA-E2-A1B6-DX1_xmin16266_ymin50634_MPP-0.2500+73[1000].png,5937,6724,4711,144,5741,1813,3526,5065,594,2094,5,4,4,4,4,4,4,4,3,3
TCGA-E2-A1B6-DX1_xmin16266_ymin50634_MPP-0.2500+88[1000].png,5098,7089,4311,7249,781,4436,6678,5023,7224,1654,6,5,5,5,5,5,4,4,4,4
TCGA-E2-A1B6-DX1_xmin16266_ymin50634_MPP-0.2500+89[1000].png,1682,2336,3901,5912,1652,3021,1320,5428,4725,7007,6,5,5,5,4,4,4,4,4,4
TCGA-E2-A1B6-DX1_xmin16266_ymin50634_MPP-0.2500+99[1000].png,5741,4817,6814,4240,262,8081,1375,6795,1842,6048,5,5,4,4,4,4,4,4,4,4
TCGA-E2-A1L7-DX1_xmin51554_ymin15424_MPP-0.2500+103[1000].png,7694,2977,2308,2226,4311,5098,3619,5527,3961,8013,7,6,6,6,6,4,4,4,4,4
TCGA-E2-A1L7-DX1_xmin51554_ymin15424_MPP-0.2500+11[1000].png,3088,7024,5797,808,3728,7880,4968,5717,6226,5098,7,6,5,5,5,4,4,4,4,4
TCGA-E2-A1L7-DX1_xmin51554_ymin15424_MPP-0.2500+12[1000].png,2308,6045,3088,5872,2278,2226,3526,5810,1655,1977,6,6,6,6,5,5,5,5,4,4
TCGA-E2-A1L7-DX1_xmin51554_ymin15424_MPP-0.2500+15[1000].png,1813,3088,1652,4711,2430,3708,632,7400,6226,1836,6,6,5,5,4,4,4,4,4,4
TCGA-E2-A1L7-DX1_xmin51554_ymin15424_MPP-0.2500+16[1000].png,3526,1476,594,4711,5428,2609,3088,898,7880,6724,8,7,6,6,5,5,4,4,4,4
TCGA-E2-A1L7-DX1_xmin51554_ymin15424_MPP-0.2500+203[1000].png,7024,7694,2903,7175,6905,3684,935,4711,2666,3088,6,6,6,6,5,5,5,4,4,4
TCGA-E2-A1L7-DX1_xmin51554_ymin15424_MPP-0.2500+22[1000].png,3088,1652,6795,3011,3836,7694,1297,581,5913,6321,6,5,5,5,5,4,4,4,4,4
TCGA-E2-A1L7-DX1_xmin51554_ymin15424_MPP-0.2500+25[1000].png,3088,7024,2226,1842,5810,3526,4775,7249,6226,5913,11,7,6,5,5,5,5,4,4,4
TCGA-E2-A1L7-DX1_xmin51554_ymin15424_MPP-0.2500+26[1000].png,6137,7895,5780,2588,168,3088,7694,144,4131,1967,6,6,5,5,5,5,4,4,4,4
TCGA-E2-A1L7-DX1_xmin51554_ymin15424_MPP-0.2500+30[1000].png,7694,5937,2308,3131,3088,7733,3209,2776,331,2903,8,7,6,5,5,4,4,4,4,4
TCGA-E2-A1L7-DX1_xmin51554_ymin15424_MPP-0.2500+31[1000].png,3000,4711,130,7808,3889,3728,2635,1652,5780,1586,6,5,5,4,4,4,4,4,4,4
TCGA-E2-A1L7-DX1_xmin51554_ymin15424_MPP-0.2500+39[1000].png,4436,3619,3526,1652,6849,4711,144,6045,7808,2336,8,7,6,6,6,5,5,5,5,5
TCGA-E2-A1L7-DX1_xmin51554_ymin15424_MPP-0.2500+43[1000].png,3088,1652,2308,6054,7895,1811,5235,3230,912,3021,7,6,6,6,5,5,5,5,5,4
TCGA-E2-A1L7-DX1_xmin51554_ymin15424_MPP-0.2500+44[1000].png,6045,3889,3836,2308,8101,6795,3477,1682,6979,6022,8,8,6,6,5,5,5,5,4,4
TCGA-E2-A1L7-DX1_xmin51554_ymin15424_MPP-0.2500+45[1000].png,3526,2635,2308,6054,7895,1652,3889,601,3088,4817,6,5,5,5,5,5,5,4,4,4
TCGA-E2-A1L7-DX1_xmin51554_ymin15424_MPP-0.2500+4[1000].png,7485,6795,7695,3836,6321,5797,3526,4859,5810,7165,5,5,5,5,5,4,4,4,4,4
TCGA-E2-A1L7-DX1_xmin51554_ymin15424_MPP-0.2500+52[1000].png,215,4259,6795,2226,6054,168,7694,8110,8101,1682,7,6,6,5,5,5,5,5,4,4
TCGA-E2-A1L7-DX1_xmin51554_ymin15424_MPP-0.2500+58[1000].png,1813,6321,2870,1652,2226,7024,5937,6045,1992,4693,8,7,6,5,5,5,4,4,4,4
TCGA-E2-A1L7-DX1_xmin51554_ymin15424_MPP-0.2500+59[1000].png,2226,1652,7189,6795,1977,216,7119,5797,3030,2308,7,6,5,5,5,5,5,4,4,4
TCGA-E2-A1L7-DX1_xmin51554_ymin15424_MPP-0.2500+5[1000].png,1813,3088,3526,2226,6045,879,1297,6652,1652,5946,7,6,5,5,4,4,4,4,4,4
TCGA-E2-A1L7-DX1_xmin51554_ymin15424_MPP-0.2500+62[1000].png,6045,1652,3088,1008,6321,3836,5810,2903,6702,44,7,7,6,5,5,5,5,4,4,4
TCGA-E2-A1L7-DX1_xmin51554_ymin15424_MPP-0.2500+63[1000].png,6795,1813,7129,4436,1652,7101,5996,1042,516,5912,6,6,5,5,4,4,4,4,4,4
TCGA-E2-A1L7-DX1_xmin51554_ymin15424_MPP-0.2500+64[1000].png,2588,215,3000,2226,3126,1652,4251,6795,7400,1794,6,6,5,5,5,4,4,4,4,4
TCGA-E2-A1L7-DX1_xmin51554_ymin15424_MPP-0.2500+65[1000].png,145,3088,7880,915,7189,1813,2292,1654,1652,2226,5,5,5,5,4,4,4,4,4,4
TCGA-E2-A1L7-DX1_xmin51554_ymin15424_MPP-0.2500+6[1000].png,6795,1813,6045,3088,1652,2226,3526,4711,3044,7175,7,7,6,6,5,5,5,5,5,4
TCGA-E2-A1L7-DX1_xmin51554_ymin15424_MPP-0.2500+7[1000].png,3526,2430,6480,3088,8148,6795,2308,1652,1682,4817,6,5,5,5,4,4,4,4,4,4
TCGA-E2-A1L7-DX1_xmin51554_ymin15424_MPP-0.2500+97[1000].png,3088,5937,808,34,7024,6045,5097,4376,6960,3619,7,6,6,5,5,5,4,4,4,4
TCGA-E2-A1LH-DX1_xmin22770_ymin24149_MPP-0.2500+10[1000].png,215,2226,1652,5780,4817,1813,5912,44,3889,958,7,6,6,5,5,5,5,5,5,4
TCGA-E2-A1LH-DX1_xmin22770_ymin24149_MPP-0.2500+11[1000].png,6045,2308,6678,1652,2226,1813,7189,7377,3088,6795,6,5,5,5,5,5,5,5,5,5
TCGA-E2-A1LH-DX1_xmin22770_ymin24149_MPP-0.2500+13[1000].png,3189,3088,3230,5912,7694,1842,2588,6724,2308,5702,7,6,6,6,6,5,5,5,5,5
TCGA-E2-A1LH-DX1_xmin22770_ymin24149_MPP-0.2500+17[1000].png,3526,1652,7377,4205,4080,3021,453,6652,7249,5392,8,7,6,5,5,4,4,4,4,4
TCGA-E2-A1LH-DX1_xmin22770_ymin24149_MPP-0.2500+21[1000].png,1652,2903,5780,3836,3619,1813,215,2028,7024,2666,6,6,6,5,5,5,5,5,5,5
TCGA-E2-A1LH-DX1_xmin22770_ymin24149_MPP-0.2500+26[1000].png,6795,4112,7880,3088,6812,7694,321,7895,6137,2602,6,5,5,5,4,4,4,4,4,4
TCGA-E2-A1LH-DX1_xmin22770_ymin24149_MPP-0.2500+27[1000].png,4080,2903,2493,4376,131,1652,8013,7694,4833,6702,5,5,5,5,5,5,4,4,4,4
TCGA-E2-A1LH-DX1_xmin22770_ymin24149_MPP-0.2500+28[1000].png,3836,3088,5912,6321,1813,1652,4817,5763,3728,4622,5,4,4,4,4,4,4,4,4,4
TCGA-E2-A1LH-DX1_xmin22770_ymin24149_MPP-0.2500+29[1000].png,3088,7549,594,2666,7733,3597,4311,6192,830,4259,9,5,5,5,5,5,4,4,4,4
TCGA-E2-A1LH-DX1_xmin22770_ymin24149_MPP-0.2500+34[1000].png,3088,1357,3030,7694,1842,6048,898,6809,5971,4911,6,5,4,4,4,4,4,4,4,4
TCGA-E2-A1LH-DX1_xmin22770_ymin24149_MPP-0.2500+35[1000].png,7733,7694,7880,5392,6045,2336,3000,5098,44,2756,6,6,5,5,4,4,4,4,4,4
TCGA-E2-A1LH-DX1_xmin22770_ymin24149_MPP-0.2500+36[1000].png,3088,3230,3437,2308,2278,1716,2226,6137,7357,7337,9,5,5,4,4,4,4,4,4,4
TCGA-E2-A1LH-DX1_xmin22770_ymin24149_MPP-0.2500+3[1000].png,3230,3526,5780,8081,6869,237,1001,7869,6121,1508,8,5,5,5,4,4,4,4,4,4
TCGA-E2-A1LH-DX1_xmin22770_ymin24149_MPP-0.2500+43[1000].png,5741,2308,4914,3088,1157,6795,2588,915,4160,3836,6,5,5,5,4,4,4,4,4,4
TCGA-E2-A1LH-DX1_xmin22770_ymin24149_MPP-0.2500+49[1000].png,7695,3088,3526,594,8148,7808,5946,581,5741,352,7,6,6,5,5,4,4,4,4,4
TCGA-E2-A1LH-DX1_xmin22770_ymin24149_MPP-0.2500+51[1000].png,2308,1297,3526,3189,5872,215,6795,1210,5177,3836,12,7,7,7,6,6,5,5,5,4
TCGA-E2-A1LH-DX1_xmin22770_ymin24149_MPP-0.2500+57[1000].png,3088,1652,6511,898,1977,4693,5810,44,553,5741,10,5,5,5,5,4,4,4,4,4
TCGA-E2-A1LH-DX1_xmin22770_ymin24149_MPP-0.2500+58[1000].png,6045,5780,5163,2308,2226,131,5937,1967,2482,1716,10,9,6,6,6,5,5,4,4,4
TCGA-E2-A1LH-DX1_xmin22770_ymin24149_MPP-0.2500+66[1000].png,3889,4642,7694,2977,6226,5098,4376,3088,581,7430,6,5,5,5,5,5,5,4,4,4
TCGA-E2-A1LI-DX1_xmin44715_ymin18434_MPP-0.2500+0[1000].png,5235,5913,935,6795,808,6724,7709,5344,6905,1682,5,5,5,5,5,4,4,4,4,4
TCGA-E2-A1LI-DX1_xmin44715_ymin18434_MPP-0.2500+107[1000].png,6595,1297,5424,2430,5007,2482,8003,898,3088,7400,6,5,4,4,4,4,4,4,4,4
TCGA-E2-A1LI-DX1_xmin44715_ymin18434_MPP-0.2500+108[1000].png,7134,7165,5097,3079,1312,5134,4911,3836,5098,3011,7,5,5,4,4,4,4,4,4,4
TCGA-E2-A1LI-DX1_xmin44715_ymin18434_MPP-0.2500+109[1000].png,1682,5509,6276,3088,5428,1842,5913,5780,7091,515,6,6,5,5,5,5,5,4,4,4
TCGA-E2-A1LI-DX1_xmin44715_ymin18434_MPP-0.2500+110[1000].png,5097,3836,3088,7895,5499,4430,6530,4376,7957,7134,6,5,5,5,4,4,4,4,4,4
TCGA-E2-A1LI-DX1_xmin44715_ymin18434_MPP-0.2500+111[1000].png,3011,898,6902,1001,3088,1652,8081,237,5797,4261,7,4,4,4,4,4,4,4,4,3
TCGA-E2-A1LI-DX1_xmin44715_ymin18434_MPP-0.2500+115[1000].png,7129,958,808,3131,4673,6931,3836,5509,4654,8013,10,8,8,7,6,6,5,5,5,5
TCGA-E2-A1LI-DX1_xmin44715_ymin18434_MPP-0.2500+116[1000].png,1652,7129,6226,1297,6902,3088,1767,988,5498,4311,11,10,8,8,7,6,6,6,5,5
TCGA-E2-A1LI-DX1_xmin44715_ymin18434_MPP-0.2500+117[1000].png,7165,3011,2226,7694,2870,2308,6960,3088,1463,1652,10,7,6,6,6,6,5,5,5,5
TCGA-E2-A1LI-DX1_xmin44715_ymin18434_MPP-0.2500+118[1000].png,2336,4711,1297,1842,3088,7134,6902,2226,5797,5946,9,6,6,6,6,5,5,4,4,4
TCGA-E2-A1LI-DX1_xmin44715_ymin18434_MPP-0.2500+119[1000].png,5428,5392,4859,898,3088,4817,1357,6678,7895,2572,5,5,4,4,4,4,4,4,4,4
TCGA-E2-A1LI-DX1_xmin44715_ymin18434_MPP-0.2500+123[1000].png,5780,3230,5797,6137,8073,7024,256,6306,3011,3088,6,5,5,5,4,4,4,4,4,4
TCGA-E2-A1LI-DX1_xmin44715_ymin18434_MPP-0.2500+124[1000].png,3836,3088,5797,840,7695,7733,6772,4194,632,2198,7,7,5,5,5,5,5,4,4,4
TCGA-E2-A1LI-DX1_xmin44715_ymin18434_MPP-0.2500+125[1000].png,1373,3088,4711,5810,4817,8081,1297,2101,5509,7694,6,6,5,5,5,4,4,4,4,4
TCGA-E2-A1LI-DX1_xmin44715_ymin18434_MPP-0.2500+126[1000].png,6702,1842,3836,5741,8081,3189,331,722,7733,168,7,7,5,5,5,5,4,4,4,4
TCGA-E2-A1LI-DX1_xmin44715_ymin18434_MPP-0.2500+127[1000].png,3088,7733,2666,4711,5097,1836,2336,6652,6702,6931,7,6,6,5,5,5,5,5,5,5
TCGA-E2-A1LI-DX1_xmin44715_ymin18434_MPP-0.2500+130[1000].png,3088,1297,6902,5392,582,2308,6711,808,1869,7165,6,6,6,5,5,5,5,5,4,4
TCGA-E2-A1LI-DX1_xmin44715_ymin18434_MPP-0.2500+131[1000].png,7694,1652,5810,5498,840,7165,4198,3469,7589,6018,9,6,6,5,5,5,5,5,4,4
TCGA-E2-A1LI-DX1_xmin44715_ymin18434_MPP-0.2500+132[1000].png,4711,7189,4725,1967,1297,6919,7165,3619,3088,421,7,6,6,5,5,5,5,4,4,4
TCGA-E2-A1LI-DX1_xmin44715_ymin18434_MPP-0.2500+133[1000].png,3088,6724,6795,2903,6045,1869,1813,5428,1842,6657,7,6,5,5,5,4,4,4,4,4
TCGA-E2-A1LI-DX1_xmin44715_ymin18434_MPP-0.2500+134[1000].png,3088,2756,1764,1297,5797,4817,4250,237,6628,6036,6,5,5,4,4,4,4,4,4,4
TCGA-E2-A1LI-DX1_xmin44715_ymin18434_MPP-0.2500+135[1000].png,2308,5797,4160,7880,3526,1977,4711,6615,4259,5937,8,7,5,5,5,5,4,4,4,4
TCGA-E2-A1LI-DX1_xmin44715_ymin18434_MPP-0.2500+139[1000].png,3088,5203,7189,7694,3209,3151,4711,3247,2666,7695,9,6,5,5,4,4,4,4,4,4
TCGA-E2-A1LI-DX1_xmin44715_ymin18434_MPP-0.2500+140[1000].png,3836,4340,5097,1775,7134,495,7694,7165,5671,2977,10,5,5,5,5,5,4,4,4,4
TCGA-E2-A1LI-DX1_xmin44715_ymin18434_MPP-0.2500+141[1000].png,4711,8110,3088,2756,1842,2977,7733,6905,5913,6808,6,5,5,5,5,5,4,4,4,4
TCGA-E2-A1LI-DX1_xmin44715_ymin18434_MPP-0.2500+142[1000].png,7189,6902,6795,7078,7694,4817,582,6711,1297,4430,6,5,5,4,4,4,4,4,4,4
TCGA-E2-A1LI-DX1_xmin44715_ymin18434_MPP-0.2500+148[1000].png,6724,5392,7695,5780,4430,1571,7400,6814,3526,2308,8,8,7,6,5,5,5,5,5,4
TCGA-E2-A1LI-DX1_xmin44715_ymin18434_MPP-0.2500+149[1000].png,6702,3088,1297,7134,4711,5433,4160,2226,2756,7501,8,7,6,6,5,5,5,4,4,4
TCGA-E2-A1LI-DX1_xmin44715_ymin18434_MPP-0.2500+150[1000].png,3088,331,4711,7024,8081,7273,168,6814,7895,6292,6,6,6,5,5,4,4,4,4,4
TCGA-E2-A1LI-DX1_xmin44715_ymin18434_MPP-0.2500+151[1000].png,1297,3088,4711,7024,162,6702,6137,4166,4340,4968,6,6,6,5,5,5,4,4,4,4
TCGA-E2-A1LI-DX1_xmin44715_ymin18434_MPP-0.2500+157[1000].png,3088,781,335,7175,2308,3619,5780,6964,3836,4711,6,5,4,4,4,4,4,4,4,4
TCGA-E2-A1LI-DX1_xmin44715_ymin18434_MPP-0.2500+158[1000].png,1652,808,5797,5780,7377,3189,5039,935,7085,1571,6,6,5,5,5,4,4,4,4,4
TCGA-E2-A1LI-DX1_xmin44715_ymin18434_MPP-0.2500+167[1000].png,2870,3088,5203,4711,5039,4817,5999,3000,2756,2336,6,5,5,4,4,4,4,4,4,4
TCGA-E2-A1LI-DX1_xmin44715_ymin18434_MPP-0.2500+174[1000].png,7695,3088,4711,901,2336,2265,1977,2903,4833,3209,8,7,6,5,5,5,5,5,4,4
TCGA-E2-A1LI-DX1_xmin44715_ymin18434_MPP-0.2500+187[1000].png,1652,6702,1842,6193,3901,2588,6321,7895,4833,4711,9,8,6,5,5,5,4,4,4,4
TCGA-E2-A1LI-DX1_xmin44715_ymin18434_MPP-0.2500+188[1000].png,1297,808,7808,601,4711,1373,6674,6964,5912,5226,7,6,5,5,4,4,4,4,4,4
TCGA-E2-A1LI-DX1_xmin44715_ymin18434_MPP-0.2500+191[1000].png,1842,1652,3088,2903,5780,3836,5741,1357,5428,5797,6,5,5,5,5,5,5,5,4,4
TCGA-E2-A1LI-DX1_xmin44715_ymin18434_MPP-0.2500+1[1000].png,5872,6137,7089,6905,6724,7189,3088,5913,5797,4817,6,6,5,5,5,5,5,5,4,4
TCGA-E2-A1LI-DX1_xmin44715_ymin18434_MPP-0.2500+205[1000].png,3836,7695,1203,7430,2756,6321,1682,7599,7091,988,5,5,5,4,4,4,4,4,4,4
TCGA-E2-A1LI-DX1_xmin44715_ymin18434_MPP-0.2500+206[1000].png,7733,2308,1682,4711,3088,3230,2666,7410,6678,2756,7,7,6,6,6,5,5,4,4,4
TCGA-E2-A1LI-DX1_xmin44715_ymin18434_MPP-0.2500+214[1000].png,7162,3088,836,3030,5428,7948,3619,5717,2308,5603,6,5,5,5,5,5,4,4,4,4
TCGA-E2-A1LI-DX1_xmin44715_ymin18434_MPP-0.2500+224[1000].png,3088,7694,5097,1357,2031,3230,2028,6678,6772,2336,9,5,5,4,4,4,4,4,4,4
TCGA-E2-A1LI-DX1_xmin44715_ymin18434_MPP-0.2500+225[1000].png,4711,2977,7880,7337,2336,2903,3088,840,7175,1977,7,6,6,5,5,5,5,5,4,4
TCGA-E2-A1LI-DX1_xmin44715_ymin18434_MPP-0.2500+233[1000].png,1842,44,4430,237,3088,840,1711,6045,1813,5171,6,6,5,5,5,5,4,4,4,4
TCGA-E2-A1LI-DX1_xmin44715_ymin18434_MPP-0.2500+243[1000].png,5392,5428,4251,1297,935,5780,4436,3088,3151,6795,6,6,6,5,5,5,5,5,4,4
TCGA-E2-A1LI-DX1_xmin44715_ymin18434_MPP-0.2500+249[1000].png,7134,2226,2609,7485,6795,6054,4833,591,7869,215,6,5,5,5,4,4,4,4,4,4
TCGA-E2-A1LI-DX1_xmin44715_ymin18434_MPP-0.2500+252[1000].png,3088,2308,5097,1652,2028,7604,453,6702,3889,2226,9,7,5,5,5,5,4,4,4,4
TCGA-E2-A1LI-DX1_xmin44715_ymin18434_MPP-0.2500+261[1000].png,3088,6045,3836,2308,594,216,5682,5498,3526,898,8,7,6,5,5,5,4,4,4,4
TCGA-E2-A1LI-DX1_xmin44715_ymin18434_MPP-0.2500+262[1000].png,7134,6226,1836,6960,2336,3088,3836,7089,3526,237,8,6,6,5,5,5,5,5,5,4
TCGA-E2-A1LI-DX1_xmin44715_ymin18434_MPP-0.2500+267[1000].png,3088,594,5810,215,6807,3836,6979,3209,954,2308,7,5,5,5,4,4,4,4,4,4
TCGA-E2-A1LI-DX1_xmin44715_ymin18434_MPP-0.2500+268[1000].png,1652,3836,390,3209,145,7880,352,6905,2226,2070,9,5,5,5,5,5,4,4,4,4
TCGA-E2-A1LI-DX1_xmin44715_ymin18434_MPP-0.2500+271[1000].png,5780,5872,1836,6657,6795,4430,5428,5392,1297,3230,8,5,5,5,4,4,4,4,3,3
TCGA-E2-A1LI-DX1_xmin44715_ymin18434_MPP-0.2500+272[1000].png,3088,3836,2000,1297,2493,7189,4711,7733,2336,1652,11,7,6,6,5,5,5,5,4,4
TCGA-E2-A1LI-DX1_xmin44715_ymin18434_MPP-0.2500+273[1000].png,5780,2226,1297,2012,1813,632,6702,3889,5433,2308,6,6,5,5,5,4,4,4,4,4
TCGA-E2-A1LI-DX1_xmin44715_ymin18434_MPP-0.2500+276[1000].png,3088,2308,7709,1652,5097,4166,4340,5203,5912,1842,8,6,5,5,5,5,5,5,5,5
TCGA-E2-A1LI-DX1_xmin44715_ymin18434_MPP-0.2500+277[1000].png,2226,6795,5498,215,5912,1652,6905,2756,7485,144,10,6,6,5,5,5,5,4,4,4
TCGA-E2-A1LI-DX1_xmin44715_ymin18434_MPP-0.2500+278[1000].png,5912,4376,2666,237,3526,3088,7895,6045,7129,1716,7,6,6,6,5,5,5,5,4,4
TCGA-E2-A1LI-DX1_xmin44715_ymin18434_MPP-0.2500+285[1000].png,2226,1652,3000,2903,5678,2776,5780,3477,5735,6931,9,5,5,5,4,4,4,4,4,4
TCGA-E2-A1LI-DX1_xmin44715_ymin18434_MPP-0.2500+286[1000].png,6652,1652,2493,6702,4711,2870,898,1842,1836,6628,6,6,5,5,5,4,4,4,4,4
TCGA-E2-A1LI-DX1_xmin44715_ymin18434_MPP-0.2500+287[1000].png,5797,8013,1297,7733,5741,7165,4859,3526,3836,4080,6,5,5,5,5,4,4,4,4,4
TCGA-E2-A1LI-DX1_xmin44715_ymin18434_MPP-0.2500+295[1000].png,1297,915,5797,3088,4259,6902,5177,5392,2482,168,6,6,5,5,5,5,4,4,4,4
TCGA-E2-A1LI-DX1_xmin44715_ymin18434_MPP-0.2500+302[1000].png,3088,7189,840,7695,2666,8081,4774,6702,4711,4259,7,5,4,4,4,4,4,4,4,4
TCGA-E2-A1LI-DX1_xmin44715_ymin18434_MPP-0.2500+303[1000].png,5937,1652,7694,5498,5428,4817,1842,5999,7899,1654,6,6,5,5,5,5,4,4,4,4
TCGA-E2-A1LI-DX1_xmin44715_ymin18434_MPP-0.2500+304[1000].png,5094,7189,2766,1652,3088,7694,8140,7733,4817,4063,5,5,5,5,5,4,4,4,4,4
TCGA-E2-A1LI-DX1_xmin44715_ymin18434_MPP-0.2500+305[1000].png,7165,3088,7880,3526,6711,778,1833,7835,1297,4711,7,7,5,4,4,4,4,4,4,4
TCGA-E2-A1LI-DX1_xmin44715_ymin18434_MPP-0.2500+306[1000].png,2336,1652,4711,7695,8013,5780,3021,3526,215,216,9,8,7,6,5,5,5,5,5,4
TCGA-E2-A1LI-DX1_xmin44715_ymin18434_MPP-0.2500+30[1000].png,1842,4572,4430,808,7303,331,5754,5717,3804,516,8,5,5,5,5,5,4,4,4,4
TCGA-E2-A1LI-DX1_xmin44715_ymin18434_MPP-0.2500+317[1000].png,3526,958,8081,8110,4817,5098,5498,1977,44,216,7,5,5,5,5,5,5,5,5,4
TCGA-E2-A1LI-DX1_xmin44715_ymin18434_MPP-0.2500+318[1000].png,3088,4833,2330,1682,1652,331,3836,5428,7880,5797,6,6,5,5,5,4,4,4,4,4
TCGA-E2-A1LI-DX1_xmin44715_ymin18434_MPP-0.2500+319[1000].png,2226,2308,2903,7880,3836,7869,3199,8082,1842,7733,6,6,5,5,5,5,4,4,4,4
TCGA-E2-A1LI-DX1_xmin44715_ymin18434_MPP-0.2500+31[1000].png,3088,3209,1297,5797,5810,6724,145,215,6702,4160,7,6,6,5,5,5,4,4,4,4
TCGA-E2-A1LI-DX1_xmin44715_ymin18434_MPP-0.2500+322[1000].png,5872,6054,2493,8110,4711,5780,1716,5235,974,8165,8,6,5,5,4,4,4,4,4,4
TCGA-E2-A1LI-DX1_xmin44715_ymin18434_MPP-0.2500+333[1000].png,5780,6795,2308,1775,4711,3836,5203,8014,901,781,6,6,5,5,5,5,4,4,4,4
TCGA-E2-A1LI-DX1_xmin44715_ymin18434_MPP-0.2500+335[1000].png,5392,6219,1373,4430,3088,2226,1842,5509,1652,6905,7,6,5,5,5,5,5,5,5,5
TCGA-E2-A1LI-DX1_xmin44715_ymin18434_MPP-0.2500+48[1000].png,7694,4711,237,935,267,5937,1373,1297,1472,4325,9,8,7,6,5,5,4,4,4,4
TCGA-E2-A1LI-DX1_xmin44715_ymin18434_MPP-0.2500+49[1000].png,1297,5039,594,3088,1001,5203,7649,124,3836,7895,6,5,5,5,4,4,4,4,4,4
TCGA-E2-A1LI-DX1_xmin44715_ymin18434_MPP-0.2500+4[1000].png,2960,2320,6226,7459,601,5100,4843,1652,5872,958,12,10,8,8,7,7,6,6,6,5
TCGA-E2-A1LI-DX1_xmin44715_ymin18434_MPP-0.2500+67[1000].png,6321,5392,4711,2903,2476,2308,1813,2990,958,693,7,5,5,5,5,5,5,4,4,4
TCGA-E2-A1LI-DX1_xmin44715_ymin18434_MPP-0.2500+73[1000].png,4711,331,145,1297,6208,3209,6137,4194,7695,3088,10,6,5,4,4,4,4,4,4,4
TCGA-E2-A1LI-DX1_xmin44715_ymin18434_MPP-0.2500+7[1000].png,3088,2308,6919,7695,5392,4711,1297,1541,2419,2430,8,5,5,5,5,5,4,4,4,4
TCGA-E2-A1LI-DX1_xmin44715_ymin18434_MPP-0.2500+86[1000].png,4250,3526,6054,7733,3088,3209,6724,4199,5717,1711,6,6,5,5,5,5,4,4,4,4
TCGA-E2-A1LI-DX1_xmin44715_ymin18434_MPP-0.2500+8[1000].png,3011,3088,5780,5810,6795,7957,5392,5023,3526,3836,9,5,5,5,5,4,4,4,4,4
TCGA-E2-A1LI-DX1_xmin44715_ymin18434_MPP-0.2500+91[1000].png,2336,7895,7377,7709,808,5717,1196,3088,4199,1297,7,6,5,4,4,4,4,4,4,4
TCGA-E2-A1LI-DX1_xmin44715_ymin18434_MPP-0.2500+92[1000].png,5780,7189,1842,2308,4817,4290,4112,7591,5810,5134,7,5,5,5,5,5,4,4,4,4
TCGA-E2-A1LI-DX1_xmin44715_ymin18434_MPP-0.2500+93[1000].png,7695,2493,5937,6702,4711,7733,3836,145,4376,4166,7,7,6,6,6,6,6,5,5,5
