file,top_codes,top_counts
TCGA-A1-A0SK-DX1_xmin45749_ymin25055_MPP-0.2500+12[0001].png,6048,6321,4436,2308,778,124,2583,297,6657,915,5,5,5,5,4,4,4,4,4,4
TCGA-A1-A0SK-DX1_xmin45749_ymin25055_MPP-0.2500+13[0001].png,352,4250,7948,781,6321,4376,6292,6657,1652,2226,6,6,5,5,5,5,4,4,4,4
TCGA-A1-A0SK-DX1_xmin45749_ymin25055_MPP-0.2500+14[0001].png,6795,2226,5741,5763,7091,958,4436,7442,3000,594,6,6,5,5,5,5,4,4,4,4
TCGA-A1-A0SK-DX1_xmin45749_ymin25055_MPP-0.2500+15[0001].png,2226,5937,216,3728,1842,2990,3619,1297,4480,7442,6,5,5,5,4,4,4,4,4,4
TCGA-A1-A0SK-DX1_xmin45749_ymin25055_MPP-0.2500+16[0001].png,516,6795,6121,7899,390,6045,5834,1654,3500,3619,7,7,6,6,6,6,5,5,5,5
TCGA-A1-A0SK-DX1_xmin45749_ymin25055_MPP-0.2500+17[0001].png,2226,3189,632,4143,3247,4559,4001,1836,215,7101,6,6,6,6,5,5,5,5,5,4
TCGA-A1-A0SK-DX1_xmin45749_ymin25055_MPP-0.2500+22[0001].png,215,3619,6048,4817,2967,1311,5741,5735,5671,2308,7,6,5,5,5,5,4,4,4,4
TCGA-A1-A0SK-DX1_xmin45749_ymin25055_MPP-0.2500+23[0001].png,6194,1813,6121,725,6321,3296,5741,3000,5603,3889,6,6,5,5,5,4,4,4,4,4
TCGA-A1-A0SK-DX1_xmin45749_ymin25055_MPP-0.2500+24[0001].png,6121,2226,516,1103,2557,1001,7591,1682,1652,3500,5,5,5,5,5,4,4,4,4,4
TCGA-A1-A0SK-DX1_xmin45749_ymin25055_MPP-0.2500+25[0001].png,3000,4436,725,6022,5780,2226,5741,215,2326,3526,7,6,6,5,5,5,5,5,5,5
TCGA-A1-A0SK-DX1_xmin45749_ymin25055_MPP-0.2500+26[0001].png,5741,267,5912,3088,7442,1911,215,5780,7175,725,6,5,5,5,5,5,5,5,4,4
TCGA-A1-A0SK-DX1_xmin45749_ymin25055_MPP-0.2500+27[0001].png,778,5937,5741,4160,516,7442,4311,7674,7604,725,7,6,6,6,5,5,5,4,4,4
TCGA-A1-A0SK-DX1_xmin45749_ymin25055_MPP-0.2500+2[0001].png,4436,3044,8013,3088,131,5716,4685,915,3433,3230,6,5,5,5,5,4,4,4,4,4
TCGA-A1-A0SK-DX1_xmin45749_ymin25055_MPP-0.2500+32[0001].png,2226,5780,162,594,4430,725,6628,3189,3526,3356,6,6,5,5,5,4,4,4,4,4
TCGA-A1-A0SK-DX1_xmin45749_ymin25055_MPP-0.2500+33[0001].png,7899,5561,3088,4377,553,1654,6191,5603,4376,958,5,5,5,5,4,4,4,4,4,4
TCGA-A1-A0SK-DX1_xmin45749_ymin25055_MPP-0.2500+34[0001].png,1813,7091,2308,5912,693,7249,3619,778,781,7948,7,6,5,5,5,5,5,5,4,4
TCGA-A1-A0SK-DX1_xmin45749_ymin25055_MPP-0.2500+35[0001].png,7899,6045,3442,7091,3000,3619,2308,7430,5610,1297,9,9,6,4,4,4,4,4,4,4
TCGA-A1-A0SK-DX1_xmin45749_ymin25055_MPP-0.2500+36[0001].png,2308,1813,5433,237,5741,7880,1652,5716,162,594,9,7,5,5,5,5,5,5,4,4
TCGA-A1-A0SK-DX1_xmin45749_ymin25055_MPP-0.2500+37[0001].png,958,5763,2226,7249,4311,7808,237,7091,297,5094,6,6,6,5,5,5,4,4,4,4
TCGA-A1-A0SK-DX1_xmin45749_ymin25055_MPP-0.2500+38[0001].png,7091,6795,7880,1654,5780,1911,5912,2278,8013,3526,7,7,7,5,5,5,5,5,4,4
TCGA-A1-A0SK-DX1_xmin45749_ymin25055_MPP-0.2500+3[0001].png,8013,2903,144,1654,4166,5810,8110,1460,5741,1624,5,5,5,5,4,4,4,4,4,4
TCGA-A1-A0SK-DX1_xmin45749_ymin25055_MPP-0.2500+44[0001].png,958,1911,8148,7249,4817,2686,6321,1311,1652,7948,6,5,4,4,4,4,4,4,4,4
TCGA-A1-A0SK-DX1_xmin45749_ymin25055_MPP-0.2500+45[0001].png,5741,4436,6856,2226,7337,778,5433,404,6795,2646,6,6,5,5,5,5,4,4,4,4
TCGA-A1-A0SK-DX1_xmin45749_ymin25055_MPP-0.2500+46[0001].png,5433,7134,6795,1418,3526,6045,3127,1813,4322,3619,7,7,6,6,5,5,5,5,5,5
TCGA-A1-A0SK-DX1_xmin45749_ymin25055_MPP-0.2500+47[0001].png,2226,2990,781,3088,5098,3836,7189,5428,5937,693,8,6,6,5,5,5,4,4,4,4
TCGA-A1-A0SK-DX1_xmin45749_ymin25055_MPP-0.2500+48[0001].png,216,352,1836,2226,5428,2990,1508,4436,7357,1652,7,6,5,5,5,4,4,4,4,4
TCGA-A1-A0SK-DX1_xmin45749_ymin25055_MPP-0.2500+4[0001].png,2226,6795,6321,4436,7249,3870,1911,7442,5999,725,9,7,6,6,6,6,5,5,5,5
TCGA-A1-A0SK-DX1_xmin45749_ymin25055_MPP-0.2500+55[0001].png,4559,5797,3088,1911,4001,6045,958,1476,5213,7835,6,6,5,5,5,5,5,4,4,4
TCGA-A1-A0SK-DX1_xmin45749_ymin25055_MPP-0.2500+56[0001].png,3889,5741,7360,1833,144,6321,1311,6190,4377,5561,7,5,5,5,5,5,4,4,4,4
TCGA-A1-A0SK-DX1_xmin45749_ymin25055_MPP-0.2500+57[0001].png,778,6121,6678,3526,1357,7674,781,4068,3030,1813,5,5,4,4,4,4,4,4,4,4
TCGA-A1-A0SK-DX1_xmin45749_ymin25055_MPP-0.2500+58[0001].png,2226,3836,778,1813,4654,2990,144,3024,5098,2194,6,6,6,6,5,5,5,5,4,4
TCGA-A1-A0SK-DX1_xmin45749_ymin25055_MPP-0.2500+5[0001].png,6045,7899,1652,215,958,2278,7091,2226,6321,5718,8,7,7,6,6,5,5,5,5,5
TCGA-A1-A0SK-DX1_xmin45749_ymin25055_MPP-0.2500+66[0001].png,4492,6321,7442,4143,2308,7899,1836,216,12,7134,6,6,6,5,5,5,5,5,5,4
TCGA-A1-A0SK-DX1_xmin45749_ymin25055_MPP-0.2500+67[0001].png,2990,3030,1911,7442,4311,1476,6321,6795,6226,5717,7,6,6,6,6,6,5,5,4,4
TCGA-A1-A0SK-DX1_xmin45749_ymin25055_MPP-0.2500+68[0001].png,5561,7134,6321,3526,5912,215,634,7442,5603,2308,6,5,5,5,5,5,5,4,4,4
TCGA-A1-A0SK-DX1_xmin45749_ymin25055_MPP-0.2500+69[0001].png,2140,2308,4436,1911,3127,6795,1813,3209,7442,6045,6,5,5,5,4,4,4,4,4,4
TCGA-A1-A0SP-DX1_xmin6798_ymin53719_MPP-0.2500+218[0001].png,3526,5937,5603,3088,8013,453,6795,7357,3026,2308,10,5,5,5,5,5,4,4,4,4
TCGA-A1-A0SP-DX1_xmin6798_ymin53719_MPP-0.2500+228[0001].png,4322,7249,3088,7695,3527,958,267,2031,3209,7189,7,6,5,5,5,5,4,4,4,4
TCGA-A1-A0SP-DX1_xmin6798_ymin53719_MPP-0.2500+229[0001].png,4311,3026,5834,4711,7442,3836,2666,7024,4430,840,6,6,5,5,5,5,5,5,5,4
TCGA-A1-A0SP-DX1_xmin6798_ymin53719_MPP-0.2500+231[0001].png,3836,2967,2226,7899,7808,2308,958,8101,3526,3889,7,6,6,6,5,5,5,5,5,5
TCGA-A1-A0SP-DX1_xmin6798_ymin53719_MPP-0.2500+232[0001].png,2308,3889,3823,3088,4711,7694,215,162,1842,2140,7,6,5,5,5,5,5,5,5,5
TCGA-A1-A0SP-DX1_xmin6798_ymin53719_MPP-0.2500+242[0001].png,7694,215,5912,453,6321,582,2226,4322,601,4430,6,6,5,5,5,5,5,5,5,4
TCGA-A1-A0SP-DX1_xmin6798_ymin53719_MPP-0.2500+243[0001].png,3889,7134,5912,8013,3469,2226,3088,840,5207,958,6,6,5,5,5,5,5,4,4,4
TCGA-A1-A0SP-DX1_xmin6798_ymin53719_MPP-0.2500+245[0001].png,2226,3889,1203,3088,4322,7694,5428,7249,7024,4711,9,6,5,5,5,5,5,4,4,4
TCGA-A1-A0SP-DX1_xmin6798_ymin53719_MPP-0.2500+259[0001].png,2226,6226,6869,4322,958,6678,8140,5194,6321,6902,12,6,5,5,5,5,4,4,4,4
TCGA-A2-A04P-DX1_xmin104246_ymin48517_MPP-0.2500+32[0001].png,781,7899,7459,7853,1298,4693,2870,6227,2557,675,7,5,5,5,5,4,4,4,4,4
TCGA-A2-A04T-DX1_xmin72145_ymin39078_MPP-0.2500+112[0001].png,131,7028,2083,6045,7189,8081,958,2226,4559,7459,9,7,6,5,5,5,5,5,5,5
TCGA-A2-A04T-DX1_xmin72145_ymin39078_MPP-0.2500+113[0001].png,2320,7459,7948,632,7484,629,6226,601,6045,2043,9,8,8,7,6,5,5,4,4,4
TCGA-A2-A04T-DX1_xmin72145_ymin39078_MPP-0.2500+121[0001].png,131,2226,6321,7694,4711,7249,7948,2876,5702,2686,7,5,5,5,4,4,4,4,4,4
TCGA-A2-A04T-DX1_xmin72145_ymin39078_MPP-0.2500+122[0001].png,2083,4080,2308,6121,3088,8013,697,6512,3044,5780,6,5,5,5,5,4,4,4,4,4
TCGA-A2-A04T-DX1_xmin72145_ymin39078_MPP-0.2500+123[0001].png,958,1911,131,7674,4715,145,2018,6036,5735,3896,6,6,5,5,5,5,5,4,4,4
TCGA-A2-A04T-DX1_xmin72145_ymin39078_MPP-0.2500+132[0001].png,7948,6321,6045,3849,778,2320,1569,7459,2062,8110,7,6,5,5,5,5,5,4,4,4
TCGA-A2-A04T-DX1_xmin72145_ymin39078_MPP-0.2500+133[0001].png,958,7674,5702,6226,7948,5780,6321,5207,4250,6795,7,6,6,6,5,5,5,5,5,5
TCGA-A2-A04T-DX1_xmin72145_ymin39078_MPP-0.2500+134[0001].png,778,5717,7948,8066,4436,7808,3024,3459,8081,6121,6,6,6,5,5,4,4,4,4,4
TCGA-A2-A04T-DX1_xmin72145_ymin39078_MPP-0.2500+135[0001].png,6795,5741,1842,5561,5834,7028,5702,6048,3442,2226,7,6,5,5,5,5,4,4,4,4
TCGA-A2-A04T-DX1_xmin72145_ymin39078_MPP-0.2500+136[0001].png,7459,2954,2960,629,5100,3387,131,8101,2943,2320,14,13,8,8,7,7,7,7,7,6
TCGA-A2-A04T-DX1_xmin72145_ymin39078_MPP-0.2500+167[0001].png,332,958,7948,4311,7089,3626,7880,5912,5433,7484,7,6,6,5,5,5,5,4,4,4
TCGA-A2-A04T-DX1_xmin72145_ymin39078_MPP-0.2500+168[0001].png,7899,594,6856,8066,267,2876,516,6321,601,237,5,5,4,4,4,4,4,4,4,4
TCGA-A2-A04T-DX1_xmin72145_ymin39078_MPP-0.2500+57[0001].png,2960,2320,3849,6226,7134,7976,7459,7948,6321,7028,9,9,8,6,6,6,5,5,5,5
TCGA-A2-A04T-DX1_xmin72145_ymin39078_MPP-0.2500+69[0001].png,958,7459,4311,3127,131,3088,3044,582,4072,2320,9,7,5,4,4,4,4,4,4,4
TCGA-A2-A04T-DX1_xmin72145_ymin39078_MPP-0.2500+81[0001].png,6738,629,2943,4843,7459,7948,453,1791,2320,2954,22,20,13,13,9,7,7,7,6,6
TCGA-A2-A0CM-DX1_xmin18562_ymin56852_MPP-0.2500+0[0001].png,371,6192,352,2226,4711,3088,7222,3296,828,131,6,5,5,5,5,5,4,4,4,4
TCGA-A2-A0CM-DX1_xmin18562_ymin56852_MPP-0.2500+14[0001].png,6931,3637,778,4436,5763,3088,4711,5099,582,5937,7,5,5,5,5,5,5,5,4,4
TCGA-A2-A0CM-DX1_xmin18562_ymin56852_MPP-0.2500+15[0001].png,781,3088,4725,6702,935,6830,7243,4261,697,7869,5,5,5,5,5,4,4,4,4,4
TCGA-A2-A0CM-DX1_xmin18562_ymin56852_MPP-0.2500+16[0001].png,1652,958,2967,1905,3619,6117,404,3088,6045,6795,7,6,5,5,4,4,4,4,4,4
TCGA-A2-A0CM-DX1_xmin18562_ymin56852_MPP-0.2500+17[0001].png,7694,3088,4711,2226,7165,1098,6054,332,7859,5763,7,6,5,4,4,4,4,4,4,4
TCGA-A2-A0CM-DX1_xmin18562_ymin56852_MPP-0.2500+18[0001].png,5498,5872,1652,2278,3088,1842,3626,7165,6795,4725,8,6,6,5,5,5,4,4,4,4
TCGA-A2-A0CM-DX1_xmin18562_ymin56852_MPP-0.2500+193[0001].png,267,5999,5213,2308,1460,2226,5428,4250,6192,5702,6,6,6,5,5,5,5,4,4,4
TCGA-A2-A0CM-DX1_xmin18562_ymin56852_MPP-0.2500+1[0001].png,3088,958,5780,3026,1297,267,781,6264,6571,5213,7,5,5,5,5,5,4,4,4,4
TCGA-A2-A0CM-DX1_xmin18562_ymin56852_MPP-0.2500+206[0001].png,8082,3836,2917,6830,1026,267,2870,5166,3708,1813,5,5,4,4,4,4,4,4,4,4
TCGA-A2-A0CM-DX1_xmin18562_ymin56852_MPP-0.2500+27[0001].png,6808,5937,7165,7694,216,4859,7733,6192,1297,5428,5,5,5,5,4,4,4,4,4,4
TCGA-A2-A0CM-DX1_xmin18562_ymin56852_MPP-0.2500+28[0001].png,1297,1652,3088,1842,2870,7450,5872,6905,1159,5039,7,7,5,5,5,5,5,4,4,4
TCGA-A2-A0CM-DX1_xmin18562_ymin56852_MPP-0.2500+29[0001].png,3209,7880,725,331,697,7134,2308,8082,7695,3088,7,6,6,6,5,5,5,4,4,4
TCGA-A2-A0CM-DX1_xmin18562_ymin56852_MPP-0.2500+2[0001].png,5999,6795,1373,697,4711,7450,3769,5097,5047,7134,6,5,5,5,5,5,5,4,4,4
TCGA-A2-A0CM-DX1_xmin18562_ymin56852_MPP-0.2500+30[0001].png,1652,6724,4711,1977,5872,2776,3088,257,3637,6509,6,5,5,5,5,5,4,4,4,4
TCGA-A2-A0CM-DX1_xmin18562_ymin56852_MPP-0.2500+31[0001].png,3088,2666,4711,7134,3487,131,840,5686,6808,7695,5,5,5,5,5,5,4,4,4,4
TCGA-A2-A0CM-DX1_xmin18562_ymin56852_MPP-0.2500+3[0001].png,1476,331,8016,7165,6795,2319,1460,5872,7091,725,6,5,4,4,4,4,4,4,4,4
TCGA-A2-A0CM-DX1_xmin18562_ymin56852_MPP-0.2500+41[0001].png,1652,1813,2308,5235,2870,4817,4476,3088,781,5047,6,5,5,5,5,5,5,4,4,4
TCGA-A2-A0CM-DX1_xmin18562_ymin56852_MPP-0.2500+42[0001].png,1297,6905,215,4436,693,2967,4251,1654,4261,8126,6,5,5,4,4,4,4,4,4,4
TCGA-A2-A0CM-DX1_xmin18562_ymin56852_MPP-0.2500+43[0001].png,237,6966,8013,3088,6321,2308,4711,4965,6183,4160,8,6,5,5,4,4,4,4,4,4
TCGA-A2-A0CM-DX1_xmin18562_ymin56852_MPP-0.2500+4[0001].png,237,3088,5428,5235,2226,5702,1682,1196,332,5754,6,5,5,5,5,5,5,5,4,4
TCGA-A2-A0CM-DX1_xmin18562_ymin56852_MPP-0.2500+5[0001].png,4711,1652,7694,5023,1008,6678,1203,8003,7134,6931,6,5,5,5,5,4,4,4,4,4
TCGA-A2-A0D0-DX1_xmin68482_ymin39071_MPP-0.2500+750[0001].png,1813,267,7165,332,4080,516,2226,840,4711,1593,6,6,5,5,4,4,4,4,4,4
TCGA-A2-A0D0-DX1_xmin68482_ymin39071_MPP-0.2500+751[0001].png,7249,6795,3088,4817,4480,5937,4711,3487,1297,4430,6,6,5,5,5,4,4,4,4,4
TCGA-A2-A0D0-DX1_xmin68482_ymin39071_MPP-0.2500+752[0001].png,1652,4817,2666,8110,6702,6869,2198,5781,2194,1780,6,5,5,4,4,4,4,4,4,4
TCGA-A2-A0D0-DX1_xmin68482_ymin39071_MPP-0.2500+753[0001].png,840,5203,3026,5433,4143,4436,4100,2967,6979,6121,7,6,5,5,5,5,5,4,4,4
TCGA-A2-A0D0-DX1_xmin68482_ymin39071_MPP-0.2500+780[0001].png,3230,5428,5912,1813,6321,7134,5213,2226,7880,7324,6,5,5,5,5,4,4,4,4,4
TCGA-A2-A0D0-DX1_xmin68482_ymin39071_MPP-0.2500+781[0001].png,4693,3459,4436,3619,3836,1842,4430,7880,7459,4377,7,5,5,5,5,4,4,4,4,4
TCGA-A2-A0D2-DX1_xmin96887_ymin22299_MPP-0.2500+106[0001].png,3088,4711,7591,5780,6902,44,1842,2278,2794,2766,8,6,6,6,5,5,5,5,5,5
TCGA-A2-A0D2-DX1_xmin96887_ymin22299_MPP-0.2500+114[0001].png,5780,2308,3088,3207,1297,1654,8081,352,335,6902,6,5,5,5,5,4,4,4,4,4
TCGA-A2-A0D2-DX1_xmin96887_ymin22299_MPP-0.2500+115[0001].png,6808,335,2336,44,1654,5834,216,3026,6502,3088,6,6,6,5,5,5,5,4,4,4
TCGA-A2-A0D2-DX1_xmin96887_ymin22299_MPP-0.2500+117[0001].png,6702,7694,237,2870,1842,8148,2308,2903,3088,6902,7,7,6,5,5,5,5,4,4,4
TCGA-A2-A0D2-DX1_xmin96887_ymin22299_MPP-0.2500+118[0001].png,5834,7551,2278,6388,7694,5780,4693,3088,6227,3836,8,6,6,5,5,5,5,5,5,4
TCGA-A2-A0D2-DX1_xmin96887_ymin22299_MPP-0.2500+119[0001].png,3088,7134,2967,4817,2308,162,331,8148,130,83,7,5,5,5,5,5,4,4,4,4
TCGA-A2-A0D2-DX1_xmin96887_ymin22299_MPP-0.2500+120[0001].png,3088,6702,7694,2308,7275,5780,335,1682,1977,3836,9,7,7,6,6,6,5,5,5,5
TCGA-A2-A0D2-DX1_xmin96887_ymin22299_MPP-0.2500+122[0001].png,2967,5834,1836,3088,6960,131,5048,162,6321,1716,6,6,6,6,5,5,4,4,4,4
TCGA-A2-A0D2-DX1_xmin96887_ymin22299_MPP-0.2500+123[0001].png,6192,7175,335,7134,4711,1297,1631,1836,6388,5780,6,5,5,5,5,5,5,4,4,4
TCGA-A2-A0T0-DX1_xmin72865_ymin59458_MPP-0.2500+37[0001].png,5741,6869,2226,6795,3209,215,130,6321,1652,7880,10,7,6,6,5,5,4,4,4,4
TCGA-A2-A0T0-DX1_xmin72865_ymin59458_MPP-0.2500+47[0001].png,6194,4250,4160,4480,7175,7808,725,769,3414,4711,8,6,5,5,5,5,5,4,4,4
TCGA-A2-A0T0-DX1_xmin72865_ymin59458_MPP-0.2500+48[0001].png,3044,5872,6869,1652,778,5937,44,8082,515,215,7,6,5,5,5,5,5,5,4,4
TCGA-A2-A0T0-DX1_xmin72865_ymin59458_MPP-0.2500+49[0001].png,6226,5741,1652,215,3619,1476,6194,6321,6263,5235,7,6,6,6,6,6,6,5,5,5
TCGA-A2-A0T0-DX1_xmin72865_ymin59458_MPP-0.2500+50[0001].png,1842,2990,5797,8049,3088,958,7091,8081,4436,4859,6,5,5,5,5,5,5,4,4,4
TCGA-A2-A0T0-DX1_xmin72865_ymin59458_MPP-0.2500+55[0001].png,6795,7249,5741,215,7835,5937,5203,1813,2308,3030,7,6,5,5,5,5,5,4,4,4
TCGA-A2-A0T0-DX1_xmin72865_ymin59458_MPP-0.2500+56[0001].png,5937,4080,2903,319,5428,1652,215,2226,5741,5735,7,5,5,5,5,5,5,4,4,4
TCGA-A2-A0T0-DX1_xmin72865_ymin59458_MPP-0.2500+57[0001].png,5741,2226,7869,5203,6263,5999,7465,8073,3247,7674,7,7,6,5,5,5,4,4,4,4
TCGA-A2-A0T0-DX1_xmin72865_ymin59458_MPP-0.2500+58[0001].png,1652,6045,322,778,6869,5741,7501,4436,6652,958,6,5,5,5,5,4,4,4,4,4
TCGA-A2-A0T0-DX1_xmin72865_ymin59458_MPP-0.2500+59[0001].png,6931,267,3030,4711,1460,2903,4817,7189,5203,778,7,6,6,6,5,5,5,5,5,5
TCGA-A2-A0T0-DX1_xmin72865_ymin59458_MPP-0.2500+60[0001].png,2226,5912,5203,693,3000,1297,4143,2308,7134,7599,6,6,6,6,5,5,5,5,4,4
TCGA-A2-A0T0-DX1_xmin72865_ymin59458_MPP-0.2500+65[0001].png,7694,4430,7612,215,319,2278,3030,3619,4775,2493,8,6,5,5,5,4,4,4,4,4
TCGA-A2-A0T0-DX1_xmin72865_ymin59458_MPP-0.2500+66[0001].png,4711,1652,7899,5702,5741,5561,34,1506,4480,4376,7,5,5,5,5,5,4,4,4,4
TCGA-A2-A0T0-DX1_xmin72865_ymin59458_MPP-0.2500+67[0001].png,1813,2903,5937,4480,4436,215,4050,1311,1716,2646,6,6,5,5,5,5,4,4,4,4
TCGA-A2-A0T0-DX1_xmin72865_ymin59458_MPP-0.2500+68[0001].png,1842,6869,4311,1652,2226,778,3893,6795,4160,5603,8,7,6,6,6,5,5,5,5,5
TCGA-A2-A0T0-DX1_xmin72865_ymin59458_MPP-0.2500+69[0001].png,958,725,1813,2990,5937,2917,6054,781,3088,5872,7,7,5,5,5,5,5,4,4,4
TCGA-A2-A0T0-DX1_xmin72865_ymin59458_MPP-0.2500+70[0001].png,778,6121,6226,6045,7948,5937,8140,7808,836,2990,7,6,6,6,5,5,5,5,4,4
TCGA-A2-A0T0-DX1_xmin72865_ymin59458_MPP-0.2500+7[0001].png,5741,3619,5433,2990,3526,3044,3500,3477,2308,725,8,6,6,6,5,5,5,5,5,4
TCGA-A2-A0T0-DX1_xmin72865_ymin59458_MPP-0.2500+80[0001].png,1652,958,4817,7249,5610,2226,6849,617,4131,6902,7,6,6,5,5,5,4,4,4,4
TCGA-A2-A0T2-DX1_xmin63557_ymin56751_MPP-0.2500+249[0001].png,2226,778,2990,1813,5937,8081,4711,7819,5795,7808,6,6,6,6,6,6,5,5,5,5
TCGA-A2-A0T2-DX1_xmin63557_ymin56751_MPP-0.2500+261[0001].png,2308,215,1813,781,2686,144,4377,7189,1842,2226,10,9,8,7,7,6,6,6,6,5
TCGA-A2-A0T2-DX1_xmin63557_ymin56751_MPP-0.2500+262[0001].png,2226,3088,6045,4436,7024,3127,2990,4377,8013,7175,10,8,8,8,7,6,6,6,5,5
TCGA-A2-A0T2-DX1_xmin63557_ymin56751_MPP-0.2500+263[0001].png,2226,215,1813,3088,5937,7089,915,4436,6326,6869,10,9,8,7,7,7,6,6,6,6
TCGA-A2-A0T2-DX1_xmin63557_ymin56751_MPP-0.2500+270[0001].png,6045,2140,2226,3088,7694,7249,6321,3901,7089,453,8,7,7,5,5,5,5,5,5,5
TCGA-A2-A0YM-DX1_xmin44520_ymin66915_MPP-0.2500+311[0001].png,6795,6226,958,3026,3889,3000,4492,7948,7188,6428,8,7,5,5,5,4,4,4,4,4
TCGA-A2-A0YM-DX1_xmin44520_ymin66915_MPP-0.2500+327[0001].png,7880,982,6807,594,4430,2308,7804,1203,4524,1356,8,6,6,5,5,5,5,5,5,5
TCGA-A2-A0YM-DX1_xmin44520_ymin66915_MPP-0.2500+328[0001].png,131,1571,47,7880,3026,4642,1357,5194,5023,1001,6,6,6,5,5,5,5,4,4,4
TCGA-A2-A0YM-DX1_xmin44520_ymin66915_MPP-0.2500+339[0001].png,5780,7337,4492,3000,8148,1235,2308,2967,4261,7212,7,6,5,5,4,4,4,4,4,4
TCGA-A2-A0YM-DX1_xmin44520_ymin66915_MPP-0.2500+396[0001].png,6045,2326,7549,8081,3189,5392,6814,2493,7880,3026,7,5,5,5,5,4,4,4,4,4
TCGA-A2-A0YM-DX1_xmin44520_ymin66915_MPP-0.2500+411[0001].png,1654,389,3026,6795,3088,3908,6547,1508,6121,6321,6,5,5,5,5,4,4,4,4,4
TCGA-A2-A0YM-DX1_xmin44520_ymin66915_MPP-0.2500+413[0001].png,2308,7880,1654,3026,3889,2493,3836,3000,5741,604,6,6,5,5,4,4,4,4,4,4
TCGA-A2-A0YM-DX1_xmin44520_ymin66915_MPP-0.2500+428[0001].png,7591,5912,8148,5476,2967,1476,7337,5428,5098,3926,6,6,5,5,5,4,4,4,4,4
TCGA-A2-A0YM-DX1_xmin44520_ymin66915_MPP-0.2500+430[0001].png,2609,6137,8148,2488,1682,2903,4990,4261,4430,5023,5,4,4,4,4,4,4,4,4,4
TCGA-A2-A0YM-DX1_xmin44520_ymin66915_MPP-0.2500+431[0001].png,3026,2308,468,7880,8013,7540,69,3209,1842,6226,6,6,5,5,5,5,4,4,4,4
TCGA-A2-A0YM-DX1_xmin44520_ymin66915_MPP-0.2500+448[0001].png,8148,5428,3823,4436,4480,2967,4392,5741,3000,321,5,5,5,4,4,4,4,4,4,4
TCGA-A2-A0YM-DX1_xmin44520_ymin66915_MPP-0.2500+449[0001].png,2308,632,1654,3893,4533,3661,8014,3000,4150,267,6,5,5,5,4,4,4,4,4,4
TCGA-A2-A3XX-DX1_xmin69942_ymin41560_MPP-0.2500+100[0001].png,3088,4711,3637,237,1297,3836,5937,7337,4080,1977,10,9,6,6,6,6,6,5,5,5
TCGA-A2-A3XX-DX1_xmin69942_ymin41560_MPP-0.2500+101[0001].png,3088,237,7134,3526,1842,5392,6979,2278,4250,4642,8,7,7,6,6,5,5,5,5,5
TCGA-A2-A3XX-DX1_xmin69942_ymin41560_MPP-0.2500+103[0001].png,4817,131,7189,1654,7337,4711,1842,8081,7694,6509,7,5,5,5,5,5,5,5,5,5
TCGA-A2-A3XX-DX1_xmin69942_ymin41560_MPP-0.2500+104[0001].png,4817,5203,3526,131,3000,237,7880,5780,2308,1157,8,8,6,6,5,5,5,5,4,4
TCGA-A2-A3XX-DX1_xmin69942_ymin41560_MPP-0.2500+109[0001].png,1297,3469,331,7694,3637,3088,6121,5498,4250,4711,9,7,6,6,5,5,5,5,5,4
TCGA-A2-A3XX-DX1_xmin69942_ymin41560_MPP-0.2500+110[0001].png,3088,7880,2308,131,7501,7212,5717,6652,3024,4250,10,8,7,6,5,5,5,5,4,4
TCGA-A2-A3XX-DX1_xmin69942_ymin41560_MPP-0.2500+111[0001].png,7694,6795,3836,2319,5392,594,1682,6702,131,4685,7,6,5,5,5,5,5,5,5,4
TCGA-A2-A3XX-DX1_xmin69942_ymin41560_MPP-0.2500+114[0001].png,3908,7134,3088,2967,7101,5203,8095,3044,516,2336,8,7,7,6,6,5,5,5,5,5
TCGA-A2-A3XX-DX1_xmin69942_ymin41560_MPP-0.2500+79[0001].png,1842,3088,145,3044,3836,4250,237,5498,7591,2756,9,8,6,6,6,6,6,5,5,5
TCGA-A2-A3XX-DX1_xmin69942_ymin41560_MPP-0.2500+82[0001].png,1312,2308,5937,3088,2278,6795,3044,131,2977,1836,7,6,6,6,5,5,5,5,4,4
TCGA-A2-A3XX-DX1_xmin69942_ymin41560_MPP-0.2500+83[0001].png,6045,8081,3088,5603,4436,3021,2308,2666,2756,5098,5,5,5,5,4,4,4,4,4,4
TCGA-A2-A3XX-DX1_xmin69942_ymin41560_MPP-0.2500+84[0001].png,1813,3088,6795,2903,2308,4376,6931,5741,4711,1157,7,7,6,6,5,5,5,5,5,5
TCGA-A2-A3XX-DX1_xmin69942_ymin41560_MPP-0.2500+89[0001].png,131,5203,3088,5428,1842,5834,6045,7134,7880,331,7,6,6,6,5,5,5,5,5,4
TCGA-A2-A3XX-DX1_xmin69942_ymin41560_MPP-0.2500+90[0001].png,1682,3000,7599,2967,7134,2776,898,3836,5392,5603,7,6,6,6,5,5,5,5,5,5
TCGA-A2-A3XX-DX1_xmin69942_ymin41560_MPP-0.2500+93[0001].png,7694,5428,2308,3088,6702,4817,7134,7007,1842,7166,6,5,5,5,5,5,5,5,5,4
TCGA-A2-A3XX-DX1_xmin69942_ymin41560_MPP-0.2500+94[0001].png,3526,1652,1813,3088,3209,331,6702,6502,3836,2278,8,7,5,5,5,5,5,5,5,5
TCGA-A2-A3XX-DX1_xmin69942_ymin41560_MPP-0.2500+99[0001].png,3088,4817,5937,7694,7007,7604,7212,6795,7880,2293,7,6,6,6,5,5,5,5,4,4
TCGA-A2-A3XY-DX1_xmin76297_ymin35510_MPP-0.2500+125[0001].png,6881,2235,7880,7484,4593,594,4968,5834,7695,1571,7,6,6,4,4,4,4,4,4,4
TCGA-A2-A3XY-DX1_xmin76297_ymin35510_MPP-0.2500+126[0001].png,8081,3836,982,7835,1001,5098,7880,3189,7134,735,8,5,5,5,5,5,4,4,4,4
TCGA-A2-A3XY-DX1_xmin76297_ymin35510_MPP-0.2500+139[0001].png,3088,5038,7880,7694,3026,335,4968,3836,2776,145,6,5,5,5,5,5,5,5,4,4
TCGA-A2-A3XY-DX1_xmin76297_ymin35510_MPP-0.2500+152[0001].png,3088,3026,124,2531,3625,6795,5133,4430,1842,7835,8,8,7,5,4,4,4,4,4,4
TCGA-A2-A3XY-DX1_xmin76297_ymin35510_MPP-0.2500+153[0001].png,3026,145,5717,5780,7134,7880,7400,4492,2000,3000,8,6,5,5,4,4,4,4,4,4
TCGA-A2-A3XY-DX1_xmin76297_ymin35510_MPP-0.2500+166[0001].png,7880,4322,1001,2493,7450,2876,915,5732,982,4063,5,5,5,5,5,4,4,4,4,4
TCGA-A7-A0CE-DX1_xmin58461_ymin18750_MPP-0.2500+110[0001].png,3088,1652,1571,5671,1842,3209,7880,5097,982,3889,9,6,5,4,4,4,4,4,4,4
TCGA-A7-A0CE-DX1_xmin58461_ymin18750_MPP-0.2500+123[0001].png,4430,5541,8013,632,1682,371,1813,7189,1652,582,5,5,5,5,5,5,5,4,4,4
TCGA-A7-A0CE-DX1_xmin58461_ymin18750_MPP-0.2500+136[0001].png,7400,3728,7694,6809,516,958,3209,6045,7568,5872,6,5,5,5,5,5,5,5,4,4
TCGA-A7-A0CE-DX1_xmin58461_ymin18750_MPP-0.2500+180[0001].png,3889,2308,3526,1682,2226,7165,594,4755,5937,6808,6,5,5,4,4,4,4,4,4,4
TCGA-A7-A0CE-DX1_xmin58461_ymin18750_MPP-0.2500+229[0001].png,216,5780,4817,6702,2194,2278,4259,3476,4430,4436,6,6,6,5,5,5,4,4,4,4
TCGA-A7-A0CE-DX1_xmin58461_ymin18750_MPP-0.2500+335[0001].png,4325,453,4072,3466,5424,6226,3926,7028,1845,2359,6,6,6,6,6,6,6,6,6,6
TCGA-A7-A0CE-DX1_xmin58461_ymin18750_MPP-0.2500+425[0001].png,1813,2686,3836,4430,6931,4711,6966,5203,6657,7899,6,6,6,5,5,5,5,5,4,4
TCGA-A7-A26F-DX1_xmin72969_ymin11489_MPP-0.2500+311[0001].png,629,5860,2320,7459,2062,2954,7948,7129,1030,4108,15,13,12,11,11,8,7,7,7,7
TCGA-A7-A26F-DX1_xmin72969_ymin11489_MPP-0.2500+312[0001].png,2320,7028,2954,1696,7459,7948,2226,6226,958,7129,18,12,9,8,8,8,7,7,6,6
TCGA-A7-A26F-DX1_xmin72969_ymin11489_MPP-0.2500+324[0001].png,2320,7948,7459,6226,5860,601,2062,5100,3849,1310,22,12,11,11,11,10,9,9,8,8
TCGA-A7-A26F-DX1_xmin72969_ymin11489_MPP-0.2500+341[0001].png,7459,629,2954,7129,5860,2320,1030,7028,601,2749,19,19,14,12,11,11,9,9,8,7
TCGA-A7-A6VY-DX1_xmin7308_ymin29955_MPP-0.2500+62[0001].png,4311,2226,4322,1696,794,6045,7948,1652,4143,8013,6,6,6,5,5,5,5,4,4,4
TCGA-A7-A6VY-DX1_xmin7308_ymin29955_MPP-0.2500+63[0001].png,4311,3526,7249,516,3870,2903,3230,3088,7948,6226,7,7,7,5,5,4,4,4,4,4
TCGA-A7-A6VY-DX1_xmin7308_ymin29955_MPP-0.2500+71[0001].png,3889,237,7249,9,44,145,5999,7400,1842,1001,6,6,6,5,5,5,5,5,5,4
TCGA-A8-A08R-DX1_xmin14220_ymin13782_MPP-0.2500+0[0001].png,1157,4436,5611,3434,2602,3619,6892,7694,7899,3626,6,6,5,5,5,4,4,4,4,4
TCGA-A8-A08R-DX1_xmin14220_ymin13782_MPP-0.2500+48[0001].png,1977,6795,7337,2308,3459,5716,6791,2469,4817,1026,6,6,6,6,5,5,5,5,5,5
TCGA-A8-A08R-DX1_xmin14220_ymin13782_MPP-0.2500+49[0001].png,4166,2308,5780,4817,2229,216,6511,5023,4494,3526,5,5,5,4,4,4,4,4,4,4
TCGA-A8-A08R-DX1_xmin14220_ymin13782_MPP-0.2500+58[0001].png,3088,4150,5433,3901,5937,4259,5603,1682,1218,4063,6,5,5,5,5,5,5,5,4,4
TCGA-A8-A08R-DX1_xmin14220_ymin13782_MPP-0.2500+59[0001].png,2493,4150,3434,2034,124,5428,168,6881,5763,2229,8,6,5,5,5,5,4,4,4,4
TCGA-A8-A08R-DX1_xmin14220_ymin13782_MPP-0.2500+68[0001].png,6048,2493,516,4376,390,3044,5094,5433,3543,6194,6,6,6,6,5,5,5,5,5,5
TCGA-AC-A2QJ-DX1_xmin36620_ymin8672_MPP-0.2500+0[0001].png,4436,8013,1312,4293,145,691,168,3000,1311,7853,5,5,4,4,4,4,4,4,4,4
TCGA-AC-A2QJ-DX1_xmin36620_ymin8672_MPP-0.2500+100[0001].png,7337,1842,6321,2557,778,3500,5735,6807,2278,6960,7,5,5,5,4,4,4,4,4,4
TCGA-AC-A2QJ-DX1_xmin36620_ymin8672_MPP-0.2500+101[0001].png,3088,5433,7024,516,4150,2194,2780,6795,5023,2226,9,5,4,4,4,4,4,4,4,4
TCGA-AC-A2QJ-DX1_xmin36620_ymin8672_MPP-0.2500+102[0001].png,4436,215,1911,6795,3526,4080,2308,6222,4072,3209,7,5,5,5,5,4,4,4,4,4
TCGA-AC-A2QJ-DX1_xmin36620_ymin8672_MPP-0.2500+103[0001].png,7249,2308,7337,216,958,168,7589,4430,4711,3323,6,6,6,5,5,5,4,4,4,4
TCGA-AC-A2QJ-DX1_xmin36620_ymin8672_MPP-0.2500+104[0001].png,1654,5023,2308,2106,216,3000,594,839,2977,7165,7,5,5,5,5,4,4,4,4,4
TCGA-AC-A2QJ-DX1_xmin36620_ymin8672_MPP-0.2500+105[0001].png,2308,935,3088,3619,3986,3209,4711,3346,1654,6678,6,6,6,4,4,4,4,4,4,4
TCGA-AC-A2QJ-DX1_xmin36620_ymin8672_MPP-0.2500+10[0001].png,2278,6121,5603,215,3526,3192,1682,7134,7591,4817,5,5,5,5,5,4,4,4,4,4
TCGA-AC-A2QJ-DX1_xmin36620_ymin8672_MPP-0.2500+114[0001].png,5937,7880,5702,8049,124,4261,2990,5912,4250,2967,6,5,5,4,4,4,4,4,4,4
TCGA-AC-A2QJ-DX1_xmin36620_ymin8672_MPP-0.2500+115[0001].png,8013,6795,466,3094,3176,781,44,2766,3619,4050,5,5,4,4,4,4,4,4,4,4
TCGA-AC-A2QJ-DX1_xmin36620_ymin8672_MPP-0.2500+116[0001].png,5428,6931,131,5561,6814,4711,970,2319,8013,1813,5,5,4,4,4,4,4,4,4,4
TCGA-AC-A2QJ-DX1_xmin36620_ymin8672_MPP-0.2500+117[0001].png,4100,2990,4043,3000,7448,7442,6194,516,4436,781,4,4,4,4,4,4,4,4,4,4
TCGA-AC-A2QJ-DX1_xmin36620_ymin8672_MPP-0.2500+118[0001].png,5912,7442,1842,5937,215,5763,4100,2308,131,4080,5,4,4,4,4,4,4,4,4,3
TCGA-AC-A2QJ-DX1_xmin36620_ymin8672_MPP-0.2500+119[0001].png,7134,3000,6869,6121,6048,5912,1654,4480,4340,6321,6,6,5,5,5,5,5,4,4,4
TCGA-AC-A2QJ-DX1_xmin36620_ymin8672_MPP-0.2500+11[0001].png,3209,3044,2308,9,3469,5741,3619,7694,352,516,7,6,6,5,4,4,4,4,4,4
TCGA-AC-A2QJ-DX1_xmin36620_ymin8672_MPP-0.2500+120[0001].png,5872,1842,3000,1311,5701,4711,604,254,7880,3024,6,6,5,5,4,4,4,4,4,4
TCGA-AC-A2QJ-DX1_xmin36620_ymin8672_MPP-0.2500+121[0001].png,5603,2319,6121,1813,5937,4311,3961,131,1897,7091,7,6,6,5,5,5,5,5,4,4
TCGA-AC-A2QJ-DX1_xmin36620_ymin8672_MPP-0.2500+122[0001].png,5603,2226,6192,4143,4436,778,7442,6795,2794,7450,7,6,6,5,5,4,4,4,4,4
TCGA-AC-A2QJ-DX1_xmin36620_ymin8672_MPP-0.2500+123[0001].png,2308,8165,3000,5937,4711,4725,145,1654,8066,1977,7,6,6,6,5,5,5,5,4,4
TCGA-AC-A2QJ-DX1_xmin36620_ymin8672_MPP-0.2500+124[0001].png,3088,7880,5023,8166,4080,2249,7957,5735,2967,6121,8,7,6,5,5,5,5,5,5,4
TCGA-AC-A2QJ-DX1_xmin36620_ymin8672_MPP-0.2500+133[0001].png,1813,3619,6795,8081,6194,4436,7442,3044,7948,4470,6,5,5,5,5,4,4,4,4,4
TCGA-AC-A2QJ-DX1_xmin36620_ymin8672_MPP-0.2500+134[0001].png,4480,4817,958,6795,131,3209,7698,3510,4311,7808,8,8,7,5,5,4,4,4,4,4
TCGA-AC-A2QJ-DX1_xmin36620_ymin8672_MPP-0.2500+135[0001].png,958,7091,3981,8013,5428,7808,6121,3044,2400,8110,8,5,5,4,4,4,4,4,4,4
TCGA-AC-A2QJ-DX1_xmin36620_ymin8672_MPP-0.2500+136[0001].png,516,216,5610,781,4100,3626,1654,8076,1813,3088,9,7,6,5,5,5,5,4,4,4
TCGA-AC-A2QJ-DX1_xmin36620_ymin8672_MPP-0.2500+137[0001].png,515,4436,4480,6321,6190,5937,958,2686,7337,4633,7,6,5,5,5,5,5,5,4,4
TCGA-AC-A2QJ-DX1_xmin36620_ymin8672_MPP-0.2500+138[0001].png,2557,5912,1833,3619,3526,2226,3487,5213,3044,5780,8,5,5,4,4,4,4,4,4,4
TCGA-AC-A2QJ-DX1_xmin36620_ymin8672_MPP-0.2500+139[0001].png,1311,215,2650,1654,4817,2278,168,4143,34,6191,6,6,5,5,5,4,4,4,4,4
TCGA-AC-A2QJ-DX1_xmin36620_ymin8672_MPP-0.2500+140[0001].png,2336,4436,3127,970,2226,632,7880,3000,1389,6194,7,7,5,4,4,4,4,4,4,4
TCGA-AC-A2QJ-DX1_xmin36620_ymin8672_MPP-0.2500+141[0001].png,5912,215,935,2766,4168,6950,3127,3459,1150,7694,6,6,5,5,5,5,4,4,4,4
TCGA-AC-A2QJ-DX1_xmin36620_ymin8672_MPP-0.2500+142[0001].png,6192,1357,6121,1654,5872,335,168,2083,6306,4436,5,5,5,4,4,4,4,4,4,4
TCGA-AC-A2QJ-DX1_xmin36620_ymin8672_MPP-0.2500+143[0001].png,1842,3088,1682,4817,3247,4447,5912,2977,4593,4160,6,6,5,5,4,4,4,4,4,4
TCGA-AC-A2QJ-DX1_xmin36620_ymin8672_MPP-0.2500+19[0001].png,5428,3986,2308,7091,4559,131,935,5780,4817,7189,5,5,5,4,4,4,4,4,4,4
TCGA-AC-A2QJ-DX1_xmin36620_ymin8672_MPP-0.2500+1[0001].png,4205,2977,6571,3024,5357,3128,5603,2308,2226,7357,5,5,4,4,4,4,4,4,4,4
TCGA-AC-A2QJ-DX1_xmin36620_ymin8672_MPP-0.2500+20[0001].png,6795,5937,331,6045,7442,3275,1813,7400,7134,5610,5,4,4,4,4,4,4,4,4,4
TCGA-AC-A2QJ-DX1_xmin36620_ymin8672_MPP-0.2500+21[0001].png,389,3088,2308,216,6678,725,4914,4430,2235,4160,6,6,5,5,5,5,4,4,4,4
TCGA-AC-A2QJ-DX1_xmin36620_ymin8672_MPP-0.2500+22[0001].png,5603,4166,2249,2666,7119,5428,6657,216,6856,1652,6,5,5,5,4,4,4,4,4,4
TCGA-AC-A2QJ-DX1_xmin36620_ymin8672_MPP-0.2500+23[0001].png,3000,693,6674,3836,2967,781,1109,276,4817,7442,7,5,5,5,5,5,5,5,5,4
TCGA-AC-A2QJ-DX1_xmin36620_ymin8672_MPP-0.2500+24[0001].png,5937,5717,7337,5780,1813,5428,216,1312,8003,3024,6,4,4,4,4,4,4,4,4,4
TCGA-AC-A2QJ-DX1_xmin36620_ymin8672_MPP-0.2500+25[0001].png,389,4817,2308,6678,6045,1242,6702,7134,3836,5603,6,6,5,5,4,4,4,4,4,4
TCGA-AC-A2QJ-DX1_xmin36620_ymin8672_MPP-0.2500+26[0001].png,781,2756,4251,2990,1001,2776,4476,2650,4725,5797,5,5,5,4,4,4,4,4,4,4
TCGA-AC-A2QJ-DX1_xmin36620_ymin8672_MPP-0.2500+27[0001].png,5428,1203,3088,3000,2308,6045,1813,1311,2602,44,7,6,6,5,5,5,5,5,5,4
TCGA-AC-A2QJ-DX1_xmin36620_ymin8672_MPP-0.2500+28[0001].png,215,778,6892,2308,1652,5780,6480,6048,7389,5797,6,5,5,5,4,4,4,4,4,4
TCGA-AC-A2QJ-DX1_xmin36620_ymin8672_MPP-0.2500+29[0001].png,6045,778,131,6121,3000,7501,5741,5603,6321,3230,8,6,5,5,5,4,4,4,4,4
TCGA-AC-A2QJ-DX1_xmin36620_ymin8672_MPP-0.2500+2[0001].png,4817,4160,4166,2766,7134,5235,2180,4593,5780,2650,6,4,4,4,4,4,4,4,4,4
TCGA-AC-A2QJ-DX1_xmin36620_ymin8672_MPP-0.2500+38[0001].png,8081,3044,2278,4817,2226,6795,1375,215,3230,2194,6,5,5,5,5,4,4,4,4,4
TCGA-AC-A2QJ-DX1_xmin36620_ymin8672_MPP-0.2500+39[0001].png,3209,3000,4376,1357,6795,6192,4593,3189,4693,1311,7,5,5,4,4,4,4,4,4,4
TCGA-AC-A2QJ-DX1_xmin36620_ymin8672_MPP-0.2500+3[0001].png,781,5203,7808,7694,145,1682,5780,3346,3126,1967,6,5,5,5,4,4,4,4,4,4
TCGA-AC-A2QJ-DX1_xmin36620_ymin8672_MPP-0.2500+40[0001].png,1842,7824,5433,6269,693,3209,1897,7880,6856,6511,6,5,5,5,5,4,4,4,4,4
TCGA-AC-A2QJ-DX1_xmin36620_ymin8672_MPP-0.2500+41[0001].png,5937,2308,3088,1157,2990,3176,5428,5166,2870,5603,5,5,5,4,4,4,4,4,4,4
TCGA-AC-A2QJ-DX1_xmin36620_ymin8672_MPP-0.2500+42[0001].png,3619,4817,7880,3209,5433,5097,2308,6795,8101,2967,6,6,5,5,4,4,4,4,4,4
TCGA-AC-A2QJ-DX1_xmin36620_ymin8672_MPP-0.2500+43[0001].png,1375,131,2650,6121,5235,7880,5780,3088,5741,5023,6,6,5,5,5,5,5,5,4,4
TCGA-AC-A2QJ-DX1_xmin36620_ymin8672_MPP-0.2500+44[0001].png,6045,3176,5428,2226,3637,4711,6652,4278,2650,2766,6,5,5,4,4,4,4,4,4,4
TCGA-AC-A2QJ-DX1_xmin36620_ymin8672_MPP-0.2500+45[0001].png,4250,145,5433,4419,7565,8081,4436,2200,6678,1204,5,4,4,4,4,4,4,4,4,4
TCGA-AC-A2QJ-DX1_xmin36620_ymin8672_MPP-0.2500+46[0001].png,5166,1967,7249,144,2018,2308,693,688,1842,5912,5,5,5,5,5,5,4,4,4,4
TCGA-AC-A2QJ-DX1_xmin36620_ymin8672_MPP-0.2500+47[0001].png,5780,3000,6595,6045,3500,215,389,3961,6931,2766,5,5,5,5,5,5,4,4,4,4
TCGA-AC-A2QJ-DX1_xmin36620_ymin8672_MPP-0.2500+48[0001].png,516,7337,7134,3527,2666,1977,4278,7101,3088,778,6,5,5,5,5,4,4,4,4,4
TCGA-AC-A2QJ-DX1_xmin36620_ymin8672_MPP-0.2500+4[0001].png,1298,5023,2766,5717,1654,4116,3971,4817,2990,3088,6,5,5,4,4,4,4,4,4,4
TCGA-AC-A2QJ-DX1_xmin36620_ymin8672_MPP-0.2500+57[0001].png,2278,4311,7175,7249,5603,5428,2043,6121,5780,781,4,4,4,4,4,4,4,4,4,4
TCGA-AC-A2QJ-DX1_xmin36620_ymin8672_MPP-0.2500+58[0001].png,5603,6795,6388,5203,2308,1311,2495,4593,4447,3986,7,6,6,5,5,5,4,4,4,4
TCGA-AC-A2QJ-DX1_xmin36620_ymin8672_MPP-0.2500+59[0001].png,7442,6795,5780,2990,4817,131,3619,3230,2319,7694,6,5,5,5,4,4,4,4,4,4
TCGA-AC-A2QJ-DX1_xmin36620_ymin8672_MPP-0.2500+5[0001].png,1654,2766,1157,5741,4080,7175,5999,5114,5937,2967,6,6,5,5,5,5,5,4,4,4
TCGA-AC-A2QJ-DX1_xmin36620_ymin8672_MPP-0.2500+60[0001].png,2018,7880,6702,781,2308,3889,1652,5023,1654,1312,5,5,5,5,4,4,4,4,4,4
TCGA-AC-A2QJ-DX1_xmin36620_ymin8672_MPP-0.2500+61[0001].png,2308,4250,215,7134,331,1624,5716,5023,6807,2780,6,5,5,4,4,4,4,4,4,4
TCGA-AC-A2QJ-DX1_xmin36620_ymin8672_MPP-0.2500+62[0001].png,7549,3500,7694,7880,4250,4261,1361,4278,1836,2967,6,5,5,5,4,4,4,4,4,4
TCGA-AC-A2QJ-DX1_xmin36620_ymin8672_MPP-0.2500+63[0001].png,4160,1842,7880,3619,5561,6121,5834,3044,8166,7091,5,5,5,5,4,4,4,4,4,4
TCGA-AC-A2QJ-DX1_xmin36620_ymin8672_MPP-0.2500+64[0001].png,2226,215,8013,1476,7134,7152,1833,6036,1652,6678,6,6,5,5,5,4,4,4,4,4
TCGA-AC-A2QJ-DX1_xmin36620_ymin8672_MPP-0.2500+65[0001].png,6045,7612,2686,4377,3088,781,516,7337,2308,1813,6,4,4,4,4,4,4,4,4,4
TCGA-AC-A2QJ-DX1_xmin36620_ymin8672_MPP-0.2500+66[0001].png,4593,1842,389,215,216,1463,4278,1654,3526,7733,5,5,5,5,5,5,4,4,4,4
TCGA-AC-A2QJ-DX1_xmin36620_ymin8672_MPP-0.2500+67[0001].png,7134,3088,7337,7694,2278,5301,5023,2319,3044,7808,6,6,5,5,5,5,4,4,4,4
TCGA-AC-A2QJ-DX1_xmin36620_ymin8672_MPP-0.2500+6[0001].png,7134,7501,2308,44,2815,781,9,2990,1312,1897,5,5,5,5,5,4,4,4,4,4
TCGA-AC-A2QJ-DX1_xmin36620_ymin8672_MPP-0.2500+76[0001].png,7899,4250,7134,6678,3088,2250,1813,915,2557,5873,7,5,5,5,5,4,4,4,4,4
TCGA-AC-A2QJ-DX1_xmin36620_ymin8672_MPP-0.2500+77[0001].png,3044,1652,5780,6657,2990,4846,8081,5428,5301,5166,5,5,5,5,5,4,4,4,4,4
TCGA-AC-A2QJ-DX1_xmin36620_ymin8672_MPP-0.2500+78[0001].png,6048,8082,389,3088,970,2336,3836,4250,2776,6628,5,5,5,4,4,4,4,4,4,4
TCGA-AC-A2QJ-DX1_xmin36620_ymin8672_MPP-0.2500+79[0001].png,7134,1842,4711,3230,2226,693,389,44,7899,4247,6,6,5,5,5,5,5,4,4,4
TCGA-AC-A2QJ-DX1_xmin36620_ymin8672_MPP-0.2500+7[0001].png,4711,4261,7880,5999,6808,4247,7528,7134,7337,8081,7,5,5,5,4,4,4,4,4,4
TCGA-AC-A2QJ-DX1_xmin36620_ymin8672_MPP-0.2500+80[0001].png,1654,7389,3209,44,7694,6511,1311,7007,4430,1361,6,5,5,5,5,4,4,4,4,4
TCGA-AC-A2QJ-DX1_xmin36620_ymin8672_MPP-0.2500+81[0001].png,7353,2650,6048,5065,1413,4436,5912,1389,5854,6657,5,5,5,5,4,4,4,4,4,4
TCGA-AC-A2QJ-DX1_xmin36620_ymin8672_MPP-0.2500+82[0001].png,781,7134,1813,6321,3889,3209,3000,725,2531,4311,7,6,6,5,5,5,5,5,5,5
TCGA-AC-A2QJ-DX1_xmin36620_ymin8672_MPP-0.2500+83[0001].png,2308,3088,3619,3889,7604,1979,6388,4259,2751,958,6,5,5,4,4,4,4,4,4,4
TCGA-AC-A2QJ-DX1_xmin36620_ymin8672_MPP-0.2500+84[0001].png,216,7134,6121,5797,2278,3230,578,7165,1836,2308,6,5,5,5,5,4,4,4,4,4
TCGA-AC-A2QJ-DX1_xmin36620_ymin8672_MPP-0.2500+85[0001].png,5561,6048,6795,4080,5610,6121,6192,5763,4582,215,7,6,6,5,5,5,5,4,4,4
TCGA-AC-A2QJ-DX1_xmin36620_ymin8672_MPP-0.2500+86[0001].png,2278,1654,2330,6192,4168,3209,7189,7134,3841,4377,7,5,5,5,4,4,4,4,4,4
TCGA-AC-A2QJ-DX1_xmin36620_ymin8672_MPP-0.2500+8[0001].png,2967,3230,215,2815,4250,6966,162,8148,3030,7442,6,5,5,5,5,5,4,4,4,4
TCGA-AC-A2QJ-DX1_xmin36620_ymin8672_MPP-0.2500+95[0001].png,778,3088,2226,1833,267,4050,582,145,7880,3889,6,5,5,4,4,4,4,4,4,4
TCGA-AC-A2QJ-DX1_xmin36620_ymin8672_MPP-0.2500+96[0001].png,693,7134,901,3000,3200,5937,4250,6502,2650,2083,6,5,5,5,5,5,5,4,4,4
TCGA-AC-A2QJ-DX1_xmin36620_ymin8672_MPP-0.2500+97[0001].png,5834,8110,8166,6192,215,5428,4602,3893,5098,1716,5,4,4,4,4,4,4,4,4,4
TCGA-AC-A2QJ-DX1_xmin36620_ymin8672_MPP-0.2500+98[0001].png,5433,3889,6795,5937,2650,7392,566,5763,1682,830,6,6,5,5,4,4,4,4,4,4
TCGA-AC-A2QJ-DX1_xmin36620_ymin8672_MPP-0.2500+99[0001].png,6795,3030,215,839,2650,145,3000,7091,3088,1654,6,6,5,5,5,5,4,4,4,4
TCGA-AC-A2QJ-DX1_xmin36620_ymin8672_MPP-0.2500+9[0001].png,781,1682,2012,7134,4947,267,1508,5872,7750,6702,6,6,5,5,5,5,5,4,4,4
TCGA-AN-A0AL-DX1_xmin15698_ymin29806_MPP-0.2500+118[0001].png,2226,1652,1813,6179,5561,3619,1042,5937,1476,2028,11,10,8,7,6,6,6,5,5,5
TCGA-AN-A0AL-DX1_xmin15698_ymin29806_MPP-0.2500+119[0001].png,2226,215,1652,1813,482,3088,4436,2903,131,5561,8,6,6,5,5,5,5,5,4,4
TCGA-AN-A0AL-DX1_xmin15698_ymin29806_MPP-0.2500+120[0001].png,1652,5603,5810,4430,3619,332,5570,4693,6702,4602,10,5,5,5,4,4,4,4,4,4
TCGA-AN-A0AL-DX1_xmin15698_ymin29806_MPP-0.2500+121[0001].png,3619,4436,840,215,5780,5741,380,7733,1460,5999,6,6,5,5,4,4,4,4,4,4
TCGA-AN-A0AL-DX1_xmin15698_ymin29806_MPP-0.2500+122[0001].png,2308,7189,5741,2903,781,6964,3487,7880,3836,3526,6,5,5,5,5,5,5,4,4,4
TCGA-AN-A0AL-DX1_xmin15698_ymin29806_MPP-0.2500+123[0001].png,7880,3209,5912,3836,5780,4711,2646,2226,7694,3030,6,6,5,5,4,4,4,4,4,4
TCGA-AN-A0AL-DX1_xmin15698_ymin29806_MPP-0.2500+124[0001].png,2308,3487,216,8081,4725,1652,1460,6762,1297,3088,8,5,5,5,4,4,4,4,4,4
TCGA-AN-A0AL-DX1_xmin15698_ymin29806_MPP-0.2500+125[0001].png,1652,6226,1813,3526,1836,5498,6054,4311,958,1297,14,9,8,7,7,6,6,6,6,6
TCGA-AN-A0AL-DX1_xmin15698_ymin29806_MPP-0.2500+126[0001].png,1652,215,3836,1813,2903,3088,5701,6795,8148,5640,7,6,6,6,5,4,4,4,4,4
TCGA-AN-A0AL-DX1_xmin15698_ymin29806_MPP-0.2500+127[0001].png,2226,958,1652,2903,1813,3504,2308,3030,7733,1413,10,9,8,7,5,5,5,5,5,4
TCGA-AN-A0AL-DX1_xmin15698_ymin29806_MPP-0.2500+128[0001].png,2226,1652,3088,5392,3526,215,7134,8082,319,2308,9,8,6,6,5,5,5,4,4,4
TCGA-AN-A0AL-DX1_xmin15698_ymin29806_MPP-0.2500+130[0001].png,2308,4582,5570,267,3438,7808,7089,840,5603,2101,6,6,4,4,4,4,4,4,4,4
TCGA-AN-A0AL-DX1_xmin15698_ymin29806_MPP-0.2500+131[0001].png,5912,4711,216,1682,2226,5075,1813,7189,4725,7694,7,5,5,4,4,4,4,4,4,4
TCGA-AN-A0AL-DX1_xmin15698_ymin29806_MPP-0.2500+132[0001].png,131,7694,7134,5203,2885,3619,1652,352,2666,3189,9,6,6,5,5,5,4,4,4,4
TCGA-AN-A0AL-DX1_xmin15698_ymin29806_MPP-0.2500+133[0001].png,4711,7880,5498,1652,1813,7392,515,7129,5834,1836,7,7,6,5,5,5,5,5,5,5
TCGA-AN-A0AL-DX1_xmin15698_ymin29806_MPP-0.2500+134[0001].png,2308,5392,131,4582,6931,1652,3526,6045,1297,4311,7,7,7,6,6,6,5,5,5,4
TCGA-AN-A0AL-DX1_xmin15698_ymin29806_MPP-0.2500+135[0001].png,2308,1652,5428,6045,7694,5834,7869,3088,4080,1654,9,9,7,7,6,5,5,5,5,5
TCGA-AN-A0AL-DX1_xmin15698_ymin29806_MPP-0.2500+144[0001].png,1652,1297,5780,2226,3836,3088,3030,2235,7134,3044,12,8,6,6,6,5,5,5,5,5
TCGA-AN-A0AL-DX1_xmin15698_ymin29806_MPP-0.2500+88[0001].png,8081,5671,44,162,2430,3836,6902,1297,3088,2308,9,7,7,7,7,6,6,6,6,6
TCGA-AN-A0AL-DX1_xmin15698_ymin29806_MPP-0.2500+95[0001].png,4711,7129,2308,2326,352,6480,1297,2194,7612,8081,7,6,6,5,4,4,4,4,4,4
TCGA-AN-A0AL-DX1_xmin15698_ymin29806_MPP-0.2500+96[0001].png,4711,8081,5797,5636,581,3836,4376,5780,6795,1297,8,5,5,4,4,4,4,4,4,4
TCGA-AN-A0AT-DX1_xmin31171_ymin35756_MPP-0.2500+141[0001].png,5671,7189,4711,6869,2257,2249,4817,594,4602,6045,5,5,5,4,4,4,4,4,4,4
TCGA-AN-A0AT-DX1_xmin31171_ymin35756_MPP-0.2500+154[0001].png,8059,1842,7134,1977,1252,3684,6979,5098,2666,3500,6,6,5,5,4,4,4,4,4,4
TCGA-AN-A0AT-DX1_xmin31171_ymin35756_MPP-0.2500+155[0001].png,6702,5428,5780,3209,1157,3640,1842,7400,1654,145,6,6,5,5,4,4,4,4,4,4
TCGA-AN-A0G0-DX1_xmin32741_ymin14546_MPP-0.2500+161[0001].png,5872,5428,4322,2021,131,7824,3079,5937,2999,5834,7,6,5,4,4,4,4,4,4,4
TCGA-AN-A0G0-DX1_xmin32741_ymin14546_MPP-0.2500+162[0001].png,7899,5741,3026,1652,1794,5717,7694,3728,3908,5428,9,5,5,4,4,4,4,4,4,4
TCGA-AN-A0G0-DX1_xmin32741_ymin14546_MPP-0.2500+164[0001].png,5937,7549,7835,4711,3526,601,215,3044,2493,2278,6,6,5,5,5,5,4,4,4,4
TCGA-AN-A0G0-DX1_xmin32741_ymin14546_MPP-0.2500+174[0001].png,1463,5810,6226,7189,3836,5023,7175,2903,186,7450,5,5,4,4,4,4,4,4,4,4
TCGA-AN-A0G0-DX1_xmin32741_ymin14546_MPP-0.2500+175[0001].png,4430,1361,6809,516,4711,1842,2903,7134,3230,371,6,5,5,5,5,4,4,4,4,4
TCGA-AN-A0G0-DX1_xmin32741_ymin14546_MPP-0.2500+176[0001].png,3088,5207,267,2903,2018,836,2540,5203,1311,453,6,5,5,4,4,4,4,4,4,4
TCGA-AN-A0XU-DX1_xmin26118_ymin18441_MPP-0.2500+26[0001].png,516,216,2083,693,7510,4947,1159,2557,8144,6931,6,5,5,4,4,4,4,4,4,4
TCGA-AN-A0XU-DX1_xmin26118_ymin18441_MPP-0.2500+271[0001].png,3026,7459,8013,3030,4968,1696,5763,5717,1869,958,7,5,5,5,4,4,4,4,4,4
TCGA-AN-A0XU-DX1_xmin26118_ymin18441_MPP-0.2500+272[0001].png,3026,3247,7189,2028,6633,145,6702,7078,3000,2226,8,5,5,5,5,5,4,4,4,4
TCGA-AN-A0XU-DX1_xmin26118_ymin18441_MPP-0.2500+286[0001].png,3026,1652,2990,1203,6217,5392,3200,2319,3849,4376,7,6,4,4,4,4,4,4,4,4
TCGA-AN-A0XU-DX1_xmin26118_ymin18441_MPP-0.2500+287[0001].png,7007,2336,5392,982,8013,5023,3469,380,6795,7807,6,6,5,5,5,4,4,4,4,4
TCGA-AN-A0XU-DX1_xmin26118_ymin18441_MPP-0.2500+288[0001].png,2308,6321,2493,7899,4691,7835,7189,5099,2083,7549,6,5,5,4,4,4,4,4,4,4
TCGA-AN-A0XU-DX1_xmin26118_ymin18441_MPP-0.2500+301[0001].png,3026,216,725,2308,3728,7249,7808,4492,2493,5718,8,6,5,4,4,4,4,4,4,4
TCGA-AN-A0XU-DX1_xmin26118_ymin18441_MPP-0.2500+302[0001].png,3026,5235,6219,4247,1463,7222,6619,8110,2666,958,6,5,5,4,4,4,4,4,3,3
TCGA-AN-A0XU-DX1_xmin26118_ymin18441_MPP-0.2500+303[0001].png,1652,7695,6219,1569,2967,4711,6657,7948,3126,4843,6,5,5,5,4,4,4,4,4,4
TCGA-AN-A0XU-DX1_xmin26118_ymin18441_MPP-0.2500+316[0001].png,4322,3026,1911,5023,3230,5428,7189,3030,404,3044,7,6,6,5,5,5,5,5,4,4
TCGA-AN-A0XU-DX1_xmin26118_ymin18441_MPP-0.2500+317[0001].png,5999,215,3026,1779,1463,2308,5207,1767,958,6931,6,6,6,5,5,5,4,4,4,4
TCGA-AN-A0XU-DX1_xmin26118_ymin18441_MPP-0.2500+318[0001].png,2320,7459,778,131,5100,7028,3088,5114,8076,6894,5,5,5,4,4,4,4,4,4,4
TCGA-AN-A0XU-DX1_xmin26118_ymin18441_MPP-0.2500+319[0001].png,7948,7899,8101,4256,4311,8082,4606,7249,958,4559,6,6,5,5,5,5,4,4,4,4
TCGA-AN-A0XU-DX1_xmin26118_ymin18441_MPP-0.2500+331[0001].png,3026,5428,2493,2028,2766,2308,3230,4247,3209,6121,9,5,4,4,4,4,4,4,4,4
TCGA-AN-A0XU-DX1_xmin26118_ymin18441_MPP-0.2500+332[0001].png,3026,7880,3088,6966,2588,4725,6121,3434,8041,4947,8,6,5,5,4,4,4,4,4,4
TCGA-AN-A0XU-DX1_xmin26118_ymin18441_MPP-0.2500+333[0001].png,6702,6782,4376,2999,5392,5872,4247,8112,4116,6652,5,5,5,5,4,4,4,4,4,4
TCGA-AN-A0XU-DX1_xmin26118_ymin18441_MPP-0.2500+334[0001].png,453,3088,216,5735,632,2094,6121,2780,6217,7819,7,5,5,5,4,4,4,4,4,4
TCGA-AN-A0XU-DX1_xmin26118_ymin18441_MPP-0.2500+335[0001].png,7674,5999,8126,4250,3189,5428,297,2686,6789,1384,5,5,4,4,4,4,4,4,4,4
TCGA-AN-A0XU-DX1_xmin26118_ymin18441_MPP-0.2500+336[0001].png,3527,453,1026,4364,624,215,7948,1842,2493,1836,5,5,4,4,4,4,4,4,4,4
TCGA-AN-A0XU-DX1_xmin26118_ymin18441_MPP-0.2500+346[0001].png,6045,516,6795,3209,4259,2801,5099,958,7189,4376,7,5,5,5,4,4,4,4,4,4
TCGA-AN-A0XU-DX1_xmin26118_ymin18441_MPP-0.2500+40[0001].png,5428,3024,516,352,2967,7880,2870,5292,3030,8110,6,6,5,5,4,4,4,4,4,4
TCGA-AN-A0XU-DX1_xmin26118_ymin18441_MPP-0.2500+41[0001].png,1297,935,7450,215,2967,4160,4250,808,3247,3526,7,5,5,5,5,5,4,4,4,4
TCGA-AN-A0XU-DX1_xmin26118_ymin18441_MPP-0.2500+54[0001].png,319,267,5235,4711,5999,8081,7189,1842,3619,7089,6,5,5,5,5,5,5,4,4,4
TCGA-AN-A0XU-DX1_xmin26118_ymin18441_MPP-0.2500+55[0001].png,6931,3088,7189,7880,7565,6657,5023,1373,4250,2083,6,5,4,4,4,4,4,4,4,4
TCGA-AN-A0XU-DX1_xmin26118_ymin18441_MPP-0.2500+56[0001].png,4430,3024,237,1001,4817,3088,4711,7869,389,5937,5,5,5,5,5,4,4,4,4,4
TCGA-AN-A0XU-DX1_xmin26118_ymin18441_MPP-0.2500+68[0001].png,3500,4817,1356,1842,2635,6950,725,7591,5717,2903,6,5,5,4,4,4,4,4,4,4
TCGA-AN-A0XU-DX1_xmin26118_ymin18441_MPP-0.2500+69[0001].png,1842,5999,2476,516,8016,352,3981,7165,1203,7134,5,5,4,4,4,4,4,4,4,4
TCGA-AN-A0XU-DX1_xmin26118_ymin18441_MPP-0.2500+70[0001].png,7459,6869,6192,5603,8081,4642,2967,7134,7028,7442,7,5,4,4,4,4,4,4,4,4
TCGA-AN-A0XU-DX1_xmin26118_ymin18441_MPP-0.2500+71[0001].png,6045,7604,216,5555,1652,4377,1842,5810,3026,320,6,5,4,4,4,4,3,3,3,3
TCGA-AN-A0XU-DX1_xmin26118_ymin18441_MPP-0.2500+82[0001].png,215,4311,6388,3094,7249,4436,2841,3115,7501,371,8,8,6,5,5,5,5,4,4,4
TCGA-AN-A0XU-DX1_xmin26118_ymin18441_MPP-0.2500+83[0001].png,1652,8140,8013,958,2967,5610,7880,6194,5763,7189,6,5,5,5,4,4,4,4,4,4
TCGA-AO-A0J4-DX1_xmin17194_ymin10629_MPP-0.2500+290[0001].png,215,958,4559,1836,5937,5433,7442,2308,578,4725,8,8,7,7,6,5,5,5,5,5
TCGA-AO-A0J4-DX1_xmin17194_ymin10629_MPP-0.2500+291[0001].png,7028,7249,1911,5912,2320,7674,6226,2686,4311,4559,10,9,7,6,5,5,5,5,5,5
TCGA-AO-A0J6-DX1_xmin40548_ymin11135_MPP-0.2500+78[0001].png,2308,8082,3836,1836,5780,693,7695,3526,4711,1389,6,6,6,6,6,5,5,4,4,4
TCGA-AO-A0J6-DX1_xmin40548_ymin11135_MPP-0.2500+79[0001].png,3088,5834,7895,2308,5780,4711,7134,1460,632,2977,12,10,7,7,5,5,5,5,5,5
TCGA-AO-A129-DX1_xmin37502_ymin12501_MPP-0.2500+57[0001].png,3088,2308,2990,6226,215,4559,1476,7119,6795,5780,11,7,7,6,6,5,5,5,5,5
TCGA-AO-A129-DX1_xmin37502_ymin12501_MPP-0.2500+65[0001].png,215,725,5741,8081,6190,3526,5392,4068,912,5780,7,6,5,5,5,4,4,4,4,4
TCGA-AO-A129-DX1_xmin37502_ymin12501_MPP-0.2500+68[0001].png,215,3088,2226,5603,2308,6807,3526,1652,7175,7808,12,8,7,6,5,5,5,5,5,5
TCGA-AO-A129-DX1_xmin37502_ymin12501_MPP-0.2500+7[0001].png,215,6869,6795,3088,2766,1836,1813,7089,781,2226,8,7,7,6,6,6,6,6,5,5
TCGA-AO-A129-DX1_xmin37502_ymin12501_MPP-0.2500+88[0001].png,2320,1652,2226,7948,4436,215,2960,3526,7134,6226,10,8,8,7,7,6,6,6,6,6
TCGA-AO-A129-DX1_xmin37502_ymin12501_MPP-0.2500+8[0001].png,335,1652,6045,1813,1311,2226,5344,1476,8165,7589,8,8,7,6,6,6,5,5,5,5
TCGA-AO-A12F-DX1_xmin16484_ymin29374_MPP-0.2500+105[0001].png,6869,958,7091,2226,3889,7808,7249,1476,778,7880,7,6,6,5,5,5,5,5,5,5
TCGA-AO-A12F-DX1_xmin16484_ymin29374_MPP-0.2500+106[0001].png,8013,2226,3030,582,1813,958,5047,5097,267,1911,7,7,6,6,6,6,5,5,5,5
TCGA-AO-A12F-DX1_xmin16484_ymin29374_MPP-0.2500+114[0001].png,958,2226,6045,7899,4377,6226,4711,215,7523,4436,9,8,8,7,6,6,5,5,5,5
TCGA-AO-A12F-DX1_xmin16484_ymin29374_MPP-0.2500+127[0001].png,1476,2990,2226,5912,5561,1911,5741,781,7091,1652,7,6,6,6,5,5,5,5,5,5
TCGA-AO-A12F-DX1_xmin16484_ymin29374_MPP-0.2500+128[0001].png,6795,2226,5203,8013,582,5810,389,2815,256,3526,7,6,6,5,5,5,4,4,4,4
TCGA-AO-A12F-DX1_xmin16484_ymin29374_MPP-0.2500+129[0001].png,7459,5100,2320,6226,2226,4711,958,2943,1696,215,9,7,7,7,6,6,6,5,5,5
TCGA-AO-A12F-DX1_xmin16484_ymin29374_MPP-0.2500+134[0001].png,1652,1476,5428,8013,3637,1911,4436,958,331,453,8,7,6,6,5,5,5,5,5,4
TCGA-AO-A12F-DX1_xmin16484_ymin29374_MPP-0.2500+135[0001].png,3230,958,6045,7708,1813,3619,1413,371,7880,7899,9,7,7,5,4,4,4,4,4,4
TCGA-AO-A12F-DX1_xmin16484_ymin29374_MPP-0.2500+136[0001].png,215,237,2226,1813,778,582,3526,7442,352,6226,7,6,6,6,5,5,5,5,4,4
TCGA-AO-A12F-DX1_xmin16484_ymin29374_MPP-0.2500+137[0001].png,215,1476,3526,144,1813,4436,6226,7249,2226,7808,9,6,6,5,5,5,5,5,5,5
TCGA-AO-A12F-DX1_xmin16484_ymin29374_MPP-0.2500+138[0001].png,4311,1813,1476,5099,5207,5912,6321,7459,2226,1696,7,7,5,5,5,5,5,5,5,5
TCGA-AO-A12F-DX1_xmin16484_ymin29374_MPP-0.2500+143[0001].png,6045,8013,2226,778,1652,4711,781,2308,216,6966,7,6,6,6,6,5,5,5,5,4
TCGA-AO-A12F-DX1_xmin16484_ymin29374_MPP-0.2500+144[0001].png,6321,215,4311,1652,5912,4559,8013,1297,4711,2226,7,7,6,6,6,5,5,4,4,4
TCGA-AO-A12F-DX1_xmin16484_ymin29374_MPP-0.2500+145[0001].png,2308,1652,215,2140,5428,3619,6045,1413,2226,7024,8,7,6,5,5,5,5,5,5,4
TCGA-AO-A12F-DX1_xmin16484_ymin29374_MPP-0.2500+146[0001].png,2226,1813,8013,958,7442,3526,781,1652,4436,5912,7,7,6,6,6,6,6,6,5,5
TCGA-AO-A12F-DX1_xmin16484_ymin29374_MPP-0.2500+147[0001].png,1652,3021,5912,5561,4436,958,1911,7091,3088,515,9,6,6,6,5,5,5,5,5,5
TCGA-AO-A12F-DX1_xmin16484_ymin29374_MPP-0.2500+148[0001].png,5912,1813,3889,3619,4311,6121,958,4436,7223,2140,6,6,5,5,5,5,5,5,5,5
TCGA-AO-A12F-DX1_xmin16484_ymin29374_MPP-0.2500+149[0001].png,2226,1652,7808,4436,5912,6054,6048,778,6795,3889,8,8,6,6,5,5,5,5,5,5
TCGA-AO-A12F-DX1_xmin16484_ymin29374_MPP-0.2500+152[0001].png,2226,1476,2308,215,8013,8081,4259,7175,3526,7869,7,6,6,5,5,5,4,4,4,4
TCGA-AO-A12F-DX1_xmin16484_ymin29374_MPP-0.2500+153[0001].png,215,6054,5392,7899,2226,7249,6121,6321,434,8013,7,6,6,6,6,6,5,5,4,4
TCGA-AO-A12F-DX1_xmin16484_ymin29374_MPP-0.2500+154[0001].png,1652,5937,1476,3088,7091,958,215,3971,3329,5498,7,6,6,6,5,5,5,5,5,5
TCGA-AO-A12F-DX1_xmin16484_ymin29374_MPP-0.2500+155[0001].png,4436,8013,3889,1311,2083,1813,5780,1297,7899,7895,10,8,6,6,5,5,5,5,5,5
TCGA-AO-A12F-DX1_xmin16484_ymin29374_MPP-0.2500+156[0001].png,215,1297,958,4436,4480,7189,7834,3209,1476,3298,8,6,6,6,5,5,4,4,4,4
TCGA-AO-A12F-DX1_xmin16484_ymin29374_MPP-0.2500+157[0001].png,1652,2226,215,1813,8013,594,1413,1911,2028,216,8,8,8,7,6,5,4,4,4,4
TCGA-AO-A12F-DX1_xmin16484_ymin29374_MPP-0.2500+158[0001].png,6321,7134,2226,3889,6045,1297,6795,4001,4492,6326,7,6,6,6,5,5,5,4,4,4
TCGA-AO-A12F-DX1_xmin16484_ymin29374_MPP-0.2500+159[0001].png,1476,958,215,4436,3889,3477,7224,1654,5912,5047,8,8,7,7,6,5,5,5,5,5
TCGA-AO-A12F-DX1_xmin16484_ymin29374_MPP-0.2500+160[0001].png,7134,1652,6054,5561,1813,3526,778,7165,7948,1476,8,8,6,6,5,5,5,5,4,4
TCGA-AO-A12F-DX1_xmin16484_ymin29374_MPP-0.2500+161[0001].png,2226,7091,958,6795,1652,725,6588,3889,8013,5912,8,6,6,5,5,5,5,5,5,4
TCGA-AO-A12F-DX1_xmin16484_ymin29374_MPP-0.2500+162[0001].png,7249,216,958,1652,6054,2140,215,8013,5937,3230,8,6,6,6,5,5,5,5,5,4
TCGA-AO-A12F-DX1_xmin16484_ymin29374_MPP-0.2500+163[0001].png,215,2226,1652,6795,6321,2602,725,7895,4080,7899,10,8,7,6,6,5,5,4,4,4
TCGA-AO-A12F-DX1_xmin16484_ymin29374_MPP-0.2500+164[0001].png,6869,5810,1652,7899,4436,8166,8013,2226,1476,6795,7,6,5,5,5,5,5,5,5,4
TCGA-AO-A12F-DX1_xmin16484_ymin29374_MPP-0.2500+165[0001].png,215,6045,1813,7249,958,4817,4100,7880,1270,5047,8,5,5,5,5,4,4,4,4,4
TCGA-AO-A12F-DX1_xmin16484_ymin29374_MPP-0.2500+166[0001].png,8013,2083,2308,6321,215,12,1311,4436,3030,2646,8,8,7,6,5,5,5,5,5,5
TCGA-AO-A12F-DX1_xmin16484_ymin29374_MPP-0.2500+167[0001].png,1652,958,1813,7249,5526,3889,3088,2226,2919,7091,8,7,7,7,6,6,6,5,5,5
TCGA-AO-A12F-DX1_xmin16484_ymin29374_MPP-0.2500+168[0001].png,958,2226,778,8013,3889,7695,7442,4080,582,2990,8,7,7,7,6,6,6,5,5,5
TCGA-AO-A12F-DX1_xmin16484_ymin29374_MPP-0.2500+169[0001].png,3088,215,8013,1652,1476,1813,1460,144,3526,958,10,9,9,8,6,5,5,5,5,5
TCGA-AO-A12F-DX1_xmin16484_ymin29374_MPP-0.2500+170[0001].png,215,2226,6045,5561,6054,8013,6999,7647,7442,7091,8,7,7,6,6,6,5,5,5,4
TCGA-AO-A12F-DX1_xmin16484_ymin29374_MPP-0.2500+171[0001].png,2226,215,8013,6045,2903,1652,7880,4436,6321,2308,9,9,8,7,6,6,6,6,5,4
TCGA-AO-A12F-DX1_xmin16484_ymin29374_MPP-0.2500+172[0001].png,2308,7442,2226,958,215,7091,7160,6795,4311,1652,8,8,8,7,6,6,6,6,6,6
TCGA-AO-A12F-DX1_xmin16484_ymin29374_MPP-0.2500+173[0001].png,8013,4436,1652,3526,2226,7442,6045,7337,778,2990,8,8,7,6,6,5,5,5,5,5
TCGA-AO-A12F-DX1_xmin16484_ymin29374_MPP-0.2500+174[0001].png,958,215,2226,6321,1652,1476,1813,3526,2054,4160,8,7,6,6,6,5,5,5,5,5
TCGA-AO-A12F-DX1_xmin16484_ymin29374_MPP-0.2500+175[0001].png,2226,4436,1652,7249,5741,7899,4215,3021,7175,1911,9,7,7,6,6,6,5,5,5,5
TCGA-AO-A12F-DX1_xmin16484_ymin29374_MPP-0.2500+176[0001].png,1652,8013,7249,958,778,1905,5433,3088,2226,6045,9,7,7,6,6,5,5,5,5,5
TCGA-AO-A12F-DX1_xmin16484_ymin29374_MPP-0.2500+177[0001].png,7249,1652,215,7899,4711,6856,6045,2226,7091,4001,8,6,6,6,6,5,5,5,5,5
TCGA-AO-A12F-DX1_xmin16484_ymin29374_MPP-0.2500+178[0001].png,1476,3030,1311,6045,5912,3088,5937,1813,8148,4143,7,7,6,6,6,6,6,5,5,5
TCGA-AO-A12F-DX1_xmin16484_ymin29374_MPP-0.2500+179[0001].png,215,6045,7808,6321,6795,1652,3889,3971,2308,3526,7,7,6,6,6,6,5,5,5,5
TCGA-AO-A12F-DX1_xmin16484_ymin29374_MPP-0.2500+180[0001].png,1652,8140,7249,7442,7694,553,781,1813,453,958,9,6,6,5,5,5,5,5,4,4
TCGA-AO-A12F-DX1_xmin16484_ymin29374_MPP-0.2500+181[0001].png,7249,215,6054,1476,2226,4436,6045,2308,1813,1311,7,7,7,7,7,6,6,6,5,5
TCGA-AO-A12F-DX1_xmin16484_ymin29374_MPP-0.2500+182[0001].png,215,1652,2226,5937,1297,1373,5872,6045,1813,6795,11,11,7,7,7,5,5,5,5,4
TCGA-AO-A12F-DX1_xmin16484_ymin29374_MPP-0.2500+183[0001].png,1652,2226,1813,7134,1476,8013,3619,4100,5741,5810,8,8,6,6,6,5,5,5,4,4
TCGA-AO-A12F-DX1_xmin16484_ymin29374_MPP-0.2500+184[0001].png,958,3526,4711,7249,215,6045,515,781,1652,693,7,7,7,6,6,6,6,5,5,5
TCGA-AO-A12F-DX1_xmin16484_ymin29374_MPP-0.2500+185[0001].png,958,7091,215,1813,2226,6045,8013,1911,7819,553,10,7,7,6,6,5,5,5,4,4
TCGA-AO-A12F-DX1_xmin16484_ymin29374_MPP-0.2500+186[0001].png,1652,2226,7899,4436,216,958,9,7091,8013,3088,11,7,7,6,6,6,5,5,5,5
TCGA-AO-A12F-DX1_xmin16484_ymin29374_MPP-0.2500+187[0001].png,1652,2226,4143,5741,215,958,794,1813,5937,1682,11,8,8,7,7,5,5,5,5,5
TCGA-AO-A12F-DX1_xmin16484_ymin29374_MPP-0.2500+188[0001].png,1813,7091,144,9,4905,4911,2336,7674,3088,1811,7,6,5,5,5,5,4,4,4,4
TCGA-AO-A12F-DX1_xmin16484_ymin29374_MPP-0.2500+189[0001].png,8013,7808,144,5834,5912,7694,1476,371,215,2990,7,6,6,6,5,5,5,5,5,5
TCGA-AO-A12F-DX1_xmin16484_ymin29374_MPP-0.2500+190[0001].png,1652,3088,215,4436,3127,7694,7442,958,2226,5810,8,8,7,6,6,5,5,5,5,4
TCGA-AO-A12F-DX1_xmin16484_ymin29374_MPP-0.2500+191[0001].png,1652,3619,5912,3526,1813,2083,1297,6931,594,4001,8,7,7,6,6,5,5,5,4,4
TCGA-AO-A12F-DX1_xmin16484_ymin29374_MPP-0.2500+192[0001].png,6045,1813,3127,4311,5392,2226,1297,1652,7249,5937,7,7,7,7,6,6,5,5,5,5
TCGA-AO-A12F-DX1_xmin16484_ymin29374_MPP-0.2500+193[0001].png,2226,4436,6054,5912,5094,958,144,1813,1654,3889,12,7,7,7,6,6,6,6,5,5
TCGA-AO-A12F-DX1_xmin16484_ymin29374_MPP-0.2500+194[0001].png,8013,7249,2226,7091,131,215,237,6054,144,2903,9,8,8,7,6,6,6,5,5,5
TCGA-AO-A12F-DX1_xmin16484_ymin29374_MPP-0.2500+195[0001].png,1652,215,2226,7733,6054,3030,5561,6931,2308,297,8,8,8,6,6,5,5,5,5,5
TCGA-AO-A12F-DX1_xmin16484_ymin29374_MPP-0.2500+196[0001].png,1652,1911,215,7249,781,5912,6795,131,1813,144,10,8,8,7,7,6,5,5,5,5
TCGA-AO-A12F-DX1_xmin16484_ymin29374_MPP-0.2500+197[0001].png,2226,1652,256,215,781,3088,1297,8148,8013,2967,9,7,6,6,5,5,5,5,4,4
TCGA-AO-A12F-DX1_xmin16484_ymin29374_MPP-0.2500+198[0001].png,1813,215,2990,6045,2226,958,6869,2308,6931,1652,8,7,7,7,6,6,6,6,5,5
TCGA-AO-A12F-DX1_xmin16484_ymin29374_MPP-0.2500+199[0001].png,215,6054,958,594,1652,781,1297,7249,6795,2226,9,9,5,5,5,5,5,5,4,4
TCGA-AO-A12F-DX1_xmin16484_ymin29374_MPP-0.2500+200[0001].png,1652,6045,958,7249,5611,1813,4436,5810,2226,7224,7,6,6,6,5,5,5,5,5,5
TCGA-AO-A12F-DX1_xmin16484_ymin29374_MPP-0.2500+201[0001].png,1652,8013,1813,4143,3088,778,582,2903,2226,2990,10,9,7,6,6,5,5,5,5,5
TCGA-AO-A12F-DX1_xmin16484_ymin29374_MPP-0.2500+202[0001].png,6045,8013,4436,2226,215,1911,4725,808,7899,7249,9,8,7,6,6,6,5,5,5,5
TCGA-AO-A12F-DX1_xmin16484_ymin29374_MPP-0.2500+203[0001].png,1652,7091,1813,215,8013,6045,582,7160,958,7674,12,9,6,5,5,5,5,5,5,5
TCGA-AO-A12F-DX1_xmin16484_ymin29374_MPP-0.2500+204[0001].png,1652,8013,1476,1911,4436,6054,215,6045,5561,1682,9,8,6,6,6,6,6,5,5,5
TCGA-AO-A12F-DX1_xmin16484_ymin29374_MPP-0.2500+205[0001].png,215,3889,1652,778,7899,1813,5428,8013,2990,2308,10,7,7,6,6,6,6,6,5,5
TCGA-AO-A12F-DX1_xmin16484_ymin29374_MPP-0.2500+206[0001].png,4711,1652,3088,144,5671,2226,7160,7189,2083,808,12,7,7,6,6,5,5,4,4,4
TCGA-AO-A12F-DX1_xmin16484_ymin29374_MPP-0.2500+207[0001].png,215,1413,1476,7895,6702,4582,2609,321,4711,7869,10,8,6,6,5,4,4,4,4,4
TCGA-AO-A12F-DX1_xmin16484_ymin29374_MPP-0.2500+208[0001].png,4436,2226,6905,8013,3836,1652,131,215,4711,5454,8,7,6,6,5,5,5,5,5,5
TCGA-AO-A12F-DX1_xmin16484_ymin29374_MPP-0.2500+209[0001].png,1652,7808,3088,4674,6045,4143,3637,5392,1297,215,7,6,6,5,5,5,5,5,5,5
TCGA-AO-A12F-DX1_xmin16484_ymin29374_MPP-0.2500+210[0001].png,1297,1652,6045,5561,7539,7695,2226,1311,7249,1813,7,7,7,5,5,5,5,5,5,5
TCGA-AO-A12F-DX1_xmin16484_ymin29374_MPP-0.2500+211[0001].png,8013,1652,7807,7091,2226,958,3088,7819,7442,5428,10,8,6,6,5,5,5,5,5,5
TCGA-AO-A12F-DX1_xmin16484_ymin29374_MPP-0.2500+212[0001].png,1652,215,4436,5937,6054,2226,778,1297,1813,2635,9,8,7,7,7,6,6,5,5,5
TCGA-AO-A12F-DX1_xmin16484_ymin29374_MPP-0.2500+213[0001].png,1813,1652,215,1476,144,6045,582,5454,5912,5561,11,11,7,6,6,6,6,5,5,5
TCGA-AO-A12F-DX1_xmin16484_ymin29374_MPP-0.2500+214[0001].png,2226,215,8013,1652,7091,3030,5047,2140,1476,4436,11,10,7,7,7,7,5,5,5,5
TCGA-AO-A1KR-DX1_xmin19591_ymin37667_MPP-0.2500+250[0001].png,3088,3889,2308,7134,7119,7501,5797,2226,3209,7549,10,9,7,5,5,5,5,4,4,4
TCGA-AO-A1KR-DX1_xmin19591_ymin37667_MPP-0.2500+262[0001].png,3088,516,7134,3044,5428,7808,4100,4250,3021,4311,9,7,6,6,5,5,5,5,5,4
TCGA-AO-A1KR-DX1_xmin19591_ymin37667_MPP-0.2500+263[0001].png,7134,2493,6795,3209,5780,3151,2990,7175,5671,4100,6,6,6,5,5,5,5,4,4,4
TCGA-AO-A1KR-DX1_xmin19591_ymin37667_MPP-0.2500+275[0001].png,7808,7134,7357,7804,7189,4833,3889,1834,145,1897,7,6,5,5,5,5,5,4,4,4
TCGA-AO-A1KR-DX1_xmin19591_ymin37667_MPP-0.2500+276[0001].png,3088,331,8081,3889,5433,3734,4774,630,2278,4143,6,6,6,6,5,4,4,4,4,4
TCGA-AO-A1KR-DX1_xmin19591_ymin37667_MPP-0.2500+288[0001].png,2308,4436,5937,3021,6192,5039,5428,4486,7899,3088,6,5,5,5,4,4,4,4,4,4
TCGA-AO-A1KR-DX1_xmin19591_ymin37667_MPP-0.2500+300[0001].png,5428,371,2308,7160,5937,5873,3346,7091,3889,1836,7,6,5,5,5,4,4,4,4,4
TCGA-AO-A1KR-DX1_xmin19591_ymin37667_MPP-0.2500+301[0001].png,6045,4430,216,5392,6078,7091,7134,915,7733,7188,6,5,5,4,4,4,4,4,4,4
TCGA-AO-A1KR-DX1_xmin19591_ymin37667_MPP-0.2500+312[0001].png,7189,5763,7134,7808,5603,1958,4817,935,781,1001,5,5,5,5,5,4,4,4,4,4
TCGA-AO-A1KR-DX1_xmin19591_ymin37667_MPP-0.2500+313[0001].png,3088,5428,5603,2308,3044,7485,3030,7224,4693,5047,8,6,5,5,5,5,4,4,4,4
TCGA-AO-A1KR-DX1_xmin19591_ymin37667_MPP-0.2500+314[0001].png,4817,5039,7694,7134,5392,2278,2308,4100,5213,7337,6,6,5,5,5,4,4,4,4,4
TCGA-AO-A1KR-DX1_xmin19591_ymin37667_MPP-0.2500+325[0001].png,632,6795,3889,3220,7134,7808,1842,1836,2326,1476,5,5,5,5,5,5,5,4,4,4
TCGA-AO-A1KR-DX1_xmin19591_ymin37667_MPP-0.2500+326[0001].png,3889,1682,5603,6795,1297,8013,131,168,914,8126,11,7,5,5,5,5,5,5,5,4
TCGA-AO-A1KR-DX1_xmin19591_ymin37667_MPP-0.2500+327[0001].png,3619,2308,2977,2557,4711,7357,7222,5235,1389,215,5,5,5,5,5,5,4,4,4,4
TCGA-AQ-A54N-DX1_xmin32440_ymin26558_MPP-0.2500+45[0001].png,7459,2320,601,2226,2943,1654,215,6321,3889,7249,19,14,9,7,7,6,5,5,5,5
TCGA-AQ-A54N-DX1_xmin32440_ymin26558_MPP-0.2500+58[0001].png,6321,7808,7442,1654,2226,6121,958,7028,5912,5433,6,6,5,5,5,4,4,4,4,4
TCGA-AQ-A54N-DX1_xmin32440_ymin26558_MPP-0.2500+70[0001].png,2943,2308,4436,7880,3849,7459,5741,4377,7948,4311,8,7,6,6,5,5,4,4,4,4
TCGA-AQ-A54N-DX1_xmin32440_ymin26558_MPP-0.2500+71[0001].png,7880,1652,6045,3088,4746,4436,2278,3619,582,6856,8,8,7,5,5,5,5,5,5,4
TCGA-AQ-A54N-DX1_xmin32440_ymin26558_MPP-0.2500+82[0001].png,7459,958,237,2320,2275,3088,3000,4436,7880,6738,12,10,7,7,6,6,6,5,5,5
TCGA-AQ-A54N-DX1_xmin32440_ymin26558_MPP-0.2500+83[0001].png,7694,3619,3127,516,162,5098,7091,5424,4436,8165,7,5,5,5,5,4,4,4,4,4
TCGA-AQ-A54N-DX1_xmin32440_ymin26558_MPP-0.2500+84[0001].png,3088,5428,4593,3044,3209,8049,354,3675,2666,267,12,5,5,5,5,5,4,4,4,4
TCGA-AQ-A54N-DX1_xmin32440_ymin26558_MPP-0.2500+95[0001].png,7459,4311,958,3442,3889,215,453,3836,5603,1652,7,7,6,6,5,5,5,5,5,5
TCGA-AR-A0U4-DX1_xmin41141_ymin69786_MPP-0.2500+100[0001].png,4247,6657,4322,982,6702,6321,3247,1767,7880,3044,6,5,5,5,5,5,4,4,4,4
TCGA-AR-A0U4-DX1_xmin41141_ymin69786_MPP-0.2500+101[0001].png,2308,516,3026,693,2493,6628,237,6054,4859,2226,8,5,5,5,5,4,4,4,4,4
TCGA-AR-A0U4-DX1_xmin41141_ymin69786_MPP-0.2500+102[0001].png,1682,7880,237,3026,3836,1312,186,5386,5937,1767,7,6,5,5,4,4,4,4,4,4
TCGA-AR-A0U4-DX1_xmin41141_ymin69786_MPP-0.2500+103[0001].png,3088,3526,44,145,3026,7189,7565,3836,5527,3189,6,6,5,5,5,5,5,4,4,4
TCGA-AR-A0U4-DX1_xmin41141_ymin69786_MPP-0.2500+104[0001].png,4817,7824,3526,6814,2756,2502,3088,2308,6173,6795,6,6,5,5,5,5,5,4,4,4
TCGA-AR-A0U4-DX1_xmin41141_ymin69786_MPP-0.2500+105[0001].png,1682,4322,1312,8148,2666,6121,3230,1654,2870,2835,6,5,5,5,4,4,4,4,4,4
TCGA-AR-A0U4-DX1_xmin41141_ymin69786_MPP-0.2500+106[0001].png,6795,4725,5780,1842,3026,778,1312,2180,7853,5937,6,5,5,5,5,4,4,4,4,4
TCGA-AR-A0U4-DX1_xmin41141_ymin69786_MPP-0.2500+107[0001].png,7880,6795,5098,594,2308,839,3526,7835,3189,1682,5,5,5,4,4,4,4,4,4,4
TCGA-AR-A0U4-DX1_xmin41141_ymin69786_MPP-0.2500+108[0001].png,982,131,7853,2308,6782,7134,7251,5235,7189,7591,6,5,5,5,4,4,4,4,4,4
TCGA-AR-A0U4-DX1_xmin41141_ymin69786_MPP-0.2500+109[0001].png,2336,3209,6795,836,44,4711,5094,4593,5912,34,7,6,5,5,5,5,5,4,4,4
TCGA-AR-A0U4-DX1_xmin41141_ymin69786_MPP-0.2500+110[0001].png,1008,2870,2278,335,5428,3823,7649,3836,7134,3209,5,5,5,5,5,4,4,4,4,4
TCGA-AR-A0U4-DX1_xmin41141_ymin69786_MPP-0.2500+111[0001].png,5780,5717,2493,4817,237,5097,131,1150,7880,7694,8,6,4,4,4,4,4,4,4,4
TCGA-AR-A0U4-DX1_xmin41141_ymin69786_MPP-0.2500+112[0001].png,6966,4160,3000,4322,7189,5428,5166,145,7007,1977,5,5,5,4,4,4,4,4,4,4
TCGA-AR-A0U4-DX1_xmin41141_ymin69786_MPP-0.2500+113[0001].png,1001,4725,8081,6795,3026,6808,1613,1767,5717,4492,6,6,5,5,5,5,5,4,4,4
TCGA-AR-A0U4-DX1_xmin41141_ymin69786_MPP-0.2500+114[0001].png,5780,1842,1297,4376,335,4774,7337,8148,7880,4095,9,5,5,5,5,4,4,4,4,4
TCGA-AR-A0U4-DX1_xmin41141_ymin69786_MPP-0.2500+115[0001].png,1150,7189,2308,3209,5873,6966,7835,6306,3230,216,6,5,5,5,4,4,4,4,4,4
TCGA-AR-A0U4-DX1_xmin41141_ymin69786_MPP-0.2500+116[0001].png,3189,5780,5428,168,389,4817,4160,1413,1842,5023,6,6,6,5,5,5,4,4,4,4
TCGA-AR-A0U4-DX1_xmin41141_ymin69786_MPP-0.2500+119[0001].png,3088,3026,3000,794,4376,7189,7089,2278,4430,1682,8,7,5,5,5,5,5,4,4,4
TCGA-AR-A0U4-DX1_xmin41141_ymin69786_MPP-0.2500+120[0001].png,5873,267,3044,237,3088,5213,4080,5717,5872,1992,5,4,4,4,4,4,4,4,4,4
TCGA-AR-A0U4-DX1_xmin41141_ymin69786_MPP-0.2500+121[0001].png,872,3088,6795,3000,4322,4950,982,3026,2493,7589,6,5,5,5,5,5,4,4,4,4
TCGA-AR-A0U4-DX1_xmin41141_ymin69786_MPP-0.2500+122[0001].png,3044,6702,5428,7599,4711,2635,4376,2493,2115,8148,5,5,5,5,5,4,4,4,4,4
TCGA-AR-A0U4-DX1_xmin41141_ymin69786_MPP-0.2500+126[0001].png,4322,1842,7134,4817,3044,237,2226,4947,5133,1001,6,6,6,5,5,5,5,4,4,4
TCGA-AR-A0U4-DX1_xmin41141_ymin69786_MPP-0.2500+127[0001].png,516,6795,3459,2062,7337,840,6226,4430,982,3026,5,5,5,5,5,4,4,3,3,3
TCGA-AR-A0U4-DX1_xmin41141_ymin69786_MPP-0.2500+128[0001].png,4817,4072,2308,1476,3926,1842,2226,2990,237,1652,7,7,6,5,5,5,4,4,4,4
TCGA-AR-A0U4-DX1_xmin41141_ymin69786_MPP-0.2500+129[0001].png,4843,453,7899,4080,840,3026,4001,4436,2482,2493,6,6,5,4,4,4,4,4,4,4
TCGA-AR-A0U4-DX1_xmin41141_ymin69786_MPP-0.2500+133[0001].png,4430,4742,8148,7162,7189,130,5741,6809,5023,3836,6,5,5,5,5,5,5,4,4,4
TCGA-AR-A0U4-DX1_xmin41141_ymin69786_MPP-0.2500+134[0001].png,3026,3088,594,2308,4711,1169,5166,8066,5065,982,6,6,6,4,4,4,4,4,4,4
TCGA-AR-A0U4-DX1_xmin41141_ymin69786_MPP-0.2500+135[0001].png,3000,5428,6795,7337,2308,5133,4376,6045,982,2194,6,6,5,5,5,4,4,4,4,4
TCGA-AR-A0U4-DX1_xmin41141_ymin69786_MPP-0.2500+136[0001].png,3000,5428,4654,2237,3026,6782,1357,7591,3870,817,7,5,5,5,5,4,4,4,4,4
TCGA-AR-A0U4-DX1_xmin41141_ymin69786_MPP-0.2500+140[0001].png,6795,1652,5428,8081,3026,3030,8165,6902,5498,982,8,7,7,7,6,6,5,5,5,5
TCGA-AR-A0U4-DX1_xmin41141_ymin69786_MPP-0.2500+141[0001].png,7880,4430,6795,5741,6045,982,2319,7337,2493,6190,10,6,6,6,5,5,4,4,4,4
TCGA-AR-A0U4-DX1_xmin41141_ymin69786_MPP-0.2500+142[0001].png,1652,2308,982,3836,3026,817,6045,5912,4990,516,7,6,5,5,5,5,4,4,4,4
TCGA-AR-A0U4-DX1_xmin41141_ymin69786_MPP-0.2500+147[0001].png,1652,3026,3619,5428,7089,3000,2308,817,982,3088,7,6,6,5,5,5,5,4,4,4
TCGA-AR-A0U4-DX1_xmin41141_ymin69786_MPP-0.2500+148[0001].png,5741,5392,3526,7337,3836,4859,516,4805,335,1652,9,6,6,5,5,4,4,4,4,4
TCGA-AR-A0U4-DX1_xmin41141_ymin69786_MPP-0.2500+154[0001].png,4322,3088,7189,1297,2308,2493,3026,1842,7134,7149,6,6,5,5,5,5,4,4,4,4
TCGA-AR-A0U4-DX1_xmin41141_ymin69786_MPP-0.2500+155[0001].png,3230,3030,215,3889,6795,4642,4322,778,7835,5094,6,6,5,5,4,4,4,4,4,4
TCGA-AR-A0U4-DX1_xmin41141_ymin69786_MPP-0.2500+53[0001].png,2531,5999,3619,3026,6795,3000,3088,8126,2278,2308,7,6,6,5,5,5,5,4,4,4
TCGA-AR-A0U4-DX1_xmin41141_ymin69786_MPP-0.2500+91[0001].png,693,4990,4711,7078,335,6045,5912,8148,5133,6678,6,5,5,5,5,4,4,4,4,4
TCGA-AR-A0U4-DX1_xmin41141_ymin69786_MPP-0.2500+92[0001].png,4817,1357,725,6808,3908,1312,2326,7694,836,4199,6,5,5,5,5,4,4,4,4,4
TCGA-AR-A0U4-DX1_xmin41141_ymin69786_MPP-0.2500+93[0001].png,3026,7484,4711,1571,5098,3893,2308,8101,1992,1824,5,5,5,5,5,4,4,4,4,4
TCGA-AR-A0U4-DX1_xmin41141_ymin69786_MPP-0.2500+94[0001].png,5780,2308,3044,6960,3526,3088,3026,7352,5717,7007,5,5,5,5,5,4,4,4,4,4
TCGA-AR-A0U4-DX1_xmin41141_ymin69786_MPP-0.2500+95[0001].png,1869,5780,3088,3026,516,2502,3618,7880,4376,1508,5,5,5,5,5,5,5,5,4,4
TCGA-AR-A0U4-DX1_xmin41141_ymin69786_MPP-0.2500+96[0001].png,6795,7189,2308,7400,2977,4817,7551,4194,5433,3296,5,5,5,5,4,4,4,4,4,4
TCGA-AR-A0U4-DX1_xmin41141_ymin69786_MPP-0.2500+98[0001].png,7880,3088,3526,4492,6678,4376,1842,6795,5038,4250,6,6,5,5,5,5,4,4,4,4
TCGA-AR-A0U4-DX1_xmin41141_ymin69786_MPP-0.2500+99[0001].png,4322,7880,4725,6045,7694,3000,6808,3088,4682,5686,9,5,5,5,5,5,5,5,5,4
TCGA-AR-A1AI-DX1_xmin38671_ymin10616_MPP-0.2500+30[0001].png,7089,2685,1150,4817,4711,2493,186,3000,3088,4278,7,6,6,6,5,5,5,5,5,5
TCGA-AR-A1AQ-DX1_xmin18171_ymin38296_MPP-0.2500+52[0001].png,3088,4711,5428,44,2666,5999,237,6869,1312,2336,5,4,4,4,4,4,4,4,4,4
TCGA-AR-A1AQ-DX1_xmin18171_ymin38296_MPP-0.2500+62[0001].png,1842,6388,7694,5133,5999,5937,1767,1081,5213,5253,5,5,5,4,4,4,4,4,4,4
TCGA-AR-A1AR-DX1_xmin12708_ymin29100_MPP-0.2500+76[0001].png,5780,2278,4817,3209,6652,1440,6881,1813,6054,5862,5,5,4,4,4,4,4,4,4,4
TCGA-AR-A1AR-DX1_xmin12708_ymin29100_MPP-0.2500+77[0001].png,1312,6678,3026,6795,5741,4322,6121,4143,2644,7695,6,6,5,5,5,4,4,4,4,4
TCGA-AR-A1AR-DX1_xmin12708_ymin29100_MPP-0.2500+78[0001].png,2308,982,3026,581,4247,1624,5780,5741,5735,2870,10,5,5,5,4,4,4,4,4,4
TCGA-AR-A1AR-DX1_xmin12708_ymin29100_MPP-0.2500+79[0001].png,2308,44,3209,2919,6931,1767,516,8091,778,3000,7,6,6,5,5,5,5,4,4,4
TCGA-AR-A1AR-DX1_xmin12708_ymin29100_MPP-0.2500+81[0001].png,131,5937,3230,5780,7249,7880,3889,982,237,4604,6,6,6,5,5,5,5,5,5,5
TCGA-AR-A1AR-DX1_xmin12708_ymin29100_MPP-0.2500+82[0001].png,5094,1218,5912,6795,982,5023,4524,1654,1413,7091,5,5,5,5,5,5,5,4,4,4
TCGA-AR-A1AR-DX1_xmin12708_ymin29100_MPP-0.2500+83[0001].png,6795,4322,44,6678,1389,6192,8148,1869,6321,2967,7,6,5,5,5,4,4,4,4,4
TCGA-AR-A1AR-DX1_xmin12708_ymin29100_MPP-0.2500+84[0001].png,2493,2870,725,145,3026,3526,4725,1652,5937,5741,6,5,5,4,4,4,4,4,4,4
TCGA-AR-A1AR-DX1_xmin12708_ymin29100_MPP-0.2500+85[0001].png,2531,4080,3026,332,1652,4711,6724,1297,7353,4914,5,5,5,5,5,4,4,4,4,4
TCGA-AR-A1AR-DX1_xmin12708_ymin29100_MPP-0.2500+86[0001].png,7337,3189,3026,3836,6795,5716,7853,7808,3527,516,8,7,5,5,4,4,4,4,4,4
TCGA-AR-A1AR-DX1_xmin12708_ymin29100_MPP-0.2500+87[0001].png,5780,2226,7149,516,237,4322,781,778,7360,2666,5,5,5,4,4,4,4,4,4,4
TCGA-AR-A1AR-DX1_xmin12708_ymin29100_MPP-0.2500+88[0001].png,4322,3026,215,2751,2226,5428,2531,5433,4259,2493,8,6,6,5,5,5,5,5,4,4
TCGA-AR-A1AR-DX1_xmin12708_ymin29100_MPP-0.2500+89[0001].png,6795,2531,5419,5741,5780,3209,390,5433,2766,7134,7,5,5,5,5,5,4,4,4,4
TCGA-AR-A1AR-DX1_xmin12708_ymin29100_MPP-0.2500+90[0001].png,3026,2226,5780,1525,3836,3189,44,516,4131,5717,7,6,5,5,4,4,4,4,4,4
TCGA-AR-A1AR-DX1_xmin12708_ymin29100_MPP-0.2500+91[0001].png,5912,6960,982,4322,7880,1297,131,1150,3044,7212,5,5,5,5,4,4,4,4,4,4
TCGA-AR-A1AR-DX1_xmin12708_ymin29100_MPP-0.2500+92[0001].png,4524,3026,6678,958,2308,7337,2411,6321,5098,1356,6,5,5,4,4,4,4,4,4,4
TCGA-AR-A1AY-DX1_xmin62652_ymin27061_MPP-0.2500+11[0001].png,3115,5023,1218,2062,5872,5834,4369,5717,4430,215,4,4,4,4,4,4,4,4,4,4
TCGA-AR-A1AY-DX1_xmin62652_ymin27061_MPP-0.2500+3[0001].png,7808,6048,1150,1842,3836,6678,2034,2493,1869,1324,6,5,5,4,4,4,4,4,4,4
TCGA-AR-A1AY-DX1_xmin62652_ymin27061_MPP-0.2500+4[0001].png,2319,8081,216,7694,320,6595,6960,6702,6808,4494,5,5,5,5,5,5,4,4,4,4
TCGA-AR-A2LR-DX1_xmin46540_ymin31961_MPP-0.2500+0[0001].png,6226,958,1476,7091,1696,7024,1652,4143,7129,778,9,8,7,7,6,6,6,5,5,5
TCGA-AR-A2LR-DX1_xmin46540_ymin31961_MPP-0.2500+14[0001].png,7249,8148,8013,4436,5163,6194,4311,6226,958,2588,6,6,6,5,5,5,5,5,5,4
TCGA-AR-A2LR-DX1_xmin46540_ymin31961_MPP-0.2500+21[0001].png,331,44,7808,2557,3889,5741,2226,4666,7694,6588,7,6,6,5,4,4,4,4,4,4
TCGA-AR-A2LR-DX1_xmin46540_ymin31961_MPP-0.2500+28[0001].png,2780,7694,5912,8101,2140,7738,3526,4336,3442,4480,6,5,5,5,4,4,4,4,4,4
TCGA-AR-A2LR-DX1_xmin46540_ymin31961_MPP-0.2500+7[0001].png,6226,7249,7694,4436,390,604,4711,124,5717,7129,9,7,6,6,6,5,5,5,5,5
TCGA-BH-A0B3-DX1_xmin82526_ymin42184_MPP-0.2500+137[0001].png,1476,6321,6795,5428,2249,5741,319,7119,778,3209,7,7,5,5,5,5,5,4,4,4
TCGA-BH-A0B3-DX1_xmin82526_ymin42184_MPP-0.2500+138[0001].png,2226,1813,2766,4194,2903,5213,7189,3619,215,5561,6,6,5,5,5,5,5,5,5,5
TCGA-BH-A0B9-DX1_xmin62727_ymin56697_MPP-0.2500+173[0001].png,237,1297,215,1298,1373,1652,4131,4727,3088,3024,5,5,4,4,4,4,4,4,4,3
TCGA-BH-A0B9-DX1_xmin62727_ymin56697_MPP-0.2500+189[0001].png,3836,7647,4143,6931,7948,7175,7119,2308,3088,7899,6,5,5,5,5,5,5,5,5,4
TCGA-BH-A0B9-DX1_xmin62727_ymin56697_MPP-0.2500+222[0001].png,7189,7164,725,7442,1813,5763,131,4198,5912,5392,6,6,6,5,5,5,4,4,4,4
TCGA-BH-A0B9-DX1_xmin62727_ymin56697_MPP-0.2500+228[0001].png,2226,131,2308,6521,7694,1705,3526,6758,7501,4436,7,6,5,5,5,4,4,4,4,4
TCGA-BH-A0B9-DX1_xmin62727_ymin56697_MPP-0.2500+233[0001].png,2903,5912,840,8185,7808,2308,4376,3088,7694,5702,7,6,5,5,5,4,4,4,4,4
TCGA-BH-A0B9-DX1_xmin62727_ymin56697_MPP-0.2500+237[0001].png,6321,7694,5872,4100,2903,1842,7869,215,6795,3088,7,6,5,5,5,5,4,4,4,4
TCGA-BH-A0BL-DX1_xmin25219_ymin42847_MPP-0.2500+157[0001].png,8013,3889,3088,958,2308,5718,4711,632,1654,7129,7,7,7,6,5,5,5,5,4,4
TCGA-BH-A0BL-DX1_xmin25219_ymin42847_MPP-0.2500+158[0001].png,3088,958,8101,6795,6321,3526,4322,2903,2308,3619,5,5,5,5,5,4,4,4,4,4
TCGA-BH-A0BL-DX1_xmin25219_ymin42847_MPP-0.2500+163[0001].png,2308,5039,5098,6795,6807,1389,2766,3021,3526,5021,7,6,5,5,5,5,5,5,5,5
TCGA-BH-A0BL-DX1_xmin25219_ymin42847_MPP-0.2500+165[0001].png,2308,1203,1297,3088,5834,3024,1836,1877,5344,131,8,7,6,6,5,5,5,5,5,5
TCGA-BH-A0BL-DX1_xmin25219_ymin42847_MPP-0.2500+166[0001].png,3088,7134,6226,6045,958,3356,6702,2756,7510,3889,7,7,6,6,6,5,5,5,5,5
TCGA-BH-A0BL-DX1_xmin25219_ymin42847_MPP-0.2500+167[0001].png,1836,7134,44,601,3889,1897,3209,4711,331,6795,8,7,5,5,5,5,4,4,4,4
TCGA-BH-A0BL-DX1_xmin25219_ymin42847_MPP-0.2500+172[0001].png,131,2776,1836,3836,5671,267,4725,6192,1297,1008,7,5,5,5,5,5,5,5,5,5
TCGA-BH-A0BL-DX1_xmin25219_ymin42847_MPP-0.2500+173[0001].png,7357,1508,2083,5671,7134,1897,2903,5718,6702,8013,6,5,5,5,5,5,5,4,4,4
TCGA-BH-A0BL-DX1_xmin25219_ymin42847_MPP-0.2500+181[0001].png,6226,1297,2000,6045,2278,2308,4143,1373,7589,6809,7,7,6,6,6,6,5,5,5,4
TCGA-BH-A0BL-DX1_xmin25219_ymin42847_MPP-0.2500+75[0001].png,6226,3619,3889,8013,958,935,2308,5780,7859,215,8,5,5,5,5,5,5,4,4,4
TCGA-BH-A0BL-DX1_xmin25219_ymin42847_MPP-0.2500+76[0001].png,2320,7459,2062,7134,4143,2954,5937,516,3637,1947,10,9,7,7,7,6,6,5,5,5
TCGA-BH-A0BL-DX1_xmin25219_ymin42847_MPP-0.2500+83[0001].png,2967,4322,3088,6226,7189,5810,4143,12,794,4965,6,6,6,6,5,5,5,5,4,4
TCGA-BH-A0BL-DX1_xmin25219_ymin42847_MPP-0.2500+84[0001].png,6226,2766,7459,2602,2320,8101,1654,2967,3044,5203,8,6,6,5,5,5,5,5,5,4
TCGA-BH-A0BL-DX1_xmin25219_ymin42847_MPP-0.2500+85[0001].png,6226,216,2320,3870,632,601,7459,7129,131,582,9,5,5,5,5,5,5,5,4,4
TCGA-BH-A0BL-DX1_xmin25219_ymin42847_MPP-0.2500+86[0001].png,7694,7129,5860,2960,582,2320,4685,5424,216,958,7,6,6,5,5,5,5,5,4,4
TCGA-BH-A0BL-DX1_xmin25219_ymin42847_MPP-0.2500+94[0001].png,629,2320,5860,7129,6226,7459,2903,4311,1836,3088,25,11,10,10,10,6,6,5,5,5
TCGA-BH-A0BW-DX1_xmin42346_ymin30843_MPP-0.2500+102[0001].png,2226,4711,5428,5741,6226,1682,216,5603,3230,3356,5,5,5,5,5,4,4,4,4,4
TCGA-BH-A0BW-DX1_xmin42346_ymin30843_MPP-0.2500+103[0001].png,131,3836,5428,7212,6054,3230,7134,5039,3044,7501,6,5,5,4,4,4,4,4,4,4
TCGA-BH-A0BW-DX1_xmin42346_ymin30843_MPP-0.2500+104[0001].png,2319,7733,5999,3619,6045,1842,5392,131,978,1008,6,5,5,5,5,5,5,5,4,4
TCGA-BH-A0BW-DX1_xmin42346_ymin30843_MPP-0.2500+124[0001].png,8110,2967,2336,6480,3836,3088,254,4430,4533,915,6,6,5,5,5,5,5,5,5,5
TCGA-BH-A0BW-DX1_xmin42346_ymin30843_MPP-0.2500+125[0001].png,5872,2308,1297,7880,1008,3189,7709,914,5763,3088,7,6,5,4,4,4,4,4,4,4
TCGA-BH-A0BW-DX1_xmin42346_ymin30843_MPP-0.2500+146[0001].png,2308,1218,3088,5671,1297,3209,7134,2482,7539,8081,7,6,6,5,5,5,5,5,5,5
TCGA-BH-A0BW-DX1_xmin42346_ymin30843_MPP-0.2500+16[0001].png,7134,7357,6702,1652,5235,8013,4711,6045,7845,958,9,5,5,5,4,4,4,4,4,4
TCGA-BH-A0BW-DX1_xmin42346_ymin30843_MPP-0.2500+17[0001].png,3088,2308,6226,7134,6054,935,7869,4711,7589,2198,8,7,6,5,5,5,5,5,4,4
TCGA-BH-A0BW-DX1_xmin42346_ymin30843_MPP-0.2500+18[0001].png,1297,8081,3088,2756,6979,6931,5203,2308,34,5023,8,5,5,5,5,5,5,5,4,4
TCGA-BH-A0BW-DX1_xmin42346_ymin30843_MPP-0.2500+19[0001].png,1836,4376,7007,1772,3088,5937,808,1297,6902,7134,6,6,5,5,5,5,5,5,5,5
TCGA-BH-A0BW-DX1_xmin42346_ymin30843_MPP-0.2500+20[0001].png,3088,5047,808,7916,6902,5344,1836,3861,1652,3281,7,6,6,5,5,5,4,4,4,4
TCGA-BH-A0BW-DX1_xmin42346_ymin30843_MPP-0.2500+38[0001].png,3088,6979,6869,2308,2180,7189,988,582,5682,8081,6,6,5,5,5,5,4,4,4,4
TCGA-BH-A0BW-DX1_xmin42346_ymin30843_MPP-0.2500+39[0001].png,3088,5603,1150,1842,4817,145,1682,2937,7649,2031,6,5,4,4,4,4,4,4,4,4
TCGA-BH-A0BW-DX1_xmin42346_ymin30843_MPP-0.2500+40[0001].png,2766,4143,2903,237,7089,3000,4711,5428,215,7392,6,5,4,4,4,4,4,4,4,4
TCGA-BH-A0BW-DX1_xmin42346_ymin30843_MPP-0.2500+41[0001].png,7694,6931,1008,8013,6610,5999,958,901,8110,3230,6,5,5,5,5,4,4,4,4,4
TCGA-BH-A0BW-DX1_xmin42346_ymin30843_MPP-0.2500+59[0001].png,5937,8110,2226,7869,331,4711,7357,1389,6227,2308,5,5,5,5,5,5,4,4,4,4
TCGA-BH-A0BW-DX1_xmin42346_ymin30843_MPP-0.2500+60[0001].png,5912,5498,4859,4711,145,7880,3209,8081,1297,6702,7,6,6,5,5,5,5,5,5,4
TCGA-BH-A0BW-DX1_xmin42346_ymin30843_MPP-0.2500+61[0001].png,216,8081,3526,8013,6795,7589,915,5780,3637,2336,6,5,5,5,5,5,4,4,4,4
TCGA-BH-A0BW-DX1_xmin42346_ymin30843_MPP-0.2500+62[0001].png,6045,958,3526,5937,5912,5810,6509,2308,1842,8148,6,6,5,5,5,5,4,4,4,4
TCGA-BH-A0BW-DX1_xmin42346_ymin30843_MPP-0.2500+81[0001].png,6321,3088,781,5999,1977,131,2226,2308,3637,3209,7,6,6,5,5,5,5,5,4,4
TCGA-BH-A0BW-DX1_xmin42346_ymin30843_MPP-0.2500+82[0001].png,8081,1836,6808,1389,404,8148,5780,2967,2766,781,6,5,5,5,4,4,4,4,4,4
TCGA-BH-A0BW-DX1_xmin42346_ymin30843_MPP-0.2500+83[0001].png,8110,389,8082,4160,5048,3836,632,6226,5810,6264,8,6,6,5,4,4,4,4,4,4
TCGA-BH-A0RX-DX1_xmin69099_ymin22327_MPP-0.2500+241[0001].png,1842,5999,6960,7189,6702,6571,840,3477,6321,2308,7,6,5,5,4,4,4,4,4,4
TCGA-BH-A0RX-DX1_xmin69099_ymin22327_MPP-0.2500+242[0001].png,7189,5735,3832,1147,4711,8041,2903,2308,6966,7134,5,5,4,4,4,4,4,4,4,4
TCGA-BH-A0RX-DX1_xmin69099_ymin22327_MPP-0.2500+243[0001].png,840,4430,5235,5392,2255,1324,6054,5717,4593,7160,7,6,6,5,5,4,4,4,4,4
TCGA-BH-A0RX-DX1_xmin69099_ymin22327_MPP-0.2500+247[0001].png,7880,2021,5735,840,1842,2903,319,2299,3230,7078,5,5,5,5,5,4,4,4,4,4
TCGA-BH-A0RX-DX1_xmin69099_ymin22327_MPP-0.2500+248[0001].png,267,4430,5023,3088,840,1842,7875,237,4250,1652,7,5,5,5,5,5,5,4,4,4
TCGA-BH-A0RX-DX1_xmin69099_ymin22327_MPP-0.2500+249[0001].png,7869,267,3044,7539,4593,7189,3209,7485,5392,7195,8,7,6,5,5,4,4,4,4,4
TCGA-BH-A0RX-DX1_xmin69099_ymin22327_MPP-0.2500+250[0001].png,215,3030,5937,8003,1869,3088,1001,5203,7024,5235,5,5,5,4,4,4,4,4,4,4
TCGA-BH-A0RX-DX1_xmin69099_ymin22327_MPP-0.2500+251[0001].png,1367,5213,7694,3044,6702,5999,2903,1357,1842,7808,5,5,5,4,4,4,4,4,4,4
TCGA-BH-A0RX-DX1_xmin69099_ymin22327_MPP-0.2500+252[0001].png,2967,1297,6192,2990,2870,6724,4436,4376,3209,697,7,5,4,4,4,4,4,4,4,4
TCGA-BH-A0RX-DX1_xmin69099_ymin22327_MPP-0.2500+253[0001].png,601,124,1569,1911,2588,7189,3469,1977,840,7134,5,5,4,4,4,4,4,4,4,4
TCGA-BH-A0RX-DX1_xmin69099_ymin22327_MPP-0.2500+254[0001].png,5047,267,7189,453,5023,6908,3030,1133,2278,7539,7,6,6,5,5,4,4,4,4,4
TCGA-BH-A0RX-DX1_xmin69099_ymin22327_MPP-0.2500+255[0001].png,1652,7899,2937,7948,8014,4711,7450,5937,321,389,6,6,5,5,5,5,4,4,4,4
TCGA-BH-A0RX-DX1_xmin69099_ymin22327_MPP-0.2500+256[0001].png,2635,4711,6571,5937,6764,2278,8073,6054,7165,2488,7,5,4,4,4,4,4,4,4,4
TCGA-BH-A0RX-DX1_xmin69099_ymin22327_MPP-0.2500+259[0001].png,7853,3088,2194,3627,7189,3728,2308,7450,3438,1460,5,5,5,5,4,4,4,4,4,4
TCGA-BH-A0RX-DX1_xmin69099_ymin22327_MPP-0.2500+260[0001].png,5999,4947,6801,3209,773,215,5741,2540,1842,4080,7,5,4,4,4,4,4,4,4,4
TCGA-BH-A0RX-DX1_xmin69099_ymin22327_MPP-0.2500+261[0001].png,1001,5702,840,7007,5717,1842,8165,2903,3838,2766,6,6,5,5,4,4,4,4,4,4
TCGA-BH-A0RX-DX1_xmin69099_ymin22327_MPP-0.2500+262[0001].png,267,4711,3030,6931,2967,7224,215,2255,7189,3000,7,6,5,5,5,5,5,5,4,4
TCGA-BH-A0RX-DX1_xmin69099_ymin22327_MPP-0.2500+263[0001].png,1842,4711,8081,5735,3836,2903,6814,1869,5118,2774,7,6,5,5,4,4,4,4,4,4
TCGA-BH-A0RX-DX1_xmin69099_ymin22327_MPP-0.2500+264[0001].png,5741,7189,2083,8013,6892,1297,7899,4711,1141,3079,7,7,5,5,5,4,4,4,4,4
TCGA-BH-A0RX-DX1_xmin69099_ymin22327_MPP-0.2500+265[0001].png,7869,5937,3209,7007,5741,6720,7853,6045,3029,958,6,6,5,4,4,4,4,4,4,4
TCGA-BH-A0RX-DX1_xmin69099_ymin22327_MPP-0.2500+266[0001].png,2308,6808,1042,3030,4711,3889,3619,5428,371,7808,5,5,5,5,5,5,4,4,4,4
TCGA-BH-A0RX-DX1_xmin69099_ymin22327_MPP-0.2500+267[0001].png,7249,3088,5213,267,7212,131,958,778,7565,1196,7,6,5,5,4,4,4,4,4,4
TCGA-BH-A0RX-DX1_xmin69099_ymin22327_MPP-0.2500+268[0001].png,1869,6045,7249,4311,5937,7175,2226,215,11,3346,6,5,5,5,5,5,5,5,4,4
TCGA-BH-A0RX-DX1_xmin69099_ymin22327_MPP-0.2500+269[0001].png,4711,5023,237,1842,3144,3565,6931,5780,4436,7189,5,5,5,4,4,4,4,4,4,4
TCGA-BH-A0RX-DX1_xmin69099_ymin22327_MPP-0.2500+270[0001].png,1652,4711,4817,840,3088,6219,2932,3230,7694,1373,7,6,5,5,4,4,4,4,4,4
TCGA-BH-A0RX-DX1_xmin69099_ymin22327_MPP-0.2500+271[0001].png,5872,2477,6869,2278,4247,6702,872,4711,7733,516,6,6,5,5,5,4,4,4,4,4
TCGA-BH-A0RX-DX1_xmin69099_ymin22327_MPP-0.2500+272[0001].png,7733,5912,958,5606,1652,5937,3550,778,5810,6054,7,7,6,5,5,5,4,4,4,4
TCGA-BH-A0RX-DX1_xmin69099_ymin22327_MPP-0.2500+273[0001].png,8016,5392,2083,5717,6809,2903,5999,2197,4711,7869,5,5,4,4,4,4,4,4,4,4
TCGA-BH-A0RX-DX1_xmin69099_ymin22327_MPP-0.2500+274[0001].png,7450,5039,725,5937,1652,7880,8003,3000,3029,5428,5,5,5,5,5,5,4,4,4,4
TCGA-BH-A0RX-DX1_xmin69099_ymin22327_MPP-0.2500+275[0001].png,237,2028,3526,4774,4376,1413,7694,2336,7189,1652,6,5,4,4,4,4,4,4,4,4
TCGA-BH-A0RX-DX1_xmin69099_ymin22327_MPP-0.2500+276[0001].png,4811,7565,3030,8110,3346,1115,2400,1842,2226,4965,5,5,5,4,4,4,4,4,4,4
TCGA-BH-A0RX-DX1_xmin69099_ymin22327_MPP-0.2500+277[0001].png,8082,6931,2194,7899,2226,5392,4965,1813,7189,237,7,6,5,5,5,4,4,4,4,4
TCGA-BH-A0RX-DX1_xmin69099_ymin22327_MPP-0.2500+278[0001].png,2180,3021,5937,3088,371,6192,2308,7337,5039,5433,7,5,5,5,5,4,4,4,4,4
TCGA-BH-A0RX-DX1_xmin69099_ymin22327_MPP-0.2500+279[0001].png,5023,2083,189,4604,7101,5166,2278,4250,5717,5213,6,6,5,5,5,5,5,4,4,4
TCGA-BH-A0RX-DX1_xmin69099_ymin22327_MPP-0.2500+280[0001].png,1109,6674,5910,6045,5872,215,3836,7442,725,836,6,5,5,5,5,5,4,4,4,4
TCGA-BH-A0RX-DX1_xmin69099_ymin22327_MPP-0.2500+281[0001].png,7612,2083,6321,5428,2990,2021,6657,7160,1842,5937,6,5,5,5,5,4,4,4,4,4
TCGA-BH-A0RX-DX1_xmin69099_ymin22327_MPP-0.2500+282[0001].png,6808,6814,4817,3088,8112,6121,7091,1204,7948,4436,4,4,4,4,4,4,4,4,4,4
TCGA-BH-A0RX-DX1_xmin69099_ymin22327_MPP-0.2500+283[0001].png,3021,5741,4774,900,6054,8013,237,2028,7134,215,6,5,5,5,4,4,4,4,4,4
TCGA-BH-A0RX-DX1_xmin69099_ymin22327_MPP-0.2500+284[0001].png,2180,7694,7819,2666,2990,3044,2308,6048,6762,131,6,5,5,5,4,4,4,4,4,4
TCGA-BH-A0RX-DX1_xmin69099_ymin22327_MPP-0.2500+285[0001].png,7612,4100,2226,7694,778,3144,5780,1652,7249,2766,5,5,5,5,4,4,4,4,4,4
TCGA-BH-A0RX-DX1_xmin69099_ymin22327_MPP-0.2500+286[0001].png,6807,7539,5937,5213,840,6869,5912,1652,4711,131,6,6,5,5,5,5,4,4,4,4
TCGA-BH-A0RX-DX1_xmin69099_ymin22327_MPP-0.2500+287[0001].png,4100,145,216,3268,2336,5872,2083,5367,1109,5735,5,5,5,5,5,5,5,4,4,4
TCGA-BH-A0RX-DX1_xmin69099_ymin22327_MPP-0.2500+288[0001].png,2308,4711,7539,2226,7694,131,8073,5454,2482,3088,7,7,6,5,5,5,5,5,4,4
TCGA-BH-A0RX-DX1_xmin69099_ymin22327_MPP-0.2500+289[0001].png,7694,840,1476,1652,5023,4282,3120,131,2194,3088,8,6,5,5,4,4,4,4,4,4
TCGA-BH-A0RX-DX1_xmin69099_ymin22327_MPP-0.2500+290[0001].png,2226,5741,840,1652,6809,778,2870,3021,6045,267,8,7,6,6,5,5,4,4,4,4
TCGA-BH-A0RX-DX1_xmin69099_ymin22327_MPP-0.2500+293[0001].png,3088,6595,5292,4311,725,1476,5937,3637,4965,7808,6,6,6,5,5,5,5,4,4,4
TCGA-BH-A0RX-DX1_xmin69099_ymin22327_MPP-0.2500+294[0001].png,6702,1842,7694,778,4711,4311,4430,7249,332,7808,6,6,6,5,5,4,4,4,4,4
TCGA-BH-A0RX-DX1_xmin69099_ymin22327_MPP-0.2500+295[0001].png,7165,2477,7565,237,267,7501,2903,839,840,958,6,5,5,4,4,4,4,4,4,4
TCGA-BH-A0RX-DX1_xmin69099_ymin22327_MPP-0.2500+296[0001].png,3088,3209,2666,267,2650,4817,4711,475,2903,1109,6,5,5,5,5,5,5,4,4,4
TCGA-BH-A0RX-DX1_xmin69099_ymin22327_MPP-0.2500+297[0001].png,6931,2308,5611,7134,131,5392,3836,3619,1373,6702,6,6,5,5,5,5,5,4,4,4
TCGA-BH-A0WA-DX1_xmin56581_ymin24774_MPP-0.2500+101[0001].png,4131,5023,725,7948,1609,335,3442,1460,1842,5428,6,5,5,4,4,4,4,4,4,4
TCGA-BH-A0WA-DX1_xmin56581_ymin24774_MPP-0.2500+102[0001].png,778,1652,5741,332,7899,5213,2226,2870,7189,5498,7,6,5,5,5,5,5,4,4,4
TCGA-BH-A0WA-DX1_xmin56581_ymin24774_MPP-0.2500+103[0001].png,4711,1652,725,196,958,4965,7416,332,7948,267,8,6,5,5,5,4,4,4,4,4
TCGA-BH-A0WA-DX1_xmin56581_ymin24774_MPP-0.2500+10[0001].png,2226,4198,1652,3836,4691,7869,3209,4965,2870,7134,5,5,5,4,4,4,4,4,4,4
TCGA-BH-A0WA-DX1_xmin56581_ymin24774_MPP-0.2500+124[0001].png,2021,5561,215,2226,7189,3230,453,6263,4068,5203,5,5,5,5,5,5,4,4,4,4
TCGA-BH-A0WA-DX1_xmin56581_ymin24774_MPP-0.2500+125[0001].png,7819,2226,6045,2278,215,4311,7459,3849,6869,5741,9,6,6,5,5,5,5,5,4,4
TCGA-BH-A0WA-DX1_xmin56581_ymin24774_MPP-0.2500+126[0001].png,5702,725,7501,6194,6808,4261,6485,7694,5741,8110,5,5,5,5,4,4,4,4,4,4
TCGA-BH-A0WA-DX1_xmin56581_ymin24774_MPP-0.2500+148[0001].png,1652,1813,3030,5741,7470,4430,1373,2703,725,196,9,6,6,5,5,5,4,4,4,4
TCGA-BH-A0WA-DX1_xmin56581_ymin24774_MPP-0.2500+149[0001].png,1652,4250,7091,4817,7808,352,464,3349,3044,5741,9,7,6,5,5,5,5,5,5,4
TCGA-BH-A0WA-DX1_xmin56581_ymin24774_MPP-0.2500+150[0001].png,3088,1813,8013,5999,215,2812,2967,6795,319,267,7,7,6,5,5,5,5,4,4,4
TCGA-BH-A0WA-DX1_xmin56581_ymin24774_MPP-0.2500+151[0001].png,1652,3088,2666,2226,7450,1842,186,7269,371,2021,10,5,5,5,5,4,4,4,4,4
TCGA-BH-A0WA-DX1_xmin56581_ymin24774_MPP-0.2500+16[0001].png,5999,1109,8110,4430,3030,1196,5428,2226,6045,6022,6,5,5,5,4,4,4,4,4,4
TCGA-BH-A0WA-DX1_xmin56581_ymin24774_MPP-0.2500+174[0001].png,1842,6702,5780,4859,7599,6652,6045,6720,2226,8051,8,6,5,5,4,4,4,4,4,4
TCGA-BH-A0WA-DX1_xmin56581_ymin24774_MPP-0.2500+175[0001].png,1813,6902,6509,5810,2226,4711,6931,2083,2903,5203,7,6,6,6,5,5,5,4,4,4
TCGA-BH-A0WA-DX1_xmin56581_ymin24774_MPP-0.2500+176[0001].png,2226,453,3836,1652,5741,4711,7212,3114,7392,7028,7,6,5,5,5,5,4,4,4,4
TCGA-BH-A0WA-DX1_xmin56581_ymin24774_MPP-0.2500+177[0001].png,215,3230,7189,5763,5937,2000,516,7134,6931,5735,6,5,4,4,4,4,4,4,4,4
TCGA-BH-A0WA-DX1_xmin56581_ymin24774_MPP-0.2500+178[0001].png,958,3619,2650,144,3030,2903,3024,3629,3125,1413,6,6,5,5,5,5,4,4,4,4
TCGA-BH-A0WA-DX1_xmin56581_ymin24774_MPP-0.2500+179[0001].png,7694,5912,2903,5428,6869,5235,7539,578,4340,319,5,5,5,4,4,4,4,4,4,4
TCGA-BH-A0WA-DX1_xmin56581_ymin24774_MPP-0.2500+17[0001].png,2903,8081,1652,2666,6702,6830,2278,7249,8082,5235,6,5,5,4,4,4,4,4,4,4
TCGA-BH-A0WA-DX1_xmin56581_ymin24774_MPP-0.2500+18[0001].png,2226,7694,7189,7539,5810,7149,1652,5433,5392,3208,7,6,5,5,5,4,4,4,4,4
TCGA-BH-A0WA-DX1_xmin56581_ymin24774_MPP-0.2500+200[0001].png,7189,2308,7694,1373,3526,7916,2774,162,3684,3836,7,5,5,4,4,4,4,4,4,4
TCGA-BH-A0WA-DX1_xmin56581_ymin24774_MPP-0.2500+201[0001].png,1652,8013,1813,5213,2990,3030,1476,693,7165,7694,5,5,5,4,4,4,4,4,4,4
TCGA-BH-A0WA-DX1_xmin56581_ymin24774_MPP-0.2500+202[0001].png,1813,6795,7249,2997,2226,2870,6931,4911,5561,3518,6,5,5,4,4,4,4,4,4,4
TCGA-BH-A0WA-DX1_xmin56581_ymin24774_MPP-0.2500+203[0001].png,2308,4711,8110,215,6808,5235,5718,1652,6795,2493,7,6,6,5,5,5,5,5,5,4
TCGA-BH-A0WA-DX1_xmin56581_ymin24774_MPP-0.2500+226[0001].png,2336,6121,1652,2226,4817,4376,6502,8126,2870,5213,7,5,5,5,5,5,5,4,4,4
TCGA-BH-A0WA-DX1_xmin56581_ymin24774_MPP-0.2500+227[0001].png,778,2180,5392,5428,2635,3619,7732,4480,4711,1297,6,5,5,5,5,4,4,4,4,4
TCGA-BH-A0WA-DX1_xmin56581_ymin24774_MPP-0.2500+228[0001].png,1652,5999,215,7549,2967,4711,2308,1297,6869,5610,5,5,5,5,5,5,4,4,4,4
TCGA-BH-A0WA-DX1_xmin56581_ymin24774_MPP-0.2500+250[0001].png,4377,5780,6231,5023,6595,1413,4311,1652,4711,4978,4,4,4,4,4,4,4,4,4,4
TCGA-BH-A0WA-DX1_xmin56581_ymin24774_MPP-0.2500+25[0001].png,4711,2226,9,3836,7694,2997,3088,1652,1842,7411,5,4,4,4,4,4,4,4,4,4
TCGA-BH-A0WA-DX1_xmin56581_ymin24774_MPP-0.2500+26[0001].png,1652,4131,6724,8037,2870,2903,5606,2477,319,1842,9,6,5,5,5,4,4,4,4,4
TCGA-BH-A0WA-DX1_xmin56581_ymin24774_MPP-0.2500+275[0001].png,6964,215,237,3817,7721,2540,2226,7024,6799,7165,5,4,4,4,4,4,4,4,4,4
TCGA-BH-A0WA-DX1_xmin56581_ymin24774_MPP-0.2500+27[0001].png,1652,6762,3619,7501,4259,4711,972,5780,6054,1373,7,6,5,5,5,5,4,4,4,4
TCGA-BH-A0WA-DX1_xmin56581_ymin24774_MPP-0.2500+36[0001].png,7189,4131,5912,7853,2635,6045,7612,371,1813,1297,6,5,5,4,4,4,4,4,4,4
TCGA-BH-A0WA-DX1_xmin56581_ymin24774_MPP-0.2500+9[0001].png,1652,5999,6995,6045,1842,591,267,6054,5636,7869,6,5,5,5,5,4,4,4,4,4
TCGA-BH-A18V-DX1_xmin50030_ymin48454_MPP-0.2500+107[0001].png,1813,6808,3088,6979,3230,1775,7024,1347,7134,5780,5,5,5,4,4,4,4,4,4,4
TCGA-BH-A18V-DX1_xmin50030_ymin48454_MPP-0.2500+115[0001].png,6795,3836,3044,2308,5023,5249,4259,781,6892,3209,6,5,5,5,4,4,4,4,4,4
TCGA-BH-A18V-DX1_xmin50030_ymin48454_MPP-0.2500+39[0001].png,1836,4817,4430,267,1357,1842,4259,215,3088,3024,6,6,6,6,5,5,5,4,4,4
TCGA-BH-A18V-DX1_xmin50030_ymin48454_MPP-0.2500+40[0001].png,3526,3908,7089,5780,2226,4711,3088,131,2870,1836,7,6,6,5,5,5,4,4,4,4
TCGA-BH-A18V-DX1_xmin50030_ymin48454_MPP-0.2500+53[0001].png,3526,5780,1813,7400,453,237,1911,778,389,7249,7,6,5,4,4,4,4,4,4,4
TCGA-BH-A18V-DX1_xmin50030_ymin48454_MPP-0.2500+54[0001].png,2967,335,404,267,1813,4250,3209,7880,516,553,7,6,5,5,5,5,5,4,4,4
TCGA-BH-A18V-DX1_xmin50030_ymin48454_MPP-0.2500+55[0001].png,2666,5433,4168,7549,215,7430,2990,5065,7189,6192,6,4,4,4,4,4,4,4,4,4
TCGA-BH-A18V-DX1_xmin50030_ymin48454_MPP-0.2500+68[0001].png,4606,5999,2685,5780,1157,3088,4817,3526,3208,2308,7,7,6,5,5,5,5,5,4,4
TCGA-BH-A18V-DX1_xmin50030_ymin48454_MPP-0.2500+69[0001].png,3230,5735,453,5999,5780,4369,781,2278,7032,3209,6,5,5,4,4,4,4,4,4,4
TCGA-BH-A18V-DX1_xmin50030_ymin48454_MPP-0.2500+82[0001].png,4711,1813,6321,352,1312,3189,1389,5904,1157,958,8,6,6,6,6,5,5,4,4,4
TCGA-BH-A18V-DX1_xmin50030_ymin48454_MPP-0.2500+83[0001].png,4430,1297,7189,3908,5717,1157,3466,6137,5097,7876,7,5,5,4,4,4,4,4,4,4
TCGA-BH-A18V-DX1_xmin50030_ymin48454_MPP-0.2500+98[0001].png,7175,1836,34,7948,7819,2967,3088,5717,4199,2870,8,6,6,5,5,5,5,5,4,4
TCGA-BH-A18V-DX1_xmin50030_ymin48454_MPP-0.2500+99[0001].png,2326,3088,4063,3200,2194,5717,6960,1813,1842,6321,6,6,5,5,5,4,4,4,4,4
TCGA-BH-A1EW-DX1_xmin66752_ymin42706_MPP-0.2500+55[0001].png,778,1836,6226,1569,2226,3526,1476,8013,7160,4311,8,6,6,6,6,5,5,5,5,5
TCGA-C8-A1HJ-DX1_xmin46412_ymin17174_MPP-0.2500+0[0001].png,2666,5999,3000,7134,2308,2977,3209,7091,124,4240,6,5,5,5,5,4,4,4,4,4
TCGA-C8-A1HJ-DX1_xmin46412_ymin17174_MPP-0.2500+110[0001].png,3044,2226,237,4711,2870,4100,7808,196,1361,2967,5,5,5,5,5,4,4,4,4,4
TCGA-C8-A1HJ-DX1_xmin46412_ymin17174_MPP-0.2500+11[0001].png,6678,3088,7134,2967,3565,4711,4817,131,3619,7089,6,6,5,5,5,5,4,4,4,4
TCGA-C8-A1HJ-DX1_xmin46412_ymin17174_MPP-0.2500+12[0001].png,5428,2903,5741,2194,8081,3000,4430,8110,2308,237,7,6,5,5,5,5,5,5,5,4
TCGA-C8-A1HJ-DX1_xmin46412_ymin17174_MPP-0.2500+13[0001].png,4711,5498,6121,2967,2018,5428,2308,1297,7408,2336,8,5,5,5,5,5,4,4,4,4
TCGA-C8-A1HJ-DX1_xmin46412_ymin17174_MPP-0.2500+14[0001].png,4711,1460,2493,7869,1654,2308,1682,145,693,5603,6,5,5,5,4,4,4,4,4,4
TCGA-C8-A1HJ-DX1_xmin46412_ymin17174_MPP-0.2500+15[0001].png,1842,5702,2967,2841,2278,7808,3088,2651,5603,7165,7,5,5,5,5,5,4,4,4,4
TCGA-C8-A1HJ-DX1_xmin46412_ymin17174_MPP-0.2500+1[0001].png,1842,4817,5023,3088,4711,352,5603,4250,8049,3247,8,7,6,5,5,5,5,5,5,5
TCGA-C8-A1HJ-DX1_xmin46412_ymin17174_MPP-0.2500+22[0001].png,6702,5834,5203,1463,4817,7134,1652,3526,2766,4582,10,6,6,5,5,4,4,4,4,4
TCGA-C8-A1HJ-DX1_xmin46412_ymin17174_MPP-0.2500+23[0001].png,4376,5094,6652,516,5392,1836,1297,3209,3088,1312,6,6,6,6,6,5,5,5,5,4
TCGA-C8-A1HJ-DX1_xmin46412_ymin17174_MPP-0.2500+24[0001].png,3088,5780,131,1842,496,1652,2932,6966,352,7649,8,8,6,5,5,5,4,4,4,4
TCGA-C8-A1HJ-DX1_xmin46412_ymin17174_MPP-0.2500+25[0001].png,2226,4080,4711,1977,215,6179,7448,8081,5235,3487,7,7,6,5,5,5,5,5,5,4
TCGA-C8-A1HJ-DX1_xmin46412_ymin17174_MPP-0.2500+26[0001].png,131,7134,2482,5428,4250,1312,5203,2308,7941,6833,6,5,5,5,5,5,5,5,4,4
TCGA-C8-A1HJ-DX1_xmin46412_ymin17174_MPP-0.2500+27[0001].png,216,5780,7189,7880,5235,5741,5717,4160,6795,2557,7,5,5,5,5,5,5,4,4,4
TCGA-C8-A1HJ-DX1_xmin46412_ymin17174_MPP-0.2500+2[0001].png,1842,4250,237,5702,5428,216,5718,3637,3044,1460,7,7,6,6,4,4,4,4,4,4
TCGA-C8-A1HJ-DX1_xmin46412_ymin17174_MPP-0.2500+33[0001].png,2326,5702,162,7694,5718,4430,2226,4711,594,3,6,5,5,5,5,5,5,5,4,4
TCGA-C8-A1HJ-DX1_xmin46412_ymin17174_MPP-0.2500+34[0001].png,4711,7134,1842,44,6966,1297,215,5097,6905,5603,8,7,7,6,6,6,6,5,5,5
TCGA-C8-A1HJ-DX1_xmin46412_ymin17174_MPP-0.2500+35[0001].png,5999,5203,3088,2194,276,8059,1297,5872,5541,5735,9,8,6,5,5,5,4,4,4,4
TCGA-C8-A1HJ-DX1_xmin46412_ymin17174_MPP-0.2500+36[0001].png,5203,3209,4430,267,3088,6657,8110,1842,4711,2870,8,7,7,6,6,6,5,5,5,5
TCGA-C8-A1HJ-DX1_xmin46412_ymin17174_MPP-0.2500+37[0001].png,4430,2021,8081,6045,5673,5999,725,4911,6757,3801,6,5,5,4,4,4,4,4,4,4
TCGA-C8-A1HJ-DX1_xmin46412_ymin17174_MPP-0.2500+38[0001].png,2903,7101,516,6795,1375,145,6931,131,591,935,6,5,5,5,5,5,5,5,5,4
TCGA-C8-A1HJ-DX1_xmin46412_ymin17174_MPP-0.2500+3[0001].png,4711,7189,1109,1682,5810,1297,8066,4950,5661,1471,9,6,5,5,5,5,5,5,4,4
TCGA-C8-A1HJ-DX1_xmin46412_ymin17174_MPP-0.2500+44[0001].png,5203,4436,5392,2308,3637,131,5702,5937,389,2336,8,6,6,6,5,5,5,5,5,5
TCGA-C8-A1HJ-DX1_xmin46412_ymin17174_MPP-0.2500+45[0001].png,237,2967,162,7869,5235,4430,7694,5999,3088,6931,7,6,6,5,5,5,5,5,5,4
TCGA-C8-A1HJ-DX1_xmin46412_ymin17174_MPP-0.2500+46[0001].png,3637,2903,5203,3836,1869,5428,8081,1842,2308,6807,7,6,6,6,5,5,5,5,5,5
TCGA-C8-A1HJ-DX1_xmin46412_ymin17174_MPP-0.2500+47[0001].png,1842,5872,131,3021,4250,8081,4240,3209,5702,872,6,6,6,5,5,5,5,5,5,5
TCGA-C8-A1HJ-DX1_xmin46412_ymin17174_MPP-0.2500+48[0001].png,6931,7899,5094,4711,7880,6121,8081,7694,7612,2967,5,5,5,5,5,4,4,4,4,4
TCGA-C8-A1HJ-DX1_xmin46412_ymin17174_MPP-0.2500+4[0001].png,5780,1654,1869,2278,7568,131,4480,6321,7357,1298,7,6,5,5,4,4,4,4,4,4
TCGA-C8-A1HJ-DX1_xmin46412_ymin17174_MPP-0.2500+55[0001].png,131,3088,1842,7869,6678,1297,840,4250,2967,7501,8,7,6,6,5,5,5,5,5,4
TCGA-C8-A1HJ-DX1_xmin46412_ymin17174_MPP-0.2500+56[0001].png,3088,8110,3209,2967,1869,3000,1356,4817,6222,915,8,6,6,6,6,5,5,5,5,5
TCGA-C8-A1HJ-DX1_xmin46412_ymin17174_MPP-0.2500+57[0001].png,5235,2876,7134,4430,6222,2967,781,3088,5780,4369,6,5,5,5,5,5,5,5,5,4
TCGA-C8-A1HJ-DX1_xmin46412_ymin17174_MPP-0.2500+66[0001].png,267,4430,5203,4711,3836,215,693,6264,6931,131,8,6,6,6,6,6,5,5,5,5
TCGA-C8-A1HJ-DX1_xmin46412_ymin17174_MPP-0.2500+67[0001].png,3637,2967,6931,1361,4817,1842,2226,131,693,3000,7,5,5,5,5,5,5,4,4,4
TCGA-C8-A1HJ-DX1_xmin46412_ymin17174_MPP-0.2500+68[0001].png,2336,6137,3209,2278,2967,6809,5834,2308,6480,5702,6,5,5,5,5,4,4,4,4,4
TCGA-C8-A1HJ-DX1_xmin46412_ymin17174_MPP-0.2500+77[0001].png,5203,1297,5454,3268,4711,3619,2967,8082,3088,1652,7,7,6,6,6,6,5,5,5,5
TCGA-C8-A1HJ-DX1_xmin46412_ymin17174_MPP-0.2500+78[0001].png,1842,4711,3836,2308,2482,1297,4693,5235,331,6194,7,6,6,5,5,5,5,4,4,4
TCGA-C8-A1HJ-DX1_xmin46412_ymin17174_MPP-0.2500+79[0001].png,8081,5392,7869,5702,2903,3044,267,4711,131,6480,6,6,5,5,5,4,4,4,4,4
TCGA-C8-A1HJ-DX1_xmin46412_ymin17174_MPP-0.2500+88[0001].png,5741,6931,3088,5937,216,5763,8082,5717,4250,6547,7,7,6,5,5,5,5,4,4,4
TCGA-C8-A1HJ-DX1_xmin46412_ymin17174_MPP-0.2500+89[0001].png,2308,7948,5424,781,7880,5780,2903,4430,6045,2482,6,6,5,5,5,4,4,4,4,4
TCGA-C8-A1HJ-DX1_xmin46412_ymin17174_MPP-0.2500+98[0001].png,3088,3526,5023,1682,2308,7089,6795,5937,2330,2226,6,6,5,5,5,5,5,5,4,4
TCGA-C8-A26X-DX1_xmin8990_ymin27544_MPP-0.2500+131[0001].png,958,582,4143,7249,7808,2226,1813,1109,7916,7360,9,7,7,7,6,6,6,5,5,5
TCGA-C8-A26X-DX1_xmin8990_ymin27544_MPP-0.2500+132[0001].png,2903,8013,6588,7249,6045,6908,7160,3000,1696,5735,5,5,5,5,5,5,5,4,4,4
TCGA-C8-A26X-DX1_xmin8990_ymin27544_MPP-0.2500+170[0001].png,7249,2308,4725,7899,3192,4533,7628,3908,4377,958,7,4,4,4,4,4,4,4,4,4
TCGA-C8-A26X-DX1_xmin8990_ymin27544_MPP-0.2500+181[0001].png,2903,1813,215,2226,7016,725,2194,4436,7733,5392,8,5,5,5,5,5,4,4,4,4
TCGA-C8-A26X-DX1_xmin8990_ymin27544_MPP-0.2500+188[0001].png,297,7028,371,6702,5065,1624,7790,958,5999,6795,6,6,5,5,5,5,5,4,4,4
TCGA-C8-A26X-DX1_xmin8990_ymin27544_MPP-0.2500+189[0001].png,5047,1297,7869,3030,2083,237,4711,6702,5999,4143,6,5,5,5,5,4,4,4,4,4
TCGA-C8-A26X-DX1_xmin8990_ymin27544_MPP-0.2500+190[0001].png,6931,3044,216,840,5999,3209,2646,1413,5718,6762,6,5,5,5,5,5,5,5,4,4
TCGA-C8-A26X-DX1_xmin8990_ymin27544_MPP-0.2500+195[0001].png,7899,3619,7175,4377,7392,828,3637,144,7539,7895,6,5,4,4,4,4,4,4,4,4
TCGA-C8-A26X-DX1_xmin8990_ymin27544_MPP-0.2500+196[0001].png,778,7694,1373,6571,7160,7869,4311,4480,7091,6931,7,6,5,5,5,5,5,4,4,4
TCGA-C8-A26X-DX1_xmin8990_ymin27544_MPP-0.2500+197[0001].png,7869,2476,2194,1842,1869,5599,6588,697,5872,7392,7,5,5,5,5,5,5,5,4,4
TCGA-C8-A26X-DX1_xmin8990_ymin27544_MPP-0.2500+200[0001].png,3000,6931,1716,6264,2083,4436,7540,6678,4377,4674,6,5,5,5,4,4,4,4,4,4
TCGA-C8-A26X-DX1_xmin8990_ymin27544_MPP-0.2500+201[0001].png,1196,6931,7501,4711,7948,7175,131,7899,7028,5735,5,5,5,4,4,4,4,4,4,4
TCGA-C8-A26X-DX1_xmin8990_ymin27544_MPP-0.2500+86[0001].png,3088,6795,6121,267,1413,4524,6219,6054,6966,5367,5,5,5,4,4,4,4,4,4,4
TCGA-C8-A27B-DX1_xmin52632_ymin11349_MPP-0.2500+219[0001].png,6045,2083,1571,7134,4322,5018,7249,5133,5741,840,5,5,5,5,4,4,4,4,4,4
TCGA-C8-A27B-DX1_xmin52632_ymin11349_MPP-0.2500+220[0001].png,958,3889,3088,5912,4501,7392,2756,2292,8073,982,9,6,5,5,4,4,4,4,4,4
TCGA-C8-A27B-DX1_xmin52632_ymin11349_MPP-0.2500+334[0001].png,5207,516,958,7948,7028,7950,2275,5325,2666,3088,7,6,6,5,5,4,4,4,4,4
TCGA-C8-A27B-DX1_xmin52632_ymin11349_MPP-0.2500+345[0001].png,389,2751,1813,778,2686,7337,7948,5780,4559,2990,5,5,5,5,5,4,4,4,4,4
TCGA-C8-A27B-DX1_xmin52632_ymin11349_MPP-0.2500+346[0001].png,582,4072,7249,1911,5100,7091,662,6480,3127,2588,7,7,6,6,5,5,5,4,4,4
TCGA-C8-A27B-DX1_xmin52632_ymin11349_MPP-0.2500+356[0001].png,958,6795,840,601,3849,453,7694,7880,7948,7899,8,6,6,6,6,5,5,5,5,5
TCGA-C8-A27B-DX1_xmin52632_ymin11349_MPP-0.2500+375[0001].png,7835,3026,2977,215,7501,3526,7880,3619,4436,5047,7,6,5,5,4,4,4,4,4,4
TCGA-C8-A27B-DX1_xmin52632_ymin11349_MPP-0.2500+376[0001].png,5999,390,5741,4322,7694,6795,7459,237,131,1133,6,6,5,5,5,5,4,4,4,4
TCGA-C8-A27B-DX1_xmin52632_ymin11349_MPP-0.2500+377[0001].png,958,6795,3026,7175,6892,2308,6045,390,4711,6869,7,6,6,5,5,5,5,4,4,4
TCGA-C8-A27B-DX1_xmin52632_ymin11349_MPP-0.2500+386[0001].png,390,2226,186,3296,4080,6045,5999,2588,958,371,6,6,5,5,5,5,5,5,5,4
TCGA-C8-A27B-DX1_xmin52632_ymin11349_MPP-0.2500+387[0001].png,2308,4072,5100,2776,3026,2194,5912,5023,3088,629,6,6,6,5,5,5,5,4,4,4
TCGA-C8-A27B-DX1_xmin52632_ymin11349_MPP-0.2500+388[0001].png,6045,2308,5133,3526,7835,4311,601,267,5937,3889,6,6,5,5,4,4,4,4,4,4
TCGA-C8-A27B-DX1_xmin52632_ymin11349_MPP-0.2500+396[0001].png,404,7591,7189,6045,2226,6321,594,898,7694,453,5,5,5,5,5,4,4,4,4,4
TCGA-C8-A27B-DX1_xmin52632_ymin11349_MPP-0.2500+397[0001].png,3026,4725,1869,1767,7149,2308,2326,4322,4311,817,6,6,5,5,4,4,4,4,4,4
TCGA-C8-A27B-DX1_xmin52632_ymin11349_MPP-0.2500+398[0001].png,7459,2666,7694,1767,1813,5912,7899,6795,4376,7243,6,5,5,5,5,5,5,5,4,4
TCGA-C8-A27B-DX1_xmin52632_ymin11349_MPP-0.2500+399[0001].png,3026,3619,5912,1813,3209,982,44,6045,8082,5433,7,6,6,5,4,4,4,4,4,4
TCGA-C8-A3M7-DX1_xmin41677_ymin66930_MPP-0.2500+53[0001].png,5937,6227,4711,2430,2602,4194,6022,335,44,7091,7,5,5,5,5,5,4,4,4,4
TCGA-C8-A3M7-DX1_xmin41677_ymin66930_MPP-0.2500+79[0001].png,1311,44,5203,781,3126,1312,2083,3981,1357,1842,6,5,5,4,4,4,4,4,4,4
TCGA-D8-A13Z-DX1_xmin30985_ymin49337_MPP-0.2500+214[0001].png,1652,144,2226,6321,3836,1297,215,3526,6869,958,10,7,7,6,6,6,6,5,5,5
TCGA-D8-A13Z-DX1_xmin30985_ymin49337_MPP-0.2500+243[0001].png,2703,3030,5741,5509,3200,5780,5203,1842,1297,1460,7,7,6,5,5,5,5,5,5,4
TCGA-D8-A13Z-DX1_xmin30985_ymin49337_MPP-0.2500+258[0001].png,4290,5937,3088,215,5094,4817,7303,335,1967,168,5,5,5,5,5,5,4,4,4,4
TCGA-D8-A13Z-DX1_xmin30985_ymin49337_MPP-0.2500+259[0001].png,7101,7880,5780,8013,3981,7266,44,1652,3247,3889,7,5,5,4,4,4,4,4,4,4
TCGA-D8-A13Z-DX1_xmin30985_ymin49337_MPP-0.2500+260[0001].png,6045,1654,3030,2990,1311,6194,6678,1652,578,4666,6,6,5,5,5,5,5,4,4,4
TCGA-D8-A13Z-DX1_xmin30985_ymin49337_MPP-0.2500+275[0001].png,1842,5937,215,7189,5763,915,725,515,5810,1813,6,6,5,5,5,5,5,4,4,4
TCGA-D8-A13Z-DX1_xmin30985_ymin49337_MPP-0.2500+290[0001].png,2990,1157,6048,778,4817,5166,5203,7007,1813,145,6,6,5,5,5,5,5,5,4,4
TCGA-D8-A13Z-DX1_xmin30985_ymin49337_MPP-0.2500+291[0001].png,3619,1654,5606,145,7091,7360,4911,5499,2226,5023,8,5,5,5,5,4,4,4,4,4
TCGA-D8-A13Z-DX1_xmin30985_ymin49337_MPP-0.2500+292[0001].png,4711,3487,2493,3000,5912,7694,6265,7370,2644,5717,6,6,5,5,5,5,4,4,4,4
TCGA-D8-A13Z-DX1_xmin30985_ymin49337_MPP-0.2500+293[0001].png,2308,3088,7694,7442,4817,4063,7091,6194,693,389,5,5,5,5,5,4,4,4,4,4
TCGA-D8-A13Z-DX1_xmin30985_ymin49337_MPP-0.2500+294[0001].png,781,1476,915,2776,6960,4436,1141,2493,7189,4376,6,6,5,4,4,4,4,4,4,4
TCGA-D8-A13Z-DX1_xmin30985_ymin49337_MPP-0.2500+309[0001].png,5741,4817,5428,7089,5610,145,4947,237,7175,1842,7,6,5,5,4,4,4,4,4,4
TCGA-D8-A13Z-DX1_xmin30985_ymin49337_MPP-0.2500+310[0001].png,3000,6795,5428,4602,3836,7101,1654,4817,3030,352,9,8,7,6,6,6,6,5,4,4
TCGA-D8-A13Z-DX1_xmin30985_ymin49337_MPP-0.2500+311[0001].png,6795,5428,5741,1311,781,34,2278,3000,6045,4817,9,7,6,5,5,5,5,5,4,4
TCGA-D8-A13Z-DX1_xmin30985_ymin49337_MPP-0.2500+312[0001].png,7869,1813,8014,7091,6121,7035,3487,131,5741,2228,5,5,5,4,4,4,4,4,4,4
TCGA-D8-A13Z-DX1_xmin30985_ymin49337_MPP-0.2500+324[0001].png,3044,4369,1813,2226,2308,3000,3526,4711,4250,4494,7,6,6,6,5,5,5,4,4,4
TCGA-D8-A13Z-DX1_xmin30985_ymin49337_MPP-0.2500+325[0001].png,3000,2308,5717,1312,6321,4131,4150,332,6227,1842,7,6,5,5,5,5,4,4,4,4
TCGA-D8-A13Z-DX1_xmin30985_ymin49337_MPP-0.2500+326[0001].png,7337,7101,4817,7175,5937,1842,5203,7045,4369,6652,6,6,6,5,5,4,4,4,4,4
TCGA-D8-A13Z-DX1_xmin30985_ymin49337_MPP-0.2500+327[0001].png,4250,778,6795,1654,5763,319,915,1203,7694,8110,6,5,5,5,5,5,4,4,4,4
TCGA-D8-A13Z-DX1_xmin30985_ymin49337_MPP-0.2500+328[0001].png,1652,2430,5259,2815,7899,44,1297,5428,1977,6048,5,5,5,5,5,4,4,4,4,4
TCGA-D8-A13Z-DX1_xmin30985_ymin49337_MPP-0.2500+341[0001].png,7694,8013,7249,1476,7101,124,3526,5717,352,1311,9,6,6,6,6,6,5,4,4,4
TCGA-D8-A13Z-DX1_xmin30985_ymin49337_MPP-0.2500+342[0001].png,3836,3088,4817,1682,7175,5741,389,2226,5763,7091,6,5,5,5,5,5,4,4,4,4
TCGA-D8-A13Z-DX1_xmin30985_ymin49337_MPP-0.2500+343[0001].png,2226,5741,3619,1842,4817,7249,1008,2493,5428,6795,9,8,8,6,6,5,5,5,5,4
TCGA-D8-A13Z-DX1_xmin30985_ymin49337_MPP-0.2500+344[0001].png,2226,1842,6045,4604,352,4259,7337,3151,131,216,7,7,6,5,5,4,4,4,4,4
TCGA-D8-A13Z-DX1_xmin30985_ymin49337_MPP-0.2500+345[0001].png,1652,4711,2226,5509,5937,1311,7091,1476,7189,6960,9,5,5,5,5,5,4,4,4,4
TCGA-D8-A13Z-DX1_xmin30985_ymin49337_MPP-0.2500+350[0001].png,2557,215,1813,2666,8110,2686,6678,7835,5912,840,9,9,7,6,5,5,5,4,4,4
TCGA-D8-A13Z-DX1_xmin30985_ymin49337_MPP-0.2500+351[0001].png,4436,1813,7024,4711,1311,2666,1569,2686,4911,4168,6,5,5,5,5,5,5,5,5,4
TCGA-D8-A13Z-DX1_xmin30985_ymin49337_MPP-0.2500+352[0001].png,7459,5780,1476,6321,3526,5872,7024,7899,4559,2336,6,6,6,6,5,5,4,4,4,4
TCGA-D8-A13Z-DX1_xmin30985_ymin49337_MPP-0.2500+353[0001].png,7024,6321,186,3836,215,7695,1813,2094,1218,2666,6,6,5,5,5,5,4,4,4,4
TCGA-D8-A13Z-DX1_xmin30985_ymin49337_MPP-0.2500+360[0001].png,4480,6121,8081,1911,5859,7948,6321,215,1157,6354,6,6,5,4,4,4,4,4,4,4
TCGA-D8-A13Z-DX1_xmin30985_ymin49337_MPP-0.2500+361[0001].png,6795,7101,6121,1440,2226,7528,168,1813,7880,2278,6,5,5,5,5,4,4,4,4,4
TCGA-D8-A13Z-DX1_xmin30985_ymin49337_MPP-0.2500+362[0001].png,7948,6619,5741,516,215,6595,7224,6190,6226,7101,6,6,5,5,5,4,4,4,4,4
TCGA-D8-A13Z-DX1_xmin30985_ymin49337_MPP-0.2500+368[0001].png,781,1813,7880,7085,1203,1652,215,145,5461,1911,7,6,5,5,5,5,5,5,4,4
TCGA-D8-A13Z-DX1_xmin30985_ymin49337_MPP-0.2500+369[0001].png,1297,1476,6045,7819,7175,453,3000,1218,216,7948,7,6,6,6,5,5,5,5,5,5
TCGA-D8-A13Z-DX1_xmin30985_ymin49337_MPP-0.2500+370[0001].png,7694,6321,1813,145,3209,1569,2226,8082,7674,2228,7,6,6,5,5,5,5,4,4,4
TCGA-D8-A13Z-DX1_xmin30985_ymin49337_MPP-0.2500+371[0001].png,4711,3434,4559,5912,4436,5872,5023,601,7442,215,6,5,5,5,5,5,5,4,4,4
TCGA-D8-A13Z-DX1_xmin30985_ymin49337_MPP-0.2500+372[0001].png,5207,1476,7948,4430,6321,1652,1025,2320,6619,7091,9,8,6,6,6,5,5,5,4,4
TCGA-D8-A13Z-DX1_xmin30985_ymin49337_MPP-0.2500+373[0001].png,6045,4150,3526,3971,237,144,3469,594,1311,5611,6,5,5,5,5,5,5,5,4,4
TCGA-D8-A13Z-DX1_xmin30985_ymin49337_MPP-0.2500+374[0001].png,4817,1813,3526,7694,781,3088,693,5610,2686,2650,8,7,5,5,5,5,5,5,5,5
TCGA-D8-A13Z-DX1_xmin30985_ymin49337_MPP-0.2500+379[0001].png,1813,7091,3127,7119,215,3526,6321,693,3030,1476,7,7,6,6,5,5,5,5,5,4
TCGA-D8-A13Z-DX1_xmin30985_ymin49337_MPP-0.2500+380[0001].png,778,4436,7807,6521,3044,44,4369,7880,215,7750,7,6,5,5,5,5,4,4,4,4
TCGA-D8-A13Z-DX1_xmin30985_ymin49337_MPP-0.2500+381[0001].png,7819,7694,5207,958,331,5226,8014,5860,1270,7337,7,7,6,6,6,6,5,5,4,4
TCGA-D8-A13Z-DX1_xmin30985_ymin49337_MPP-0.2500+387[0001].png,7249,1813,7337,168,7024,7442,2043,2780,1476,2919,8,6,5,5,4,4,4,4,4,4
TCGA-D8-A13Z-DX1_xmin30985_ymin49337_MPP-0.2500+388[0001].png,7948,2226,2776,4711,935,5433,1682,4436,4559,215,8,7,6,6,5,5,5,5,5,5
TCGA-D8-A13Z-DX1_xmin30985_ymin49337_MPP-0.2500+389[0001].png,7119,2954,4972,1813,7948,168,5611,2960,7249,1476,6,5,5,5,5,5,5,5,5,5
TCGA-D8-A13Z-DX1_xmin30985_ymin49337_MPP-0.2500+390[0001].png,3619,4711,453,7024,5259,1813,3836,7091,1569,2666,6,6,6,5,5,5,5,5,5,5
TCGA-D8-A13Z-DX1_xmin30985_ymin49337_MPP-0.2500+391[0001].png,216,2308,6045,4711,7249,2686,4043,3144,2493,7738,6,6,5,5,5,5,4,4,4,4
TCGA-D8-A13Z-DX1_xmin30985_ymin49337_MPP-0.2500+392[0001].png,1476,7880,781,1654,7189,7948,5428,3000,5741,7694,7,6,6,6,5,5,5,4,4,4
TCGA-D8-A13Z-DX1_xmin30985_ymin49337_MPP-0.2500+398[0001].png,1652,6678,3901,2308,3908,2226,8081,1911,2529,1126,6,5,5,5,5,5,5,4,4,4
TCGA-D8-A13Z-DX1_xmin30985_ymin49337_MPP-0.2500+399[0001].png,1813,2226,6321,7808,6795,4259,5872,7249,3088,3487,12,7,5,5,5,4,4,4,4,4
TCGA-D8-A13Z-DX1_xmin30985_ymin49337_MPP-0.2500+417[0001].png,1652,144,1476,4559,6321,915,5937,2990,5561,7091,8,7,6,6,5,4,4,4,4,4
TCGA-D8-A13Z-DX1_xmin30985_ymin49337_MPP-0.2500+429[0001].png,1813,7249,3088,4480,7948,144,1297,5741,215,6022,8,7,6,6,5,5,5,5,5,5
TCGA-D8-A13Z-DX1_xmin30985_ymin49337_MPP-0.2500+430[0001].png,2226,958,4559,6045,2336,1476,7869,4311,7212,5428,7,6,5,5,4,4,4,4,4,4
TCGA-D8-A13Z-DX1_xmin30985_ymin49337_MPP-0.2500+439[0001].png,7880,2226,7948,5912,7899,5097,5937,5603,8148,5207,7,6,6,5,5,5,4,4,4,4
TCGA-D8-A13Z-DX1_xmin30985_ymin49337_MPP-0.2500+440[0001].png,6321,2815,6633,725,2226,4430,3030,516,5561,3619,6,5,4,4,4,4,4,4,4,4
TCGA-D8-A13Z-DX1_xmin30985_ymin49337_MPP-0.2500+442[0001].png,144,6194,1476,4436,5433,3836,1813,4001,4080,2226,7,7,6,6,6,6,5,5,4,4
TCGA-D8-A13Z-DX1_xmin30985_ymin49337_MPP-0.2500+443[0001].png,4817,7249,1654,2650,215,1842,3000,3088,5392,7899,8,7,6,6,6,6,5,5,5,5
TCGA-D8-A13Z-DX1_xmin30985_ymin49337_MPP-0.2500+444[0001].png,2226,1842,4436,7808,4430,7948,1476,1357,2650,1836,8,7,6,6,5,5,5,5,4,4
TCGA-D8-A13Z-DX1_xmin30985_ymin49337_MPP-0.2500+445[0001].png,5912,6321,2646,7899,216,1297,4436,1813,7175,6869,6,6,5,5,5,5,5,5,4,4
TCGA-D8-A13Z-DX1_xmin30985_ymin49337_MPP-0.2500+446[0001].png,781,2226,1311,3030,7091,7337,6222,5717,1297,4168,6,6,5,4,4,4,4,4,4,4
TCGA-D8-A13Z-DX1_xmin30985_ymin49337_MPP-0.2500+452[0001].png,5603,2557,1654,3230,4430,516,5741,4494,2140,3908,6,6,6,6,5,5,5,5,4,4
TCGA-D8-A13Z-DX1_xmin30985_ymin49337_MPP-0.2500+453[0001].png,7175,6795,216,4602,3044,145,7101,2493,6678,630,7,6,6,5,5,5,5,5,4,4
TCGA-D8-A13Z-DX1_xmin30985_ymin49337_MPP-0.2500+454[0001].png,2308,5780,7101,7442,3836,3469,6902,2249,1813,6795,5,5,5,4,4,4,4,4,4,4
TCGA-D8-A13Z-DX1_xmin30985_ymin49337_MPP-0.2500+455[0001].png,215,1813,2686,1624,4711,1911,319,4817,3044,6678,9,5,4,4,4,4,4,4,4,4
TCGA-D8-A13Z-DX1_xmin30985_ymin49337_MPP-0.2500+456[0001].png,5717,5763,6678,4278,3088,3030,7222,6856,7549,3526,6,6,5,5,5,4,4,4,4,4
TCGA-D8-A13Z-DX1_xmin30985_ymin49337_MPP-0.2500+457[0001].png,3088,7694,5741,3,7599,7337,4604,1716,5780,4436,8,6,5,5,5,4,4,4,4,4
TCGA-D8-A13Z-DX1_xmin30985_ymin49337_MPP-0.2500+458[0001].png,7880,778,1682,3088,2990,6856,3487,4817,3126,8073,6,5,5,5,5,5,5,5,5,4
TCGA-D8-A13Z-DX1_xmin30985_ymin49337_MPP-0.2500+459[0001].png,5912,7694,1157,2967,7101,7134,915,4602,4817,4691,8,6,5,5,5,5,5,5,4,4
TCGA-D8-A13Z-DX1_xmin30985_ymin49337_MPP-0.2500+460[0001].png,5741,6652,1311,4817,5937,1842,4711,6702,3044,6964,8,6,6,6,5,5,5,4,4,4
TCGA-D8-A13Z-DX1_xmin30985_ymin49337_MPP-0.2500+461[0001].png,3088,6194,4817,216,2034,5428,958,5741,8013,4377,11,6,6,5,5,5,5,5,5,4
TCGA-D8-A13Z-DX1_xmin30985_ymin49337_MPP-0.2500+462[0001].png,7694,4817,4436,3836,2226,6678,3526,8101,4205,4711,6,6,6,5,5,5,5,4,4,4
TCGA-D8-A13Z-DX1_xmin30985_ymin49337_MPP-0.2500+463[0001].png,237,5741,7880,3088,5937,124,5098,6321,1463,7089,7,7,6,6,5,5,5,5,5,5
TCGA-D8-A13Z-DX1_xmin30985_ymin49337_MPP-0.2500+464[0001].png,2967,5392,5203,7599,6678,1842,6795,725,352,604,6,5,5,5,5,5,5,4,4,4
TCGA-D8-A13Z-DX1_xmin30985_ymin49337_MPP-0.2500+465[0001].png,1652,6795,3619,5780,215,6678,131,4131,4625,3526,7,7,5,4,4,4,4,4,4,4
TCGA-D8-A13Z-DX1_xmin30985_ymin49337_MPP-0.2500+470[0001].png,6795,5780,1842,5937,1311,3088,7152,4436,2308,6194,7,7,5,5,5,5,5,5,4,4
TCGA-D8-A13Z-DX1_xmin30985_ymin49337_MPP-0.2500+471[0001].png,5741,1813,215,8014,4947,516,2686,5428,7212,3088,7,6,6,6,5,5,4,4,4,4
TCGA-D8-A13Z-DX1_xmin30985_ymin49337_MPP-0.2500+472[0001].png,958,7091,7175,2226,4817,6121,1476,1842,7819,2870,7,7,5,5,5,5,5,4,4,4
TCGA-D8-A13Z-DX1_xmin30985_ymin49337_MPP-0.2500+473[0001].png,1652,1297,5741,5166,4817,6595,6121,7694,4168,5671,5,5,5,5,5,5,5,4,4,4
TCGA-D8-A13Z-DX1_xmin30985_ymin49337_MPP-0.2500+474[0001].png,4817,2308,2194,4559,352,4240,5780,4050,6095,6856,6,5,5,5,5,5,5,4,4,4
TCGA-D8-A13Z-DX1_xmin30985_ymin49337_MPP-0.2500+475[0001].png,3044,6678,2308,5937,3127,7750,4166,1311,4691,7007,5,5,5,4,4,4,4,4,4,4
TCGA-D8-A13Z-DX1_xmin30985_ymin49337_MPP-0.2500+476[0001].png,5741,1654,2557,1842,7212,3088,6227,6388,7808,3626,7,7,5,5,5,5,4,4,4,4
TCGA-D8-A13Z-DX1_xmin30985_ymin49337_MPP-0.2500+477[0001].png,778,1846,7175,4436,215,1506,1911,2967,3200,2140,8,5,4,4,4,4,4,4,4,4
TCGA-D8-A13Z-DX1_xmin30985_ymin49337_MPP-0.2500+478[0001].png,6678,4817,6856,3836,5023,5610,3000,5937,4494,5763,9,7,6,6,5,5,5,5,4,4
TCGA-D8-A13Z-DX1_xmin30985_ymin49337_MPP-0.2500+479[0001].png,8081,6623,1842,5741,1367,3000,6795,7853,3631,2127,6,5,5,5,5,5,5,5,5,5
TCGA-D8-A13Z-DX1_xmin30985_ymin49337_MPP-0.2500+480[0001].png,7880,6321,7549,781,1842,1813,6485,1311,7948,2650,7,6,5,5,5,5,5,5,5,5
TCGA-D8-A13Z-DX1_xmin30985_ymin49337_MPP-0.2500+481[0001].png,1357,7880,2557,3088,4817,7733,216,7175,6795,4376,6,6,6,5,5,5,5,5,4,4
TCGA-D8-A13Z-DX1_xmin30985_ymin49337_MPP-0.2500+482[0001].png,1842,4817,1150,4166,7400,5797,4777,781,5428,5114,8,6,6,6,5,5,5,5,4,4
TCGA-D8-A13Z-DX1_xmin30985_ymin49337_MPP-0.2500+483[0001].png,1311,144,3836,3189,3000,8140,6321,8081,4376,3619,5,5,5,5,5,5,4,4,4,4
TCGA-D8-A13Z-DX1_xmin30985_ymin49337_MPP-0.2500+76[0001].png,1652,6045,6869,1842,7091,5780,2226,3030,3849,6960,9,7,6,6,6,6,6,5,5,5
TCGA-D8-A13Z-DX1_xmin30985_ymin49337_MPP-0.2500+93[0001].png,958,6321,144,2226,1911,7459,6869,2308,5047,5741,12,8,6,6,6,6,6,5,5,5
TCGA-D8-A142-DX1_xmin62151_ymin41337_MPP-0.2500+0[0001].png,3088,725,5428,215,4817,2990,4131,2278,2226,6869,6,5,5,5,5,5,5,4,4,4
TCGA-D8-A142-DX1_xmin62151_ymin41337_MPP-0.2500+102[0001].png,5428,3094,5763,5780,1297,237,1652,5834,1682,516,6,6,6,5,5,5,5,5,5,4
TCGA-D8-A142-DX1_xmin62151_ymin41337_MPP-0.2500+103[0001].png,4376,2308,5106,2493,6795,216,5114,6702,7899,7101,5,5,5,5,4,4,4,4,4,4
TCGA-D8-A142-DX1_xmin62151_ymin41337_MPP-0.2500+11[0001].png,5937,5226,3836,4817,7880,4711,1842,7089,2308,5065,6,6,5,5,5,5,5,5,5,5
TCGA-D8-A142-DX1_xmin62151_ymin41337_MPP-0.2500+124[0001].png,2226,5203,2870,5763,7694,1476,4250,2776,8081,935,6,5,5,5,5,4,4,4,4,4
TCGA-D8-A142-DX1_xmin62151_ymin41337_MPP-0.2500+125[0001].png,1842,2226,4817,6048,186,3088,586,7175,7808,912,6,6,5,5,4,4,4,4,4,4
TCGA-D8-A142-DX1_xmin62151_ymin41337_MPP-0.2500+126[0001].png,2990,8110,5912,2226,2903,4559,4100,840,4480,34,8,5,5,5,5,4,4,4,4,4
TCGA-D8-A142-DX1_xmin62151_ymin41337_MPP-0.2500+127[0001].png,4436,3088,1842,7025,4311,3230,4711,216,958,2308,7,5,4,4,4,4,4,4,4,4
TCGA-D8-A142-DX1_xmin62151_ymin41337_MPP-0.2500+142[0001].png,6045,335,6795,3526,6808,1652,5797,1157,144,7880,7,7,6,6,5,5,5,4,4,4
TCGA-D8-A142-DX1_xmin62151_ymin41337_MPP-0.2500+143[0001].png,7694,6795,6045,3836,216,3526,2226,2504,3961,516,7,6,6,6,5,5,5,4,4,4
TCGA-D8-A142-DX1_xmin62151_ymin41337_MPP-0.2500+144[0001].png,6045,1652,7134,958,5912,3030,215,4436,3619,6321,8,8,6,6,6,5,5,5,5,5
TCGA-D8-A142-DX1_xmin62151_ymin41337_MPP-0.2500+147[0001].png,1476,3030,5937,6795,1813,5741,6045,2226,6809,778,7,7,7,6,6,6,6,5,5,5
TCGA-D8-A142-DX1_xmin62151_ymin41337_MPP-0.2500+148[0001].png,6795,2308,1842,6678,6480,7134,7337,4593,5392,6029,8,6,5,5,5,5,5,5,5,5
TCGA-D8-A142-DX1_xmin62151_ymin41337_MPP-0.2500+149[0001].png,145,2249,5999,2308,2083,581,5203,4131,1311,630,6,6,5,5,5,5,5,4,4,4
TCGA-D8-A142-DX1_xmin62151_ymin41337_MPP-0.2500+150[0001].png,2226,4436,3487,794,389,2308,5166,3889,1813,5780,8,7,5,5,4,4,4,4,4,4
TCGA-D8-A142-DX1_xmin62151_ymin41337_MPP-0.2500+151[0001].png,7249,215,3030,3230,5433,6045,2157,1813,3126,2275,8,6,5,5,5,5,5,4,4,4
TCGA-D8-A142-DX1_xmin62151_ymin41337_MPP-0.2500+152[0001].png,1652,7175,3230,267,5859,2557,781,6795,3619,2226,7,6,6,5,5,5,5,5,5,5
TCGA-D8-A142-DX1_xmin62151_ymin41337_MPP-0.2500+165[0001].png,8081,2903,3000,5912,6045,8185,958,1150,3127,276,7,6,6,5,5,5,5,5,5,5
TCGA-D8-A142-DX1_xmin62151_ymin41337_MPP-0.2500+166[0001].png,1311,3619,3526,1967,6045,4160,162,6226,1654,8126,6,6,6,5,5,5,4,4,4,4
TCGA-D8-A142-DX1_xmin62151_ymin41337_MPP-0.2500+167[0001].png,5912,335,3088,5937,6702,4480,3469,4259,5834,2650,7,6,5,5,5,5,4,4,4,4
TCGA-D8-A142-DX1_xmin62151_ymin41337_MPP-0.2500+168[0001].png,1813,7091,4436,7119,5392,3889,2780,6795,3365,3044,9,8,7,6,6,6,5,5,5,5
TCGA-D8-A142-DX1_xmin62151_ymin41337_MPP-0.2500+169[0001].png,7459,7028,2954,5860,144,4160,5912,7101,601,2320,10,8,7,6,6,6,5,5,5,5
TCGA-D8-A142-DX1_xmin62151_ymin41337_MPP-0.2500+170[0001].png,215,8013,4436,5741,3030,5912,7165,6892,6226,6960,9,6,5,5,5,5,5,4,4,4
TCGA-D8-A142-DX1_xmin62151_ymin41337_MPP-0.2500+171[0001].png,6321,216,6902,3889,7880,215,4911,2666,3526,2226,8,7,6,6,6,5,5,5,5,5
TCGA-D8-A142-DX1_xmin62151_ymin41337_MPP-0.2500+172[0001].png,1297,2278,5912,4436,3230,7694,6795,7249,276,630,6,6,5,5,5,4,4,4,4,4
TCGA-D8-A142-DX1_xmin62151_ymin41337_MPP-0.2500+173[0001].png,2990,6795,3526,1842,168,7091,5763,4817,3088,7337,7,5,5,5,4,4,4,4,4,4
TCGA-D8-A142-DX1_xmin62151_ymin41337_MPP-0.2500+174[0001].png,216,8110,781,1842,4711,7808,630,4494,2308,4642,6,6,6,5,5,5,4,4,4,4
TCGA-D8-A142-DX1_xmin62151_ymin41337_MPP-0.2500+175[0001].png,8049,725,7189,4817,2502,958,630,6869,7091,6045,7,6,6,6,5,5,4,4,4,4
TCGA-D8-A142-DX1_xmin62151_ymin41337_MPP-0.2500+176[0001].png,3230,3487,6795,6321,3088,8066,1652,2977,6045,3619,7,6,5,5,5,5,5,5,5,4
TCGA-D8-A142-DX1_xmin62151_ymin41337_MPP-0.2500+177[0001].png,3526,4711,7694,1311,2308,2990,7024,5937,7448,1361,7,7,6,6,6,6,5,5,4,4
TCGA-D8-A142-DX1_xmin62151_ymin41337_MPP-0.2500+178[0001].png,2557,1654,7164,2308,4043,4068,5023,6179,958,1775,6,5,5,5,4,4,4,4,4,4
TCGA-D8-A142-DX1_xmin62151_ymin41337_MPP-0.2500+188[0001].png,1652,2226,5780,5203,1476,778,2588,6226,6881,6326,10,9,7,7,5,5,5,4,4,4
TCGA-D8-A142-DX1_xmin62151_ymin41337_MPP-0.2500+189[0001].png,2226,8013,3209,781,2990,5235,215,3030,6931,1150,7,5,5,5,5,5,5,4,4,4
TCGA-D8-A142-DX1_xmin62151_ymin41337_MPP-0.2500+190[0001].png,6795,1297,6263,2967,7024,6121,6633,4817,7442,1977,7,6,5,4,4,4,4,4,4,4
TCGA-D8-A142-DX1_xmin62151_ymin41337_MPP-0.2500+191[0001].png,3836,7024,1312,7485,1297,3526,2841,7134,8066,7808,6,6,5,5,5,5,5,5,5,4
TCGA-D8-A142-DX1_xmin62151_ymin41337_MPP-0.2500+192[0001].png,3000,216,3044,6795,3619,389,6222,215,3030,2666,6,6,5,5,5,4,4,4,4,4
TCGA-D8-A142-DX1_xmin62151_ymin41337_MPP-0.2500+193[0001].png,6045,4711,34,1857,6702,3230,335,237,7484,6321,8,6,4,4,4,4,4,4,4,4
TCGA-D8-A142-DX1_xmin62151_ymin41337_MPP-0.2500+194[0001].png,6795,1652,1813,8013,6045,912,7223,6960,1356,617,6,6,6,5,5,5,4,4,4,4
TCGA-D8-A142-DX1_xmin62151_ymin41337_MPP-0.2500+195[0001].png,7101,3088,6045,5509,3030,1297,2650,319,2226,1652,7,6,5,5,5,4,4,4,4,4
TCGA-D8-A142-DX1_xmin62151_ymin41337_MPP-0.2500+196[0001].png,1813,145,215,1297,237,3088,725,4711,7189,5610,8,5,5,5,5,5,4,4,4,4
TCGA-D8-A142-DX1_xmin62151_ymin41337_MPP-0.2500+197[0001].png,1652,6048,4480,6856,1813,5166,2308,7899,5780,1311,7,7,7,5,5,5,5,4,4,4
TCGA-D8-A142-DX1_xmin62151_ymin41337_MPP-0.2500+198[0001].png,1652,4604,319,2226,5097,7694,3619,276,2815,2250,6,6,6,5,5,5,5,4,4,4
TCGA-D8-A142-DX1_xmin62151_ymin41337_MPP-0.2500+199[0001].png,8082,1682,4817,839,3619,7694,466,6657,3365,6795,5,5,5,5,4,4,4,4,4,4
TCGA-D8-A142-DX1_xmin62151_ymin41337_MPP-0.2500+200[0001].png,5780,778,3030,2990,4602,4666,2226,4817,216,3434,8,6,5,4,4,4,4,4,4,4
TCGA-D8-A142-DX1_xmin62151_ymin41337_MPP-0.2500+201[0001].png,7948,145,237,958,168,7869,1755,44,5937,2666,5,5,5,5,5,4,4,4,4,4
TCGA-D8-A142-DX1_xmin62151_ymin41337_MPP-0.2500+202[0001].png,5428,781,2493,2115,1652,4430,6795,725,1813,4150,6,6,5,5,5,5,5,4,4,4
TCGA-D8-A142-DX1_xmin62151_ymin41337_MPP-0.2500+203[0001].png,6795,778,7880,7869,7899,3326,8066,6702,1654,4947,7,6,6,5,5,4,4,4,4,4
TCGA-D8-A142-DX1_xmin62151_ymin41337_MPP-0.2500+204[0001].png,2226,5098,5428,6795,3889,5203,3230,5780,6194,3836,6,6,6,5,5,5,5,5,5,5
TCGA-D8-A142-DX1_xmin62151_ymin41337_MPP-0.2500+215[0001].png,4322,2308,1652,5780,5702,3836,2451,5937,4436,124,7,6,6,6,6,6,5,5,5,5
TCGA-D8-A142-DX1_xmin62151_ymin41337_MPP-0.2500+216[0001].png,3526,6652,5937,2226,4247,3044,7694,3030,6194,404,6,6,5,5,5,5,5,5,4,4
TCGA-D8-A142-DX1_xmin62151_ymin41337_MPP-0.2500+217[0001].png,3088,5763,3000,4817,2977,516,2557,2308,898,1297,9,6,5,5,5,5,4,4,4,4
TCGA-D8-A142-DX1_xmin62151_ymin41337_MPP-0.2500+218[0001].png,5428,3088,2043,6563,2226,2308,2780,7694,8076,7853,9,6,5,4,4,4,4,4,4,4
TCGA-D8-A142-DX1_xmin62151_ymin41337_MPP-0.2500+219[0001].png,5741,5097,3889,6045,2756,4160,3088,7134,2249,5872,6,5,5,5,4,4,4,4,4,4
TCGA-D8-A142-DX1_xmin62151_ymin41337_MPP-0.2500+220[0001].png,3030,1652,5937,3088,3526,7880,6194,1297,6724,297,9,9,7,6,6,5,5,5,4,4
TCGA-D8-A142-DX1_xmin62151_ymin41337_MPP-0.2500+221[0001].png,1652,3030,2226,6869,3526,4817,6321,7119,4911,1977,7,6,6,6,5,5,5,5,5,5
TCGA-D8-A142-DX1_xmin62151_ymin41337_MPP-0.2500+222[0001].png,4436,1297,7129,5937,1652,725,5392,2502,4480,2990,6,5,5,5,5,5,4,4,4,4
TCGA-D8-A142-DX1_xmin62151_ymin41337_MPP-0.2500+223[0001].png,6829,4436,3030,4290,778,6321,3088,145,7119,2140,5,5,5,5,5,5,5,4,4,4
TCGA-D8-A142-DX1_xmin62151_ymin41337_MPP-0.2500+224[0001].png,4817,1652,2226,4711,3088,1682,7733,5603,5166,1813,6,5,5,5,5,4,4,4,4,4
TCGA-D8-A142-DX1_xmin62151_ymin41337_MPP-0.2500+225[0001].png,3088,1842,5392,693,1654,1780,4419,389,7400,5937,8,7,5,5,4,4,4,4,4,4
TCGA-D8-A142-DX1_xmin62151_ymin41337_MPP-0.2500+226[0001].png,4817,2308,5797,4711,7869,2870,8014,1977,2967,6881,8,5,5,5,5,4,4,4,4,4
TCGA-D8-A142-DX1_xmin62151_ymin41337_MPP-0.2500+227[0001].png,3000,5912,4859,6795,1312,630,617,4436,3434,2876,7,6,5,5,5,5,4,4,4,4
TCGA-D8-A142-DX1_xmin62151_ymin41337_MPP-0.2500+228[0001].png,4436,4311,2308,1476,237,7880,5561,5498,7869,1464,6,5,5,5,5,5,5,5,4,4
TCGA-D8-A142-DX1_xmin62151_ymin41337_MPP-0.2500+229[0001].png,3526,3088,237,6264,5717,5428,6724,872,5797,1506,7,5,5,5,5,5,4,4,4,4
TCGA-D8-A142-DX1_xmin62151_ymin41337_MPP-0.2500+230[0001].png,1652,3088,3526,2226,3836,6702,1463,7694,1476,3021,8,8,6,5,5,5,5,5,5,4
TCGA-D8-A142-DX1_xmin62151_ymin41337_MPP-0.2500+231[0001].png,1652,601,8081,3230,4398,3836,2226,532,2493,840,6,5,5,5,4,4,4,4,4,4
TCGA-D8-A142-DX1_xmin62151_ymin41337_MPP-0.2500+23[0001].png,781,4160,1311,4711,5357,1654,8110,4376,267,8066,6,6,5,5,5,5,5,5,4,4
TCGA-D8-A142-DX1_xmin62151_ymin41337_MPP-0.2500+246[0001].png,1813,4817,7337,215,3626,1373,7089,632,1842,2794,8,6,6,5,5,5,4,4,4,4
TCGA-D8-A142-DX1_xmin62151_ymin41337_MPP-0.2500+247[0001].png,3836,2226,2308,7694,4711,3254,3088,7101,4311,216,7,6,6,5,5,5,5,5,4,4
TCGA-D8-A142-DX1_xmin62151_ymin41337_MPP-0.2500+248[0001].png,3526,1297,4711,3088,4947,3889,7101,3836,6321,3230,7,6,6,6,6,6,5,5,5,5
TCGA-D8-A142-DX1_xmin62151_ymin41337_MPP-0.2500+249[0001].png,7430,7119,6795,5999,4817,7869,6966,3088,4143,3200,6,5,5,5,5,4,4,4,4,4
TCGA-D8-A142-DX1_xmin62151_ymin41337_MPP-0.2500+24[0001].png,3836,5716,3044,4817,335,8049,6795,34,4711,389,6,5,5,5,5,5,5,4,4,4
TCGA-D8-A142-DX1_xmin62151_ymin41337_MPP-0.2500+250[0001].png,3088,7808,5797,3836,6226,7694,2903,6045,1807,5741,7,6,5,5,5,5,4,4,4,4
TCGA-D8-A142-DX1_xmin62151_ymin41337_MPP-0.2500+251[0001].png,3088,6045,7694,131,5937,516,7175,216,5203,5735,7,7,6,6,5,5,5,4,4,4
TCGA-D8-A142-DX1_xmin62151_ymin41337_MPP-0.2500+252[0001].png,3030,2226,6795,1157,4250,6902,5780,4436,5741,3088,6,6,6,6,5,5,5,5,4,4
TCGA-D8-A142-DX1_xmin62151_ymin41337_MPP-0.2500+253[0001].png,3000,1842,5428,778,3088,4817,4376,3030,7024,1652,6,6,5,5,5,5,5,5,5,5
TCGA-D8-A142-DX1_xmin62151_ymin41337_MPP-0.2500+254[0001].png,8081,6979,7694,3637,319,6321,6137,1813,1361,6678,7,5,5,5,5,5,4,4,4,4
TCGA-D8-A142-DX1_xmin62151_ymin41337_MPP-0.2500+255[0001].png,1652,7694,3088,4436,8081,7189,5912,4559,2226,958,7,6,6,6,5,5,5,5,5,5
TCGA-D8-A142-DX1_xmin62151_ymin41337_MPP-0.2500+256[0001].png,3088,1654,6808,216,2650,8081,1008,3030,4817,389,7,6,5,5,5,5,5,5,5,5
TCGA-D8-A142-DX1_xmin62151_ymin41337_MPP-0.2500+257[0001].png,7694,6795,3088,8165,2226,1652,5171,6446,6966,8016,7,7,6,6,6,6,4,4,4,4
TCGA-D8-A142-DX1_xmin62151_ymin41337_MPP-0.2500+258[0001].png,6795,6121,5741,6702,5671,3961,8081,5433,1813,5203,7,5,5,4,4,4,4,4,4,4
TCGA-D8-A142-DX1_xmin62151_ymin41337_MPP-0.2500+259[0001].png,2226,5912,2140,3088,7880,781,7337,5433,3030,1842,13,6,6,6,5,5,4,4,4,4
TCGA-D8-A142-DX1_xmin62151_ymin41337_MPP-0.2500+25[0001].png,1652,7337,3356,7212,6536,8081,7352,693,496,1001,6,4,4,4,4,4,4,4,4,4
TCGA-D8-A142-DX1_xmin62151_ymin41337_MPP-0.2500+260[0001].png,2308,3088,1652,1842,594,7808,3971,2226,3951,1682,7,7,6,6,6,5,5,5,5,5
TCGA-D8-A142-DX1_xmin62151_ymin41337_MPP-0.2500+261[0001].png,2226,6226,5741,7129,958,3870,2062,1652,144,578,7,7,6,5,5,5,5,4,4,4
TCGA-D8-A142-DX1_xmin62151_ymin41337_MPP-0.2500+262[0001].png,124,515,4377,1312,6856,5797,215,3849,6795,6045,5,4,4,4,4,4,4,4,4,4
TCGA-D8-A142-DX1_xmin62151_ymin41337_MPP-0.2500+26[0001].png,1813,1842,2870,1652,516,4160,2794,5780,7089,3151,8,7,5,5,5,5,5,4,4,4
TCGA-D8-A142-DX1_xmin62151_ymin41337_MPP-0.2500+276[0001].png,1297,6795,5763,3209,7249,7119,5023,5780,2967,3619,7,6,6,6,5,5,5,5,4,4
TCGA-D8-A142-DX1_xmin62151_ymin41337_MPP-0.2500+277[0001].png,7694,8081,1842,2226,5428,7549,8013,4376,5741,3044,6,6,5,5,5,5,4,4,4,4
TCGA-D8-A142-DX1_xmin62151_ymin41337_MPP-0.2500+278[0001].png,4376,1297,7549,1682,6795,3230,5797,5912,4775,5717,6,5,5,5,5,5,5,5,5,4
TCGA-D8-A142-DX1_xmin62151_ymin41337_MPP-0.2500+279[0001].png,5047,44,915,5999,5065,7694,7880,3908,5428,2903,6,5,5,5,5,5,5,5,5,4
TCGA-D8-A142-DX1_xmin62151_ymin41337_MPP-0.2500+280[0001].png,7089,4817,1842,7880,3088,6678,1967,7101,8126,7134,5,5,5,5,5,5,4,4,4,4
TCGA-D8-A142-DX1_xmin62151_ymin41337_MPP-0.2500+281[0001].png,3088,3526,7175,5797,6795,1842,7709,3416,7101,216,6,6,5,5,5,4,4,4,4,4
TCGA-D8-A142-DX1_xmin62151_ymin41337_MPP-0.2500+282[0001].png,7869,4711,2990,7899,6795,6045,5428,7189,2967,1298,7,6,6,6,6,6,5,5,4,4
TCGA-D8-A142-DX1_xmin62151_ymin41337_MPP-0.2500+283[0001].png,6321,3889,2990,6194,2226,6795,6674,1716,6045,915,7,6,6,5,5,5,4,4,4,4
TCGA-D8-A142-DX1_xmin62151_ymin41337_MPP-0.2500+284[0001].png,1311,6795,4711,2650,7189,935,6960,5741,2249,1652,8,6,6,6,5,5,5,5,4,4
TCGA-D8-A142-DX1_xmin62151_ymin41337_MPP-0.2500+285[0001].png,1652,145,6678,7808,3030,267,6964,5023,2308,582,8,6,5,5,5,5,5,4,4,4
TCGA-D8-A142-DX1_xmin62151_ymin41337_MPP-0.2500+286[0001].png,2493,1297,1842,958,5741,2308,4250,2540,5780,4486,7,6,5,5,5,5,5,5,4,4
TCGA-D8-A142-DX1_xmin62151_ymin41337_MPP-0.2500+287[0001].png,3088,7880,215,1813,6960,2557,3459,8110,3961,1103,5,5,5,4,4,4,4,4,4,4
TCGA-D8-A142-DX1_xmin62151_ymin41337_MPP-0.2500+304[0001].png,2226,1652,7101,7869,44,1297,2977,2083,5912,6045,6,6,5,5,5,5,4,4,4,4
TCGA-D8-A142-DX1_xmin62151_ymin41337_MPP-0.2500+305[0001].png,3526,725,8140,6678,5392,5741,319,4376,1897,5937,8,5,5,5,5,5,5,4,4,4
TCGA-D8-A142-DX1_xmin62151_ymin41337_MPP-0.2500+306[0001].png,4063,5392,6702,2990,2083,4436,3000,3836,6795,7249,9,6,4,4,4,4,4,4,4,4
TCGA-D8-A142-DX1_xmin62151_ymin41337_MPP-0.2500+307[0001].png,3088,4311,5763,4817,5717,4725,2977,6795,2990,257,6,5,5,5,5,5,5,4,4,4
TCGA-D8-A142-DX1_xmin62151_ymin41337_MPP-0.2500+308[0001].png,3088,6045,5780,1833,7337,6678,3044,3204,5065,5047,7,6,6,6,5,5,5,4,4,4
TCGA-D8-A142-DX1_xmin62151_ymin41337_MPP-0.2500+309[0001].png,3088,44,2308,4376,6678,8081,5509,6354,5392,2557,7,6,5,5,5,4,4,4,4,4
TCGA-D8-A142-DX1_xmin62151_ymin41337_MPP-0.2500+310[0001].png,216,1654,7695,2226,2977,7694,3094,5433,2336,1682,6,6,5,5,5,5,5,5,4,4
TCGA-D8-A142-DX1_xmin62151_ymin41337_MPP-0.2500+311[0001].png,1846,1842,7694,6902,1297,5603,3230,7880,2235,4711,7,6,6,6,6,5,5,5,4,4
TCGA-D8-A142-DX1_xmin62151_ymin41337_MPP-0.2500+312[0001].png,5937,2308,7129,4817,4250,5718,2336,6795,1476,5603,8,5,5,5,5,5,5,5,4,4
TCGA-D8-A142-DX1_xmin62151_ymin41337_MPP-0.2500+313[0001].png,3526,5912,44,215,6960,7249,958,4250,7134,2293,5,5,4,4,4,4,4,4,4,4
TCGA-D8-A142-DX1_xmin62151_ymin41337_MPP-0.2500+332[0001].png,8013,7694,594,4604,725,1297,5610,3000,7695,6491,5,5,5,5,5,4,4,4,4,4
TCGA-D8-A142-DX1_xmin62151_ymin41337_MPP-0.2500+333[0001].png,1652,6511,1297,2967,6795,4602,6782,6321,5797,2666,6,5,5,5,5,5,4,4,4,4
TCGA-D8-A142-DX1_xmin62151_ymin41337_MPP-0.2500+334[0001].png,4436,3088,1682,5741,7249,5912,7024,5428,2756,2308,6,6,6,5,5,5,5,5,5,5
TCGA-D8-A142-DX1_xmin62151_ymin41337_MPP-0.2500+335[0001].png,5392,3836,3088,215,1297,5797,5780,2308,7089,7166,9,7,7,5,5,5,5,4,4,4
TCGA-D8-A142-DX1_xmin62151_ymin41337_MPP-0.2500+336[0001].png,3088,3836,5780,1157,1842,6795,5797,3526,915,4817,9,8,7,6,6,6,5,5,4,4
TCGA-D8-A142-DX1_xmin62151_ymin41337_MPP-0.2500+337[0001].png,3088,5392,7694,1297,7032,3011,44,4711,6902,3127,9,7,6,6,5,5,4,4,4,4
TCGA-D8-A142-DX1_xmin62151_ymin41337_MPP-0.2500+338[0001].png,7880,3836,331,2990,5937,5611,5098,7895,7733,3200,7,6,6,6,5,5,4,4,4,4
TCGA-D8-A142-DX1_xmin62151_ymin41337_MPP-0.2500+339[0001].png,3088,2990,4711,7895,632,6902,1203,5235,4436,4911,8,7,7,6,6,5,5,5,5,5
TCGA-D8-A142-DX1_xmin62151_ymin41337_MPP-0.2500+340[0001].png,6795,4911,3088,4817,5797,5780,3619,5440,5741,4606,7,6,6,5,5,5,5,4,4,4
TCGA-D8-A142-DX1_xmin62151_ymin41337_MPP-0.2500+363[0001].png,2226,1654,6321,7101,7695,5610,958,6226,6227,3619,6,5,5,5,5,4,4,4,4,4
TCGA-D8-A142-DX1_xmin62151_ymin41337_MPP-0.2500+364[0001].png,6321,5392,2308,1652,7880,3526,5780,6045,3088,840,6,6,6,5,5,5,5,5,4,4
TCGA-D8-A142-DX1_xmin62151_ymin41337_MPP-0.2500+365[0001].png,3836,1652,352,7948,3088,237,5097,6226,594,7695,6,5,5,5,5,5,4,4,4,4
TCGA-D8-A142-DX1_xmin62151_ymin41337_MPP-0.2500+366[0001].png,2336,4430,331,4711,5797,2308,6121,6702,781,1312,8,7,6,6,6,4,4,4,4,4
TCGA-D8-A142-DX1_xmin62151_ymin41337_MPP-0.2500+367[0001].png,6321,2308,5392,6226,3637,5428,4817,331,6809,5912,6,6,5,5,4,4,4,4,4,4
TCGA-D8-A142-DX1_xmin62151_ymin41337_MPP-0.2500+368[0001].png,215,1813,6869,6511,3209,3088,1911,1652,237,2650,7,7,7,5,5,5,5,4,4,4
TCGA-D8-A142-DX1_xmin62151_ymin41337_MPP-0.2500+393[0001].png,276,5872,5912,5392,4436,466,5509,144,7695,1842,6,5,5,5,5,4,4,4,4,4
TCGA-D8-A142-DX1_xmin62151_ymin41337_MPP-0.2500+394[0001].png,2903,4711,7694,2226,2841,1842,3209,6902,8110,6795,6,5,5,5,4,4,4,4,4,4
TCGA-D8-A142-DX1_xmin62151_ymin41337_MPP-0.2500+395[0001].png,6724,4311,215,2540,7459,7880,4817,6226,7948,2275,6,5,5,5,5,5,5,5,4,4
TCGA-D8-A142-DX1_xmin62151_ymin41337_MPP-0.2500+396[0001].png,1842,6795,2226,215,5912,4436,5763,6048,7880,839,7,7,5,5,5,5,5,4,4,4
TCGA-D8-A143-DX1_xmin52429_ymin19478_MPP-0.2500+63[0001].png,2226,1652,6226,6905,215,2557,5611,781,1813,1297,9,8,7,7,6,5,4,4,4,4
TCGA-D8-A143-DX1_xmin52429_ymin19478_MPP-0.2500+98[0001].png,1652,2226,6045,958,215,3526,7442,453,1813,1476,8,7,7,7,7,6,6,5,5,5
TCGA-D8-A143-DX1_xmin52429_ymin19478_MPP-0.2500+99[0001].png,215,1652,1297,2226,1842,6045,3836,1571,3619,1460,8,8,7,5,5,4,4,4,4,4
TCGA-D8-A1JG-DX1_xmin15677_ymin69205_MPP-0.2500+211[0001].png,44,6809,5203,5717,237,267,4593,839,6807,3088,6,5,5,5,5,5,5,5,5,4
TCGA-D8-A1JG-DX1_xmin15677_ymin69205_MPP-0.2500+212[0001].png,1312,1218,2666,5763,3836,4817,6208,7880,5106,1842,5,5,4,4,4,4,4,4,4,4
TCGA-D8-A1JG-DX1_xmin15677_ymin69205_MPP-0.2500+213[0001].png,1842,3836,2557,2885,131,3823,3079,2977,1297,4602,7,6,4,4,4,4,4,4,4,4
TCGA-D8-A1JG-DX1_xmin15677_ymin69205_MPP-0.2500+214[0001].png,4711,7694,4377,7899,778,44,7869,2009,4247,5428,6,6,5,5,5,4,4,4,4,4
TCGA-D8-A1JG-DX1_xmin15677_ymin69205_MPP-0.2500+235[0001].png,1652,3088,5392,6795,5780,2226,7134,1813,6222,3836,10,10,8,6,5,5,5,5,4,4
TCGA-D8-A1JG-DX1_xmin15677_ymin69205_MPP-0.2500+236[0001].png,1813,1836,2609,2226,5213,7869,1842,3030,3836,5717,6,5,5,5,5,4,4,4,4,4
TCGA-D8-A1JG-DX1_xmin15677_ymin69205_MPP-0.2500+237[0001].png,3000,6702,5872,389,7869,1842,7360,2226,4593,1654,7,5,5,4,4,4,4,4,4,4
TCGA-D8-A1JG-DX1_xmin15677_ymin69205_MPP-0.2500+238[0001].png,7694,2493,6678,3526,2540,124,1842,5797,2308,7222,6,5,5,5,4,4,4,4,4,4
TCGA-D8-A1JG-DX1_xmin15677_ymin69205_MPP-0.2500+239[0001].png,3088,6702,8165,4711,7189,4250,2666,237,3044,3030,7,7,6,6,5,5,5,5,5,5
TCGA-D8-A1JG-DX1_xmin15677_ymin69205_MPP-0.2500+240[0001].png,3088,5428,3000,2666,7880,4817,2903,2336,516,2106,8,7,6,6,6,5,5,4,4,4
TCGA-D8-A1JG-DX1_xmin15677_ymin69205_MPP-0.2500+241[0001].png,7694,4817,4160,8165,7853,6321,5203,3088,5780,4693,6,6,5,5,5,5,5,4,4,4
TCGA-D8-A1JG-DX1_xmin15677_ymin69205_MPP-0.2500+242[0001].png,3487,7694,7448,2967,7249,8148,8081,4711,124,4861,5,5,5,5,5,5,4,4,4,4
TCGA-D8-A1JG-DX1_xmin15677_ymin69205_MPP-0.2500+261[0001].png,3088,697,3000,6121,1842,6628,5741,3030,3889,7089,7,5,5,5,5,5,4,4,4,4
TCGA-D8-A1JG-DX1_xmin15677_ymin69205_MPP-0.2500+262[0001].png,7189,3836,8081,8110,6902,5098,4250,781,630,1869,7,6,6,5,4,4,4,4,4,4
TCGA-D8-A1JG-DX1_xmin15677_ymin69205_MPP-0.2500+263[0001].png,215,7695,5797,1813,1652,6902,2226,3836,144,1297,7,6,6,5,5,5,5,4,4,4
TCGA-D8-A1JG-DX1_xmin15677_ymin69205_MPP-0.2500+264[0001].png,3088,5498,332,6902,5797,7549,2226,1654,2967,4711,10,6,6,6,5,5,5,4,4,4
TCGA-D8-A1JG-DX1_xmin15677_ymin69205_MPP-0.2500+265[0001].png,5741,6321,7880,6808,6795,8081,3030,1389,3088,6678,7,6,6,5,5,5,5,5,5,5
TCGA-D8-A1JG-DX1_xmin15677_ymin69205_MPP-0.2500+266[0001].png,2308,131,5741,3088,3619,3044,4430,5834,1297,3209,7,7,7,6,6,5,5,5,5,5
TCGA-D8-A1JG-DX1_xmin15677_ymin69205_MPP-0.2500+267[0001].png,237,1297,3088,7134,7400,7589,6521,2815,840,5999,9,6,6,5,5,4,4,4,4,4
TCGA-D8-A1JG-DX1_xmin15677_ymin69205_MPP-0.2500+268[0001].png,7166,7694,5780,5741,216,1654,5912,7101,6480,44,8,7,7,7,7,6,6,6,6,5
TCGA-D8-A1JG-DX1_xmin15677_ymin69205_MPP-0.2500+287[0001].png,5203,3836,4817,2903,352,6795,6652,6048,3230,5603,7,6,6,6,5,5,5,4,4,4
TCGA-D8-A1JG-DX1_xmin15677_ymin69205_MPP-0.2500+288[0001].png,8081,3836,1311,516,8110,3434,6979,216,5094,4593,7,6,5,5,5,5,4,4,4,4
TCGA-D8-A1JG-DX1_xmin15677_ymin69205_MPP-0.2500+289[0001].png,7134,3836,5717,3088,6795,2977,237,5428,7243,3247,7,7,5,5,4,4,4,4,4,4
TCGA-D8-A1JG-DX1_xmin15677_ymin69205_MPP-0.2500+290[0001].png,267,3088,4250,2308,5166,216,5741,778,7694,215,6,6,6,6,5,5,5,5,4,4
TCGA-D8-A1JG-DX1_xmin15677_ymin69205_MPP-0.2500+291[0001].png,1297,5780,5741,4166,3088,6048,4711,5717,7694,4833,7,6,5,4,4,4,4,4,4,4
TCGA-D8-A1JG-DX1_xmin15677_ymin69205_MPP-0.2500+292[0001].png,2308,1842,4376,6480,4817,145,2226,1038,7134,781,8,7,6,5,5,5,4,4,4,4
TCGA-D8-A1JG-DX1_xmin15677_ymin69205_MPP-0.2500+293[0001].png,2308,4817,5428,5023,3088,131,2990,6795,2666,3000,7,5,5,5,5,5,5,5,4,4
TCGA-D8-A1JG-DX1_xmin15677_ymin69205_MPP-0.2500+294[0001].png,7101,3526,4817,2308,8081,4250,2967,5428,6902,2400,6,6,6,5,5,5,5,5,5,5
TCGA-D8-A1JG-DX1_xmin15677_ymin69205_MPP-0.2500+295[0001].png,3619,4817,5763,7880,131,2308,3209,3626,1654,3088,9,7,6,6,6,5,5,5,5,5
TCGA-D8-A1JG-DX1_xmin15677_ymin69205_MPP-0.2500+313[0001].png,3088,693,6795,7694,5065,1297,781,5094,5163,5999,8,6,6,6,5,5,5,4,4,4
TCGA-D8-A1JG-DX1_xmin15677_ymin69205_MPP-0.2500+314[0001].png,1842,2308,3088,781,7880,3434,7134,7549,6657,8144,8,7,6,5,5,5,5,5,4,4
TCGA-D8-A1JG-DX1_xmin15677_ymin69205_MPP-0.2500+315[0001].png,1842,4817,8049,3526,2493,5392,131,5717,4116,1311,8,7,6,5,5,5,5,5,4,4
TCGA-D8-A1JG-DX1_xmin15677_ymin69205_MPP-0.2500+316[0001].png,216,6808,4430,3526,5797,1842,1679,5203,3986,7694,6,6,5,5,5,4,4,4,4,4
TCGA-D8-A1JG-DX1_xmin15677_ymin69205_MPP-0.2500+317[0001].png,2194,8110,4250,4711,3000,516,6121,7091,3126,935,6,5,5,5,4,4,4,4,4,4
TCGA-D8-A1JG-DX1_xmin15677_ymin69205_MPP-0.2500+318[0001].png,4817,6807,3619,2990,7337,2000,4711,215,5912,216,8,5,5,5,5,5,4,4,4,4
TCGA-D8-A1JG-DX1_xmin15677_ymin69205_MPP-0.2500+319[0001].png,7880,830,2841,778,4261,5735,6045,5023,7065,7212,9,6,5,5,4,4,4,4,4,4
TCGA-D8-A1JG-DX1_xmin15677_ymin69205_MPP-0.2500+320[0001].png,2226,4430,2650,6795,131,840,3365,2308,7880,5023,6,6,6,6,6,5,5,5,5,4
TCGA-D8-A1JG-DX1_xmin15677_ymin69205_MPP-0.2500+321[0001].png,778,3209,3088,6194,601,6121,7212,7101,5717,4817,7,6,5,5,5,4,4,4,4,4
TCGA-D8-A1JG-DX1_xmin15677_ymin69205_MPP-0.2500+339[0001].png,1967,352,2308,3088,4711,7101,5428,4629,2249,4911,5,5,5,5,4,4,4,4,4,4
TCGA-D8-A1JG-DX1_xmin15677_ymin69205_MPP-0.2500+340[0001].png,2308,3088,3000,2666,1682,688,4278,5023,2228,5999,7,5,5,5,5,4,4,4,4,4
TCGA-D8-A1JG-DX1_xmin15677_ymin69205_MPP-0.2500+341[0001].png,1842,4369,4817,4911,3209,5392,3088,5780,7612,1311,8,7,6,6,5,5,5,5,4,4
TCGA-D8-A1JG-DX1_xmin15677_ymin69205_MPP-0.2500+342[0001].png,4693,4817,5106,8110,1842,516,7337,3088,44,3487,6,5,5,5,5,5,5,5,4,4
TCGA-D8-A1JG-DX1_xmin15677_ymin69205_MPP-0.2500+343[0001].png,7694,2990,4817,1312,124,6121,4602,7880,145,3536,7,6,6,5,5,5,5,4,4,4
TCGA-D8-A1JG-DX1_xmin15677_ymin69205_MPP-0.2500+344[0001].png,3487,2990,6678,237,6121,5763,7134,1297,4247,8110,6,6,6,5,5,5,5,4,4,4
TCGA-D8-A1JG-DX1_xmin15677_ymin69205_MPP-0.2500+345[0001].png,6048,7400,781,7089,778,3908,5797,1842,1476,2249,6,5,5,5,5,5,5,5,5,5
TCGA-D8-A1JG-DX1_xmin15677_ymin69205_MPP-0.2500+364[0001].png,4817,267,1842,5780,6979,6678,915,7101,8165,4725,8,6,5,5,5,5,5,4,4,4
TCGA-D8-A1JG-DX1_xmin15677_ymin69205_MPP-0.2500+365[0001].png,168,8081,5763,7189,2308,4711,3536,3836,7880,3088,7,6,6,6,6,5,5,5,5,5
TCGA-D8-A1JG-DX1_xmin15677_ymin69205_MPP-0.2500+366[0001].png,131,5780,5023,3230,4080,1842,675,7880,2330,6595,6,5,5,5,5,5,5,5,5,4
TCGA-D8-A1JG-DX1_xmin15677_ymin69205_MPP-0.2500+367[0001].png,7880,2583,7694,2197,516,2840,7400,7599,5097,7324,7,5,5,5,5,5,5,4,4,4
TCGA-D8-A1JG-DX1_xmin15677_ymin69205_MPP-0.2500+391[0001].png,1813,7948,4817,5780,958,6869,3030,7694,3088,2583,6,6,5,5,5,5,5,5,4,4
TCGA-D8-A1JG-DX1_xmin15677_ymin69205_MPP-0.2500+422[0001].png,3000,237,3030,1979,2278,5810,3044,3836,8081,6814,6,6,6,5,5,5,5,5,5,4
TCGA-D8-A1JG-DX1_xmin15677_ymin69205_MPP-0.2500+423[0001].png,1842,7694,4711,3209,2703,6795,216,2650,5872,7824,6,5,5,5,5,4,4,4,4,4
TCGA-D8-A1JG-DX1_xmin15677_ymin69205_MPP-0.2500+434[0001].png,3209,7694,2308,6194,3836,1654,7880,6795,2249,1311,6,5,5,4,4,4,4,4,4,4
TCGA-D8-A1JG-DX1_xmin15677_ymin69205_MPP-0.2500+435[0001].png,3030,5428,5780,3000,1842,1869,2815,3207,6222,216,6,6,5,5,5,5,5,4,4,4
TCGA-D8-A1XK-DX1_xmin26340_ymin50273_MPP-0.2500+62[0001].png,2967,3209,7134,6045,131,6657,5235,389,5834,1357,7,7,6,5,5,5,5,5,4,4
TCGA-D8-A1XK-DX1_xmin26340_ymin50273_MPP-0.2500+63[0001].png,335,3209,6045,4436,5561,7880,982,3893,3088,2226,6,5,5,5,5,5,4,4,4,4
TCGA-D8-A1XK-DX1_xmin26340_ymin50273_MPP-0.2500+69[0001].png,131,2308,215,5098,1297,7134,3088,3000,2336,5203,7,6,6,6,5,5,5,5,4,4
TCGA-D8-A1XK-DX1_xmin26340_ymin50273_MPP-0.2500+70[0001].png,5780,215,3637,3044,6657,3526,2083,1297,4112,1652,9,6,6,6,5,5,5,5,5,5
TCGA-D8-A1XQ-DX1_xmin61261_ymin33317_MPP-0.2500+161[0001].png,2885,5428,2903,1842,7549,4817,5235,5999,4430,6702,6,6,6,6,5,5,5,4,4,4
TCGA-D8-A1XQ-DX1_xmin61261_ymin33317_MPP-0.2500+175[0001].png,4711,2308,3908,4725,5428,7188,1836,2493,1842,4593,5,4,4,4,4,4,4,4,4,4
TCGA-D8-A1XQ-DX1_xmin61261_ymin33317_MPP-0.2500+176[0001].png,3021,267,4100,5039,1842,7166,6192,1297,7101,3044,6,5,5,5,5,4,4,4,4,4
TCGA-D8-A1XQ-DX1_xmin61261_ymin33317_MPP-0.2500+189[0001].png,3088,8110,1682,4533,4250,4947,3021,2997,8126,7189,5,5,5,5,5,5,4,4,4,4
TCGA-E2-A1B6-DX1_xmin16266_ymin50634_MPP-0.2500+131[0001].png,6795,5428,5702,3088,516,7134,4817,4250,2967,2870,7,7,6,6,6,6,5,5,5,5
TCGA-E2-A1B6-DX1_xmin16266_ymin50634_MPP-0.2500+138[0001].png,7880,3030,8081,6795,3836,7694,7484,4160,6964,5780,8,6,6,6,6,4,4,4,4,4
TCGA-E2-A1B6-DX1_xmin16266_ymin50634_MPP-0.2500+148[0001].png,7694,3836,2542,6795,7134,4430,237,331,5203,4711,11,7,6,5,5,5,5,5,5,5
TCGA-E2-A1B6-DX1_xmin16266_ymin50634_MPP-0.2500+167[0001].png,5428,7589,7134,3434,1654,2917,2308,688,3115,5023,7,6,6,6,6,6,6,5,5,4
TCGA-E2-A1B6-DX1_xmin16266_ymin50634_MPP-0.2500+180[0001].png,1357,237,7134,5428,5780,2308,5763,516,2319,5912,7,6,5,5,5,5,5,4,4,4
TCGA-E2-A1B6-DX1_xmin16266_ymin50634_MPP-0.2500+181[0001].png,3526,6378,3908,216,3044,6856,2977,6795,1842,2308,7,5,5,5,5,5,5,5,4,4
TCGA-E2-A1B6-DX1_xmin16266_ymin50634_MPP-0.2500+190[0001].png,3088,7549,2197,4430,1312,3619,2493,3000,7733,8014,7,5,5,5,5,5,5,5,4,4
TCGA-E2-A1LI-DX1_xmin44715_ymin18434_MPP-0.2500+13[0001].png,1652,958,3526,4436,3088,7052,2557,1813,6226,5780,10,6,6,6,5,5,5,5,5,4
TCGA-E2-A1LI-DX1_xmin44715_ymin18434_MPP-0.2500+163[0001].png,3230,4711,3030,1682,5780,630,389,7694,5702,1842,7,6,6,5,5,5,5,5,4,4
TCGA-E2-A1LI-DX1_xmin44715_ymin18434_MPP-0.2500+164[0001].png,3044,215,1652,3088,7948,582,3836,2043,6321,2960,9,7,6,6,5,5,5,5,5,5
TCGA-E2-A1LI-DX1_xmin44715_ymin18434_MPP-0.2500+179[0001].png,3526,8081,1775,4480,6045,8013,7175,5937,2336,1813,10,6,6,6,5,5,5,5,5,5
TCGA-E2-A1LI-DX1_xmin44715_ymin18434_MPP-0.2500+180[0001].png,215,5561,1652,389,3459,5999,6795,5065,1813,144,7,6,6,6,5,5,5,5,5,5
TCGA-E2-A1LI-DX1_xmin44715_ymin18434_MPP-0.2500+181[0001].png,1842,4436,5912,2226,6190,215,2278,6727,2557,1652,7,7,5,5,5,5,5,4,4,4
TCGA-E2-A1LI-DX1_xmin44715_ymin18434_MPP-0.2500+182[0001].png,7948,7459,6226,2320,5912,7028,6045,3526,3230,3849,9,8,8,7,6,6,6,6,5,5
TCGA-E2-A1LI-DX1_xmin44715_ymin18434_MPP-0.2500+196[0001].png,6226,7880,781,794,4376,5428,7189,4947,1440,211,5,5,5,5,4,4,4,4,4,4
TCGA-E2-A1LI-DX1_xmin44715_ymin18434_MPP-0.2500+197[0001].png,1652,4376,131,8081,840,7249,3619,8101,4436,3526,7,6,5,4,4,4,4,4,4,4
TCGA-E2-A1LI-DX1_xmin44715_ymin18434_MPP-0.2500+198[0001].png,7189,6960,2776,1842,5780,5610,4711,1877,124,6856,5,5,5,5,4,4,4,4,4,4
TCGA-E2-A1LI-DX1_xmin44715_ymin18434_MPP-0.2500+199[0001].png,3088,4247,4166,958,6702,3619,2666,5023,4205,215,6,5,5,4,4,4,4,4,4,4
TCGA-E2-A1LI-DX1_xmin44715_ymin18434_MPP-0.2500+200[0001].png,7459,6226,2960,131,2226,4711,3849,1696,3044,7165,8,7,6,6,5,5,5,4,4,4
TCGA-E2-A1LI-DX1_xmin44715_ymin18434_MPP-0.2500+201[0001].png,6045,3526,6702,3000,162,5741,578,3088,1357,1373,6,5,5,5,5,5,5,4,4,4
TCGA-E2-A1LI-DX1_xmin44715_ymin18434_MPP-0.2500+215[0001].png,2320,5797,7129,6931,5325,3849,3526,6045,2062,6226,7,5,5,5,5,5,5,5,5,5
TCGA-E2-A1LI-DX1_xmin44715_ymin18434_MPP-0.2500+216[0001].png,8148,3088,6652,5097,1357,3836,2278,3526,6395,237,7,7,6,5,5,5,5,4,4,4
TCGA-E2-A1LI-DX1_xmin44715_ymin18434_MPP-0.2500+217[0001].png,4817,1682,3526,6306,3030,5780,5999,3986,7808,1297,5,5,5,5,5,5,4,4,4,4
TCGA-E2-A1LI-DX1_xmin44715_ymin18434_MPP-0.2500+218[0001].png,3088,7134,267,4711,4911,1869,7189,7175,7694,7824,7,6,6,6,5,5,5,5,5,4
TCGA-E2-A1LI-DX1_xmin44715_ymin18434_MPP-0.2500+219[0001].png,3619,145,7694,3030,2493,2308,5741,6222,3088,4436,8,6,6,6,6,6,6,5,4,4
TCGA-E2-A1LI-DX1_xmin44715_ymin18434_MPP-0.2500+220[0001].png,1813,5741,7880,335,3836,1654,2602,5203,5428,915,5,5,5,5,4,4,4,4,4,4
TCGA-E2-A1LI-DX1_xmin44715_ymin18434_MPP-0.2500+221[0001].png,6045,7091,5741,3088,5428,1813,7869,2308,3836,1842,5,5,5,4,4,4,4,4,4,4
TCGA-E2-A1LI-DX1_xmin44715_ymin18434_MPP-0.2500+222[0001].png,6045,352,6194,2278,8013,1652,4376,5428,516,6702,6,5,5,5,5,5,5,5,5,5
TCGA-E2-A1LI-DX1_xmin44715_ymin18434_MPP-0.2500+235[0001].png,6902,3526,7694,6795,1652,7129,7880,215,1660,3088,7,5,5,5,5,5,5,4,4,4
TCGA-E2-A1LI-DX1_xmin44715_ymin18434_MPP-0.2500+236[0001].png,5741,6869,2308,2226,2903,3836,7089,3526,5912,5780,6,6,5,5,4,4,4,4,4,4
TCGA-E2-A1LI-DX1_xmin44715_ymin18434_MPP-0.2500+237[0001].png,7129,2226,8081,5741,215,8013,3088,5912,5913,8082,7,7,5,5,5,5,5,5,4,4
TCGA-E2-A1LI-DX1_xmin44715_ymin18434_MPP-0.2500+238[0001].png,5741,3526,6869,6795,2226,215,693,5780,7853,7738,7,6,6,5,5,5,4,4,4,4
TCGA-E2-A1LI-DX1_xmin44715_ymin18434_MPP-0.2500+239[0001].png,2226,1652,5741,5392,1297,2588,2021,4817,5999,7442,8,7,6,5,5,5,5,5,5,5
TCGA-E2-A1LI-DX1_xmin44715_ymin18434_MPP-0.2500+240[0001].png,3088,3230,4068,3189,5741,5780,6902,4817,516,958,6,5,5,5,5,4,4,4,4,4
TCGA-E2-A1LI-DX1_xmin44715_ymin18434_MPP-0.2500+26[0001].png,6045,6902,629,4711,3021,1297,1652,4911,6321,296,8,5,5,5,4,4,4,4,4,4
TCGA-E2-A1LI-DX1_xmin44715_ymin18434_MPP-0.2500+27[0001].png,3088,2308,515,4817,3526,7119,7880,7694,5098,2226,9,7,5,5,5,4,4,4,4,4
TCGA-E2-A1LI-DX1_xmin44715_ymin18434_MPP-0.2500+28[0001].png,3088,7337,6869,4143,7599,5007,4160,1030,5797,725,9,5,5,4,4,4,4,4,4,4
TCGA-E2-A1LI-DX1_xmin44715_ymin18434_MPP-0.2500+43[0001].png,1652,3088,5007,1157,5780,2336,7549,5937,5166,582,7,6,5,4,4,4,4,4,4,4
TCGA-E2-A1LI-DX1_xmin44715_ymin18434_MPP-0.2500+44[0001].png,2226,1652,5392,7337,3088,5912,5039,5797,4259,7695,7,7,6,6,5,5,5,4,4,4
TCGA-E2-A1LI-DX1_xmin44715_ymin18434_MPP-0.2500+45[0001].png,6902,216,3836,8014,3527,3088,2990,1652,7954,3619,7,6,6,5,5,5,5,5,5,5
TCGA-E2-A1LI-DX1_xmin44715_ymin18434_MPP-0.2500+46[0001].png,6321,1857,808,310,335,4198,6302,215,1905,5937,7,5,5,5,4,4,4,4,4,4
TCGA-E2-A1LI-DX1_xmin44715_ymin18434_MPP-0.2500+61[0001].png,3619,5717,7337,5780,3030,162,2776,3908,5428,5810,5,5,5,5,4,4,4,4,4,4
TCGA-E2-A1LI-DX1_xmin44715_ymin18434_MPP-0.2500+62[0001].png,3088,3526,5912,7134,7694,7880,1652,2308,1977,1624,11,8,6,6,6,5,5,5,4,4
TCGA-E2-A1LI-DX1_xmin44715_ymin18434_MPP-0.2500+63[0001].png,1652,2308,601,6869,7164,3870,1476,7189,6226,44,8,6,6,6,6,5,5,5,5,5
TCGA-E2-A1LI-DX1_xmin44715_ymin18434_MPP-0.2500+64[0001].png,2226,3000,1652,6045,7189,4436,335,1297,7899,3030,6,6,5,5,5,5,5,5,5,5
TCGA-E2-A1LI-DX1_xmin44715_ymin18434_MPP-0.2500+65[0001].png,1652,958,3030,5561,1813,7032,7869,319,44,3044,11,11,7,6,6,5,5,5,4,4
TCGA-E2-A1LI-DX1_xmin44715_ymin18434_MPP-0.2500+80[0001].png,6795,5834,1297,2226,4430,1476,1652,5780,6227,7880,6,5,5,5,5,5,5,5,4,4
TCGA-E2-A1LI-DX1_xmin44715_ymin18434_MPP-0.2500+81[0001].png,3030,1652,6702,7165,7694,6045,5937,6795,7880,6678,6,6,5,5,5,5,5,5,5,4
TCGA-E2-A1LI-DX1_xmin44715_ymin18434_MPP-0.2500+82[0001].png,1652,131,3088,4250,4436,5392,2226,5007,3870,6480,11,5,5,5,5,4,4,4,4,4
TCGA-E2-A1LI-DX1_xmin44715_ymin18434_MPP-0.2500+83[0001].png,5912,6869,7459,4436,1652,6171,4711,144,7028,5344,8,7,7,6,5,5,5,5,5,5
