token_id,num_classes,classes,total_usage,TUM,STR,LYM,NEC,dominant_class,confidence
3088,4,"TUM,STR,LYM,NEC",35500,17165,13017,1871,3447,TUM,0.4835
4711,4,"TUM,STR,LYM,NEC",24315,12628,7794,1342,2551,TUM,0.5194
2308,4,"TUM,STR,LYM,NEC",24276,10930,8609,1783,2954,TUM,0.4502
7694,4,"TUM,STR,LYM,NEC",23518,10832,8501,1603,2582,TUM,0.4606
1652,4,"TUM,STR,LYM,NEC",22559,9210,7976,2516,2857,TUM,0.4083
3526,4,"TUM,STR,LYM,NEC",21965,9972,8031,1641,2321,TUM,0.454
6045,4,"TUM,STR,LYM,NEC",21904,9457,7860,2176,2411,TUM,0.4317
2226,4,"TUM,STR,LYM,NEC",21863,8698,7400,2717,3048,TUM,0.3978
215,4,"TUM,STR,LYM,NEC",21158,8556,7428,2557,2617,TUM,0.4044
3836,4,"TUM,STR,LYM,NEC",20783,10181,7346,994,2262,TUM,0.4899
1813,4,"TUM,STR,LYM,NEC",20434,8718,7318,2241,2157,TUM,0.4266
5780,4,"TUM,STR,LYM,NEC",20344,9824,7115,1096,2309,TUM,0.4829
1842,4,"TUM,STR,LYM,NEC",20319,10797,6063,934,2525,TUM,0.5314
958,4,"TUM,STR,LYM,NEC",20175,8839,7081,2170,2085,TUM,0.4381
1297,4,"TUM,STR,LYM,NEC",19436,9801,6482,949,2204,TUM,0.5043
6795,4,"TUM,STR,LYM,NEC",19370,8558,6104,2014,2694,TUM,0.4418
4436,4,"TUM,STR,LYM,NEC",18793,7777,7102,1680,2234,TUM,0.4138
4817,4,"TUM,STR,LYM,NEC",18504,8704,6560,973,2267,TUM,0.4704
6321,4,"TUM,STR,LYM,NEC",18484,7755,6578,1918,2233,TUM,0.4196
2903,4,"TUM,STR,LYM,NEC",17871,9211,5499,1292,1869,TUM,0.5154
7189,4,"TUM,STR,LYM,NEC",17830,9361,5353,1162,1954,TUM,0.525
7134,4,"TUM,STR,LYM,NEC",17340,7843,6268,1053,2176,TUM,0.4523
5937,4,"TUM,STR,LYM,NEC",17307,7290,6134,1611,2272,TUM,0.4212
131,4,"TUM,STR,LYM,NEC",17249,8265,5799,1106,2079,TUM,0.4792
7880,4,"TUM,STR,LYM,NEC",16989,7698,5989,1027,2275,TUM,0.4531
5392,4,"TUM,STR,LYM,NEC",16959,8369,5922,950,1718,TUM,0.4935
5428,4,"TUM,STR,LYM,NEC",16710,7414,5615,1422,2259,TUM,0.4437
3230,4,"TUM,STR,LYM,NEC",16445,7908,5632,1047,1858,TUM,0.4809
6702,4,"TUM,STR,LYM,NEC",16322,8631,5345,737,1609,TUM,0.5288
1682,4,"TUM,STR,LYM,NEC",16179,7919,5550,907,1803,TUM,0.4895
5912,4,"TUM,STR,LYM,NEC",16000,6813,5411,1725,2051,TUM,0.4258
3209,4,"TUM,STR,LYM,NEC",15959,7944,5072,954,1989,TUM,0.4978
4311,4,"TUM,STR,LYM,NEC",15606,6851,5633,1554,1568,TUM,0.439
3889,4,"TUM,STR,LYM,NEC",15418,6663,5518,1512,1725,TUM,0.4322
6226,4,"TUM,STR,LYM,NEC",15398,6555,6092,1284,1467,TUM,0.4257
8081,4,"TUM,STR,LYM,NEC",15337,7306,5344,787,1900,TUM,0.4764
781,4,"TUM,STR,LYM,NEC",15184,6200,6037,1109,1838,TUM,0.4083
4430,4,"TUM,STR,LYM,NEC",15002,8022,4458,751,1771,TUM,0.5347
7175,4,"TUM,STR,LYM,NEC",15002,6658,5860,963,1521,TUM,0.4438
8013,4,"TUM,STR,LYM,NEC",14992,6333,4773,1983,1903,TUM,0.4224
5797,4,"TUM,STR,LYM,NEC",14817,7170,5689,618,1340,TUM,0.4839
237,4,"TUM,STR,LYM,NEC",14798,6965,4886,1043,1904,TUM,0.4707
1476,4,"TUM,STR,LYM,NEC",14709,6608,4997,1588,1516,TUM,0.4492
267,4,"TUM,STR,LYM,NEC",14566,7983,4160,747,1676,TUM,0.5481
3044,4,"TUM,STR,LYM,NEC",14468,6897,4655,1048,1868,TUM,0.4767
4376,4,"TUM,STR,LYM,NEC",14435,7107,4708,927,1693,TUM,0.4923
216,4,"TUM,STR,LYM,NEC",14348,5892,5213,1315,1928,TUM,0.4106
6054,4,"TUM,STR,LYM,NEC",14296,8082,3572,1316,1326,TUM,0.5653
7024,4,"TUM,STR,LYM,NEC",14217,6510,5570,872,1265,TUM,0.4579
7249,4,"TUM,STR,LYM,NEC",14082,6017,4749,1616,1700,TUM,0.4273
1836,4,"TUM,STR,LYM,NEC",14042,6103,5756,698,1485,TUM,0.4346
516,4,"TUM,STR,LYM,NEC",13953,6341,4694,1052,1866,TUM,0.4545
5999,4,"TUM,STR,LYM,NEC",13935,7368,4137,773,1657,TUM,0.5287
5872,4,"TUM,STR,LYM,NEC",13843,6575,5017,792,1459,TUM,0.475
7733,4,"TUM,STR,LYM,NEC",13830,7994,3888,718,1230,TUM,0.578
2666,4,"TUM,STR,LYM,NEC",13769,6716,4462,1085,1506,TUM,0.4878
2967,4,"TUM,STR,LYM,NEC",13719,6935,4308,706,1770,TUM,0.5055
7695,4,"TUM,STR,LYM,NEC",13704,7499,4275,687,1243,TUM,0.5472
331,4,"TUM,STR,LYM,NEC",13569,7074,4430,753,1312,TUM,0.5213
3000,4,"TUM,STR,LYM,NEC",13358,5764,4289,1223,2082,TUM,0.4315
840,4,"TUM,STR,LYM,NEC",13320,6800,4010,999,1511,TUM,0.5105
2336,4,"TUM,STR,LYM,NEC",13206,7323,3856,600,1427,TUM,0.5545
7165,4,"TUM,STR,LYM,NEC",13193,7953,3302,725,1213,TUM,0.6028
6724,4,"TUM,STR,LYM,NEC",13177,7725,3465,887,1100,TUM,0.5862
44,4,"TUM,STR,LYM,NEC",13147,6912,4048,662,1525,TUM,0.5257
145,4,"TUM,STR,LYM,NEC",12932,6636,4084,631,1581,TUM,0.5131
2990,4,"TUM,STR,LYM,NEC",12853,5251,4373,1314,1915,TUM,0.4085
7808,4,"TUM,STR,LYM,NEC",12804,5418,4131,1483,1772,TUM,0.4231
5741,4,"TUM,STR,LYM,NEC",12784,5043,3933,1564,2244,TUM,0.3945
778,4,"TUM,STR,LYM,NEC",12780,5053,4171,1688,1868,TUM,0.3954
7337,4,"TUM,STR,LYM,NEC",12749,5989,4061,1107,1592,TUM,0.4698
335,4,"TUM,STR,LYM,NEC",12721,6368,4359,618,1376,TUM,0.5006
7089,4,"TUM,STR,LYM,NEC",12706,6352,4347,625,1382,TUM,0.4999
3619,4,"TUM,STR,LYM,NEC",12578,5268,3911,1441,1958,TUM,0.4188
2756,4,"TUM,STR,LYM,NEC",12571,5958,4869,667,1077,TUM,0.4739
7869,4,"TUM,STR,LYM,NEC",12418,6072,4062,716,1568,TUM,0.489
915,4,"TUM,STR,LYM,NEC",12401,6148,4406,599,1248,TUM,0.4958
4911,4,"TUM,STR,LYM,NEC",12396,5843,4693,686,1174,TUM,0.4714
1357,4,"TUM,STR,LYM,NEC",12339,6407,4019,639,1274,TUM,0.5192
1977,4,"TUM,STR,LYM,NEC",12332,6630,3857,468,1377,TUM,0.5376
5810,4,"TUM,STR,LYM,NEC",12262,7073,3233,792,1164,TUM,0.5768
4250,4,"TUM,STR,LYM,NEC",12252,5609,4515,564,1564,TUM,0.4578
4160,4,"TUM,STR,LYM,NEC",12241,6041,4297,529,1374,TUM,0.4935
6678,4,"TUM,STR,LYM,NEC",12220,5676,4157,783,1604,TUM,0.4645
2278,4,"TUM,STR,LYM,NEC",12170,5632,3880,966,1692,TUM,0.4628
6931,4,"TUM,STR,LYM,NEC",12144,5976,3677,939,1552,TUM,0.4921
2977,4,"TUM,STR,LYM,NEC",12119,5694,4573,653,1199,TUM,0.4698
2870,4,"TUM,STR,LYM,NEC",12108,6364,3727,540,1477,TUM,0.5256
7899,4,"TUM,STR,LYM,NEC",12079,5210,3968,1338,1563,TUM,0.4313
5834,4,"TUM,STR,LYM,NEC",11957,5055,4898,618,1386,TUM,0.4228
1373,4,"TUM,STR,LYM,NEC",11923,6891,3059,908,1065,TUM,0.578
8148,4,"TUM,STR,LYM,NEC",11921,5484,4355,802,1280,TUM,0.46
6869,4,"TUM,STR,LYM,NEC",11859,4822,4201,1375,1461,TUM,0.4066
4259,4,"TUM,STR,LYM,NEC",11783,5585,4261,848,1089,TUM,0.474
5098,4,"TUM,STR,LYM,NEC",11677,5195,4216,883,1383,TUM,0.4449
6121,4,"TUM,STR,LYM,NEC",11676,5094,3940,1061,1581,TUM,0.4363
7948,4,"TUM,STR,LYM,NEC",11650,5175,4317,941,1217,TUM,0.4442
594,4,"TUM,STR,LYM,NEC",11623,5547,4063,759,1254,TUM,0.4772
5717,4,"TUM,STR,LYM,NEC",11606,5630,3697,750,1529,TUM,0.4851
5433,4,"TUM,STR,LYM,NEC",11526,5222,3767,1089,1448,TUM,0.4531
5097,4,"TUM,STR,LYM,NEC",11520,6087,3960,427,1046,TUM,0.5284
2493,4,"TUM,STR,LYM,NEC",11513,5711,3569,730,1503,TUM,0.496
389,4,"TUM,STR,LYM,NEC",11507,5425,3959,814,1309,TUM,0.4715
3189,4,"TUM,STR,LYM,NEC",11484,5769,3848,688,1179,TUM,0.5024
5203,4,"TUM,STR,LYM,NEC",11372,5238,3960,556,1618,TUM,0.4606
7091,4,"TUM,STR,LYM,NEC",11337,4363,3923,1394,1657,TUM,0.3848
1312,4,"TUM,STR,LYM,NEC",11183,5820,3392,607,1364,TUM,0.5204
2083,4,"TUM,STR,LYM,NEC",11151,5976,3105,758,1312,TUM,0.5359
1654,4,"TUM,STR,LYM,NEC",11116,4635,3668,1056,1757,TUM,0.417
8110,4,"TUM,STR,LYM,NEC",11064,5725,3362,513,1464,TUM,0.5174
3030,4,"TUM,STR,LYM,NEC",10847,4054,3624,1308,1861,TUM,0.3737
4725,4,"TUM,STR,LYM,NEC",10842,6020,3001,720,1101,TUM,0.5552
1911,4,"TUM,STR,LYM,NEC",10813,4639,3639,1298,1237,TUM,0.429
5603,4,"TUM,STR,LYM,NEC",10794,4649,3742,850,1553,TUM,0.4307
5023,4,"TUM,STR,LYM,NEC",10742,4995,3233,951,1563,TUM,0.465
2028,4,"TUM,STR,LYM,NEC",10727,6157,2771,787,1012,TUM,0.574
2686,4,"TUM,STR,LYM,NEC",10689,4531,3927,1242,989,TUM,0.4239
144,4,"TUM,STR,LYM,NEC",10630,4269,3903,1118,1340,TUM,0.4016
1311,4,"TUM,STR,LYM,NEC",10613,4291,3787,970,1565,TUM,0.4043
5065,4,"TUM,STR,LYM,NEC",10560,5010,3853,655,1042,TUM,0.4744
168,4,"TUM,STR,LYM,NEC",10548,4917,3793,665,1173,TUM,0.4662
935,4,"TUM,STR,LYM,NEC",10526,4673,3671,897,1285,TUM,0.4439
836,4,"TUM,STR,LYM,NEC",10434,6300,2469,856,809,TUM,0.6038
693,4,"TUM,STR,LYM,NEC",10397,4540,3808,657,1392,TUM,0.4367
6192,4,"TUM,STR,LYM,NEC",10378,5146,3308,641,1283,TUM,0.4959
808,4,"TUM,STR,LYM,NEC",10354,5973,2523,948,910,TUM,0.5769
7895,4,"TUM,STR,LYM,NEC",10261,5499,3481,439,842,TUM,0.5359
582,4,"TUM,STR,LYM,NEC",10233,4324,3639,1118,1152,TUM,0.4226
4143,4,"TUM,STR,LYM,NEC",10209,4401,3590,1033,1185,TUM,0.4311
7442,4,"TUM,STR,LYM,NEC",10182,4170,3405,1247,1360,TUM,0.4095
3908,4,"TUM,STR,LYM,NEC",10152,4826,3519,613,1194,TUM,0.4754
4377,4,"TUM,STR,LYM,NEC",10012,4283,3471,1221,1037,TUM,0.4278
6902,4,"TUM,STR,LYM,NEC",9991,4437,4051,413,1090,TUM,0.4441
2766,4,"TUM,STR,LYM,NEC",9977,4251,3948,547,1231,TUM,0.4261
1413,4,"TUM,STR,LYM,NEC",9956,5649,2451,862,994,TUM,0.5674
4080,4,"TUM,STR,LYM,NEC",9929,4638,3325,686,1280,TUM,0.4671
5763,4,"TUM,STR,LYM,NEC",9929,4229,3428,817,1455,TUM,0.4259
5235,4,"TUM,STR,LYM,NEC",9922,5111,2943,555,1313,TUM,0.5151
3021,4,"TUM,STR,LYM,NEC",9921,5734,2548,574,1065,TUM,0.578
5213,4,"TUM,STR,LYM,NEC",9910,5790,2441,549,1130,TUM,0.5843
6657,4,"TUM,STR,LYM,NEC",9896,4895,3256,495,1250,TUM,0.4946
6960,4,"TUM,STR,LYM,NEC",9873,5172,3158,463,1080,TUM,0.5239
124,4,"TUM,STR,LYM,NEC",9869,4418,3630,622,1199,TUM,0.4477
725,4,"TUM,STR,LYM,NEC",9853,3716,3535,1003,1599,TUM,0.3771
453,4,"TUM,STR,LYM,NEC",9841,4342,3456,959,1084,TUM,0.4412
371,4,"TUM,STR,LYM,NEC",9839,5543,2277,1047,972,TUM,0.5634
8066,4,"TUM,STR,LYM,NEC",9780,5084,3035,503,1158,TUM,0.5198
3870,4,"TUM,STR,LYM,NEC",9738,4326,3849,660,903,TUM,0.4442
898,4,"TUM,STR,LYM,NEC",9725,5093,3108,668,856,TUM,0.5237
4322,4,"TUM,STR,LYM,NEC",9714,3998,3216,1507,993,TUM,0.4116
3477,4,"TUM,STR,LYM,NEC",9694,5357,2298,1263,776,TUM,0.5526
5047,4,"TUM,STR,LYM,NEC",9691,4791,2965,811,1124,TUM,0.4944
601,4,"TUM,STR,LYM,NEC",9690,4393,3712,723,862,TUM,0.4534
2588,4,"TUM,STR,LYM,NEC",9671,4502,3516,724,929,TUM,0.4655
1869,4,"TUM,STR,LYM,NEC",9659,4872,3069,537,1181,TUM,0.5044
390,4,"TUM,STR,LYM,NEC",9639,4658,2345,1958,678,TUM,0.4832
2140,4,"TUM,STR,LYM,NEC",9619,4077,3415,908,1219,TUM,0.4238
7501,4,"TUM,STR,LYM,NEC",9600,4816,3074,618,1092,TUM,0.5017
6652,4,"TUM,STR,LYM,NEC",9591,4946,3131,412,1102,TUM,0.5157
3127,4,"TUM,STR,LYM,NEC",9530,4024,3330,1069,1107,TUM,0.4222
2776,4,"TUM,STR,LYM,NEC",9519,4225,3236,845,1213,TUM,0.4438
3469,4,"TUM,STR,LYM,NEC",9462,5406,2520,552,984,TUM,0.5713
7589,4,"TUM,STR,LYM,NEC",9459,4324,3684,441,1010,TUM,0.4571
632,4,"TUM,STR,LYM,NEC",9419,4107,3844,619,849,TUM,0.436
4693,4,"TUM,STR,LYM,NEC",9396,4445,3270,537,1144,TUM,0.4731
4100,4,"TUM,STR,LYM,NEC",9372,4910,2816,605,1041,TUM,0.5239
352,4,"TUM,STR,LYM,NEC",9345,4592,2993,472,1288,TUM,0.4914
7549,4,"TUM,STR,LYM,NEC",9343,4442,3000,600,1301,TUM,0.4754
6814,4,"TUM,STR,LYM,NEC",9339,5161,2697,567,914,TUM,0.5526
6905,4,"TUM,STR,LYM,NEC",9338,5241,2685,548,864,TUM,0.5613
6219,4,"TUM,STR,LYM,NEC",9311,5316,2515,717,763,TUM,0.5709
5039,4,"TUM,STR,LYM,NEC",9273,5351,2231,659,1032,TUM,0.5771
5735,4,"TUM,STR,LYM,NEC",9263,4788,2815,501,1159,TUM,0.5169
332,4,"TUM,STR,LYM,NEC",9215,4685,2694,715,1121,TUM,0.5084
6809,4,"TUM,STR,LYM,NEC",9195,5450,2248,495,1002,TUM,0.5927
5561,4,"TUM,STR,LYM,NEC",9188,3763,2879,1301,1245,TUM,0.4096
6782,4,"TUM,STR,LYM,NEC",9152,5141,2592,396,1023,TUM,0.5617
4112,4,"TUM,STR,LYM,NEC",9139,4033,3794,497,815,TUM,0.4413
7129,4,"TUM,STR,LYM,NEC",9137,4148,3860,377,752,TUM,0.454
4559,4,"TUM,STR,LYM,NEC",9125,3901,3308,927,989,TUM,0.4275
4480,4,"TUM,STR,LYM,NEC",9120,3842,2809,1056,1413,TUM,0.4213
1203,4,"TUM,STR,LYM,NEC",9105,3894,3566,546,1099,TUM,0.4277
515,4,"TUM,STR,LYM,NEC",9097,3931,3420,688,1058,TUM,0.4321
3637,4,"TUM,STR,LYM,NEC",9085,3738,3631,492,1224,TUM,0.4114
2780,4,"TUM,STR,LYM,NEC",9052,3965,3600,656,831,TUM,0.438
1157,4,"TUM,STR,LYM,NEC",9012,4096,3332,469,1115,TUM,0.4545
4001,4,"TUM,STR,LYM,NEC",9001,3922,3124,915,1040,TUM,0.4357
7400,4,"TUM,STR,LYM,NEC",8973,4668,2989,401,915,TUM,0.5202
7119,4,"TUM,STR,LYM,NEC",8959,3819,2922,1030,1188,TUM,0.4263
1001,4,"TUM,STR,LYM,NEC",8956,4404,3005,484,1063,TUM,0.4917
7357,4,"TUM,STR,LYM,NEC",8947,3767,3470,631,1079,TUM,0.421
6808,4,"TUM,STR,LYM,NEC",8919,4844,2528,367,1180,TUM,0.5431
7450,4,"TUM,STR,LYM,NEC",8904,4875,2509,504,1016,TUM,0.5475
5702,4,"TUM,STR,LYM,NEC",8880,4324,2777,535,1244,TUM,0.4869
8082,4,"TUM,STR,LYM,NEC",8811,4958,2208,544,1101,TUM,0.5627
7222,4,"TUM,STR,LYM,NEC",8764,5354,2079,511,820,TUM,0.6109
4593,4,"TUM,STR,LYM,NEC",8732,4229,2642,684,1177,TUM,0.4843
5344,4,"TUM,STR,LYM,NEC",8721,3691,3722,546,762,STR,0.4268
8101,4,"TUM,STR,LYM,NEC",8710,4050,2940,796,924,TUM,0.465
7819,4,"TUM,STR,LYM,NEC",8676,3584,3402,804,886,TUM,0.4131
6571,4,"TUM,STR,LYM,NEC",8658,5004,2225,601,828,TUM,0.578
1508,4,"TUM,STR,LYM,NEC",8626,3957,3264,466,939,TUM,0.4587
162,4,"TUM,STR,LYM,NEC",8606,3598,3519,375,1114,TUM,0.4181
6807,4,"TUM,STR,LYM,NEC",8592,4030,3119,445,998,TUM,0.469
5611,4,"TUM,STR,LYM,NEC",8577,4411,2599,486,1081,TUM,0.5143
7007,4,"TUM,STR,LYM,NEC",8573,4171,2776,471,1155,TUM,0.4865
3901,4,"TUM,STR,LYM,NEC",8562,3771,3301,504,986,TUM,0.4404
1463,4,"TUM,STR,LYM,NEC",8524,4312,2890,461,861,TUM,0.5059
4947,4,"TUM,STR,LYM,NEC",8503,4336,2561,553,1053,TUM,0.5099
2430,4,"TUM,STR,LYM,NEC",8501,4535,2927,311,728,TUM,0.5335
5094,4,"TUM,STR,LYM,NEC",8494,4436,2491,496,1071,TUM,0.5223
2194,4,"TUM,STR,LYM,NEC",8466,4340,2476,590,1060,TUM,0.5126
1767,4,"TUM,STR,LYM,NEC",8437,4666,2105,972,694,TUM,0.553
7957,4,"TUM,STR,LYM,NEC",8433,4127,3128,391,787,TUM,0.4894
7835,4,"TUM,STR,LYM,NEC",8403,2416,2459,2851,677,LYM,0.3393
2326,4,"TUM,STR,LYM,NEC",8380,4214,2554,466,1146,TUM,0.5029
5166,4,"TUM,STR,LYM,NEC",8367,3960,2759,586,1062,TUM,0.4733
4642,4,"TUM,STR,LYM,NEC",8361,3876,2896,645,944,TUM,0.4636
1716,4,"TUM,STR,LYM,NEC",8354,4263,2782,349,960,TUM,0.5103
3626,4,"TUM,STR,LYM,NEC",8329,3540,2837,892,1060,TUM,0.425
6979,4,"TUM,STR,LYM,NEC",8276,4096,2513,562,1105,TUM,0.4949
3527,4,"TUM,STR,LYM,NEC",8263,4013,2781,580,889,TUM,0.4857
186,4,"TUM,STR,LYM,NEC",8248,3966,2812,431,1039,TUM,0.4808
6227,4,"TUM,STR,LYM,NEC",8219,3973,2889,467,890,TUM,0.4834
828,4,"TUM,STR,LYM,NEC",8208,3605,3050,672,881,TUM,0.4392
6966,4,"TUM,STR,LYM,NEC",8194,4605,2201,403,985,TUM,0.562
1008,4,"TUM,STR,LYM,NEC",8173,3529,3079,533,1032,TUM,0.4318
2235,4,"TUM,STR,LYM,NEC",8155,3877,2874,524,880,TUM,0.4754
697,4,"TUM,STR,LYM,NEC",8154,4851,1961,561,781,TUM,0.5949
6892,4,"TUM,STR,LYM,NEC",8144,3845,2550,643,1106,TUM,0.4721
7164,4,"TUM,STR,LYM,NEC",8138,3536,3011,680,911,TUM,0.4345
6048,4,"TUM,STR,LYM,NEC",8113,3557,2697,661,1198,TUM,0.4384
34,4,"TUM,STR,LYM,NEC",8109,4182,2524,390,1013,TUM,0.5157
5424,4,"TUM,STR,LYM,NEC",8080,3767,2859,655,799,TUM,0.4662
2557,4,"TUM,STR,LYM,NEC",8072,3331,2554,900,1287,TUM,0.4127
7853,4,"TUM,STR,LYM,NEC",8052,3719,2589,648,1096,TUM,0.4619
7591,4,"TUM,STR,LYM,NEC",8035,3722,2599,625,1089,TUM,0.4632
1150,4,"TUM,STR,LYM,NEC",8013,4195,2373,427,1018,TUM,0.5235
2249,4,"TUM,STR,LYM,NEC",7998,3242,2829,753,1174,TUM,0.4054
7149,4,"TUM,STR,LYM,NEC",7990,4782,1777,737,694,TUM,0.5985
6964,4,"TUM,STR,LYM,NEC",7985,4069,2805,298,813,TUM,0.5096
7360,4,"TUM,STR,LYM,NEC",7985,3419,2586,882,1098,TUM,0.4282
4166,4,"TUM,STR,LYM,NEC",7982,3807,2646,564,965,TUM,0.4769
3487,4,"TUM,STR,LYM,NEC",7971,3359,2969,568,1075,TUM,0.4214
6480,4,"TUM,STR,LYM,NEC",7969,3806,2636,505,1022,TUM,0.4776
6194,4,"TUM,STR,LYM,NEC",7919,3006,2590,958,1365,TUM,0.3796
7916,4,"TUM,STR,LYM,NEC",7918,4691,1959,557,711,TUM,0.5924
1624,4,"TUM,STR,LYM,NEC",7895,3567,2677,703,948,TUM,0.4518
2602,4,"TUM,STR,LYM,NEC",7877,3481,2475,912,1009,TUM,0.4419
6388,4,"TUM,STR,LYM,NEC",7849,3924,2482,441,1002,TUM,0.4999
4492,4,"TUM,STR,LYM,NEC",7821,4180,2076,881,684,TUM,0.5345
7430,4,"TUM,STR,LYM,NEC",7811,3484,3090,495,742,TUM,0.446
1389,4,"TUM,STR,LYM,NEC",7806,3634,2769,450,953,TUM,0.4655
4968,4,"TUM,STR,LYM,NEC",7801,4889,1670,681,561,TUM,0.6267
5498,4,"TUM,STR,LYM,NEC",7799,3627,2628,481,1063,TUM,0.4651
276,4,"TUM,STR,LYM,NEC",7792,3323,3059,537,873,TUM,0.4265
6137,4,"TUM,STR,LYM,NEC",7790,3885,2821,382,702,TUM,0.4987
8041,4,"TUM,STR,LYM,NEC",7775,4233,2310,467,765,TUM,0.5444
3728,4,"TUM,STR,LYM,NEC",7769,4119,2513,349,788,TUM,0.5302
2635,4,"TUM,STR,LYM,NEC",7760,4272,2018,635,835,TUM,0.5505
2650,4,"TUM,STR,LYM,NEC",7752,3172,2640,689,1251,TUM,0.4092
794,4,"TUM,STR,LYM,NEC",7740,3471,2650,715,904,TUM,0.4484
7212,4,"TUM,STR,LYM,NEC",7728,4164,2208,327,1029,TUM,0.5388
7612,4,"TUM,STR,LYM,NEC",7679,4221,2119,392,947,TUM,0.5497
6628,4,"TUM,STR,LYM,NEC",7661,3687,2651,447,876,TUM,0.4813
7807,4,"TUM,STR,LYM,NEC",7657,3932,1880,1108,737,TUM,0.5135
7032,4,"TUM,STR,LYM,NEC",7641,4006,2433,377,825,TUM,0.5243
1586,4,"TUM,STR,LYM,NEC",7599,4606,1791,639,563,TUM,0.6061
8014,4,"TUM,STR,LYM,NEC",7588,3254,2532,701,1101,TUM,0.4288
7674,4,"TUM,STR,LYM,NEC",7582,3247,2629,832,874,TUM,0.4283
6856,4,"TUM,STR,LYM,NEC",7573,3263,2586,620,1104,TUM,0.4309
7599,4,"TUM,STR,LYM,NEC",7569,3766,2573,292,938,TUM,0.4976
1775,4,"TUM,STR,LYM,NEC",7566,3469,2891,357,849,TUM,0.4585
7101,4,"TUM,STR,LYM,NEC",7539,3222,2294,759,1264,TUM,0.4274
8165,4,"TUM,STR,LYM,NEC",7531,3293,2582,648,1008,TUM,0.4373
1218,4,"TUM,STR,LYM,NEC",7514,3752,2369,433,960,TUM,0.4993
3823,4,"TUM,STR,LYM,NEC",7503,3697,2438,462,906,TUM,0.4927
297,4,"TUM,STR,LYM,NEC",7419,3159,2704,746,810,TUM,0.4258
5716,4,"TUM,STR,LYM,NEC",7411,3651,2417,402,941,TUM,0.4926
1571,4,"TUM,STR,LYM,NEC",7384,4704,1604,486,590,TUM,0.6371
9,4,"TUM,STR,LYM,NEC",7380,3387,2556,524,913,TUM,0.4589
1569,4,"TUM,STR,LYM,NEC",7380,3229,2592,794,765,TUM,0.4375
2021,4,"TUM,STR,LYM,NEC",7371,3917,2108,411,935,TUM,0.5314
3024,4,"TUM,STR,LYM,NEC",7357,3228,2743,386,1000,TUM,0.4388
1356,4,"TUM,STR,LYM,NEC",7345,3920,2260,292,873,TUM,0.5337
256,4,"TUM,STR,LYM,NEC",7332,3645,1963,969,755,TUM,0.4971
4290,4,"TUM,STR,LYM,NEC",7326,3436,2848,394,648,TUM,0.469
130,4,"TUM,STR,LYM,NEC",7315,3620,2376,403,916,TUM,0.4949
2815,4,"TUM,STR,LYM,NEC",7305,2970,2845,524,966,TUM,0.4066
3247,4,"TUM,STR,LYM,NEC",7301,3802,2153,437,909,TUM,0.5208
4247,4,"TUM,STR,LYM,NEC",7267,3486,2298,546,937,TUM,0.4797
4198,4,"TUM,STR,LYM,NEC",7265,4481,1562,602,620,TUM,0.6168
5207,4,"TUM,STR,LYM,NEC",7243,3282,2569,628,764,TUM,0.4531
2540,4,"TUM,STR,LYM,NEC",7236,3357,2666,409,804,TUM,0.4639
581,4,"TUM,STR,LYM,NEC",7223,3567,2396,416,844,TUM,0.4938
4150,4,"TUM,STR,LYM,NEC",7208,3413,2243,538,1014,TUM,0.4735
2000,4,"TUM,STR,LYM,NEC",7207,3842,2109,358,898,TUM,0.5331
1460,4,"TUM,STR,LYM,NEC",7171,3324,2410,397,1040,TUM,0.4635
6595,4,"TUM,STR,LYM,NEC",7161,3538,2325,428,870,TUM,0.4941
8049,4,"TUM,STR,LYM,NEC",7152,3357,2646,264,885,TUM,0.4694
3268,4,"TUM,STR,LYM,NEC",7146,3910,2065,344,827,TUM,0.5472
3346,4,"TUM,STR,LYM,NEC",7121,3879,2028,383,831,TUM,0.5447
7224,4,"TUM,STR,LYM,NEC",7101,3884,1790,681,746,TUM,0.547
2031,4,"TUM,STR,LYM,NEC",7089,4379,1675,394,641,TUM,0.6177
4691,4,"TUM,STR,LYM,NEC",7086,3600,2348,381,757,TUM,0.508
2876,4,"TUM,STR,LYM,NEC",7066,3975,1953,293,845,TUM,0.5626
6354,4,"TUM,STR,LYM,NEC",7061,3547,2355,419,740,TUM,0.5023
3126,4,"TUM,STR,LYM,NEC",7056,3037,2448,586,985,TUM,0.4304
8140,4,"TUM,STR,LYM,NEC",7056,2818,2464,742,1032,TUM,0.3994
5913,4,"TUM,STR,LYM,NEC",7043,3934,2112,292,705,TUM,0.5586
3026,4,"TUM,STR,LYM,NEC",7026,2341,2798,973,914,STR,0.3982
4859,4,"TUM,STR,LYM,NEC",7004,3943,1788,398,875,TUM,0.563
4965,4,"TUM,STR,LYM,NEC",7004,4218,1544,589,653,TUM,0.6022
5194,4,"TUM,STR,LYM,NEC",6997,3377,2416,514,690,TUM,0.4826
1298,4,"TUM,STR,LYM,NEC",6980,3499,2227,433,821,TUM,0.5013
7647,4,"TUM,STR,LYM,NEC",6977,4502,1379,615,481,TUM,0.6453
1967,4,"TUM,STR,LYM,NEC",6973,3395,2485,391,702,TUM,0.4869
6264,4,"TUM,STR,LYM,NEC",6937,3253,2384,416,884,TUM,0.4689
4278,4,"TUM,STR,LYM,NEC",6934,3783,1971,284,896,TUM,0.5456
4199,4,"TUM,STR,LYM,NEC",6921,3454,2364,361,742,TUM,0.4991
5038,4,"TUM,STR,LYM,NEC",6918,2658,1824,1868,568,TUM,0.3842
2180,4,"TUM,STR,LYM,NEC",6906,3822,1769,463,852,TUM,0.5534
4261,4,"TUM,STR,LYM,NEC",6905,3318,2250,401,936,TUM,0.4805
4194,4,"TUM,STR,LYM,NEC",6898,3626,2304,272,696,TUM,0.5257
7484,4,"TUM,STR,LYM,NEC",6896,3436,2141,438,881,TUM,0.4983
3204,4,"TUM,STR,LYM,NEC",6875,3217,2785,284,589,TUM,0.4679
7485,4,"TUM,STR,LYM,NEC",6868,3532,2210,310,816,TUM,0.5143
2319,4,"TUM,STR,LYM,NEC",6848,3203,2323,467,855,TUM,0.4677
3971,4,"TUM,STR,LYM,NEC",6843,2982,2434,708,719,TUM,0.4358
4606,4,"TUM,STR,LYM,NEC",6815,3560,2142,397,716,TUM,0.5224
2751,4,"TUM,STR,LYM,NEC",6809,3501,2260,314,734,TUM,0.5142
3442,4,"TUM,STR,LYM,NEC",6805,3051,2172,795,787,TUM,0.4483
404,4,"TUM,STR,LYM,NEC",6794,3603,1936,391,864,TUM,0.5303
4833,4,"TUM,STR,LYM,NEC",6786,4078,1616,380,712,TUM,0.6009
7160,4,"TUM,STR,LYM,NEC",6779,3646,1742,587,804,TUM,0.5378
3981,4,"TUM,STR,LYM,NEC",6748,3204,2273,435,836,TUM,0.4748
7377,4,"TUM,STR,LYM,NEC",6739,3316,2534,366,523,TUM,0.4921
2018,4,"TUM,STR,LYM,NEC",6738,3165,2327,412,834,TUM,0.4697
5007,4,"TUM,STR,LYM,NEC",6707,3150,2716,267,574,TUM,0.4697
4501,4,"TUM,STR,LYM,NEC",6706,3885,1413,865,543,TUM,0.5793
2482,4,"TUM,STR,LYM,NEC",6668,3534,1992,290,852,TUM,0.53
6502,4,"TUM,STR,LYM,NEC",6657,3382,2187,336,752,TUM,0.508
4205,4,"TUM,STR,LYM,NEC",6650,3345,2326,362,617,TUM,0.503
254,4,"TUM,STR,LYM,NEC",6642,3721,1884,296,741,TUM,0.5602
2609,4,"TUM,STR,LYM,NEC",6641,3432,1981,330,898,TUM,0.5168
1897,4,"TUM,STR,LYM,NEC",6637,2729,2706,390,812,TUM,0.4112
6674,4,"TUM,STR,LYM,NEC",6619,3714,1881,320,704,TUM,0.5611
3500,4,"TUM,STR,LYM,NEC",6603,2974,2400,302,927,TUM,0.4504
4602,4,"TUM,STR,LYM,NEC",6575,2631,2468,530,946,TUM,0.4002
4369,4,"TUM,STR,LYM,NEC",6570,3393,2022,385,770,TUM,0.5164
3011,4,"TUM,STR,LYM,NEC",6562,3574,2140,308,540,TUM,0.5447
4533,4,"TUM,STR,LYM,NEC",6560,3518,1691,552,799,TUM,0.5363
3296,4,"TUM,STR,LYM,NEC",6552,3166,1606,1228,552,TUM,0.4832
8126,4,"TUM,STR,LYM,NEC",6545,3031,2423,325,766,TUM,0.4631
1833,4,"TUM,STR,LYM,NEC",6536,3201,2185,405,745,TUM,0.4897
5454,4,"TUM,STR,LYM,NEC",6531,3859,1545,475,652,TUM,0.5909
7540,4,"TUM,STR,LYM,NEC",6521,4126,1262,620,513,TUM,0.6327
6222,4,"TUM,STR,LYM,NEC",6520,3444,1978,288,810,TUM,0.5282
5671,4,"TUM,STR,LYM,NEC",6516,2798,2569,272,877,TUM,0.4294
2265,4,"TUM,STR,LYM,NEC",6511,3465,1851,418,777,TUM,0.5322
3365,4,"TUM,STR,LYM,NEC",6510,2965,2294,504,747,TUM,0.4555
3144,4,"TUM,STR,LYM,NEC",6506,3439,1925,351,791,TUM,0.5286
7392,4,"TUM,STR,LYM,NEC",6488,3097,2079,432,880,TUM,0.4773
6509,4,"TUM,STR,LYM,NEC",6478,3707,1645,275,851,TUM,0.5722
5509,4,"TUM,STR,LYM,NEC",6463,3079,2372,303,709,TUM,0.4764
5718,4,"TUM,STR,LYM,NEC",6456,3247,2002,364,843,TUM,0.5029
4340,4,"TUM,STR,LYM,NEC",6442,3375,2097,336,634,TUM,0.5239
2703,4,"TUM,STR,LYM,NEC",6437,3060,2174,481,722,TUM,0.4754
3434,4,"TUM,STR,LYM,NEC",6433,2883,2273,403,874,TUM,0.4482
3298,4,"TUM,STR,LYM,NEC",6429,3993,1338,507,591,TUM,0.6211
4240,4,"TUM,STR,LYM,NEC",6419,3441,1955,321,702,TUM,0.5361
1109,4,"TUM,STR,LYM,NEC",6410,3310,1873,373,854,TUM,0.5164
2502,4,"TUM,STR,LYM,NEC",6398,3507,1936,257,698,TUM,0.5481
2359,4,"TUM,STR,LYM,NEC",6385,2834,2165,663,723,TUM,0.4439
7152,4,"TUM,STR,LYM,NEC",6384,2900,2280,547,657,TUM,0.4543
12,4,"TUM,STR,LYM,NEC",6383,2936,2202,597,648,TUM,0.46
3459,4,"TUM,STR,LYM,NEC",6378,2659,2086,679,954,TUM,0.4169
319,4,"TUM,STR,LYM,NEC",6373,2389,2249,652,1083,TUM,0.3749
8185,4,"TUM,STR,LYM,NEC",6343,2656,2194,651,842,TUM,0.4187
553,4,"TUM,STR,LYM,NEC",6340,3820,1281,760,479,TUM,0.6025
1375,4,"TUM,STR,LYM,NEC",6334,3225,2120,270,719,TUM,0.5092
3079,4,"TUM,STR,LYM,NEC",6333,2920,1994,613,806,TUM,0.4611
8144,4,"TUM,STR,LYM,NEC",6330,3500,1793,339,698,TUM,0.5529
5133,4,"TUM,STR,LYM,NEC",6301,3939,1396,463,503,TUM,0.6251
321,4,"TUM,STR,LYM,NEC",6292,3953,1336,384,619,TUM,0.6283
6179,4,"TUM,STR,LYM,NEC",6287,2532,2250,606,899,TUM,0.4027
4072,4,"TUM,STR,LYM,NEC",6285,2760,2272,645,608,TUM,0.4391
5099,4,"TUM,STR,LYM,NEC",6285,3229,1799,432,825,TUM,0.5138
6306,4,"TUM,STR,LYM,NEC",6284,3326,1749,462,747,TUM,0.5293
3207,4,"TUM,STR,LYM,NEC",6269,3372,1778,350,769,TUM,0.5379
7539,4,"TUM,STR,LYM,NEC",6266,3635,1471,459,701,TUM,0.5801
7078,4,"TUM,STR,LYM,NEC",6256,3189,1942,355,770,TUM,0.5098
688,4,"TUM,STR,LYM,NEC",6254,3325,1916,298,715,TUM,0.5317
2477,4,"TUM,STR,LYM,NEC",6221,3215,1778,437,791,TUM,0.5168
6479,4,"TUM,STR,LYM,NEC",6213,2994,2095,419,705,TUM,0.4819
1846,4,"TUM,STR,LYM,NEC",6207,2917,2227,404,659,TUM,0.47
6217,4,"TUM,STR,LYM,NEC",6160,2716,2523,391,530,TUM,0.4409
3961,4,"TUM,STR,LYM,NEC",6158,3179,1970,322,687,TUM,0.5162
2685,4,"TUM,STR,LYM,NEC",6156,3274,1948,296,638,TUM,0.5318
1696,4,"TUM,STR,LYM,NEC",6137,2754,2303,498,582,TUM,0.4488
2841,4,"TUM,STR,LYM,NEC",6134,2549,2294,499,792,TUM,0.4156
7410,4,"TUM,STR,LYM,NEC",6134,2969,2184,300,681,TUM,0.484
4068,4,"TUM,STR,LYM,NEC",6129,2493,2207,556,873,TUM,0.4068
6190,4,"TUM,STR,LYM,NEC",6127,2658,2044,628,797,TUM,0.4338
1320,4,"TUM,STR,LYM,NEC",6107,3083,2194,240,590,TUM,0.5048
1905,4,"TUM,STR,LYM,NEC",6107,3868,1237,493,509,TUM,0.6334
4774,4,"TUM,STR,LYM,NEC",6104,3502,1542,307,753,TUM,0.5737
7738,4,"TUM,STR,LYM,NEC",6098,2683,2198,505,712,TUM,0.44
3254,4,"TUM,STR,LYM,NEC",6097,2837,2095,420,745,TUM,0.4653
4325,4,"TUM,STR,LYM,NEC",6094,2870,2273,399,552,TUM,0.471
6623,4,"TUM,STR,LYM,NEC",6073,3010,1965,290,808,TUM,0.4956
2115,4,"TUM,STR,LYM,NEC",6070,3043,1988,335,704,TUM,0.5013
1613,4,"TUM,STR,LYM,NEC",6066,3026,1932,399,709,TUM,0.4988
5610,4,"TUM,STR,LYM,NEC",6065,2485,1959,595,1026,TUM,0.4097
3501,4,"TUM,STR,LYM,NEC",6063,2713,2165,535,650,TUM,0.4475
4410,4,"TUM,STR,LYM,NEC",6060,3712,1287,565,496,TUM,0.6125
3708,4,"TUM,STR,LYM,NEC",6057,3404,1646,279,728,TUM,0.562
839,4,"TUM,STR,LYM,NEC",6046,2759,1914,497,876,TUM,0.4563
5673,4,"TUM,STR,LYM,NEC",6043,3065,2024,246,708,TUM,0.5072
7166,4,"TUM,STR,LYM,NEC",6043,2875,1824,530,814,TUM,0.4758
7604,4,"TUM,STR,LYM,NEC",6040,2659,2197,430,754,TUM,0.4402
4685,4,"TUM,STR,LYM,NEC",6038,2600,2517,274,647,TUM,0.4306
5555,4,"TUM,STR,LYM,NEC",6033,3196,1781,307,749,TUM,0.5298
6919,4,"TUM,STR,LYM,NEC",6033,3786,1480,340,427,TUM,0.6275
4993,4,"TUM,STR,LYM,NEC",6020,3809,1319,359,533,TUM,0.6327
2330,4,"TUM,STR,LYM,NEC",5999,3194,1763,260,782,TUM,0.5324
1361,4,"TUM,STR,LYM,NEC",5993,2634,2013,478,868,TUM,0.4395
2646,4,"TUM,STR,LYM,NEC",5993,2508,1982,653,850,TUM,0.4185
4622,4,"TUM,STR,LYM,NEC",5993,3098,2197,220,478,TUM,0.5169
8188,4,"TUM,STR,LYM,NEC",5991,2837,1497,1199,458,TUM,0.4735
4775,4,"TUM,STR,LYM,NEC",5990,2726,2221,434,609,TUM,0.4551
675,4,"TUM,STR,LYM,NEC",5985,3032,1903,320,730,TUM,0.5066
3858,4,"TUM,STR,LYM,NEC",5983,3768,1234,503,478,TUM,0.6298
6720,4,"TUM,STR,LYM,NEC",5981,3375,1568,356,682,TUM,0.5643
8003,4,"TUM,STR,LYM,NEC",5976,3173,1791,345,667,TUM,0.531
3200,4,"TUM,STR,LYM,NEC",5965,2771,1953,416,825,TUM,0.4645
8016,4,"TUM,STR,LYM,NEC",5944,3228,1697,374,645,TUM,0.5431
2801,4,"TUM,STR,LYM,NEC",5932,3512,1479,410,531,TUM,0.592
2062,4,"TUM,STR,LYM,NEC",5925,2567,2439,375,544,TUM,0.4332
982,4,"TUM,STR,LYM,NEC",5924,2978,1734,547,665,TUM,0.5027
662,4,"TUM,STR,LYM,NEC",5908,2619,1945,617,727,TUM,0.4433
7941,4,"TUM,STR,LYM,NEC",5891,3151,1724,255,761,TUM,0.5349
830,4,"TUM,STR,LYM,NEC",5885,2826,2071,348,640,TUM,0.4802
7876,4,"TUM,STR,LYM,NEC",5885,3275,1589,297,724,TUM,0.5565
4131,4,"TUM,STR,LYM,NEC",5881,2266,2103,554,958,TUM,0.3853
3675,4,"TUM,STR,LYM,NEC",5875,2978,1862,315,720,TUM,0.5069
7565,4,"TUM,STR,LYM,NEC",5870,3084,1575,471,740,TUM,0.5254
4286,4,"TUM,STR,LYM,NEC",5866,3125,1863,288,590,TUM,0.5327
3986,4,"TUM,STR,LYM,NEC",5859,3176,1709,259,715,TUM,0.5421
2812,4,"TUM,STR,LYM,NEC",5857,3294,1576,402,585,TUM,0.5624
1877,4,"TUM,STR,LYM,NEC",5855,2666,2416,284,489,TUM,0.4553
4168,4,"TUM,STR,LYM,NEC",5850,2473,1927,578,872,TUM,0.4227
4251,4,"TUM,STR,LYM,NEC",5823,3384,1412,440,587,TUM,0.5811
2043,4,"TUM,STR,LYM,NEC",5812,2681,2074,514,543,TUM,0.4613
6619,4,"TUM,STR,LYM,NEC",5812,2410,2229,511,662,TUM,0.4147
7698,4,"TUM,STR,LYM,NEC",5796,2824,1900,421,651,TUM,0.4872
1992,4,"TUM,STR,LYM,NEC",5794,2428,1838,1015,513,TUM,0.4191
872,4,"TUM,STR,LYM,NEC",5792,3342,1488,245,717,TUM,0.577
578,4,"TUM,STR,LYM,NEC",5790,2408,1985,609,788,TUM,0.4159
8073,4,"TUM,STR,LYM,NEC",5789,2998,1669,439,683,TUM,0.5179
5101,4,"TUM,STR,LYM,NEC",5788,3195,1644,307,642,TUM,0.552
7824,4,"TUM,STR,LYM,NEC",5782,3175,1609,262,736,TUM,0.5491
3597,4,"TUM,STR,LYM,NEC",5779,3321,1398,497,563,TUM,0.5747
1780,4,"TUM,STR,LYM,NEC",5772,2917,1841,349,665,TUM,0.5054
6326,4,"TUM,STR,LYM,NEC",5753,2485,2096,577,595,TUM,0.4319
1270,4,"TUM,STR,LYM,NEC",5749,2959,1771,344,675,TUM,0.5147
5499,4,"TUM,STR,LYM,NEC",5736,3221,1624,274,617,TUM,0.5615
3114,4,"TUM,STR,LYM,NEC",5731,2735,2075,269,652,TUM,0.4772
5541,4,"TUM,STR,LYM,NEC",5728,2792,1867,341,728,TUM,0.4874
1857,4,"TUM,STR,LYM,NEC",5718,2829,1807,380,702,TUM,0.4948
3729,4,"TUM,STR,LYM,NEC",5714,3117,1642,387,568,TUM,0.5455
6269,4,"TUM,STR,LYM,NEC",5714,2540,2105,431,638,TUM,0.4445
7828,4,"TUM,STR,LYM,NEC",5713,2885,1868,302,658,TUM,0.505
1811,4,"TUM,STR,LYM,NEC",5704,2524,2024,474,682,TUM,0.4425
5859,4,"TUM,STR,LYM,NEC",5699,2682,2036,403,578,TUM,0.4706
5686,4,"TUM,STR,LYM,NEC",5697,2965,1784,290,658,TUM,0.5204
1440,4,"TUM,STR,LYM,NEC",5696,2801,1929,306,660,TUM,0.4917
5701,4,"TUM,STR,LYM,NEC",5686,2447,2300,260,679,TUM,0.4304
7709,4,"TUM,STR,LYM,NEC",5686,3374,1597,219,496,TUM,0.5934
7750,4,"TUM,STR,LYM,NEC",5685,2543,2178,297,667,TUM,0.4473
5910,4,"TUM,STR,LYM,NEC",5659,3301,1465,363,530,TUM,0.5833
4063,4,"TUM,STR,LYM,NEC",5657,2444,1883,464,866,TUM,0.432
3208,4,"TUM,STR,LYM,NEC",5650,2991,1805,236,618,TUM,0.5294
1367,4,"TUM,STR,LYM,NEC",5639,2902,1738,301,698,TUM,0.5146
604,4,"TUM,STR,LYM,NEC",5632,2531,1935,480,686,TUM,0.4494
3151,4,"TUM,STR,LYM,NEC",5627,3265,1436,244,682,TUM,0.5802
6036,4,"TUM,STR,LYM,NEC",5625,2942,1547,446,690,TUM,0.523
3893,4,"TUM,STR,LYM,NEC",5611,2297,1867,601,846,TUM,0.4094
1794,4,"TUM,STR,LYM,NEC",5610,2821,1923,313,553,TUM,0.5029
1235,4,"TUM,STR,LYM,NEC",5606,2723,1290,1134,459,TUM,0.4857
5946,4,"TUM,STR,LYM,NEC",5600,3054,1787,231,528,TUM,0.5454
6173,4,"TUM,STR,LYM,NEC",5597,3041,1676,255,625,TUM,0.5433
2267,4,"TUM,STR,LYM,NEC",5595,2706,2008,339,542,TUM,0.4836
7790,4,"TUM,STR,LYM,NEC",5575,2467,2014,406,688,TUM,0.4425
2198,4,"TUM,STR,LYM,NEC",5557,3271,1434,283,569,TUM,0.5886
3176,4,"TUM,STR,LYM,NEC",5554,2775,1666,404,709,TUM,0.4996
2644,4,"TUM,STR,LYM,NEC",5551,2846,1605,425,675,TUM,0.5127
7649,4,"TUM,STR,LYM,NEC",5546,3350,1292,360,544,TUM,0.604
2794,4,"TUM,STR,LYM,NEC",5539,2492,1806,446,795,TUM,0.4499
3115,4,"TUM,STR,LYM,NEC",5537,2523,1819,406,789,TUM,0.4557
965,4,"TUM,STR,LYM,NEC",5528,2727,1976,257,568,TUM,0.4933
6766,4,"TUM,STR,LYM,NEC",5526,2494,1989,361,682,TUM,0.4513
6428,4,"TUM,STR,LYM,NEC",5520,3601,1148,314,457,TUM,0.6524
2299,4,"TUM,STR,LYM,NEC",5512,3037,1518,304,653,TUM,0.551
6830,4,"TUM,STR,LYM,NEC",5510,3113,1439,315,643,TUM,0.565
2223,4,"TUM,STR,LYM,NEC",5495,2529,1947,343,676,TUM,0.4602
3356,4,"TUM,STR,LYM,NEC",5495,2285,2384,229,597,STR,0.4338
6265,4,"TUM,STR,LYM,NEC",5476,2299,2058,425,694,TUM,0.4198
7162,4,"TUM,STR,LYM,NEC",5476,2624,1393,930,529,TUM,0.4792
804,4,"TUM,STR,LYM,NEC",5474,2687,1780,282,725,TUM,0.4909
7353,4,"TUM,STR,LYM,NEC",5465,2860,1781,275,549,TUM,0.5233
6655,4,"TUM,STR,LYM,NEC",5462,2649,1794,351,668,TUM,0.485
6727,4,"TUM,STR,LYM,NEC",5446,2608,1837,375,626,TUM,0.4789
879,4,"TUM,STR,LYM,NEC",5443,2869,1765,237,572,TUM,0.5271
6711,4,"TUM,STR,LYM,NEC",5441,3313,1170,432,526,TUM,0.6089
6588,4,"TUM,STR,LYM,NEC",5439,2326,1943,496,674,TUM,0.4277
262,4,"TUM,STR,LYM,NEC",5429,2329,1847,502,751,TUM,0.429
1196,4,"TUM,STR,LYM,NEC",5429,2798,1526,390,715,TUM,0.5154
3192,4,"TUM,STR,LYM,NEC",5429,2600,1900,325,604,TUM,0.4789
2917,4,"TUM,STR,LYM,NEC",5421,2172,2015,441,793,TUM,0.4007
7595,4,"TUM,STR,LYM,NEC",5421,2566,1859,362,634,TUM,0.4733
7875,4,"TUM,STR,LYM,NEC",5421,3303,1343,255,520,TUM,0.6093
6633,4,"TUM,STR,LYM,NEC",5417,2612,1660,362,783,TUM,0.4822
612,4,"TUM,STR,LYM,NEC",5416,3225,1329,237,625,TUM,0.5955
8037,4,"TUM,STR,LYM,NEC",5410,3038,1537,260,575,TUM,0.5616
1602,4,"TUM,STR,LYM,NEC",5403,2758,1907,248,490,TUM,0.5105
3896,4,"TUM,STR,LYM,NEC",5399,3121,1420,263,595,TUM,0.5781
5799,4,"TUM,STR,LYM,NEC",5393,3150,1217,650,376,TUM,0.5841
7093,4,"TUM,STR,LYM,NEC",5379,3309,1248,359,463,TUM,0.6152
912,4,"TUM,STR,LYM,NEC",5378,2174,1875,513,816,TUM,0.4042
6950,4,"TUM,STR,LYM,NEC",5373,2784,1559,341,689,TUM,0.5181
1169,4,"TUM,STR,LYM,NEC",5372,2609,1684,363,716,TUM,0.4857
2320,4,"TUM,STR,LYM,NEC",5370,2235,2334,259,542,STR,0.4346
2919,4,"TUM,STR,LYM,NEC",5353,2250,1939,505,659,TUM,0.4203
495,4,"TUM,STR,LYM,NEC",5346,2346,2079,330,591,TUM,0.4388
5682,4,"TUM,STR,LYM,NEC",5342,2575,1766,377,624,TUM,0.482
5163,4,"TUM,STR,LYM,NEC",5326,2344,1890,489,603,TUM,0.4401
7352,4,"TUM,STR,LYM,NEC",5312,2905,1583,235,589,TUM,0.5469
1280,4,"TUM,STR,LYM,NEC",5302,3186,1303,386,427,TUM,0.6009
591,4,"TUM,STR,LYM,NEC",5297,3184,1216,291,606,TUM,0.6011
3199,4,"TUM,STR,LYM,NEC",5294,3106,1511,210,467,TUM,0.5867
2476,4,"TUM,STR,LYM,NEC",5275,2800,1533,287,655,TUM,0.5308
7470,4,"TUM,STR,LYM,NEC",5271,2790,1507,286,688,TUM,0.5293
932,4,"TUM,STR,LYM,NEC",5261,2296,2136,303,526,TUM,0.4364
4582,4,"TUM,STR,LYM,NEC",5261,2568,1629,362,702,TUM,0.4881
5515,4,"TUM,STR,LYM,NEC",5261,3313,1147,348,453,TUM,0.6297
3349,4,"TUM,STR,LYM,NEC",5245,3378,1091,368,408,TUM,0.644
5114,4,"TUM,STR,LYM,NEC",5229,2310,1822,366,731,TUM,0.4418
6999,4,"TUM,STR,LYM,NEC",5229,2679,1365,582,603,TUM,0.5123
686,4,"TUM,STR,LYM,NEC",5222,2277,1984,342,619,TUM,0.436
3437,4,"TUM,STR,LYM,NEC",5222,2862,1708,190,462,TUM,0.5481
1631,4,"TUM,STR,LYM,NEC",5218,2795,1598,234,591,TUM,0.5356
2411,4,"TUM,STR,LYM,NEC",5218,3188,1081,595,354,TUM,0.611
7324,4,"TUM,STR,LYM,NEC",5218,3144,1293,209,572,TUM,0.6025
8000,4,"TUM,STR,LYM,NEC",5208,2863,1370,279,696,TUM,0.5497
1384,4,"TUM,STR,LYM,NEC",5204,2742,1542,281,639,TUM,0.5269
1159,4,"TUM,STR,LYM,NEC",5198,2513,1585,400,700,TUM,0.4835
2157,4,"TUM,STR,LYM,NEC",5187,2131,1321,1268,467,TUM,0.4108
6511,4,"TUM,STR,LYM,NEC",5187,2420,1676,414,677,TUM,0.4666
2885,4,"TUM,STR,LYM,NEC",5186,2932,1357,232,665,TUM,0.5654
7937,4,"TUM,STR,LYM,NEC",5171,2584,1878,231,478,TUM,0.4997
4116,4,"TUM,STR,LYM,NEC",5170,2396,1788,323,663,TUM,0.4634
2012,4,"TUM,STR,LYM,NEC",5135,3102,1306,226,501,TUM,0.6041
2228,4,"TUM,STR,LYM,NEC",5120,2502,1739,241,638,TUM,0.4887
5179,4,"TUM,STR,LYM,NEC",5120,3266,1014,480,360,TUM,0.6379
2106,4,"TUM,STR,LYM,NEC",5118,2450,1686,326,656,TUM,0.4787
5383,4,"TUM,STR,LYM,NEC",5117,2735,1515,271,596,TUM,0.5345
3618,4,"TUM,STR,LYM,NEC",5114,2723,1635,204,552,TUM,0.5325
6191,4,"TUM,STR,LYM,NEC",5111,2397,1781,341,592,TUM,0.469
3536,4,"TUM,STR,LYM,NEC",5102,2652,1525,304,621,TUM,0.5198
4447,4,"TUM,STR,LYM,NEC",5098,2473,1816,225,584,TUM,0.4851
2400,4,"TUM,STR,LYM,NEC",5090,2659,1443,350,638,TUM,0.5224
6881,4,"TUM,STR,LYM,NEC",5060,2389,1632,391,648,TUM,0.4721
630,4,"TUM,STR,LYM,NEC",5059,1899,1596,545,1019,TUM,0.3754
2997,4,"TUM,STR,LYM,NEC",5055,2886,1326,236,607,TUM,0.5709
901,4,"TUM,STR,LYM,NEC",5052,2559,1752,185,556,TUM,0.5065
3029,4,"TUM,STR,LYM,NEC",5044,3080,1134,251,579,TUM,0.6106
5527,4,"TUM,STR,LYM,NEC",5044,2532,1706,292,514,TUM,0.502
3329,4,"TUM,STR,LYM,NEC",5040,2590,1525,332,593,TUM,0.5139
5842,4,"TUM,STR,LYM,NEC",5040,2847,1328,357,508,TUM,0.5649
7303,4,"TUM,STR,LYM,NEC",5039,2807,1450,207,575,TUM,0.5571
3433,4,"TUM,STR,LYM,NEC",5023,2650,1582,200,591,TUM,0.5276
153,4,"TUM,STR,LYM,NEC",5022,2508,1542,331,641,TUM,0.4994
154,4,"TUM,STR,LYM,NEC",5018,2992,1304,213,509,TUM,0.5963
196,4,"TUM,STR,LYM,NEC",5014,2644,1400,283,687,TUM,0.5273
3094,4,"TUM,STR,LYM,NEC",5014,2464,1749,179,622,TUM,0.4914
1755,4,"TUM,STR,LYM,NEC",5011,2594,1487,288,642,TUM,0.5177
2292,4,"TUM,STR,LYM,NEC",4999,2508,1199,815,477,TUM,0.5017
5606,4,"TUM,STR,LYM,NEC",4983,2918,1183,318,564,TUM,0.5856
4419,4,"TUM,STR,LYM,NEC",4981,2569,1577,225,610,TUM,0.5158
5754,4,"TUM,STR,LYM,NEC",4977,2765,1415,249,548,TUM,0.5556
2101,4,"TUM,STR,LYM,NEC",4970,2877,1360,235,498,TUM,0.5789
4527,4,"TUM,STR,LYM,NEC",4953,2892,1298,201,562,TUM,0.5839
6908,4,"TUM,STR,LYM,NEC",4952,2786,1085,717,364,TUM,0.5626
5357,4,"TUM,STR,LYM,NEC",4945,2378,1483,348,736,TUM,0.4809
7448,4,"TUM,STR,LYM,NEC",4942,2194,1711,406,631,TUM,0.4439
7035,4,"TUM,STR,LYM,NEC",4931,1875,1770,565,721,TUM,0.3802
5873,4,"TUM,STR,LYM,NEC",4926,2823,1269,240,594,TUM,0.5731
6022,4,"TUM,STR,LYM,NEC",4919,2075,1682,466,696,TUM,0.4218
1845,4,"TUM,STR,LYM,NEC",4903,2156,1870,413,464,TUM,0.4397
5600,4,"TUM,STR,LYM,NEC",4892,2263,1924,267,438,TUM,0.4626
1042,4,"TUM,STR,LYM,NEC",4881,2210,1426,597,648,TUM,0.4528
1063,4,"TUM,STR,LYM,NEC",4879,2844,1233,313,489,TUM,0.5829
3625,4,"TUM,STR,LYM,NEC",4864,2943,1175,299,447,TUM,0.6051
5177,4,"TUM,STR,LYM,NEC",4855,2488,1636,219,512,TUM,0.5125
5477,4,"TUM,STR,LYM,NEC",4853,2657,1397,261,538,TUM,0.5475
4811,4,"TUM,STR,LYM,NEC",4851,2574,1387,301,589,TUM,0.5306
5302,4,"TUM,STR,LYM,NEC",4838,2386,1681,203,568,TUM,0.4932
2034,4,"TUM,STR,LYM,NEC",4836,2009,1649,450,728,TUM,0.4154
3841,4,"TUM,STR,LYM,NEC",4834,2338,1560,324,612,TUM,0.4837
3243,4,"TUM,STR,LYM,NEC",4831,2204,1673,282,672,TUM,0.4562
5585,4,"TUM,STR,LYM,NEC",4830,2271,1719,328,512,TUM,0.4702
4425,4,"TUM,STR,LYM,NEC",4825,2447,1641,222,515,TUM,0.5072
7016,4,"TUM,STR,LYM,NEC",4807,2836,1040,479,452,TUM,0.59
1772,4,"TUM,STR,LYM,NEC",4802,1929,2057,238,578,STR,0.4284
3631,4,"TUM,STR,LYM,NEC",4799,2207,1762,280,550,TUM,0.4599
4673,4,"TUM,STR,LYM,NEC",4797,2784,1077,429,507,TUM,0.5804
5947,4,"TUM,STR,LYM,NEC",4790,2193,1605,388,604,TUM,0.4578
3438,4,"TUM,STR,LYM,NEC",4788,2911,1012,404,461,TUM,0.608
5461,4,"TUM,STR,LYM,NEC",4786,2648,1379,233,526,TUM,0.5533
2127,4,"TUM,STR,LYM,NEC",4783,1946,1768,426,643,TUM,0.4069
5171,4,"TUM,STR,LYM,NEC",4783,2440,1709,188,446,TUM,0.5101
5708,4,"TUM,STR,LYM,NEC",4783,2913,1136,205,529,TUM,0.609
7721,4,"TUM,STR,LYM,NEC",4780,2404,1516,272,588,TUM,0.5029
3926,4,"TUM,STR,LYM,NEC",4776,2096,1791,381,508,TUM,0.4389
6521,4,"TUM,STR,LYM,NEC",4768,2156,1652,315,645,TUM,0.4522
211,4,"TUM,STR,LYM,NEC",4767,2207,1585,341,634,TUM,0.463
1862,4,"TUM,STR,LYM,NEC",4753,2596,1288,328,541,TUM,0.5462
1655,4,"TUM,STR,LYM,NEC",4747,2889,978,472,408,TUM,0.6086
2054,4,"TUM,STR,LYM,NEC",4746,2102,1824,374,446,TUM,0.4429
3678,4,"TUM,STR,LYM,NEC",4731,2064,1640,402,625,TUM,0.4363
6984,4,"TUM,STR,LYM,NEC",4730,2935,1040,364,391,TUM,0.6205
7001,4,"TUM,STR,LYM,NEC",4724,2221,1581,407,515,TUM,0.4702
3195,4,"TUM,STR,LYM,NEC",4723,2221,1775,185,542,TUM,0.4703
6801,4,"TUM,STR,LYM,NEC",4723,2780,1127,257,559,TUM,0.5886
3299,4,"TUM,STR,LYM,NEC",4721,2572,1297,281,571,TUM,0.5448
6095,4,"TUM,STR,LYM,NEC",4701,2137,1611,324,629,TUM,0.4546
7223,4,"TUM,STR,LYM,NEC",4694,2035,1328,660,671,TUM,0.4335
2770,4,"TUM,STR,LYM,NEC",4676,2767,1126,273,510,TUM,0.5917
4843,4,"TUM,STR,LYM,NEC",4676,2148,1714,388,426,TUM,0.4594
3861,4,"TUM,STR,LYM,NEC",4674,2677,1043,500,454,TUM,0.5727
5386,4,"TUM,STR,LYM,NEC",4672,2442,1402,275,553,TUM,0.5227
4587,4,"TUM,STR,LYM,NEC",4666,2725,1150,255,536,TUM,0.584
7195,4,"TUM,STR,LYM,NEC",4650,2525,1086,558,481,TUM,0.543
1351,4,"TUM,STR,LYM,NEC",4646,2276,1752,177,441,TUM,0.4899
1979,4,"TUM,STR,LYM,NEC",4643,2587,1333,208,515,TUM,0.5572
468,4,"TUM,STR,LYM,NEC",4641,2460,1375,211,595,TUM,0.5301
7065,4,"TUM,STR,LYM,NEC",4639,2361,1485,211,582,TUM,0.5089
5106,4,"TUM,STR,LYM,NEC",4638,2011,1714,275,638,TUM,0.4336
6762,4,"TUM,STR,LYM,NEC",4632,2233,1129,755,515,TUM,0.4821
7528,4,"TUM,STR,LYM,NEC",4622,1780,1513,523,806,TUM,0.3851
310,4,"TUM,STR,LYM,NEC",4618,2244,1731,156,487,TUM,0.4859
1506,4,"TUM,STR,LYM,NEC",4607,1920,1767,346,574,TUM,0.4168
1089,4,"TUM,STR,LYM,NEC",4598,2413,1424,279,482,TUM,0.5248
2717,4,"TUM,STR,LYM,NEC",4598,2675,1027,507,389,TUM,0.5818
773,4,"TUM,STR,LYM,NEC",4582,2206,1646,229,501,TUM,0.4814
5325,4,"TUM,STR,LYM,NEC",4572,1980,1615,494,483,TUM,0.4331
5490,4,"TUM,STR,LYM,NEC",4572,2456,1381,216,519,TUM,0.5372
2469,4,"TUM,STR,LYM,NEC",4571,2307,1385,305,574,TUM,0.5047
6829,4,"TUM,STR,LYM,NEC",4555,2176,1477,347,555,TUM,0.4777
6894,4,"TUM,STR,LYM,NEC",4550,2000,1524,381,645,TUM,0.4396
4914,4,"TUM,STR,LYM,NEC",4543,2399,1406,213,525,TUM,0.5281
6193,4,"TUM,STR,LYM,NEC",4532,2314,1601,187,430,TUM,0.5106
2957,4,"TUM,STR,LYM,NEC",4529,2090,1554,314,571,TUM,0.4615
1194,4,"TUM,STR,LYM,NEC",4525,2360,1455,232,478,TUM,0.5215
4821,4,"TUM,STR,LYM,NEC",4521,2991,895,316,319,TUM,0.6616
5292,4,"TUM,STR,LYM,NEC",4517,2586,951,497,483,TUM,0.5725
6754,4,"TUM,STR,LYM,NEC",4513,2096,1654,228,535,TUM,0.4644
5635,4,"TUM,STR,LYM,NEC",4506,2578,1188,239,501,TUM,0.5721
5027,4,"TUM,STR,LYM,NEC",4496,2304,1033,806,353,TUM,0.5125
7804,4,"TUM,STR,LYM,NEC",4494,1515,1189,1368,422,TUM,0.3371
7275,4,"TUM,STR,LYM,NEC",4484,1918,1953,160,453,STR,0.4355
722,4,"TUM,STR,LYM,NEC",4467,2616,984,383,484,TUM,0.5856
5226,4,"TUM,STR,LYM,NEC",4464,2284,1388,228,564,TUM,0.5116
322,4,"TUM,STR,LYM,NEC",4460,2389,1233,239,599,TUM,0.5357
4604,4,"TUM,STR,LYM,NEC",4455,2080,1446,318,611,TUM,0.4669
5277,4,"TUM,STR,LYM,NEC",4452,2057,1772,190,433,TUM,0.462
7391,4,"TUM,STR,LYM,NEC",4450,1960,1701,305,484,TUM,0.4404
3586,4,"TUM,STR,LYM,NEC",4439,2065,1601,347,426,TUM,0.4652
5860,4,"TUM,STR,LYM,NEC",4436,1838,1996,199,403,STR,0.45
4972,4,"TUM,STR,LYM,NEC",4433,1894,1618,448,473,TUM,0.4273
8089,4,"TUM,STR,LYM,NEC",4429,2498,965,595,371,TUM,0.564
5843,4,"TUM,STR,LYM,NEC",4428,2450,946,703,329,TUM,0.5533
4494,4,"TUM,STR,LYM,NEC",4425,1755,1605,356,709,TUM,0.3966
4950,4,"TUM,STR,LYM,NEC",4424,2809,908,204,503,TUM,0.6349
7028,4,"TUM,STR,LYM,NEC",4424,1773,1843,305,503,STR,0.4166
6292,4,"TUM,STR,LYM,NEC",4423,2277,1499,166,481,TUM,0.5148
7950,4,"TUM,STR,LYM,NEC",4417,2611,1030,340,436,TUM,0.5911
3869,4,"TUM,STR,LYM,NEC",4414,2021,1522,365,506,TUM,0.4579
6563,4,"TUM,STR,LYM,NEC",4414,1911,1807,257,439,TUM,0.4329
1966,4,"TUM,STR,LYM,NEC",4412,2254,897,888,373,TUM,0.5109
3093,4,"TUM,STR,LYM,NEC",4409,2236,1430,286,457,TUM,0.5071
4524,4,"TUM,STR,LYM,NEC",4409,1494,1284,1270,361,TUM,0.3389
4538,4,"TUM,STR,LYM,NEC",4406,2124,1608,238,436,TUM,0.4821
3565,4,"TUM,STR,LYM,NEC",4395,2218,1480,183,514,TUM,0.5047
4905,4,"TUM,STR,LYM,NEC",4395,2330,1041,637,387,TUM,0.5301
3260,4,"TUM,STR,LYM,NEC",4394,2769,983,256,386,TUM,0.6302
2583,4,"TUM,STR,LYM,NEC",4390,1844,1517,323,706,TUM,0.42
1509,4,"TUM,STR,LYM,NEC",4387,2433,1126,295,533,TUM,0.5546
1679,4,"TUM,STR,LYM,NEC",4381,1966,1495,284,636,TUM,0.4488
1840,4,"TUM,STR,LYM,NEC",4371,2124,1486,262,499,TUM,0.4859
1026,4,"TUM,STR,LYM,NEC",4370,2114,1341,330,585,TUM,0.4838
1515,4,"TUM,STR,LYM,NEC",4368,2480,1143,218,527,TUM,0.5678
2255,4,"TUM,STR,LYM,NEC",4362,2622,1012,262,466,TUM,0.6011
1322,4,"TUM,STR,LYM,NEC",4358,2702,885,427,344,TUM,0.62
496,4,"TUM,STR,LYM,NEC",4345,2424,1324,139,458,TUM,0.5579
6744,4,"TUM,STR,LYM,NEC",4343,2231,1324,309,479,TUM,0.5137
2197,4,"TUM,STR,LYM,NEC",4327,1862,1418,362,685,TUM,0.4303
5450,4,"TUM,STR,LYM,NEC",4325,2324,1279,215,507,TUM,0.5373
3153,4,"TUM,STR,LYM,NEC",4319,2313,1208,268,530,TUM,0.5355
2651,4,"TUM,STR,LYM,NEC",4308,2086,1491,177,554,TUM,0.4842
7138,4,"TUM,STR,LYM,NEC",4306,2201,1482,194,429,TUM,0.5111
4486,4,"TUM,STR,LYM,NEC",4304,1875,1592,252,585,TUM,0.4356
4364,4,"TUM,STR,LYM,NEC",4303,1880,1875,169,379,TUM,0.4369
1209,4,"TUM,STR,LYM,NEC",4302,1965,1695,163,479,TUM,0.4568
3125,4,"TUM,STR,LYM,NEC",4300,2279,1315,185,521,TUM,0.53
2257,4,"TUM,STR,LYM,NEC",4298,1909,1438,339,612,TUM,0.4442
4746,4,"TUM,STR,LYM,NEC",4298,1848,1488,408,554,TUM,0.43
4781,4,"TUM,STR,LYM,NEC",4289,2122,1018,833,316,TUM,0.4948
3510,4,"TUM,STR,LYM,NEC",4286,2343,1139,312,492,TUM,0.5467
6208,4,"TUM,STR,LYM,NEC",4283,2229,1409,207,438,TUM,0.5204
7959,4,"TUM,STR,LYM,NEC",4283,2132,1490,240,421,TUM,0.4978
7523,4,"TUM,STR,LYM,NEC",4281,1856,1621,375,429,TUM,0.4335
8059,4,"TUM,STR,LYM,NEC",4266,2201,1305,199,561,TUM,0.5159
2293,4,"TUM,STR,LYM,NEC",4257,2323,1216,189,529,TUM,0.5457
3441,4,"TUM,STR,LYM,NEC",4253,1969,1422,352,510,TUM,0.463
13,4,"TUM,STR,LYM,NEC",4252,2005,1433,277,537,TUM,0.4715
2999,4,"TUM,STR,LYM,NEC",4252,2087,1522,164,479,TUM,0.4908
972,4,"TUM,STR,LYM,NEC",4249,2683,862,367,337,TUM,0.6314
394,4,"TUM,STR,LYM,NEC",4248,2139,1379,203,527,TUM,0.5035
5854,4,"TUM,STR,LYM,NEC",4244,2105,1330,242,567,TUM,0.496
475,4,"TUM,STR,LYM,NEC",4240,2194,1266,324,456,TUM,0.5175
3849,4,"TUM,STR,LYM,NEC",4236,1890,1656,247,443,TUM,0.4462
4625,4,"TUM,STR,LYM,NEC",4231,1596,1582,441,612,TUM,0.3772
5996,4,"TUM,STR,LYM,NEC",4217,1725,988,1135,369,TUM,0.4091
6183,4,"TUM,STR,LYM,NEC",4216,2143,1387,219,467,TUM,0.5083
2356,4,"TUM,STR,LYM,NEC",4213,2331,905,654,323,TUM,0.5533
6378,4,"TUM,STR,LYM,NEC",4211,2046,1381,297,487,TUM,0.4859
466,4,"TUM,STR,LYM,NEC",4205,1831,1497,346,531,TUM,0.4354
2375,4,"TUM,STR,LYM,NEC",4203,2661,829,274,439,TUM,0.6331
1025,4,"TUM,STR,LYM,NEC",4198,1798,1580,348,472,TUM,0.4283
4629,4,"TUM,STR,LYM,NEC",4196,2210,1251,221,514,TUM,0.5267
7651,4,"TUM,STR,LYM,NEC",4194,2441,1098,242,413,TUM,0.582
6446,4,"TUM,STR,LYM,NEC",4175,2063,1390,186,536,TUM,0.4941
296,4,"TUM,STR,LYM,NEC",4173,2121,1441,158,453,TUM,0.5083
4270,4,"TUM,STR,LYM,NEC",4172,1921,1402,319,530,TUM,0.4605
7317,4,"TUM,STR,LYM,NEC",4166,2261,1167,319,419,TUM,0.5427
7510,4,"TUM,STR,LYM,NEC",4165,1945,1501,234,485,TUM,0.467
6610,4,"TUM,STR,LYM,NEC",4156,2047,1364,215,530,TUM,0.4925
3478,4,"TUM,STR,LYM,NEC",4155,2711,866,284,294,TUM,0.6525
3801,4,"TUM,STR,LYM,NEC",4152,2391,1053,231,477,TUM,0.5759
477,4,"TUM,STR,LYM,NEC",4150,2046,1562,196,346,TUM,0.493
4050,4,"TUM,STR,LYM,NEC",4147,1603,1342,505,697,TUM,0.3865
1094,4,"TUM,STR,LYM,NEC",4141,2580,899,270,392,TUM,0.623
7732,4,"TUM,STR,LYM,NEC",4140,2542,897,259,442,TUM,0.614
1549,4,"TUM,STR,LYM,NEC",4137,1875,1604,185,473,TUM,0.4532
7459,4,"TUM,STR,LYM,NEC",4119,1639,1688,270,522,STR,0.4098
4742,4,"TUM,STR,LYM,NEC",4118,2148,1288,208,474,TUM,0.5216
541,4,"TUM,STR,LYM,NEC",4115,1904,1407,309,495,TUM,0.4627
2531,4,"TUM,STR,LYM,NEC",4107,1362,1357,954,434,TUM,0.3316
914,4,"TUM,STR,LYM,NEC",4105,2325,1017,268,495,TUM,0.5664
3900,4,"TUM,STR,LYM,NEC",4105,2340,1201,165,399,TUM,0.57
380,4,"TUM,STR,LYM,NEC",4098,1795,1239,380,684,TUM,0.438
5973,4,"TUM,STR,LYM,NEC",4094,2382,920,395,397,TUM,0.5818
4155,4,"TUM,STR,LYM,NEC",4092,2120,1214,252,506,TUM,0.5181
2229,4,"TUM,STR,LYM,NEC",4088,1825,1282,344,637,TUM,0.4464
3804,4,"TUM,STR,LYM,NEC",4087,2543,817,443,284,TUM,0.6222
76,4,"TUM,STR,LYM,NEC",4083,1981,1287,245,570,TUM,0.4852
6536,4,"TUM,STR,LYM,NEC",4076,2327,1035,188,526,TUM,0.5709
5063,4,"TUM,STR,LYM,NEC",4066,1931,1461,290,384,TUM,0.4749
6491,4,"TUM,STR,LYM,NEC",4064,1814,1510,309,431,TUM,0.4464
368,4,"TUM,STR,LYM,NEC",4061,1734,1536,306,485,TUM,0.427
4637,4,"TUM,STR,LYM,NEC",4060,2178,1198,252,432,TUM,0.5365
47,4,"TUM,STR,LYM,NEC",4059,1875,1378,309,497,TUM,0.4619
1541,4,"TUM,STR,LYM,NEC",4055,1919,1401,291,444,TUM,0.4732
2136,4,"TUM,STR,LYM,NEC",4051,1981,1369,301,400,TUM,0.489
2488,4,"TUM,STR,LYM,NEC",4042,2031,1201,344,466,TUM,0.5025
5151,4,"TUM,STR,LYM,NEC",4041,1904,1045,739,353,TUM,0.4712
6995,4,"TUM,STR,LYM,NEC",4037,2281,1056,287,413,TUM,0.565
1672,4,"TUM,STR,LYM,NEC",4035,2124,1263,231,417,TUM,0.5264
5971,4,"TUM,STR,LYM,NEC",4034,2171,1289,176,398,TUM,0.5382
6547,4,"TUM,STR,LYM,NEC",4031,2086,1258,210,477,TUM,0.5175
8162,4,"TUM,STR,LYM,NEC",4031,2556,851,274,350,TUM,0.6341
4654,4,"TUM,STR,LYM,NEC",4027,1699,1710,159,459,STR,0.4246
3482,4,"TUM,STR,LYM,NEC",4021,1808,1524,250,439,TUM,0.4496
970,4,"TUM,STR,LYM,NEC",4020,1964,1237,310,509,TUM,0.4886
8190,4,"TUM,STR,LYM,NEC",4020,2060,1422,165,373,TUM,0.5124
4572,4,"TUM,STR,LYM,NEC",4019,2248,1168,164,439,TUM,0.5593
5795,4,"TUM,STR,LYM,NEC",4004,2069,1511,146,278,TUM,0.5167
3855,4,"TUM,STR,LYM,NEC",4000,1884,1099,564,453,TUM,0.471
7854,4,"TUM,STR,LYM,NEC",4000,1618,1327,405,650,TUM,0.4045
6032,4,"TUM,STR,LYM,NEC",3994,2383,894,437,280,TUM,0.5966
320,4,"TUM,STR,LYM,NEC",3993,2208,1130,192,463,TUM,0.553
4351,4,"TUM,STR,LYM,NEC",3983,2182,1118,262,421,TUM,0.5478
2093,4,"TUM,STR,LYM,NEC",3982,1894,1420,224,444,TUM,0.4756
33,4,"TUM,STR,LYM,NEC",3978,2318,966,297,397,TUM,0.5827
817,4,"TUM,STR,LYM,NEC",3975,2272,993,378,332,TUM,0.5716
1932,4,"TUM,STR,LYM,NEC",3968,2040,1149,276,503,TUM,0.5141
6764,4,"TUM,STR,LYM,NEC",3967,2060,1282,205,420,TUM,0.5193
3795,4,"TUM,STR,LYM,NEC",3966,2088,1239,202,437,TUM,0.5265
6395,4,"TUM,STR,LYM,NEC",3961,2216,1077,160,508,TUM,0.5595
4427,4,"TUM,STR,LYM,NEC",3959,1687,1621,272,379,TUM,0.4261
6475,4,"TUM,STR,LYM,NEC",3956,2257,844,540,315,TUM,0.5705
3684,4,"TUM,STR,LYM,NEC",3954,2058,1142,225,529,TUM,0.5205
1418,4,"TUM,STR,LYM,NEC",3951,2530,777,309,335,TUM,0.6403
6078,4,"TUM,STR,LYM,NEC",3946,1707,1385,350,504,TUM,0.4326
4755,4,"TUM,STR,LYM,NEC",3943,2345,842,455,301,TUM,0.5947
4189,4,"TUM,STR,LYM,NEC",3932,1777,1240,300,615,TUM,0.4519
1252,4,"TUM,STR,LYM,NEC",3929,1913,1225,292,499,TUM,0.4869
4666,4,"TUM,STR,LYM,NEC",3923,1715,1372,276,560,TUM,0.4372
7188,4,"TUM,STR,LYM,NEC",3901,2153,1030,230,488,TUM,0.5519
6276,4,"TUM,STR,LYM,NEC",3900,2146,1155,141,458,TUM,0.5503
2094,4,"TUM,STR,LYM,NEC",3896,1787,1424,302,383,TUM,0.4587
1417,4,"TUM,STR,LYM,NEC",3892,2171,1111,228,382,TUM,0.5578
7708,4,"TUM,STR,LYM,NEC",3892,2135,822,589,346,TUM,0.5486
3722,4,"TUM,STR,LYM,NEC",3888,1884,1397,181,426,TUM,0.4846
1347,4,"TUM,STR,LYM,NEC",3885,1979,1265,190,451,TUM,0.5094
4095,4,"TUM,STR,LYM,NEC",3885,1973,1232,209,471,TUM,0.5079
5891,4,"TUM,STR,LYM,NEC",3885,1935,1181,246,523,TUM,0.4981
384,4,"TUM,STR,LYM,NEC",3881,2495,778,321,287,TUM,0.6429
2186,4,"TUM,STR,LYM,NEC",3878,2223,1006,203,446,TUM,0.5732
1132,4,"TUM,STR,LYM,NEC",3876,2000,1265,218,393,TUM,0.516
45,4,"TUM,STR,LYM,NEC",3873,2007,1217,220,429,TUM,0.5182
2419,4,"TUM,STR,LYM,NEC",3870,1710,1344,379,437,TUM,0.4419
546,4,"TUM,STR,LYM,NEC",3863,1614,1586,193,470,TUM,0.4178
11,4,"TUM,STR,LYM,NEC",3862,2460,873,224,305,TUM,0.637
510,4,"TUM,STR,LYM,NEC",3862,2530,787,261,284,TUM,0.6551
4998,4,"TUM,STR,LYM,NEC",3862,2412,908,219,323,TUM,0.6245
5259,4,"TUM,STR,LYM,NEC",3861,1683,1496,276,406,TUM,0.4359
3790,4,"TUM,STR,LYM,NEC",3857,2063,1014,351,429,TUM,0.5349
1472,4,"TUM,STR,LYM,NEC",3849,2082,1136,177,454,TUM,0.5409
2931,4,"TUM,STR,LYM,NEC",3848,1929,1131,256,532,TUM,0.5013
7266,4,"TUM,STR,LYM,NEC",3844,1961,1254,218,411,TUM,0.5101
1324,4,"TUM,STR,LYM,NEC",3842,2082,1158,156,446,TUM,0.5419
5806,4,"TUM,STR,LYM,NEC",3827,1767,1539,160,361,TUM,0.4617
2417,4,"TUM,STR,LYM,NEC",3817,1977,1245,182,413,TUM,0.5179
3951,4,"TUM,STR,LYM,NEC",3811,1818,1373,243,377,TUM,0.477
3888,4,"TUM,STR,LYM,NEC",3806,1620,1567,172,447,TUM,0.4256
2998,4,"TUM,STR,LYM,NEC",3801,1844,1337,233,387,TUM,0.4851
1030,4,"TUM,STR,LYM,NEC",3800,1760,1592,139,309,TUM,0.4632
4470,4,"TUM,STR,LYM,NEC",3799,1699,1233,325,542,TUM,0.4472
4651,4,"TUM,STR,LYM,NEC",3799,2083,1205,148,363,TUM,0.5483
988,4,"TUM,STR,LYM,NEC",3798,2243,1059,225,271,TUM,0.5906
6117,4,"TUM,STR,LYM,NEC",3794,1747,1374,221,452,TUM,0.4605
4293,4,"TUM,STR,LYM,NEC",3792,2292,848,305,347,TUM,0.6044
4977,4,"TUM,STR,LYM,NEC",3787,1770,1214,297,506,TUM,0.4674
7265,4,"TUM,STR,LYM,NEC",3784,1548,1303,328,605,TUM,0.4091
7657,4,"TUM,STR,LYM,NEC",3779,1948,1128,236,467,TUM,0.5155
6789,4,"TUM,STR,LYM,NEC",3775,1991,1130,201,453,TUM,0.5274
558,4,"TUM,STR,LYM,NEC",3770,1972,1184,187,427,TUM,0.5231
278,4,"TUM,STR,LYM,NEC",3768,1993,1154,127,494,TUM,0.5289
4633,4,"TUM,STR,LYM,NEC",3763,1923,1142,211,487,TUM,0.511
3326,4,"TUM,STR,LYM,NEC",3762,1873,1213,219,457,TUM,0.4979
5524,4,"TUM,STR,LYM,NEC",3762,1700,1426,270,366,TUM,0.4519
4356,4,"TUM,STR,LYM,NEC",3760,1691,1516,199,354,TUM,0.4497
1038,4,"TUM,STR,LYM,NEC",3759,2188,909,211,451,TUM,0.5821
4861,4,"TUM,STR,LYM,NEC",3759,1925,1221,207,406,TUM,0.5121
53,4,"TUM,STR,LYM,NEC",3755,1968,1016,466,305,TUM,0.5241
978,4,"TUM,STR,LYM,NEC",3752,1823,1265,215,449,TUM,0.4859
3550,4,"TUM,STR,LYM,NEC",3750,2331,828,222,369,TUM,0.6216
257,4,"TUM,STR,LYM,NEC",3748,1651,1267,270,560,TUM,0.4405
3282,4,"TUM,STR,LYM,NEC",3745,1998,1174,174,399,TUM,0.5335
4727,4,"TUM,STR,LYM,NEC",3742,1565,1435,368,374,TUM,0.4182
1499,4,"TUM,STR,LYM,NEC",3738,1999,1127,171,441,TUM,0.5348
6088,4,"TUM,STR,LYM,NEC",3738,2231,749,455,303,TUM,0.5968
4805,4,"TUM,STR,LYM,NEC",3736,1571,1212,346,607,TUM,0.4205
4034,4,"TUM,STR,LYM,NEC",3734,1781,1416,172,365,TUM,0.477
1954,4,"TUM,STR,LYM,NEC",3732,1634,1252,338,508,TUM,0.4378
4016,4,"TUM,STR,LYM,NEC",3730,1885,1225,206,414,TUM,0.5054
5862,4,"TUM,STR,LYM,NEC",3725,1312,1171,933,309,TUM,0.3522
6797,4,"TUM,STR,LYM,NEC",3725,1901,1246,141,437,TUM,0.5103
7555,4,"TUM,STR,LYM,NEC",3720,2069,864,493,294,TUM,0.5562
6394,4,"TUM,STR,LYM,NEC",3717,1878,1215,210,414,TUM,0.5052
4468,4,"TUM,STR,LYM,NEC",3716,2142,884,223,467,TUM,0.5764
6553,4,"TUM,STR,LYM,NEC",3716,1740,1277,177,522,TUM,0.4682
769,4,"TUM,STR,LYM,NEC",3715,1640,1382,158,535,TUM,0.4415
7859,4,"TUM,STR,LYM,NEC",3708,2105,953,224,426,TUM,0.5677
4215,4,"TUM,STR,LYM,NEC",3705,2001,1003,315,386,TUM,0.5401
7954,4,"TUM,STR,LYM,NEC",3705,1862,1263,223,357,TUM,0.5026
3627,4,"TUM,STR,LYM,NEC",3701,1781,1206,200,514,TUM,0.4812
5419,4,"TUM,STR,LYM,NEC",3698,1135,1122,1065,376,TUM,0.3069
4980,4,"TUM,STR,LYM,NEC",3696,1787,1424,165,320,TUM,0.4835
1204,4,"TUM,STR,LYM,NEC",3694,1973,872,433,416,TUM,0.5341
7243,4,"TUM,STR,LYM,NEC",3694,1683,1274,235,502,TUM,0.4556
6784,4,"TUM,STR,LYM,NEC",3686,1977,1044,202,463,TUM,0.5364
3105,4,"TUM,STR,LYM,NEC",3678,1985,1165,149,379,TUM,0.5397
5048,4,"TUM,STR,LYM,NEC",3673,1610,1212,317,534,TUM,0.4383
7496,4,"TUM,STR,LYM,NEC",3673,1970,1185,190,328,TUM,0.5363
2890,4,"TUM,STR,LYM,NEC",3671,1814,997,291,569,TUM,0.4941
5661,4,"TUM,STR,LYM,NEC",3670,1753,1347,220,350,TUM,0.4777
6376,4,"TUM,STR,LYM,NEC",3664,2217,814,308,325,TUM,0.6051
4674,4,"TUM,STR,LYM,NEC",3663,1869,887,486,421,TUM,0.5102
3779,4,"TUM,STR,LYM,NEC",3662,1623,1182,338,519,TUM,0.4432
4715,4,"TUM,STR,LYM,NEC",3661,1775,1253,228,405,TUM,0.4848
2699,4,"TUM,STR,LYM,NEC",3657,2042,999,279,337,TUM,0.5584
4122,4,"TUM,STR,LYM,NEC",3654,1787,1368,182,317,TUM,0.4891
3504,4,"TUM,STR,LYM,NEC",3648,1342,1796,114,396,STR,0.4923
7219,4,"TUM,STR,LYM,NEC",3646,2066,937,174,469,TUM,0.5666
2291,4,"TUM,STR,LYM,NEC",3644,1800,1306,154,384,TUM,0.494
8166,4,"TUM,STR,LYM,NEC",3641,1524,1192,313,612,TUM,0.4186
421,4,"TUM,STR,LYM,NEC",3632,1921,1120,139,452,TUM,0.5289
2144,4,"TUM,STR,LYM,NEC",3630,2246,784,272,328,TUM,0.6187
1103,4,"TUM,STR,LYM,NEC",3627,2031,1073,157,366,TUM,0.56
4762,4,"TUM,STR,LYM,NEC",3618,2207,815,199,397,TUM,0.61
5570,4,"TUM,STR,LYM,NEC",3618,1438,1297,305,578,TUM,0.3975
1126,4,"TUM,STR,LYM,NEC",3607,1581,1335,225,466,TUM,0.4383
2405,4,"TUM,STR,LYM,NEC",3605,2159,718,420,308,TUM,0.5989
6705,4,"TUM,STR,LYM,NEC",3599,2250,740,275,334,TUM,0.6252
1785,4,"TUM,STR,LYM,NEC",3595,2189,857,211,338,TUM,0.6089
6157,4,"TUM,STR,LYM,NEC",3595,2158,714,497,226,TUM,0.6003
4474,4,"TUM,STR,LYM,NEC",3592,1943,1064,165,420,TUM,0.5409
735,4,"TUM,STR,LYM,NEC",3590,2059,933,235,363,TUM,0.5735
8095,4,"TUM,STR,LYM,NEC",3589,1545,1416,150,478,TUM,0.4305
7085,4,"TUM,STR,LYM,NEC",3588,1585,1430,174,399,TUM,0.4418
7716,4,"TUM,STR,LYM,NEC",3586,1954,1152,146,334,TUM,0.5449
7269,4,"TUM,STR,LYM,NEC",3583,1971,881,261,470,TUM,0.5501
5308,4,"TUM,STR,LYM,NEC",3580,1715,1263,169,433,TUM,0.4791
2542,4,"TUM,STR,LYM,NEC",3579,1528,1333,262,456,TUM,0.4269
2529,4,"TUM,STR,LYM,NEC",3578,1330,1276,311,661,TUM,0.3717
2840,4,"TUM,STR,LYM,NEC",3578,1966,909,259,444,TUM,0.5495
2577,4,"TUM,STR,LYM,NEC",3575,1929,940,251,455,TUM,0.5396
7389,4,"TUM,STR,LYM,NEC",3574,1625,1089,276,584,TUM,0.4547
4184,4,"TUM,STR,LYM,NEC",3566,2184,777,239,366,TUM,0.6125
2237,4,"TUM,STR,LYM,NEC",3565,1746,1223,231,365,TUM,0.4898
7408,4,"TUM,STR,LYM,NEC",3565,1643,1143,302,477,TUM,0.4609
126,4,"TUM,STR,LYM,NEC",3562,2247,776,193,346,TUM,0.6308
2433,4,"TUM,STR,LYM,NEC",3562,2003,1047,145,367,TUM,0.5623
1236,4,"TUM,STR,LYM,NEC",3559,1887,1128,158,386,TUM,0.5302
6833,4,"TUM,STR,LYM,NEC",3559,1246,1667,154,492,STR,0.4684
3518,4,"TUM,STR,LYM,NEC",3557,1925,980,211,441,TUM,0.5412
634,4,"TUM,STR,LYM,NEC",3556,1907,787,541,321,TUM,0.5363
2774,4,"TUM,STR,LYM,NEC",3556,2115,812,268,361,TUM,0.5948
109,4,"TUM,STR,LYM,NEC",3553,1843,1240,154,316,TUM,0.5187
5118,4,"TUM,STR,LYM,NEC",3550,2030,938,206,376,TUM,0.5718
2537,4,"TUM,STR,LYM,NEC",3549,1662,1346,231,310,TUM,0.4683
4282,4,"TUM,STR,LYM,NEC",3549,1837,1085,224,403,TUM,0.5176
3,4,"TUM,STR,LYM,NEC",3541,1901,1065,155,420,TUM,0.5369
650,4,"TUM,STR,LYM,NEC",3540,2084,835,271,350,TUM,0.5887
4271,4,"TUM,STR,LYM,NEC",3538,1673,1235,214,416,TUM,0.4729
3055,4,"TUM,STR,LYM,NEC",3536,2166,781,263,326,TUM,0.6126
4777,4,"TUM,STR,LYM,NEC",3523,1707,1123,243,450,TUM,0.4845
3466,4,"TUM,STR,LYM,NEC",3521,1570,1303,301,347,TUM,0.4459
6791,4,"TUM,STR,LYM,NEC",3521,1504,1160,243,614,TUM,0.4272
2486,4,"TUM,STR,LYM,NEC",3515,2282,688,289,256,TUM,0.6492
1554,4,"TUM,STR,LYM,NEC",3514,1487,1400,252,375,TUM,0.4232
4193,4,"TUM,STR,LYM,NEC",3512,1973,855,280,404,TUM,0.5618
2102,4,"TUM,STR,LYM,NEC",3510,2027,927,160,396,TUM,0.5775
5388,4,"TUM,STR,LYM,NEC",3510,1603,1222,238,447,TUM,0.4567
6263,4,"TUM,STR,LYM,NEC",3510,1171,1294,366,679,STR,0.3687
1958,4,"TUM,STR,LYM,NEC",3509,1963,1011,168,367,TUM,0.5594
624,4,"TUM,STR,LYM,NEC",3508,1742,1249,161,356,TUM,0.4966
3628,4,"TUM,STR,LYM,NEC",3507,1738,1080,257,432,TUM,0.4956
1174,4,"TUM,STR,LYM,NEC",3502,1882,1126,151,343,TUM,0.5374
4429,4,"TUM,STR,LYM,NEC",3495,1938,997,202,358,TUM,0.5545
6615,4,"TUM,STR,LYM,NEC",3488,2347,711,224,206,TUM,0.6729
2200,4,"TUM,STR,LYM,NEC",3482,1641,1107,236,498,TUM,0.4713
4365,4,"TUM,STR,LYM,NEC",3480,1726,1122,208,424,TUM,0.496
949,4,"TUM,STR,LYM,NEC",3479,1669,1149,241,420,TUM,0.4797
4196,4,"TUM,STR,LYM,NEC",3479,1988,907,171,413,TUM,0.5714
6812,4,"TUM,STR,LYM,NEC",3479,1751,1176,174,378,TUM,0.5033
4597,4,"TUM,STR,LYM,NEC",3477,1447,1342,286,402,TUM,0.4162
7628,4,"TUM,STR,LYM,NEC",3477,2123,762,261,331,TUM,0.6106
5440,4,"TUM,STR,LYM,NEC",3472,1696,1276,114,386,TUM,0.4885
6152,4,"TUM,STR,LYM,NEC",3472,1973,726,473,300,TUM,0.5683
6903,4,"TUM,STR,LYM,NEC",3472,2224,665,290,293,TUM,0.6406
482,4,"TUM,STR,LYM,NEC",3471,1351,1261,234,625,TUM,0.3892
6011,4,"TUM,STR,LYM,NEC",3471,1519,1375,241,336,TUM,0.4376
5104,4,"TUM,STR,LYM,NEC",3470,1978,995,156,341,TUM,0.57
4573,4,"TUM,STR,LYM,NEC",3464,2139,790,211,324,TUM,0.6175
7045,4,"TUM,STR,LYM,NEC",3462,1950,975,165,372,TUM,0.5633
3621,4,"TUM,STR,LYM,NEC",3451,1638,1151,228,434,TUM,0.4746
69,4,"TUM,STR,LYM,NEC",3441,1674,1019,270,478,TUM,0.4865
1464,4,"TUM,STR,LYM,NEC",3441,1477,1387,225,352,TUM,0.4292
2349,4,"TUM,STR,LYM,NEC",3441,2103,783,192,363,TUM,0.6112
5059,4,"TUM,STR,LYM,NEC",3440,2250,647,334,209,TUM,0.6541
1711,4,"TUM,STR,LYM,NEC",3429,1829,1055,154,391,TUM,0.5334
7568,4,"TUM,STR,LYM,NEC",3422,1782,1064,187,389,TUM,0.5207
7146,4,"TUM,STR,LYM,NEC",3419,1734,1096,202,387,TUM,0.5072
5520,4,"TUM,STR,LYM,NEC",3418,2041,857,187,333,TUM,0.5971
2504,4,"TUM,STR,LYM,NEC",3416,1725,1239,161,291,TUM,0.505
5018,4,"TUM,STR,LYM,NEC",3416,1386,819,937,274,TUM,0.4057
22,4,"TUM,STR,LYM,NEC",3415,1928,905,221,361,TUM,0.5646
6372,4,"TUM,STR,LYM,NEC",3412,1770,1092,168,382,TUM,0.5188
1830,4,"TUM,STR,LYM,NEC",3410,1721,1116,195,378,TUM,0.5047
2448,4,"TUM,STR,LYM,NEC",3410,2247,678,261,224,TUM,0.6589
3835,4,"TUM,STR,LYM,NEC",3404,1554,1313,191,346,TUM,0.4565
6029,4,"TUM,STR,LYM,NEC",3403,1851,962,181,409,TUM,0.5439
6772,4,"TUM,STR,LYM,NEC",3397,1901,997,215,284,TUM,0.5596
685,4,"TUM,STR,LYM,NEC",3386,1553,1179,248,406,TUM,0.4587
7140,4,"TUM,STR,LYM,NEC",3380,2021,846,136,377,TUM,0.5979
7551,4,"TUM,STR,LYM,NEC",3375,1677,1155,139,404,TUM,0.4969
3584,4,"TUM,STR,LYM,NEC",3374,1687,1026,230,431,TUM,0.5
4990,4,"TUM,STR,LYM,NEC",3374,1455,1105,458,356,TUM,0.4312
499,4,"TUM,STR,LYM,NEC",3364,1869,901,190,404,TUM,0.5556
3112,4,"TUM,STR,LYM,NEC",3363,1851,1029,153,330,TUM,0.5504
8112,4,"TUM,STR,LYM,NEC",3360,1721,1020,190,429,TUM,0.5122
2960,4,"TUM,STR,LYM,NEC",3357,1448,1354,207,348,TUM,0.4313
7465,4,"TUM,STR,LYM,NEC",3354,1866,907,201,380,TUM,0.5564
3065,4,"TUM,STR,LYM,NEC",3347,1872,767,317,391,TUM,0.5593
2120,4,"TUM,STR,LYM,NEC",3345,1899,959,125,362,TUM,0.5677
5253,4,"TUM,STR,LYM,NEC",3342,1852,878,236,376,TUM,0.5542
6023,4,"TUM,STR,LYM,NEC",3338,1601,1066,192,479,TUM,0.4796
5412,4,"TUM,STR,LYM,NEC",3337,1857,929,160,391,TUM,0.5565
4108,4,"TUM,STR,LYM,NEC",3336,1498,1341,187,310,TUM,0.449
3727,4,"TUM,STR,LYM,NEC",3334,1858,895,186,395,TUM,0.5573
3050,4,"TUM,STR,LYM,NEC",3332,1788,968,182,394,TUM,0.5366
2562,4,"TUM,STR,LYM,NEC",3331,1953,803,215,360,TUM,0.5863
4230,4,"TUM,STR,LYM,NEC",3330,1787,1016,160,367,TUM,0.5366
7163,4,"TUM,STR,LYM,NEC",3329,2072,816,144,297,TUM,0.6224
5238,4,"TUM,STR,LYM,NEC",3327,1498,1244,139,446,TUM,0.4503
856,4,"TUM,STR,LYM,NEC",3318,2018,734,191,375,TUM,0.6082
691,4,"TUM,STR,LYM,NEC",3317,1841,946,145,385,TUM,0.555
2009,4,"TUM,STR,LYM,NEC",3312,1404,1196,250,462,TUM,0.4239
6318,4,"TUM,STR,LYM,NEC",3311,1812,930,180,389,TUM,0.5473
2275,4,"TUM,STR,LYM,NEC",3309,1503,1287,209,310,TUM,0.4542
1995,4,"TUM,STR,LYM,NEC",3308,1691,1113,165,339,TUM,0.5112
6757,4,"TUM,STR,LYM,NEC",3307,1814,935,186,372,TUM,0.5485
6541,4,"TUM,STR,LYM,NEC",3301,1708,1097,189,307,TUM,0.5174
5526,4,"TUM,STR,LYM,NEC",3292,1687,848,352,405,TUM,0.5125
1277,4,"TUM,STR,LYM,NEC",3291,2026,717,200,348,TUM,0.6156
5193,4,"TUM,STR,LYM,NEC",3291,1636,1039,197,419,TUM,0.4971
2184,4,"TUM,STR,LYM,NEC",3289,1603,1166,152,368,TUM,0.4874
190,4,"TUM,STR,LYM,NEC",3287,1745,1032,138,372,TUM,0.5309
900,4,"TUM,STR,LYM,NEC",3286,2039,663,237,347,TUM,0.6205
3475,4,"TUM,STR,LYM,NEC",3284,1465,870,681,268,TUM,0.4461
3555,4,"TUM,STR,LYM,NEC",3278,1502,1076,269,431,TUM,0.4582
4417,4,"TUM,STR,LYM,NEC",3278,2157,600,278,243,TUM,0.658
3750,4,"TUM,STR,LYM,NEC",3275,1672,1164,133,306,TUM,0.5105
532,4,"TUM,STR,LYM,NEC",3270,1638,975,205,452,TUM,0.5009
679,4,"TUM,STR,LYM,NEC",3269,2199,573,216,281,TUM,0.6727
6868,4,"TUM,STR,LYM,NEC",3258,2129,659,225,245,TUM,0.6535
933,4,"TUM,STR,LYM,NEC",3254,1920,776,220,338,TUM,0.59
4443,4,"TUM,STR,LYM,NEC",3254,1584,1167,196,307,TUM,0.4868
4055,4,"TUM,STR,LYM,NEC",3252,2137,649,188,278,TUM,0.6571
6293,4,"TUM,STR,LYM,NEC",3251,1970,708,232,341,TUM,0.606
6430,4,"TUM,STR,LYM,NEC",3251,2077,684,268,222,TUM,0.6389
2684,4,"TUM,STR,LYM,NEC",3250,1933,791,236,290,TUM,0.5948
5599,4,"TUM,STR,LYM,NEC",3245,1845,780,190,430,TUM,0.5686
4170,4,"TUM,STR,LYM,NEC",3244,1811,929,140,364,TUM,0.5583
1067,4,"TUM,STR,LYM,NEC",3241,1564,1251,134,292,TUM,0.4826
3281,4,"TUM,STR,LYM,NEC",3239,1609,1104,135,391,TUM,0.4968
5506,4,"TUM,STR,LYM,NEC",3239,1721,1063,140,315,TUM,0.5313
3429,4,"TUM,STR,LYM,NEC",3234,1795,861,173,405,TUM,0.555
8091,4,"TUM,STR,LYM,NEC",3230,1597,821,550,262,TUM,0.4944
5249,4,"TUM,STR,LYM,NEC",3229,1556,960,223,490,TUM,0.4819
7416,4,"TUM,STR,LYM,NEC",3227,1234,1298,170,525,STR,0.4022
3215,4,"TUM,STR,LYM,NEC",3226,1660,981,159,426,TUM,0.5146
7663,4,"TUM,STR,LYM,NEC",3221,1491,1251,164,315,TUM,0.4629
3742,4,"TUM,STR,LYM,NEC",3213,1588,995,223,407,TUM,0.4942
7627,4,"TUM,STR,LYM,NEC",3210,1826,844,222,318,TUM,0.5688
21,4,"TUM,STR,LYM,NEC",3209,1320,1478,139,272,STR,0.4606
2325,4,"TUM,STR,LYM,NEC",3203,1673,962,180,388,TUM,0.5223
835,4,"TUM,STR,LYM,NEC",3200,1725,918,153,404,TUM,0.5391
3416,4,"TUM,STR,LYM,NEC",3199,1645,1002,168,384,TUM,0.5142
7411,4,"TUM,STR,LYM,NEC",3198,1561,973,237,427,TUM,0.4881
10,4,"TUM,STR,LYM,NEC",3197,1897,730,184,386,TUM,0.5934
2445,4,"TUM,STR,LYM,NEC",3189,1559,1096,177,357,TUM,0.4889
5472,4,"TUM,STR,LYM,NEC",3187,1618,1014,177,378,TUM,0.5077
3358,4,"TUM,STR,LYM,NEC",3181,1266,1196,252,467,TUM,0.398
6420,4,"TUM,STR,LYM,NEC",3181,1516,1015,238,412,TUM,0.4766
1088,4,"TUM,STR,LYM,NEC",3171,1634,939,186,412,TUM,0.5153
5250,4,"TUM,STR,LYM,NEC",3166,1594,1079,137,356,TUM,0.5035
6622,4,"TUM,STR,LYM,NEC",3165,1415,1148,247,355,TUM,0.4471
1764,4,"TUM,STR,LYM,NEC",3163,1831,923,123,286,TUM,0.5789
5982,4,"TUM,STR,LYM,NEC",3162,2070,668,181,243,TUM,0.6546
6141,4,"TUM,STR,LYM,NEC",3160,1759,902,127,372,TUM,0.5566
6620,4,"TUM,STR,LYM,NEC",3160,2064,645,215,236,TUM,0.6532
5141,4,"TUM,STR,LYM,NEC",3159,1853,853,141,312,TUM,0.5866
7276,4,"TUM,STR,LYM,NEC",3159,1957,698,172,332,TUM,0.6195
6849,4,"TUM,STR,LYM,NEC",3158,1354,1130,192,482,TUM,0.4288
4791,4,"TUM,STR,LYM,NEC",3157,1705,931,146,375,TUM,0.5401
3640,4,"TUM,STR,LYM,NEC",3154,1612,902,185,455,TUM,0.5111
4043,4,"TUM,STR,LYM,NEC",3152,1116,1113,310,613,TUM,0.3541
7150,4,"TUM,STR,LYM,NEC",3151,1399,1240,187,325,TUM,0.444
1881,4,"TUM,STR,LYM,NEC",3149,1630,1063,135,321,TUM,0.5176
2963,4,"TUM,STR,LYM,NEC",3148,1887,764,154,343,TUM,0.5994
2110,4,"TUM,STR,LYM,NEC",3145,1851,780,156,358,TUM,0.5886
2541,4,"TUM,STR,LYM,NEC",3145,1771,853,138,383,TUM,0.5631
5938,4,"TUM,STR,LYM,NEC",3145,1627,967,165,386,TUM,0.5173
8076,4,"TUM,STR,LYM,NEC",3145,1408,1045,254,438,TUM,0.4477
513,4,"TUM,STR,LYM,NEC",3143,1533,1101,155,354,TUM,0.4878
5620,4,"TUM,STR,LYM,NEC",3143,1627,1001,183,332,TUM,0.5177
5367,4,"TUM,STR,LYM,NEC",3141,1860,710,216,355,TUM,0.5922
3838,4,"TUM,STR,LYM,NEC",3136,1775,805,181,375,TUM,0.566
2965,4,"TUM,STR,LYM,NEC",3134,1991,681,219,243,TUM,0.6353
6530,4,"TUM,STR,LYM,NEC",3128,1747,838,200,343,TUM,0.5585
4476,4,"TUM,STR,LYM,NEC",3126,1692,828,165,441,TUM,0.5413
2089,4,"TUM,STR,LYM,NEC",3119,1133,1095,325,566,TUM,0.3633
4498,4,"TUM,STR,LYM,NEC",3115,1803,797,207,308,TUM,0.5788
2361,4,"TUM,STR,LYM,NEC",3113,1762,840,152,359,TUM,0.566
973,4,"TUM,STR,LYM,NEC",3112,1490,1027,210,385,TUM,0.4788
6236,4,"TUM,STR,LYM,NEC",3104,1796,797,205,306,TUM,0.5786
4037,4,"TUM,STR,LYM,NEC",3094,1448,978,235,433,TUM,0.468
626,4,"TUM,STR,LYM,NEC",3088,1858,750,171,309,TUM,0.6017
1242,4,"TUM,STR,LYM,NEC",3088,1445,1018,178,447,TUM,0.4679
4522,4,"TUM,STR,LYM,NEC",3088,1716,839,202,331,TUM,0.5557
4398,4,"TUM,STR,LYM,NEC",3085,1237,1165,256,427,TUM,0.401
6842,4,"TUM,STR,LYM,NEC",3084,1361,1058,247,418,TUM,0.4413
5507,4,"TUM,STR,LYM,NEC",3082,1320,1199,260,303,TUM,0.4283
617,4,"TUM,STR,LYM,NEC",3078,1175,981,264,658,TUM,0.3817
6570,4,"TUM,STR,LYM,NEC",3076,1827,813,157,279,TUM,0.594
4908,4,"TUM,STR,LYM,NEC",3075,1956,705,163,251,TUM,0.6361
6100,4,"TUM,STR,LYM,NEC",3074,1415,1103,196,360,TUM,0.4603
3417,4,"TUM,STR,LYM,NEC",3073,1827,741,144,361,TUM,0.5945
1248,4,"TUM,STR,LYM,NEC",3070,1483,1061,189,337,TUM,0.4831
586,4,"TUM,STR,LYM,NEC",3069,1207,1127,270,465,TUM,0.3933
2510,4,"TUM,STR,LYM,NEC",3068,1675,837,165,391,TUM,0.546
3414,4,"TUM,STR,LYM,NEC",3066,1384,981,205,496,TUM,0.4514
734,4,"TUM,STR,LYM,NEC",3053,1339,1096,278,340,TUM,0.4386
354,4,"TUM,STR,LYM,NEC",3051,1553,931,211,356,TUM,0.509
588,4,"TUM,STR,LYM,NEC",3051,1458,972,214,407,TUM,0.4779
4390,4,"TUM,STR,LYM,NEC",3051,1536,1068,168,279,TUM,0.5034
1239,4,"TUM,STR,LYM,NEC",3049,1536,919,210,384,TUM,0.5038
5904,4,"TUM,STR,LYM,NEC",3049,1467,838,334,410,TUM,0.4811
5532,4,"TUM,STR,LYM,NEC",3048,1379,1158,251,260,TUM,0.4524
651,4,"TUM,STR,LYM,NEC",3046,1793,767,179,307,TUM,0.5886
1372,4,"TUM,STR,LYM,NEC",3044,1643,963,119,319,TUM,0.5398
561,4,"TUM,STR,LYM,NEC",3043,1550,1006,162,325,TUM,0.5094
4499,4,"TUM,STR,LYM,NEC",3043,1463,993,192,395,TUM,0.4808
1593,4,"TUM,STR,LYM,NEC",3041,1298,1136,233,374,TUM,0.4268
1355,4,"TUM,STR,LYM,NEC",3034,1558,927,179,370,TUM,0.5135
1975,4,"TUM,STR,LYM,NEC",3034,1400,933,257,444,TUM,0.4614
3769,4,"TUM,STR,LYM,NEC",3034,1412,1028,206,388,TUM,0.4654
7025,4,"TUM,STR,LYM,NEC",3034,1276,1248,193,317,TUM,0.4206
6021,4,"TUM,STR,LYM,NEC",3033,1639,920,132,342,TUM,0.5404
2458,4,"TUM,STR,LYM,NEC",3030,1514,1087,126,303,TUM,0.4997
4336,4,"TUM,STR,LYM,NEC",3030,1395,1062,230,343,TUM,0.4604
4309,4,"TUM,STR,LYM,NEC",3028,1236,1353,124,315,STR,0.4468
4478,4,"TUM,STR,LYM,NEC",3023,1742,767,220,294,TUM,0.5762
726,4,"TUM,STR,LYM,NEC",3017,1356,1031,239,391,TUM,0.4495
5601,4,"TUM,STR,LYM,NEC",3016,1455,1158,114,289,TUM,0.4824
5992,4,"TUM,STR,LYM,NEC",3016,1778,742,214,282,TUM,0.5895
7367,4,"TUM,STR,LYM,NEC",3016,1352,1112,235,317,TUM,0.4483
746,4,"TUM,STR,LYM,NEC",3015,1398,1203,126,288,TUM,0.4637
6373,4,"TUM,STR,LYM,NEC",3010,1535,915,185,375,TUM,0.51
1609,4,"TUM,STR,LYM,NEC",3004,1536,761,442,265,TUM,0.5113
7434,4,"TUM,STR,LYM,NEC",3003,1588,870,164,381,TUM,0.5288
7153,4,"TUM,STR,LYM,NEC",2998,1738,639,364,257,TUM,0.5797
7648,4,"TUM,STR,LYM,NEC",2997,1242,1186,165,404,TUM,0.4144
6131,4,"TUM,STR,LYM,NEC",2993,1573,915,147,358,TUM,0.5256
2932,4,"TUM,STR,LYM,NEC",2991,1819,699,140,333,TUM,0.6082
4497,4,"TUM,STR,LYM,NEC",2991,1595,911,176,309,TUM,0.5333
7038,4,"TUM,STR,LYM,NEC",2991,1425,1033,232,301,TUM,0.4764
6111,4,"TUM,STR,LYM,NEC",2990,1526,584,611,269,TUM,0.5104
4546,4,"TUM,STR,LYM,NEC",2988,1265,1156,197,370,TUM,0.4234
1807,4,"TUM,STR,LYM,NEC",2981,1526,992,146,317,TUM,0.5119
1822,4,"TUM,STR,LYM,NEC",2979,1347,1084,176,372,TUM,0.4522
3369,4,"TUM,STR,LYM,NEC",2978,1603,1041,107,227,TUM,0.5383
518,4,"TUM,STR,LYM,NEC",2975,1257,1231,157,330,TUM,0.4225
3613,4,"TUM,STR,LYM,NEC",2974,1623,950,129,272,TUM,0.5457
5604,4,"TUM,STR,LYM,NEC",2974,1324,1099,110,441,TUM,0.4452
7845,4,"TUM,STR,LYM,NEC",2971,1683,775,212,301,TUM,0.5665
974,4,"TUM,STR,LYM,NEC",2969,1307,1163,126,373,TUM,0.4402
1494,4,"TUM,STR,LYM,NEC",2969,1281,1019,253,416,TUM,0.4315
2983,4,"TUM,STR,LYM,NEC",2969,1374,1087,173,335,TUM,0.4628
5410,4,"TUM,STR,LYM,NEC",2964,1586,909,124,345,TUM,0.5351
3452,4,"TUM,STR,LYM,NEC",2963,1853,507,385,218,TUM,0.6254
7494,4,"TUM,STR,LYM,NEC",2963,1559,941,109,354,TUM,0.5262
5583,4,"TUM,STR,LYM,NEC",2962,1743,721,138,360,TUM,0.5885
6618,4,"TUM,STR,LYM,NEC",2959,1867,560,335,197,TUM,0.631
1189,4,"TUM,STR,LYM,NEC",2957,1825,641,218,273,TUM,0.6172
5636,4,"TUM,STR,LYM,NEC",2957,1426,877,188,466,TUM,0.4822
7273,4,"TUM,STR,LYM,NEC",2957,1845,595,282,235,TUM,0.6239
3220,4,"TUM,STR,LYM,NEC",2951,1458,899,213,381,TUM,0.4941
2250,4,"TUM,STR,LYM,NEC",2944,1225,1022,242,455,TUM,0.4161
7014,4,"TUM,STR,LYM,NEC",2941,1601,827,202,311,TUM,0.5444
5609,4,"TUM,STR,LYM,NEC",2935,1531,929,173,302,TUM,0.5216
5009,4,"TUM,STR,LYM,NEC",2933,1476,949,180,328,TUM,0.5032
5100,4,"TUM,STR,LYM,NEC",2931,1270,1201,177,283,TUM,0.4333
2221,4,"TUM,STR,LYM,NEC",2927,1835,635,268,189,TUM,0.6269
5650,4,"TUM,STR,LYM,NEC",2927,1299,952,189,487,TUM,0.4438
3629,4,"TUM,STR,LYM,NEC",2921,1663,753,134,371,TUM,0.5693
7390,4,"TUM,STR,LYM,NEC",2920,1690,766,175,289,TUM,0.5788
7155,4,"TUM,STR,LYM,NEC",2918,1483,909,172,354,TUM,0.5082
5129,4,"TUM,STR,LYM,NEC",2916,1567,759,226,364,TUM,0.5374
5299,4,"TUM,STR,LYM,NEC",2914,1615,728,214,357,TUM,0.5542
1179,4,"TUM,STR,LYM,NEC",2906,1537,842,187,340,TUM,0.5289
3182,4,"TUM,STR,LYM,NEC",2905,1589,851,143,322,TUM,0.547
3702,4,"TUM,STR,LYM,NEC",2901,1263,1052,162,424,TUM,0.4354
4517,4,"TUM,STR,LYM,NEC",2899,1707,727,165,300,TUM,0.5888
464,4,"TUM,STR,LYM,NEC",2897,1574,742,192,389,TUM,0.5433
1941,4,"TUM,STR,LYM,NEC",2897,1819,564,242,272,TUM,0.6279
2907,4,"TUM,STR,LYM,NEC",2897,1457,670,463,307,TUM,0.5029
5202,4,"TUM,STR,LYM,NEC",2896,1481,885,152,378,TUM,0.5114
2053,4,"TUM,STR,LYM,NEC",2889,1704,693,136,356,TUM,0.5898
7969,4,"TUM,STR,LYM,NEC",2881,1722,696,175,288,TUM,0.5977
5301,4,"TUM,STR,LYM,NEC",2878,1239,1046,236,357,TUM,0.4305
7081,4,"TUM,STR,LYM,NEC",2876,1646,715,175,340,TUM,0.5723
2943,4,"TUM,STR,LYM,NEC",2869,1191,1194,180,304,STR,0.4162
4466,4,"TUM,STR,LYM,NEC",2867,1521,790,221,335,TUM,0.5305
880,4,"TUM,STR,LYM,NEC",2865,1522,908,113,322,TUM,0.5312
3388,4,"TUM,STR,LYM,NEC",2865,1677,772,113,303,TUM,0.5853
213,4,"TUM,STR,LYM,NEC",2863,1899,546,184,234,TUM,0.6633
812,4,"TUM,STR,LYM,NEC",2863,1588,779,157,339,TUM,0.5547
78,4,"TUM,STR,LYM,NEC",2858,1459,871,175,353,TUM,0.5105
739,4,"TUM,STR,LYM,NEC",2854,1229,1022,201,402,TUM,0.4306
4979,4,"TUM,STR,LYM,NEC",2854,1286,939,245,384,TUM,0.4506
2927,4,"TUM,STR,LYM,NEC",2852,1663,710,163,316,TUM,0.5831
6357,4,"TUM,STR,LYM,NEC",2852,1872,601,169,210,TUM,0.6564
1633,4,"TUM,STR,LYM,NEC",2851,1344,1038,143,326,TUM,0.4714
5788,4,"TUM,STR,LYM,NEC",2844,1374,912,194,364,TUM,0.4831
743,4,"TUM,STR,LYM,NEC",2835,1540,848,121,326,TUM,0.5432
7412,4,"TUM,STR,LYM,NEC",2835,1644,722,167,302,TUM,0.5799
6841,4,"TUM,STR,LYM,NEC",2832,1738,597,261,236,TUM,0.6137
3404,4,"TUM,STR,LYM,NEC",2829,1372,915,157,385,TUM,0.485
1339,4,"TUM,STR,LYM,NEC",2827,1596,755,145,331,TUM,0.5646
2572,4,"TUM,STR,LYM,NEC",2827,1094,1024,247,462,TUM,0.387
3120,4,"TUM,STR,LYM,NEC",2826,1198,919,216,493,TUM,0.4239
1445,4,"TUM,STR,LYM,NEC",2822,1360,894,200,368,TUM,0.4819
3335,4,"TUM,STR,LYM,NEC",2806,1867,528,206,205,TUM,0.6654
7364,4,"TUM,STR,LYM,NEC",2806,1114,1135,172,385,STR,0.4045
1901,4,"TUM,STR,LYM,NEC",2801,1532,861,123,285,TUM,0.5469
6285,4,"TUM,STR,LYM,NEC",2797,1417,794,200,386,TUM,0.5066
6828,4,"TUM,STR,LYM,NEC",2797,1742,569,276,210,TUM,0.6228
6231,4,"TUM,STR,LYM,NEC",2791,1627,703,136,325,TUM,0.5829
2070,4,"TUM,STR,LYM,NEC",2790,1571,699,202,318,TUM,0.5631
8136,4,"TUM,STR,LYM,NEC",2788,1457,749,181,401,TUM,0.5226
1391,4,"TUM,STR,LYM,NEC",2786,1667,534,301,284,TUM,0.5983
3928,4,"TUM,STR,LYM,NEC",2786,1372,1051,125,238,TUM,0.4925
7043,4,"TUM,STR,LYM,NEC",2784,1712,593,283,196,TUM,0.6149
2937,4,"TUM,STR,LYM,NEC",2781,1383,888,125,385,TUM,0.4973
6375,4,"TUM,STR,LYM,NEC",2780,1245,967,211,357,TUM,0.4478
2437,4,"TUM,STR,LYM,NEC",2777,1409,888,165,315,TUM,0.5074
1859,4,"TUM,STR,LYM,NEC",2775,1396,934,141,304,TUM,0.5031
6721,4,"TUM,STR,LYM,NEC",2774,1466,911,112,285,TUM,0.5285
5186,4,"TUM,STR,LYM,NEC",2773,1446,850,158,319,TUM,0.5215
5881,4,"TUM,STR,LYM,NEC",2773,1253,1077,163,280,TUM,0.4519
128,4,"TUM,STR,LYM,NEC",2768,1319,1003,113,333,TUM,0.4765
5476,4,"TUM,STR,LYM,NEC",2767,1499,665,315,288,TUM,0.5417
1461,4,"TUM,STR,LYM,NEC",2766,1493,769,151,353,TUM,0.5398
4333,4,"TUM,STR,LYM,NEC",2765,1293,940,213,319,TUM,0.4676
2451,4,"TUM,STR,LYM,NEC",2763,1209,1004,257,293,TUM,0.4376
3036,4,"TUM,STR,LYM,NEC",2761,1550,819,119,273,TUM,0.5614
200,4,"TUM,STR,LYM,NEC",2760,1478,787,166,329,TUM,0.5355
7251,4,"TUM,STR,LYM,NEC",2760,1638,663,149,310,TUM,0.5935
3198,4,"TUM,STR,LYM,NEC",2759,1353,885,172,349,TUM,0.4904
3545,4,"TUM,STR,LYM,NEC",2757,1025,942,273,517,TUM,0.3718
1019,4,"TUM,STR,LYM,NEC",2749,1514,797,131,307,TUM,0.5507
6289,4,"TUM,STR,LYM,NEC",2748,1346,917,88,397,TUM,0.4898
4378,4,"TUM,STR,LYM,NEC",2747,1303,907,165,372,TUM,0.4743
5364,4,"TUM,STR,LYM,NEC",2744,1660,631,146,307,TUM,0.605
6677,4,"TUM,STR,LYM,NEC",2744,1715,547,262,220,TUM,0.625
5960,4,"TUM,STR,LYM,NEC",2740,1664,647,150,279,TUM,0.6073
7259,4,"TUM,STR,LYM,NEC",2740,1797,590,114,239,TUM,0.6558
5185,4,"TUM,STR,LYM,NEC",2732,1396,862,115,359,TUM,0.511
1425,4,"TUM,STR,LYM,NEC",2731,1115,654,715,247,TUM,0.4083
1350,4,"TUM,STR,LYM,NEC",2729,978,1158,194,399,STR,0.4243
6409,4,"TUM,STR,LYM,NEC",2729,1286,871,211,361,TUM,0.4712
1282,4,"TUM,STR,LYM,NEC",2726,1654,648,119,305,TUM,0.6067
1471,4,"TUM,STR,LYM,NEC",2725,1537,728,133,327,TUM,0.564
5421,4,"TUM,STR,LYM,NEC",2725,1298,913,192,322,TUM,0.4763
7482,4,"TUM,STR,LYM,NEC",2723,1631,605,248,239,TUM,0.599
4386,4,"TUM,STR,LYM,NEC",2722,1381,840,178,323,TUM,0.5073
1115,4,"TUM,STR,LYM,NEC",2719,1511,573,415,220,TUM,0.5557
4700,4,"TUM,STR,LYM,NEC",2717,1567,663,168,319,TUM,0.5767
102,4,"TUM,STR,LYM,NEC",2715,1616,577,249,273,TUM,0.5952
3531,4,"TUM,STR,LYM,NEC",2713,1491,582,331,309,TUM,0.5496
931,4,"TUM,STR,LYM,NEC",2709,1277,948,220,264,TUM,0.4714
6940,4,"TUM,STR,LYM,NEC",2707,1298,1006,148,255,TUM,0.4795
7370,4,"TUM,STR,LYM,NEC",2707,1395,800,163,349,TUM,0.5153
5170,4,"TUM,STR,LYM,NEC",2704,1092,963,215,434,TUM,0.4038
7739,4,"TUM,STR,LYM,NEC",2704,1279,973,192,260,TUM,0.473
375,4,"TUM,STR,LYM,NEC",2701,1377,770,188,366,TUM,0.5098
6344,4,"TUM,STR,LYM,NEC",2700,1446,705,197,352,TUM,0.5356
6740,4,"TUM,STR,LYM,NEC",2696,1271,1098,105,222,TUM,0.4714
4978,4,"TUM,STR,LYM,NEC",2694,1646,570,186,292,TUM,0.611
4439,4,"TUM,STR,LYM,NEC",2693,1219,903,240,331,TUM,0.4527
5352,4,"TUM,STR,LYM,NEC",2693,1422,831,128,312,TUM,0.528
1078,4,"TUM,STR,LYM,NEC",2691,1336,811,188,356,TUM,0.4965
6346,4,"TUM,STR,LYM,NEC",2690,1363,932,130,265,TUM,0.5067
7409,4,"TUM,STR,LYM,NEC",2690,1776,499,217,198,TUM,0.6602
7659,4,"TUM,STR,LYM,NEC",2689,1465,769,122,333,TUM,0.5448
795,4,"TUM,STR,LYM,NEC",2687,1316,885,157,329,TUM,0.4898
6463,4,"TUM,STR,LYM,NEC",2687,1273,1035,122,257,TUM,0.4738
4548,4,"TUM,STR,LYM,NEC",2685,1308,875,190,312,TUM,0.4872
7503,4,"TUM,STR,LYM,NEC",2684,1440,704,249,291,TUM,0.5365
3734,4,"TUM,STR,LYM,NEC",2680,1240,897,162,381,TUM,0.4627
2768,4,"TUM,STR,LYM,NEC",2669,1592,559,272,246,TUM,0.5965
7671,4,"TUM,STR,LYM,NEC",2668,1076,1235,127,230,STR,0.4629
6799,4,"TUM,STR,LYM,NEC",2667,1441,773,130,323,TUM,0.5403
4392,4,"TUM,STR,LYM,NEC",2664,1522,615,210,317,TUM,0.5713
6582,4,"TUM,STR,LYM,NEC",2663,1265,946,115,337,TUM,0.475
3817,4,"TUM,STR,LYM,NEC",2662,1515,669,178,300,TUM,0.5691
550,4,"TUM,STR,LYM,NEC",2661,1088,1078,251,244,TUM,0.4089
5979,4,"TUM,STR,LYM,NEC",2658,1500,752,137,269,TUM,0.5643
5678,4,"TUM,STR,LYM,NEC",2651,1502,728,127,294,TUM,0.5666
381,4,"TUM,STR,LYM,NEC",2649,1284,966,166,233,TUM,0.4847
2259,4,"TUM,STR,LYM,NEC",2649,1472,763,120,294,TUM,0.5557
1098,4,"TUM,STR,LYM,NEC",2646,1170,857,220,399,TUM,0.4422
2040,4,"TUM,STR,LYM,NEC",2639,1364,893,120,262,TUM,0.5169
2035,4,"TUM,STR,LYM,NEC",2637,1578,652,154,253,TUM,0.5984
3223,4,"TUM,STR,LYM,NEC",2636,1578,633,156,269,TUM,0.5986
1916,4,"TUM,STR,LYM,NEC",2635,1286,893,144,312,TUM,0.488
6197,4,"TUM,STR,LYM,NEC",2634,1282,892,184,276,TUM,0.4867
2335,4,"TUM,STR,LYM,NEC",2631,1299,900,151,281,TUM,0.4937
6691,4,"TUM,STR,LYM,NEC",2631,1047,918,251,415,TUM,0.3979
6053,4,"TUM,STR,LYM,NEC",2629,1728,583,111,207,TUM,0.6573
418,4,"TUM,STR,LYM,NEC",2621,1111,1008,205,297,TUM,0.4239
7557,4,"TUM,STR,LYM,NEC",2620,1385,750,143,342,TUM,0.5286
3842,4,"TUM,STR,LYM,NEC",2616,1552,603,149,312,TUM,0.5933
784,4,"TUM,STR,LYM,NEC",2614,1355,767,164,328,TUM,0.5184
6512,4,"TUM,STR,LYM,NEC",2612,1268,774,184,386,TUM,0.4855
6565,4,"TUM,STR,LYM,NEC",2611,1190,966,96,359,TUM,0.4558
1790,4,"TUM,STR,LYM,NEC",2610,1609,588,155,258,TUM,0.6165
4849,4,"TUM,STR,LYM,NEC",2610,1132,779,226,473,TUM,0.4337
3514,4,"TUM,STR,LYM,NEC",2608,1269,854,150,335,TUM,0.4866
7829,4,"TUM,STR,LYM,NEC",2607,1276,929,166,236,TUM,0.4895
487,4,"TUM,STR,LYM,NEC",2605,1206,858,220,321,TUM,0.463
5134,4,"TUM,STR,LYM,NEC",2601,1282,957,81,281,TUM,0.4929
3832,4,"TUM,STR,LYM,NEC",2599,1281,811,195,312,TUM,0.4929
4284,4,"TUM,STR,LYM,NEC",2597,1479,497,394,227,TUM,0.5695
4434,4,"TUM,STR,LYM,NEC",2595,1341,849,135,270,TUM,0.5168
7621,4,"TUM,STR,LYM,NEC",2590,1450,719,145,276,TUM,0.5598
3654,4,"TUM,STR,LYM,NEC",2587,1509,639,146,293,TUM,0.5833
5000,4,"TUM,STR,LYM,NEC",2583,1719,470,210,184,TUM,0.6655
8150,4,"TUM,STR,LYM,NEC",2582,1100,990,180,312,TUM,0.426
347,4,"TUM,STR,LYM,NEC",2574,1532,536,316,190,TUM,0.5952
4101,4,"TUM,STR,LYM,NEC",2573,1457,699,134,283,TUM,0.5663
2450,4,"TUM,STR,LYM,NEC",2572,1238,961,130,243,TUM,0.4813
3763,4,"TUM,STR,LYM,NEC",2566,1575,581,154,256,TUM,0.6138
603,4,"TUM,STR,LYM,NEC",2565,1556,537,241,231,TUM,0.6066
2641,4,"TUM,STR,LYM,NEC",2565,1125,915,117,408,TUM,0.4386
6716,4,"TUM,STR,LYM,NEC",2564,1398,729,130,307,TUM,0.5452
1947,4,"TUM,STR,LYM,NEC",2563,1176,996,165,226,TUM,0.4588
1925,4,"TUM,STR,LYM,NEC",2560,1409,752,141,258,TUM,0.5504
3187,4,"TUM,STR,LYM,NEC",2558,1437,541,315,265,TUM,0.5618
458,4,"TUM,STR,LYM,NEC",2556,1242,862,179,273,TUM,0.4859
1560,4,"TUM,STR,LYM,NEC",2556,1285,822,128,321,TUM,0.5027
6936,4,"TUM,STR,LYM,NEC",2554,1212,809,114,419,TUM,0.4745
6738,4,"TUM,STR,LYM,NEC",2552,1129,1059,137,227,TUM,0.4424
1605,4,"TUM,STR,LYM,NEC",2547,1373,749,143,282,TUM,0.5391
1155,4,"TUM,STR,LYM,NEC",2546,1232,954,123,237,TUM,0.4839
1482,4,"TUM,STR,LYM,NEC",2542,1332,743,156,311,TUM,0.524
1730,4,"TUM,STR,LYM,NEC",2542,1502,605,178,257,TUM,0.5909
2688,4,"TUM,STR,LYM,NEC",2541,1495,651,143,252,TUM,0.5884
706,4,"TUM,STR,LYM,NEC",2540,1302,754,160,324,TUM,0.5126
825,4,"TUM,STR,LYM,NEC",2536,844,660,808,224,TUM,0.3328
1034,4,"TUM,STR,LYM,NEC",2533,1161,899,210,263,TUM,0.4583
4709,4,"TUM,STR,LYM,NEC",2530,1457,692,129,252,TUM,0.5759
3360,4,"TUM,STR,LYM,NEC",2529,1471,632,165,261,TUM,0.5817
6602,4,"TUM,STR,LYM,NEC",2524,1726,428,201,169,TUM,0.6838
2700,4,"TUM,STR,LYM,NEC",2523,1472,617,177,257,TUM,0.5834
4254,4,"TUM,STR,LYM,NEC",2520,1309,720,199,292,TUM,0.5194
5572,4,"TUM,STR,LYM,NEC",2517,1467,707,96,247,TUM,0.5828
7327,4,"TUM,STR,LYM,NEC",2517,1608,499,211,199,TUM,0.6389
7586,4,"TUM,STR,LYM,NEC",2517,1475,614,196,232,TUM,0.586
2550,4,"TUM,STR,LYM,NEC",2516,1195,771,182,368,TUM,0.475
434,4,"TUM,STR,LYM,NEC",2515,1179,833,167,336,TUM,0.4688
2099,4,"TUM,STR,LYM,NEC",2508,1306,804,109,289,TUM,0.5207
4046,4,"TUM,STR,LYM,NEC",2505,1281,851,128,245,TUM,0.5114
3802,4,"TUM,STR,LYM,NEC",2497,1298,704,151,344,TUM,0.5198
7542,4,"TUM,STR,LYM,NEC",2497,1448,614,172,263,TUM,0.5799
1705,4,"TUM,STR,LYM,NEC",2496,1173,864,152,307,TUM,0.47
2708,4,"TUM,STR,LYM,NEC",2496,1434,508,285,269,TUM,0.5745
2835,4,"TUM,STR,LYM,NEC",2495,1530,512,212,241,TUM,0.6132
1307,4,"TUM,STR,LYM,NEC",2494,1234,794,147,319,TUM,0.4948
2340,4,"TUM,STR,LYM,NEC",2491,1312,731,148,300,TUM,0.5267
5940,4,"TUM,STR,LYM,NEC",2490,1509,627,114,240,TUM,0.606
3879,4,"TUM,STR,LYM,NEC",2489,1452,642,139,256,TUM,0.5834
873,4,"TUM,STR,LYM,NEC",2487,1221,714,223,329,TUM,0.491
1922,4,"TUM,STR,LYM,NEC",2485,1103,907,170,305,TUM,0.4439
3789,4,"TUM,STR,LYM,NEC",2477,1271,759,147,300,TUM,0.5131
2490,4,"TUM,STR,LYM,NEC",2474,1168,972,93,241,TUM,0.4721
8008,4,"TUM,STR,LYM,NEC",2473,1566,534,166,207,TUM,0.6332
498,4,"TUM,STR,LYM,NEC",2471,1322,728,148,273,TUM,0.535
7358,4,"TUM,STR,LYM,NEC",2471,1688,471,154,158,TUM,0.6831
5037,4,"TUM,STR,LYM,NEC",2467,1053,1040,123,251,TUM,0.4268
5082,4,"TUM,STR,LYM,NEC",2465,1614,474,203,174,TUM,0.6548
5762,4,"TUM,STR,LYM,NEC",2462,1112,539,636,175,TUM,0.4517
6634,4,"TUM,STR,LYM,NEC",2460,1474,664,89,233,TUM,0.5992
4288,4,"TUM,STR,LYM,NEC",2459,1027,966,135,331,TUM,0.4176
3661,4,"TUM,STR,LYM,NEC",2457,1615,481,193,168,TUM,0.6573
4667,4,"TUM,STR,LYM,NEC",2457,1194,798,165,300,TUM,0.486
2303,4,"TUM,STR,LYM,NEC",2453,1428,601,147,277,TUM,0.5821
7239,4,"TUM,STR,LYM,NEC",2449,1382,654,91,322,TUM,0.5643
1640,4,"TUM,STR,LYM,NEC",2447,1025,838,182,402,TUM,0.4189
1551,4,"TUM,STR,LYM,NEC",2445,1224,838,105,278,TUM,0.5006
5529,4,"TUM,STR,LYM,NEC",2445,1110,956,175,204,TUM,0.454
5369,4,"TUM,STR,LYM,NEC",2443,1307,779,110,247,TUM,0.535
3196,4,"TUM,STR,LYM,NEC",2440,1344,675,180,241,TUM,0.5508
7018,4,"TUM,STR,LYM,NEC",2440,1162,869,116,293,TUM,0.4762
4402,4,"TUM,STR,LYM,NEC",2438,1233,728,148,329,TUM,0.5057
833,4,"TUM,STR,LYM,NEC",2431,1590,461,201,179,TUM,0.6541
2757,4,"TUM,STR,LYM,NEC",2431,1223,572,456,180,TUM,0.5031
4555,4,"TUM,STR,LYM,NEC",2431,1403,622,156,250,TUM,0.5771
7260,4,"TUM,STR,LYM,NEC",2431,1630,435,207,159,TUM,0.6705
1147,4,"TUM,STR,LYM,NEC",2427,1319,631,201,276,TUM,0.5435
2105,4,"TUM,STR,LYM,NEC",2425,1138,850,144,293,TUM,0.4693
3938,4,"TUM,STR,LYM,NEC",2423,1163,574,454,232,TUM,0.48
7932,4,"TUM,STR,LYM,NEC",2423,1149,946,118,210,TUM,0.4742
966,4,"TUM,STR,LYM,NEC",2420,1512,473,214,221,TUM,0.6248
1429,4,"TUM,STR,LYM,NEC",2417,1634,444,178,161,TUM,0.676
5152,4,"TUM,STR,LYM,NEC",2416,1470,566,162,218,TUM,0.6084
5629,4,"TUM,STR,LYM,NEC",2416,1197,618,268,333,TUM,0.4954
5814,4,"TUM,STR,LYM,NEC",2415,1376,626,150,263,TUM,0.5698
7781,4,"TUM,STR,LYM,NEC",2415,1088,877,177,273,TUM,0.4505
5932,4,"TUM,STR,LYM,NEC",2413,1324,635,171,283,TUM,0.5487
1101,4,"TUM,STR,LYM,NEC",2412,1465,527,160,260,TUM,0.6074
3585,4,"TUM,STR,LYM,NEC",2407,1350,677,105,275,TUM,0.5609
83,4,"TUM,STR,LYM,NEC",2404,997,1027,97,283,STR,0.4272
5557,4,"TUM,STR,LYM,NEC",2404,1075,918,152,259,TUM,0.4472
6377,4,"TUM,STR,LYM,NEC",2404,1160,851,152,241,TUM,0.4825
6645,4,"TUM,STR,LYM,NEC",2404,1253,636,188,327,TUM,0.5212
960,4,"TUM,STR,LYM,NEC",2403,1194,814,109,286,TUM,0.4969
2029,4,"TUM,STR,LYM,NEC",2402,1347,484,375,196,TUM,0.5608
6641,4,"TUM,STR,LYM,NEC",2402,1238,820,83,261,TUM,0.5154
281,4,"TUM,STR,LYM,NEC",2400,1337,696,96,271,TUM,0.5571
3128,4,"TUM,STR,LYM,NEC",2400,1039,816,179,366,TUM,0.4329
6485,4,"TUM,STR,LYM,NEC",2399,989,776,206,428,TUM,0.4123
6726,4,"TUM,STR,LYM,NEC",2398,1547,481,172,198,TUM,0.6451
6003,4,"TUM,STR,LYM,NEC",2396,1111,778,210,297,TUM,0.4637
5120,4,"TUM,STR,LYM,NEC",2395,974,889,210,322,TUM,0.4067
2852,4,"TUM,STR,LYM,NEC",2384,1187,851,93,253,TUM,0.4979
7962,4,"TUM,STR,LYM,NEC",2383,1100,688,231,364,TUM,0.4616
3633,4,"TUM,STR,LYM,NEC",2381,1371,635,103,272,TUM,0.5758
6249,4,"TUM,STR,LYM,NEC",2379,1274,788,106,211,TUM,0.5355
1303,4,"TUM,STR,LYM,NEC",2377,1273,770,111,223,TUM,0.5355
4225,4,"TUM,STR,LYM,NEC",2376,1395,564,168,249,TUM,0.5871
5688,4,"TUM,STR,LYM,NEC",2376,1280,750,76,270,TUM,0.5387
6871,4,"TUM,STR,LYM,NEC",2374,1522,443,243,166,TUM,0.6411
3839,4,"TUM,STR,LYM,NEC",2369,1283,643,131,312,TUM,0.5416
4756,4,"TUM,STR,LYM,NEC",2369,1249,769,66,285,TUM,0.5272
4424,4,"TUM,STR,LYM,NEC",2366,1189,765,108,304,TUM,0.5025
5563,4,"TUM,STR,LYM,NEC",2366,1592,462,158,154,TUM,0.6729
6746,4,"TUM,STR,LYM,NEC",2359,1418,577,139,225,TUM,0.6011
6018,4,"TUM,STR,LYM,NEC",2358,1332,678,75,273,TUM,0.5649
745,4,"TUM,STR,LYM,NEC",2352,1013,827,164,348,TUM,0.4307
7683,4,"TUM,STR,LYM,NEC",2352,1514,475,163,200,TUM,0.6437
7929,4,"TUM,STR,LYM,NEC",2352,1431,489,215,217,TUM,0.6084
893,4,"TUM,STR,LYM,NEC",2347,1032,856,146,313,TUM,0.4397
963,4,"TUM,STR,LYM,NEC",2345,1253,672,140,280,TUM,0.5343
2383,4,"TUM,STR,LYM,NEC",2344,1129,855,118,242,TUM,0.4817
4577,4,"TUM,STR,LYM,NEC",2342,1092,903,106,241,TUM,0.4663
7052,4,"TUM,STR,LYM,NEC",2340,1102,966,93,179,TUM,0.4709
994,4,"TUM,STR,LYM,NEC",2339,1260,687,156,236,TUM,0.5387
1584,4,"TUM,STR,LYM,NEC",2336,1177,827,115,217,TUM,0.5039
7145,4,"TUM,STR,LYM,NEC",2336,1295,620,157,264,TUM,0.5544
6180,4,"TUM,STR,LYM,NEC",2334,1007,1019,77,231,STR,0.4366
1504,4,"TUM,STR,LYM,NEC",2328,1331,582,122,293,TUM,0.5717
1210,4,"TUM,STR,LYM,NEC",2327,1129,929,77,192,TUM,0.4852
1287,4,"TUM,STR,LYM,NEC",2324,1245,719,121,239,TUM,0.5357
1802,4,"TUM,STR,LYM,NEC",2323,1097,717,195,314,TUM,0.4722
976,4,"TUM,STR,LYM,NEC",2320,1100,724,193,303,TUM,0.4741
566,4,"TUM,STR,LYM,NEC",2319,996,846,205,272,TUM,0.4295
2613,4,"TUM,STR,LYM,NEC",2319,1091,798,163,267,TUM,0.4705
6658,4,"TUM,STR,LYM,NEC",2319,1242,664,163,250,TUM,0.5356
5278,4,"TUM,STR,LYM,NEC",2314,1200,660,168,286,TUM,0.5186
6843,4,"TUM,STR,LYM,NEC",2314,1392,539,119,264,TUM,0.6016
2113,4,"TUM,STR,LYM,NEC",2309,1051,861,160,237,TUM,0.4552
3218,4,"TUM,STR,LYM,NEC",2306,1246,637,123,300,TUM,0.5403
1133,4,"TUM,STR,LYM,NEC",2305,978,848,201,278,TUM,0.4243
1222,4,"TUM,STR,LYM,NEC",2304,1273,661,120,250,TUM,0.5525
3092,4,"TUM,STR,LYM,NEC",2303,1235,771,93,204,TUM,0.5363
2317,4,"TUM,STR,LYM,NEC",2300,1432,487,174,207,TUM,0.6226
2334,4,"TUM,STR,LYM,NEC",2298,1108,831,153,206,TUM,0.4822
6616,4,"TUM,STR,LYM,NEC",2298,1053,859,127,259,TUM,0.4582
3032,4,"TUM,STR,LYM,NEC",2293,1220,562,215,296,TUM,0.5321
6242,4,"TUM,STR,LYM,NEC",2288,1042,762,172,312,TUM,0.4554
3905,4,"TUM,STR,LYM,NEC",2283,1189,674,137,283,TUM,0.5208
8027,4,"TUM,STR,LYM,NEC",2283,1086,799,94,304,TUM,0.4757
6758,4,"TUM,STR,LYM,NEC",2281,1146,661,154,320,TUM,0.5024
5995,4,"TUM,STR,LYM,NEC",2279,1002,781,154,342,TUM,0.4397
5025,4,"TUM,STR,LYM,NEC",2278,1036,907,83,252,TUM,0.4548
3396,4,"TUM,STR,LYM,NEC",2275,1324,543,134,274,TUM,0.582
448,4,"TUM,STR,LYM,NEC",2273,1268,631,125,249,TUM,0.5579
304,4,"TUM,STR,LYM,NEC",2270,1021,836,147,266,TUM,0.4498
2085,4,"TUM,STR,LYM,NEC",2270,1445,440,204,181,TUM,0.6366
6956,4,"TUM,STR,LYM,NEC",2270,1262,465,363,180,TUM,0.5559
1480,4,"TUM,STR,LYM,NEC",2269,1394,503,220,152,TUM,0.6144
3472,4,"TUM,STR,LYM,NEC",2265,956,734,267,308,TUM,0.4221
2084,4,"TUM,STR,LYM,NEC",2262,1071,807,159,225,TUM,0.4735
7299,4,"TUM,STR,LYM,NEC",2262,1155,723,114,270,TUM,0.5106
6062,4,"TUM,STR,LYM,NEC",2257,1226,624,110,297,TUM,0.5432
4807,4,"TUM,STR,LYM,NEC",2256,1339,508,172,237,TUM,0.5935
7958,4,"TUM,STR,LYM,NEC",2254,1246,594,131,283,TUM,0.5528
5031,4,"TUM,STR,LYM,NEC",2253,1235,669,116,233,TUM,0.5482
1301,4,"TUM,STR,LYM,NEC",2251,1109,751,131,260,TUM,0.4927
2573,4,"TUM,STR,LYM,NEC",2247,1028,721,158,340,TUM,0.4575
2745,4,"TUM,STR,LYM,NEC",2247,1188,714,117,228,TUM,0.5287
3543,4,"TUM,STR,LYM,NEC",2246,1040,674,169,363,TUM,0.463
1552,4,"TUM,STR,LYM,NEC",2242,1215,646,114,267,TUM,0.5419
5431,4,"TUM,STR,LYM,NEC",2241,1438,479,119,205,TUM,0.6417
2547,4,"TUM,STR,LYM,NEC",2239,1374,481,170,214,TUM,0.6137
1021,4,"TUM,STR,LYM,NEC",2234,1043,617,348,226,TUM,0.4669
2658,4,"TUM,STR,LYM,NEC",2234,1015,781,133,305,TUM,0.4543
3342,4,"TUM,STR,LYM,NEC",2227,1119,458,475,175,TUM,0.5025
1544,4,"TUM,STR,LYM,NEC",2221,865,730,256,370,TUM,0.3895
1470,4,"TUM,STR,LYM,NEC",2219,1286,563,142,228,TUM,0.5795
3131,4,"TUM,STR,LYM,NEC",2218,1133,590,214,281,TUM,0.5108
5781,4,"TUM,STR,LYM,NEC",2216,1299,528,135,254,TUM,0.5862
629,4,"TUM,STR,LYM,NEC",2211,856,992,75,288,STR,0.4487
926,4,"TUM,STR,LYM,NEC",2209,1363,444,212,190,TUM,0.617
1791,4,"TUM,STR,LYM,NEC",2205,1049,839,120,197,TUM,0.4757
2754,4,"TUM,STR,LYM,NEC",2204,1044,763,165,232,TUM,0.4737
1725,4,"TUM,STR,LYM,NEC",2203,1370,532,101,200,TUM,0.6219
4779,4,"TUM,STR,LYM,NEC",2202,1238,617,107,240,TUM,0.5622
5627,4,"TUM,STR,LYM,NEC",2201,1228,533,188,252,TUM,0.5579
14,4,"TUM,STR,LYM,NEC",2200,1186,465,352,197,TUM,0.5391
3348,4,"TUM,STR,LYM,NEC",2200,941,853,161,245,TUM,0.4277
4898,4,"TUM,STR,LYM,NEC",2199,1233,710,87,169,TUM,0.5607
7655,4,"TUM,STR,LYM,NEC",2198,1131,636,113,318,TUM,0.5146
954,4,"TUM,STR,LYM,NEC",2197,1092,813,89,203,TUM,0.497
3447,4,"TUM,STR,LYM,NEC",2197,1056,720,164,257,TUM,0.4807
1815,4,"TUM,STR,LYM,NEC",2195,1369,561,88,177,TUM,0.6237
4021,4,"TUM,STR,LYM,NEC",2192,1169,556,308,159,TUM,0.5333
3410,4,"TUM,STR,LYM,NEC",2191,1177,638,95,281,TUM,0.5372
3881,4,"TUM,STR,LYM,NEC",2190,1323,484,156,227,TUM,0.6041
2342,4,"TUM,STR,LYM,NEC",2188,961,735,177,315,TUM,0.4392
4541,4,"TUM,STR,LYM,NEC",2187,1120,716,80,271,TUM,0.5121
2306,4,"TUM,STR,LYM,NEC",2185,1294,422,331,138,TUM,0.5922
3412,4,"TUM,STR,LYM,NEC",2185,1160,754,79,192,TUM,0.5309
6398,4,"TUM,STR,LYM,NEC",2185,1286,520,122,257,TUM,0.5886
6257,4,"TUM,STR,LYM,NEC",2183,1081,715,89,298,TUM,0.4952
3483,4,"TUM,STR,LYM,NEC",2181,1222,572,120,267,TUM,0.5603
1779,4,"TUM,STR,LYM,NEC",2180,1008,557,419,196,TUM,0.4624
1591,4,"TUM,STR,LYM,NEC",2179,982,723,193,281,TUM,0.4507
5640,4,"TUM,STR,LYM,NEC",2177,1189,539,197,252,TUM,0.5462
7005,4,"TUM,STR,LYM,NEC",2174,1401,379,246,148,TUM,0.6444
2281,4,"TUM,STR,LYM,NEC",2173,909,780,184,300,TUM,0.4183
2509,4,"TUM,STR,LYM,NEC",2172,1219,577,103,273,TUM,0.5612
4741,4,"TUM,STR,LYM,NEC",2172,1100,687,100,285,TUM,0.5064
690,4,"TUM,STR,LYM,NEC",2170,1083,705,95,287,TUM,0.4991
2843,4,"TUM,STR,LYM,NEC",2170,1105,745,107,213,TUM,0.5092
925,4,"TUM,STR,LYM,NEC",2167,1375,504,139,149,TUM,0.6345
189,4,"TUM,STR,LYM,NEC",2166,1139,560,190,277,TUM,0.5259
1543,4,"TUM,STR,LYM,NEC",2165,1407,377,221,160,TUM,0.6499
8132,4,"TUM,STR,LYM,NEC",2165,1194,605,92,274,TUM,0.5515
4294,4,"TUM,STR,LYM,NEC",2164,1146,479,322,217,TUM,0.5296
3508,4,"TUM,STR,LYM,NEC",2160,1007,816,128,209,TUM,0.4662
4060,4,"TUM,STR,LYM,NEC",2159,1211,603,136,209,TUM,0.5609
3031,4,"TUM,STR,LYM,NEC",2156,1188,635,81,252,TUM,0.551
2900,4,"TUM,STR,LYM,NEC",2154,1323,494,100,237,TUM,0.6142
4316,4,"TUM,STR,LYM,NEC",2153,1278,488,183,204,TUM,0.5936
7881,4,"TUM,STR,LYM,NEC",2153,1229,549,136,239,TUM,0.5708
2954,4,"TUM,STR,LYM,NEC",2148,836,922,139,251,STR,0.4292
1701,4,"TUM,STR,LYM,NEC",2147,1261,544,108,234,TUM,0.5873
4532,4,"TUM,STR,LYM,NEC",2146,1152,635,73,286,TUM,0.5368
3991,4,"TUM,STR,LYM,NEC",2145,1257,540,114,234,TUM,0.586
5075,4,"TUM,STR,LYM,NEC",2142,896,683,183,380,TUM,0.4183
3865,4,"TUM,STR,LYM,NEC",2140,1293,475,164,208,TUM,0.6042
6369,4,"TUM,STR,LYM,NEC",2140,1070,699,130,241,TUM,0.5
61,4,"TUM,STR,LYM,NEC",2138,1420,439,152,127,TUM,0.6642
2989,4,"TUM,STR,LYM,NEC",2137,1219,501,191,226,TUM,0.5704
217,4,"TUM,STR,LYM,NEC",2135,996,786,123,230,TUM,0.4665
1991,4,"TUM,STR,LYM,NEC",2132,915,885,150,182,TUM,0.4292
2420,4,"TUM,STR,LYM,NEC",2131,1101,612,137,281,TUM,0.5167
942,4,"TUM,STR,LYM,NEC",2130,1248,545,75,262,TUM,0.5859
2202,4,"TUM,STR,LYM,NEC",2130,1363,470,109,188,TUM,0.6399
2624,4,"TUM,STR,LYM,NEC",2129,826,848,109,346,STR,0.3983
367,4,"TUM,STR,LYM,NEC",2125,1044,693,138,250,TUM,0.4913
4243,4,"TUM,STR,LYM,NEC",2125,1277,441,259,148,TUM,0.6009
7309,4,"TUM,STR,LYM,NEC",2123,1203,611,85,224,TUM,0.5667
6765,4,"TUM,STR,LYM,NEC",2122,1378,441,107,196,TUM,0.6494
2087,4,"TUM,STR,LYM,NEC",2121,1367,404,155,195,TUM,0.6445
2665,4,"TUM,STR,LYM,NEC",2120,1000,832,92,196,TUM,0.4717
6302,4,"TUM,STR,LYM,NEC",2119,1078,720,78,243,TUM,0.5087
155,4,"TUM,STR,LYM,NEC",2116,1209,566,111,230,TUM,0.5714
1057,4,"TUM,STR,LYM,NEC",2113,917,898,89,209,TUM,0.434
7020,4,"TUM,STR,LYM,NEC",2107,1278,479,130,220,TUM,0.6065
7851,4,"TUM,STR,LYM,NEC",2104,1296,473,142,193,TUM,0.616
5765,4,"TUM,STR,LYM,NEC",2102,971,728,99,304,TUM,0.4619
2787,4,"TUM,STR,LYM,NEC",2098,1050,796,69,183,TUM,0.5005
4249,4,"TUM,STR,LYM,NEC",2094,1274,456,133,231,TUM,0.6084
6848,4,"TUM,STR,LYM,NEC",2094,1193,579,82,240,TUM,0.5697
6817,4,"TUM,STR,LYM,NEC",2090,1098,601,139,252,TUM,0.5254
6846,4,"TUM,STR,LYM,NEC",2090,1015,488,417,170,TUM,0.4856
3432,4,"TUM,STR,LYM,NEC",2089,1174,511,178,226,TUM,0.562
8087,4,"TUM,STR,LYM,NEC",2088,1328,413,150,197,TUM,0.636
876,4,"TUM,STR,LYM,NEC",2082,945,645,157,335,TUM,0.4539
543,4,"TUM,STR,LYM,NEC",2080,1251,429,179,221,TUM,0.6014
2716,4,"TUM,STR,LYM,NEC",2076,905,884,80,207,TUM,0.4359
6970,4,"TUM,STR,LYM,NEC",2076,977,826,89,184,TUM,0.4706
7050,4,"TUM,STR,LYM,NEC",2076,1268,507,105,196,TUM,0.6108
279,4,"TUM,STR,LYM,NEC",2074,1269,487,155,163,TUM,0.6119
1386,4,"TUM,STR,LYM,NEC",2074,1373,414,114,173,TUM,0.662
4982,4,"TUM,STR,LYM,NEC",2071,1202,546,118,205,TUM,0.5804
4585,4,"TUM,STR,LYM,NEC",2070,957,781,133,199,TUM,0.4623
4877,4,"TUM,STR,LYM,NEC",2070,1164,495,244,167,TUM,0.5623
6320,4,"TUM,STR,LYM,NEC",2069,1186,545,122,216,TUM,0.5732
7583,4,"TUM,STR,LYM,NEC",2063,1111,544,143,265,TUM,0.5385
6345,4,"TUM,STR,LYM,NEC",2062,972,635,149,306,TUM,0.4714
1818,4,"TUM,STR,LYM,NEC",2058,1229,511,86,232,TUM,0.5972
6917,4,"TUM,STR,LYM,NEC",2057,906,764,108,279,TUM,0.4404
616,4,"TUM,STR,LYM,NEC",2056,1387,420,129,120,TUM,0.6746
5252,4,"TUM,STR,LYM,NEC",2055,1328,402,143,182,TUM,0.6462
3397,4,"TUM,STR,LYM,NEC",2052,1076,587,150,239,TUM,0.5244
992,4,"TUM,STR,LYM,NEC",2049,983,778,109,179,TUM,0.4797
1081,4,"TUM,STR,LYM,NEC",2044,1089,573,137,245,TUM,0.5328
7759,4,"TUM,STR,LYM,NEC",2042,1035,545,188,274,TUM,0.5069
6126,4,"TUM,STR,LYM,NEC",2040,1106,631,85,218,TUM,0.5422
5487,4,"TUM,STR,LYM,NEC",2037,829,831,98,279,STR,0.408
6353,4,"TUM,STR,LYM,NEC",2037,1095,570,114,258,TUM,0.5376
5915,4,"TUM,STR,LYM,NEC",2036,1173,514,149,200,TUM,0.5761
7846,4,"TUM,STR,LYM,NEC",2036,1256,457,146,177,TUM,0.6169
5409,4,"TUM,STR,LYM,NEC",2035,1051,504,246,234,TUM,0.5165
7768,4,"TUM,STR,LYM,NEC",2035,829,799,192,215,TUM,0.4074
2271,4,"TUM,STR,LYM,NEC",2031,1304,439,110,178,TUM,0.642
3489,4,"TUM,STR,LYM,NEC",2028,1309,419,176,124,TUM,0.6455
3287,4,"TUM,STR,LYM,NEC",2020,1187,490,159,184,TUM,0.5876
1273,4,"TUM,STR,LYM,NEC",2017,1242,413,178,184,TUM,0.6158
1837,4,"TUM,STR,LYM,NEC",2017,1123,570,114,210,TUM,0.5568
3177,4,"TUM,STR,LYM,NEC",2016,1157,458,203,198,TUM,0.5739
1229,4,"TUM,STR,LYM,NEC",2015,1050,670,77,218,TUM,0.5211
4876,4,"TUM,STR,LYM,NEC",2015,1169,508,117,221,TUM,0.5801
4999,4,"TUM,STR,LYM,NEC",2015,848,532,409,226,TUM,0.4208
1212,4,"TUM,STR,LYM,NEC",2013,944,734,103,232,TUM,0.469
3476,4,"TUM,STR,LYM,NEC",2012,1010,530,159,313,TUM,0.502
2204,4,"TUM,STR,LYM,NEC",2011,1112,580,124,195,TUM,0.553
5338,4,"TUM,STR,LYM,NEC",2010,1105,629,73,203,TUM,0.5498
1141,4,"TUM,STR,LYM,NEC",2006,1003,652,109,242,TUM,0.5
5816,4,"TUM,STR,LYM,NEC",2006,1230,453,96,227,TUM,0.6132
2820,4,"TUM,STR,LYM,NEC",2004,1132,550,97,225,TUM,0.5649
3373,4,"TUM,STR,LYM,NEC",2003,1224,401,173,205,TUM,0.6111
427,4,"TUM,STR,LYM,NEC",2002,1160,583,72,187,TUM,0.5794
1388,4,"TUM,STR,LYM,NEC",2002,1209,455,182,156,TUM,0.6039
6554,4,"TUM,STR,LYM,NEC",2001,1163,535,103,200,TUM,0.5812
6578,4,"TUM,STR,LYM,NEC",1998,902,765,154,177,TUM,0.4515
7182,4,"TUM,STR,LYM,NEC",1997,1055,510,183,249,TUM,0.5283
5853,4,"TUM,STR,LYM,NEC",1991,1364,359,128,140,TUM,0.6851
4617,4,"TUM,STR,LYM,NEC",1987,1065,651,63,208,TUM,0.536
6104,4,"TUM,STR,LYM,NEC",1986,914,811,84,177,TUM,0.4602
2792,4,"TUM,STR,LYM,NEC",1985,1204,464,136,181,TUM,0.6065
2042,4,"TUM,STR,LYM,NEC",1983,1138,520,114,211,TUM,0.5739
1996,4,"TUM,STR,LYM,NEC",1982,1083,548,91,260,TUM,0.5464
6853,4,"TUM,STR,LYM,NEC",1981,1231,375,205,170,TUM,0.6214
5752,4,"TUM,STR,LYM,NEC",1980,1012,572,130,266,TUM,0.5111
3892,4,"TUM,STR,LYM,NEC",1978,1167,486,162,163,TUM,0.59
5697,4,"TUM,STR,LYM,NEC",1978,627,367,833,151,LYM,0.4211
3936,4,"TUM,STR,LYM,NEC",1977,1116,447,185,229,TUM,0.5645
7261,4,"TUM,STR,LYM,NEC",1973,1160,406,274,133,TUM,0.5879
2219,4,"TUM,STR,LYM,NEC",1972,1089,551,89,243,TUM,0.5522
2423,4,"TUM,STR,LYM,NEC",1967,1261,381,164,161,TUM,0.6411
3312,4,"TUM,STR,LYM,NEC",1967,1295,384,102,186,TUM,0.6584
2185,4,"TUM,STR,LYM,NEC",1966,1018,625,112,211,TUM,0.5178
1525,4,"TUM,STR,LYM,NEC",1961,912,595,285,169,TUM,0.4651
1761,4,"TUM,STR,LYM,NEC",1961,1114,438,263,146,TUM,0.5681
5254,4,"TUM,STR,LYM,NEC",1959,973,675,121,190,TUM,0.4967
2287,4,"TUM,STR,LYM,NEC",1956,1201,490,105,160,TUM,0.614
927,4,"TUM,STR,LYM,NEC",1955,1070,410,296,179,TUM,0.5473
7072,4,"TUM,STR,LYM,NEC",1954,1024,656,80,194,TUM,0.5241
6650,4,"TUM,STR,LYM,NEC",1953,1153,404,251,145,TUM,0.5904
4570,4,"TUM,STR,LYM,NEC",1952,1004,633,99,216,TUM,0.5143
6803,4,"TUM,STR,LYM,NEC",1937,986,584,131,236,TUM,0.509
568,4,"TUM,STR,LYM,NEC",1936,1060,535,101,240,TUM,0.5475
1758,4,"TUM,STR,LYM,NEC",1936,1065,487,141,243,TUM,0.5501
485,4,"TUM,STR,LYM,NEC",1935,894,664,104,273,TUM,0.462
3484,4,"TUM,STR,LYM,NEC",1935,1186,424,158,167,TUM,0.6129
4747,4,"TUM,STR,LYM,NEC",1934,1019,668,68,179,TUM,0.5269
3275,4,"TUM,STR,LYM,NEC",1933,1076,493,115,249,TUM,0.5566
4630,4,"TUM,STR,LYM,NEC",1932,751,933,59,189,STR,0.4829
6955,4,"TUM,STR,LYM,NEC",1928,1267,340,179,142,TUM,0.6572
1687,4,"TUM,STR,LYM,NEC",1927,1026,602,112,187,TUM,0.5324
3089,4,"TUM,STR,LYM,NEC",1927,1046,622,59,200,TUM,0.5428
1828,4,"TUM,STR,LYM,NEC",1923,1076,479,137,231,TUM,0.5595
6780,4,"TUM,STR,LYM,NEC",1923,856,824,99,144,TUM,0.4451
3181,4,"TUM,STR,LYM,NEC",1922,906,723,124,169,TUM,0.4714
4015,4,"TUM,STR,LYM,NEC",1909,927,719,62,201,TUM,0.4856
7952,4,"TUM,STR,LYM,NEC",1907,1154,415,136,202,TUM,0.6051
3903,4,"TUM,STR,LYM,NEC",1905,1128,412,138,227,TUM,0.5921
7967,4,"TUM,STR,LYM,NEC",1905,1003,572,88,242,TUM,0.5265
4961,4,"TUM,STR,LYM,NEC",1899,1033,389,279,198,TUM,0.544
5494,4,"TUM,STR,LYM,NEC",1898,1026,618,77,177,TUM,0.5406
1406,4,"TUM,STR,LYM,NEC",1897,1132,471,116,178,TUM,0.5967
1741,4,"TUM,STR,LYM,NEC",1897,973,328,423,173,TUM,0.5129
6221,4,"TUM,STR,LYM,NEC",1897,1047,408,277,165,TUM,0.5519
7481,4,"TUM,STR,LYM,NEC",1894,1212,390,176,116,TUM,0.6399
4129,4,"TUM,STR,LYM,NEC",1893,1191,409,91,202,TUM,0.6292
7202,4,"TUM,STR,LYM,NEC",1889,764,412,545,168,TUM,0.4044
5879,4,"TUM,STR,LYM,NEC",1885,1215,379,129,162,TUM,0.6446
4372,4,"TUM,STR,LYM,NEC",1884,970,506,151,257,TUM,0.5149
5740,4,"TUM,STR,LYM,NEC",1884,977,662,89,156,TUM,0.5186
6220,4,"TUM,STR,LYM,NEC",1884,947,687,92,158,TUM,0.5027
2033,4,"TUM,STR,LYM,NEC",1881,1227,357,157,140,TUM,0.6523
7839,4,"TUM,STR,LYM,NEC",1881,870,632,134,245,TUM,0.4625
1952,4,"TUM,STR,LYM,NEC",1879,1051,531,97,200,TUM,0.5593
1275,4,"TUM,STR,LYM,NEC",1873,1000,498,136,239,TUM,0.5339
5432,4,"TUM,STR,LYM,NEC",1873,870,705,54,244,TUM,0.4645
2817,4,"TUM,STR,LYM,NEC",1870,1118,401,198,153,TUM,0.5979
3470,4,"TUM,STR,LYM,NEC",1870,992,569,88,221,TUM,0.5305
1215,4,"TUM,STR,LYM,NEC",1868,883,607,136,242,TUM,0.4727
6237,4,"TUM,STR,LYM,NEC",1868,1128,400,135,205,TUM,0.6039
1577,4,"TUM,STR,LYM,NEC",1866,922,537,144,263,TUM,0.4941
1990,4,"TUM,STR,LYM,NEC",1857,1117,431,132,177,TUM,0.6015
4479,4,"TUM,STR,LYM,NEC",1856,936,594,139,187,TUM,0.5043
1016,4,"TUM,STR,LYM,NEC",1855,1010,533,89,223,TUM,0.5445
4280,4,"TUM,STR,LYM,NEC",1853,872,548,134,299,TUM,0.4706
6371,4,"TUM,STR,LYM,NEC",1853,1053,464,115,221,TUM,0.5683
5669,4,"TUM,STR,LYM,NEC",1851,914,596,110,231,TUM,0.4938
5945,4,"TUM,STR,LYM,NEC",1850,1087,419,170,174,TUM,0.5876
7717,4,"TUM,STR,LYM,NEC",1847,1136,383,119,209,TUM,0.6151
4052,4,"TUM,STR,LYM,NEC",1845,1069,420,251,105,TUM,0.5794
3904,4,"TUM,STR,LYM,NEC",1843,1052,467,193,131,TUM,0.5708
6116,4,"TUM,STR,LYM,NEC",1843,954,403,314,172,TUM,0.5176
4054,4,"TUM,STR,LYM,NEC",1842,927,580,141,194,TUM,0.5033
5142,4,"TUM,STR,LYM,NEC",1842,852,575,136,279,TUM,0.4625
294,4,"TUM,STR,LYM,NEC",1839,1071,417,144,207,TUM,0.5824
2661,4,"TUM,STR,LYM,NEC",1836,1229,358,108,141,TUM,0.6694
7769,4,"TUM,STR,LYM,NEC",1835,1083,427,103,222,TUM,0.5902
7180,4,"TUM,STR,LYM,NEC",1833,971,529,122,211,TUM,0.5297
3295,4,"TUM,STR,LYM,NEC",1832,1106,347,215,164,TUM,0.6037
6704,4,"TUM,STR,LYM,NEC",1832,1117,392,146,177,TUM,0.6097
7076,4,"TUM,STR,LYM,NEC",1830,1176,375,147,132,TUM,0.6426
1548,4,"TUM,STR,LYM,NEC",1827,812,731,112,172,TUM,0.4444
4176,4,"TUM,STR,LYM,NEC",1826,1148,347,154,177,TUM,0.6287
4846,4,"TUM,STR,LYM,NEC",1824,785,609,155,275,TUM,0.4304
5712,4,"TUM,STR,LYM,NEC",1822,1111,393,132,186,TUM,0.6098
2467,4,"TUM,STR,LYM,NEC",1820,830,467,333,190,TUM,0.456
3964,4,"TUM,STR,LYM,NEC",1820,1250,333,108,129,TUM,0.6868
4162,4,"TUM,STR,LYM,NEC",1818,993,559,84,182,TUM,0.5462
2973,4,"TUM,STR,LYM,NEC",1817,988,424,165,240,TUM,0.5438
2479,4,"TUM,STR,LYM,NEC",1813,1077,467,80,189,TUM,0.594
1719,4,"TUM,STR,LYM,NEC",1812,949,587,93,183,TUM,0.5237
4085,4,"TUM,STR,LYM,NEC",1812,1134,372,175,131,TUM,0.6258
7821,4,"TUM,STR,LYM,NEC",1810,1044,476,89,201,TUM,0.5768
5593,4,"TUM,STR,LYM,NEC",1805,1016,425,147,217,TUM,0.5629
7706,4,"TUM,STR,LYM,NEC",1804,1135,405,119,145,TUM,0.6292
3770,4,"TUM,STR,LYM,NEC",1803,853,637,114,199,TUM,0.4731
1278,4,"TUM,STR,LYM,NEC",1802,937,636,62,167,TUM,0.52
524,4,"TUM,STR,LYM,NEC",1801,793,379,476,153,TUM,0.4403
4504,4,"TUM,STR,LYM,NEC",1801,1186,346,140,129,TUM,0.6585
6450,4,"TUM,STR,LYM,NEC",1801,971,514,102,214,TUM,0.5391
4020,4,"TUM,STR,LYM,NEC",1799,896,654,62,187,TUM,0.4981
3559,4,"TUM,STR,LYM,NEC",1798,959,354,319,166,TUM,0.5334
7908,4,"TUM,STR,LYM,NEC",1798,999,422,242,135,TUM,0.5556
172,4,"TUM,STR,LYM,NEC",1796,860,702,73,161,TUM,0.4788
4487,4,"TUM,STR,LYM,NEC",1796,978,488,96,234,TUM,0.5445
4996,4,"TUM,STR,LYM,NEC",1795,1116,362,190,127,TUM,0.6217
3919,4,"TUM,STR,LYM,NEC",1793,1156,345,139,153,TUM,0.6447
497,4,"TUM,STR,LYM,NEC",1792,1050,369,198,175,TUM,0.5859
5689,4,"TUM,STR,LYM,NEC",1787,839,693,100,155,TUM,0.4695
831,4,"TUM,STR,LYM,NEC",1785,929,392,260,204,TUM,0.5204
218,4,"TUM,STR,LYM,NEC",1782,917,527,138,200,TUM,0.5146
3323,4,"TUM,STR,LYM,NEC",1782,843,470,163,306,TUM,0.4731
7420,4,"TUM,STR,LYM,NEC",1781,908,611,73,189,TUM,0.5098
2304,4,"TUM,STR,LYM,NEC",1778,806,419,412,141,TUM,0.4533
6367,4,"TUM,STR,LYM,NEC",1776,715,623,144,294,TUM,0.4026
6680,4,"TUM,STR,LYM,NEC",1774,1140,321,162,151,TUM,0.6426
2630,4,"TUM,STR,LYM,NEC",1770,863,478,166,263,TUM,0.4876
5871,4,"TUM,STR,LYM,NEC",1770,872,557,131,210,TUM,0.4927
8191,4,"TUM,STR,LYM,NEC",1768,994,478,91,205,TUM,0.5622
4337,4,"TUM,STR,LYM,NEC",1766,782,715,56,213,TUM,0.4428
4139,4,"TUM,STR,LYM,NEC",1765,988,474,91,212,TUM,0.5598
7172,4,"TUM,STR,LYM,NEC",1765,993,489,75,208,TUM,0.5626
7427,4,"TUM,STR,LYM,NEC",1764,846,358,355,205,TUM,0.4796
6673,4,"TUM,STR,LYM,NEC",1763,1117,333,162,151,TUM,0.6336
6668,4,"TUM,STR,LYM,NEC",1758,1122,331,161,144,TUM,0.6382
3110,4,"TUM,STR,LYM,NEC",1757,1123,340,141,153,TUM,0.6392
4067,4,"TUM,STR,LYM,NEC",1756,879,525,112,240,TUM,0.5006
5870,4,"TUM,STR,LYM,NEC",1755,1041,448,81,185,TUM,0.5932
1383,4,"TUM,STR,LYM,NEC",1750,1066,381,115,188,TUM,0.6091
3615,4,"TUM,STR,LYM,NEC",1748,1018,495,71,164,TUM,0.5824
6858,4,"TUM,STR,LYM,NEC",1747,915,518,98,216,TUM,0.5238
7257,4,"TUM,STR,LYM,NEC",1745,857,643,50,195,TUM,0.4911
5844,4,"TUM,STR,LYM,NEC",1743,1124,325,158,136,TUM,0.6449
439,4,"TUM,STR,LYM,NEC",1742,880,588,100,174,TUM,0.5052
2480,4,"TUM,STR,LYM,NEC",1742,890,610,70,172,TUM,0.5109
1998,4,"TUM,STR,LYM,NEC",1739,845,574,101,219,TUM,0.4859
2691,4,"TUM,STR,LYM,NEC",1739,701,438,373,227,TUM,0.4031
6584,4,"TUM,STR,LYM,NEC",1737,801,704,75,157,TUM,0.4611
5935,4,"TUM,STR,LYM,NEC",1736,985,448,119,184,TUM,0.5674
6972,4,"TUM,STR,LYM,NEC",1736,937,501,93,205,TUM,0.5397
7334,4,"TUM,STR,LYM,NEC",1736,996,387,236,117,TUM,0.5737
4335,4,"TUM,STR,LYM,NEC",1731,935,547,79,170,TUM,0.5402
6572,4,"TUM,STR,LYM,NEC",1729,822,637,85,185,TUM,0.4754
6897,4,"TUM,STR,LYM,NEC",1726,1124,332,132,138,TUM,0.6512
6694,4,"TUM,STR,LYM,NEC",1725,1010,456,86,173,TUM,0.5855
5592,4,"TUM,STR,LYM,NEC",1723,1021,418,123,161,TUM,0.5926
4256,4,"TUM,STR,LYM,NEC",1720,833,625,102,160,TUM,0.4843
3810,4,"TUM,STR,LYM,NEC",1719,1017,394,131,177,TUM,0.5916
1408,4,"TUM,STR,LYM,NEC",1717,1010,452,96,159,TUM,0.5882
7281,4,"TUM,STR,LYM,NEC",1717,676,690,93,258,STR,0.4019
4017,4,"TUM,STR,LYM,NEC",1716,915,434,112,255,TUM,0.5332
643,4,"TUM,STR,LYM,NEC",1714,665,640,133,276,TUM,0.388
5334,4,"TUM,STR,LYM,NEC",1714,884,586,88,156,TUM,0.5158
7022,4,"TUM,STR,LYM,NEC",1714,888,537,104,185,TUM,0.5181
8036,4,"TUM,STR,LYM,NEC",1714,900,516,93,205,TUM,0.5251
5731,4,"TUM,STR,LYM,NEC",1712,1091,356,96,169,TUM,0.6373
7923,4,"TUM,STR,LYM,NEC",1712,1210,322,89,91,TUM,0.7068
7753,4,"TUM,STR,LYM,NEC",1706,1052,338,183,133,TUM,0.6166
1777,4,"TUM,STR,LYM,NEC",1704,1029,375,158,142,TUM,0.6039
4423,4,"TUM,STR,LYM,NEC",1703,792,517,153,241,TUM,0.4651
5021,4,"TUM,STR,LYM,NEC",1701,934,428,131,208,TUM,0.5491
1882,4,"TUM,STR,LYM,NEC",1699,705,689,126,179,TUM,0.4149
1946,4,"TUM,STR,LYM,NEC",1698,788,637,119,154,TUM,0.4641
3523,4,"TUM,STR,LYM,NEC",1696,911,550,68,167,TUM,0.5371
5072,4,"TUM,STR,LYM,NEC",1695,622,837,62,174,STR,0.4938
438,4,"TUM,STR,LYM,NEC",1694,980,433,111,170,TUM,0.5785
4227,4,"TUM,STR,LYM,NEC",1688,787,666,74,161,TUM,0.4662
228,4,"TUM,STR,LYM,NEC",1686,999,455,50,182,TUM,0.5925
3946,4,"TUM,STR,LYM,NEC",1686,1235,284,70,97,TUM,0.7325
4014,4,"TUM,STR,LYM,NEC",1678,887,529,83,179,TUM,0.5286
1860,4,"TUM,STR,LYM,NEC",1677,1014,336,160,167,TUM,0.6047
5468,4,"TUM,STR,LYM,NEC",1677,524,714,78,361,STR,0.4258
484,4,"TUM,STR,LYM,NEC",1676,1013,340,192,131,TUM,0.6044
7499,4,"TUM,STR,LYM,NEC",1676,1013,321,179,163,TUM,0.6044
4560,4,"TUM,STR,LYM,NEC",1675,791,542,98,244,TUM,0.4722
2643,4,"TUM,STR,LYM,NEC",1672,970,409,118,175,TUM,0.5801
244,4,"TUM,STR,LYM,NEC",1671,870,377,301,123,TUM,0.5206
3386,4,"TUM,STR,LYM,NEC",1670,1038,327,143,162,TUM,0.6216
7944,4,"TUM,STR,LYM,NEC",1670,914,444,102,210,TUM,0.5473
2384,4,"TUM,STR,LYM,NEC",1669,838,491,153,187,TUM,0.5021
750,4,"TUM,STR,LYM,NEC",1668,773,638,119,138,TUM,0.4634
1513,4,"TUM,STR,LYM,NEC",1668,903,391,173,201,TUM,0.5414
2746,4,"TUM,STR,LYM,NEC",1668,1010,344,175,139,TUM,0.6055
1479,4,"TUM,STR,LYM,NEC",1667,935,349,253,130,TUM,0.5609
6840,4,"TUM,STR,LYM,NEC",1667,1036,330,162,139,TUM,0.6215
1876,4,"TUM,STR,LYM,NEC",1663,817,558,104,184,TUM,0.4913
183,4,"TUM,STR,LYM,NEC",1660,975,371,153,161,TUM,0.5873
692,4,"TUM,STR,LYM,NEC",1659,1072,332,135,120,TUM,0.6462
3497,4,"TUM,STR,LYM,NEC",1657,849,617,43,148,TUM,0.5124
760,4,"TUM,STR,LYM,NEC",1655,838,579,85,153,TUM,0.5063
3099,4,"TUM,STR,LYM,NEC",1649,836,368,300,145,TUM,0.507
7764,4,"TUM,STR,LYM,NEC",1647,1007,308,204,128,TUM,0.6114
1616,4,"TUM,STR,LYM,NEC",1644,1069,326,111,138,TUM,0.6502
986,4,"TUM,STR,LYM,NEC",1643,768,620,106,149,TUM,0.4674
7742,4,"TUM,STR,LYM,NEC",1642,742,637,112,151,TUM,0.4519
6472,4,"TUM,STR,LYM,NEC",1641,929,447,104,161,TUM,0.5661
1950,4,"TUM,STR,LYM,NEC",1640,944,462,91,143,TUM,0.5756
7999,4,"TUM,STR,LYM,NEC",1638,938,359,205,136,TUM,0.5726
3374,4,"TUM,STR,LYM,NEC",1636,847,350,252,187,TUM,0.5177
471,4,"TUM,STR,LYM,NEC",1634,794,554,77,209,TUM,0.4859
5268,4,"TUM,STR,LYM,NEC",1634,1017,352,111,154,TUM,0.6224
600,4,"TUM,STR,LYM,NEC",1632,607,394,487,144,TUM,0.3719
647,4,"TUM,STR,LYM,NEC",1631,1041,355,103,132,TUM,0.6383
6519,4,"TUM,STR,LYM,NEC",1630,741,673,65,151,TUM,0.4546
181,4,"TUM,STR,LYM,NEC",1627,1031,366,94,136,TUM,0.6337
2170,4,"TUM,STR,LYM,NEC",1627,798,494,123,212,TUM,0.4905
7118,4,"TUM,STR,LYM,NEC",1619,889,427,111,192,TUM,0.5491
6874,4,"TUM,STR,LYM,NEC",1618,1008,367,100,143,TUM,0.623
7897,4,"TUM,STR,LYM,NEC",1618,993,357,115,153,TUM,0.6137
5782,4,"TUM,STR,LYM,NEC",1617,921,396,82,218,TUM,0.5696
2994,4,"TUM,STR,LYM,NEC",1614,938,405,72,199,TUM,0.5812
4201,4,"TUM,STR,LYM,NEC",1614,1014,338,123,139,TUM,0.6283
8061,4,"TUM,STR,LYM,NEC",1614,880,380,232,122,TUM,0.5452
1883,4,"TUM,STR,LYM,NEC",1609,861,528,76,144,TUM,0.5351
5124,4,"TUM,STR,LYM,NEC",1609,1044,306,110,149,TUM,0.6489
2958,4,"TUM,STR,LYM,NEC",1608,870,491,70,177,TUM,0.541
7029,4,"TUM,STR,LYM,NEC",1608,837,458,97,216,TUM,0.5205
3887,4,"TUM,STR,LYM,NEC",1605,738,657,67,143,TUM,0.4598
4841,4,"TUM,STR,LYM,NEC",1601,776,440,141,244,TUM,0.4847
5567,4,"TUM,STR,LYM,NEC",1600,742,597,83,178,TUM,0.4637
3082,4,"TUM,STR,LYM,NEC",1599,776,313,358,152,TUM,0.4853
7086,4,"TUM,STR,LYM,NEC",1598,895,483,70,150,TUM,0.5601
414,4,"TUM,STR,LYM,NEC",1597,832,443,97,225,TUM,0.521
826,4,"TUM,STR,LYM,NEC",1595,811,554,67,163,TUM,0.5085
6413,4,"TUM,STR,LYM,NEC",1594,655,405,368,166,TUM,0.4109
3096,4,"TUM,STR,LYM,NEC",1593,782,410,197,204,TUM,0.4909
7270,4,"TUM,STR,LYM,NEC",1591,663,671,78,179,STR,0.4217
5898,4,"TUM,STR,LYM,NEC",1590,944,407,71,168,TUM,0.5937
7253,4,"TUM,STR,LYM,NEC",1590,993,362,109,126,TUM,0.6245
400,4,"TUM,STR,LYM,NEC",1588,1027,320,106,135,TUM,0.6467
2742,4,"TUM,STR,LYM,NEC",1588,875,442,103,168,TUM,0.551
7749,4,"TUM,STR,LYM,NEC",1588,1015,304,146,123,TUM,0.6392
3339,4,"TUM,STR,LYM,NEC",1587,793,489,117,188,TUM,0.4997
2683,4,"TUM,STR,LYM,NEC",1585,893,407,104,181,TUM,0.5634
7670,4,"TUM,STR,LYM,NEC",1585,831,424,90,240,TUM,0.5243
4989,4,"TUM,STR,LYM,NEC",1584,870,419,104,191,TUM,0.5492
6452,4,"TUM,STR,LYM,NEC",1584,373,335,764,112,LYM,0.4823
6667,4,"TUM,STR,LYM,NEC",1584,832,521,63,168,TUM,0.5253
5172,4,"TUM,STR,LYM,NEC",1583,772,579,74,158,TUM,0.4877
8170,4,"TUM,STR,LYM,NEC",1582,804,434,154,190,TUM,0.5082
4379,4,"TUM,STR,LYM,NEC",1581,1010,326,116,129,TUM,0.6388
7405,4,"TUM,STR,LYM,NEC",1579,1024,305,136,114,TUM,0.6485
4632,4,"TUM,STR,LYM,NEC",1577,1008,362,96,111,TUM,0.6392
6393,4,"TUM,STR,LYM,NEC",1577,864,332,269,112,TUM,0.5479
7961,4,"TUM,STR,LYM,NEC",1577,858,407,90,222,TUM,0.5441
5497,4,"TUM,STR,LYM,NEC",1575,749,480,100,246,TUM,0.4756
8051,4,"TUM,STR,LYM,NEC",1575,860,416,98,201,TUM,0.546
8127,4,"TUM,STR,LYM,NEC",1573,793,505,79,196,TUM,0.5041
4944,4,"TUM,STR,LYM,NEC",1572,850,391,155,176,TUM,0.5407
2640,4,"TUM,STR,LYM,NEC",1571,941,318,184,128,TUM,0.599
5848,4,"TUM,STR,LYM,NEC",1571,802,448,91,230,TUM,0.5105
3332,4,"TUM,STR,LYM,NEC",1570,653,652,62,203,TUM,0.4159
7075,4,"TUM,STR,LYM,NEC",1570,934,382,121,133,TUM,0.5949
5234,4,"TUM,STR,LYM,NEC",1569,812,474,92,191,TUM,0.5175
7254,4,"TUM,STR,LYM,NEC",1569,1013,298,108,150,TUM,0.6456
3048,4,"TUM,STR,LYM,NEC",1568,977,382,88,121,TUM,0.6231
6460,4,"TUM,STR,LYM,NEC",1565,865,486,70,144,TUM,0.5527
1532,4,"TUM,STR,LYM,NEC",1562,825,534,70,133,TUM,0.5282
3768,4,"TUM,STR,LYM,NEC",1558,801,505,58,194,TUM,0.5141
6043,4,"TUM,STR,LYM,NEC",1558,898,378,106,176,TUM,0.5764
6442,4,"TUM,STR,LYM,NEC",1558,977,306,139,136,TUM,0.6271
150,4,"TUM,STR,LYM,NEC",1556,1001,322,141,92,TUM,0.6433
6488,4,"TUM,STR,LYM,NEC",1555,887,386,103,179,TUM,0.5704
8065,4,"TUM,STR,LYM,NEC",1552,963,344,89,156,TUM,0.6205
4886,4,"TUM,STR,LYM,NEC",1551,808,527,49,167,TUM,0.521
5096,4,"TUM,STR,LYM,NEC",1551,784,425,140,202,TUM,0.5055
5286,4,"TUM,STR,LYM,NEC",1550,808,548,56,138,TUM,0.5213
4275,4,"TUM,STR,LYM,NEC",1547,782,525,54,186,TUM,0.5055
6038,4,"TUM,STR,LYM,NEC",1547,781,520,76,170,TUM,0.5048
3867,4,"TUM,STR,LYM,NEC",1545,890,434,59,162,TUM,0.5761
1627,4,"TUM,STR,LYM,NEC",1542,754,491,95,202,TUM,0.489
6330,4,"TUM,STR,LYM,NEC",1538,885,359,115,179,TUM,0.5754
5589,4,"TUM,STR,LYM,NEC",1536,786,557,43,150,TUM,0.5117
2431,4,"TUM,STR,LYM,NEC",1535,684,632,79,140,TUM,0.4456
4964,4,"TUM,STR,LYM,NEC",1535,755,512,69,199,TUM,0.4919
5672,4,"TUM,STR,LYM,NEC",1535,921,352,117,145,TUM,0.6
7419,4,"TUM,STR,LYM,NEC",1535,894,306,222,113,TUM,0.5824
5256,4,"TUM,STR,LYM,NEC",1534,762,531,79,162,TUM,0.4967
377,4,"TUM,STR,LYM,NEC",1529,777,445,106,201,TUM,0.5082
5786,4,"TUM,STR,LYM,NEC",1529,844,425,78,182,TUM,0.552
2913,4,"TUM,STR,LYM,NEC",1528,946,306,149,127,TUM,0.6191
3457,4,"TUM,STR,LYM,NEC",1526,991,305,145,85,TUM,0.6494
5500,4,"TUM,STR,LYM,NEC",1523,859,426,61,177,TUM,0.564
7112,4,"TUM,STR,LYM,NEC",1522,971,305,107,139,TUM,0.638
7813,4,"TUM,STR,LYM,NEC",1522,978,310,137,97,TUM,0.6426
3402,4,"TUM,STR,LYM,NEC",1520,948,324,103,145,TUM,0.6237
1487,4,"TUM,STR,LYM,NEC",1516,944,328,99,145,TUM,0.6227
3259,4,"TUM,STR,LYM,NEC",1516,898,309,172,137,TUM,0.5923
5426,4,"TUM,STR,LYM,NEC",1516,695,534,114,173,TUM,0.4584
770,4,"TUM,STR,LYM,NEC",1513,797,479,77,160,TUM,0.5268
3264,4,"TUM,STR,LYM,NEC",1513,758,530,57,168,TUM,0.501
7026,4,"TUM,STR,LYM,NEC",1512,630,387,362,133,TUM,0.4167
2360,4,"TUM,STR,LYM,NEC",1510,683,562,89,176,TUM,0.4523
3694,4,"TUM,STR,LYM,NEC",1510,698,521,110,181,TUM,0.4623
7329,4,"TUM,STR,LYM,NEC",1506,610,697,60,139,STR,0.4628
6374,4,"TUM,STR,LYM,NEC",1504,769,505,61,169,TUM,0.5113
569,4,"TUM,STR,LYM,NEC",1502,492,731,72,207,STR,0.4867
6408,4,"TUM,STR,LYM,NEC",1500,827,451,76,146,TUM,0.5513
7325,4,"TUM,STR,LYM,NEC",1500,1003,302,84,111,TUM,0.6687
7834,4,"TUM,STR,LYM,NEC",1500,672,418,173,237,TUM,0.448
101,4,"TUM,STR,LYM,NEC",1499,799,356,194,150,TUM,0.533
492,4,"TUM,STR,LYM,NEC",1499,963,280,130,126,TUM,0.6424
3468,4,"TUM,STR,LYM,NEC",1497,656,606,72,163,TUM,0.4382
7582,4,"TUM,STR,LYM,NEC",1497,800,449,89,159,TUM,0.5344
3018,4,"TUM,STR,LYM,NEC",1494,647,614,75,158,TUM,0.4331
2902,4,"TUM,STR,LYM,NEC",1493,735,568,56,134,TUM,0.4923
4942,4,"TUM,STR,LYM,NEC",1491,777,466,70,178,TUM,0.5211
6907,4,"TUM,STR,LYM,NEC",1491,955,320,127,89,TUM,0.6405
2130,4,"TUM,STR,LYM,NEC",1487,720,570,69,128,TUM,0.4842
5974,4,"TUM,STR,LYM,NEC",1484,908,342,78,156,TUM,0.6119
5751,4,"TUM,STR,LYM,NEC",1483,714,464,100,205,TUM,0.4815
583,4,"TUM,STR,LYM,NEC",1482,593,358,367,164,TUM,0.4001
2241,4,"TUM,STR,LYM,NEC",1480,679,585,81,135,TUM,0.4588
6381,4,"TUM,STR,LYM,NEC",1477,877,366,78,156,TUM,0.5938
7509,4,"TUM,STR,LYM,NEC",1475,889,368,83,135,TUM,0.6027
646,4,"TUM,STR,LYM,NEC",1472,671,504,80,217,TUM,0.4558
1841,4,"TUM,STR,LYM,NEC",1471,885,374,78,134,TUM,0.6016
8093,4,"TUM,STR,LYM,NEC",1471,590,539,122,220,TUM,0.4011
779,4,"TUM,STR,LYM,NEC",1465,988,264,118,95,TUM,0.6744
1149,4,"TUM,STR,LYM,NEC",1463,583,350,377,153,TUM,0.3985
7241,4,"TUM,STR,LYM,NEC",1455,712,414,185,144,TUM,0.4893
148,4,"TUM,STR,LYM,NEC",1454,759,515,49,131,TUM,0.522
818,4,"TUM,STR,LYM,NEC",1453,974,273,129,77,TUM,0.6703
208,4,"TUM,STR,LYM,NEC",1451,889,374,70,118,TUM,0.6127
4471,4,"TUM,STR,LYM,NEC",1450,654,542,65,189,TUM,0.451
7870,4,"TUM,STR,LYM,NEC",1449,809,366,88,186,TUM,0.5583
4459,4,"TUM,STR,LYM,NEC",1447,769,451,71,156,TUM,0.5314
6973,4,"TUM,STR,LYM,NEC",1447,757,336,211,143,TUM,0.5232
4093,4,"TUM,STR,LYM,NEC",1446,856,322,118,150,TUM,0.592
6288,4,"TUM,STR,LYM,NEC",1446,925,301,130,90,TUM,0.6397
916,4,"TUM,STR,LYM,NEC",1445,657,488,95,205,TUM,0.4547
4141,4,"TUM,STR,LYM,NEC",1444,885,269,159,131,TUM,0.6129
2887,4,"TUM,STR,LYM,NEC",1442,915,280,134,113,TUM,0.6345
358,4,"TUM,STR,LYM,NEC",1440,689,487,97,167,TUM,0.4785
6314,4,"TUM,STR,LYM,NEC",1440,630,559,68,183,TUM,0.4375
4928,4,"TUM,STR,LYM,NEC",1439,801,327,211,100,TUM,0.5566
2697,4,"TUM,STR,LYM,NEC",1436,841,322,124,149,TUM,0.5857
31,4,"TUM,STR,LYM,NEC",1435,760,409,88,178,TUM,0.5296
3341,4,"TUM,STR,LYM,NEC",1434,757,466,75,136,TUM,0.5279
5255,4,"TUM,STR,LYM,NEC",1433,959,287,86,101,TUM,0.6692
2748,4,"TUM,STR,LYM,NEC",1429,701,505,80,143,TUM,0.4906
7483,4,"TUM,STR,LYM,NEC",1429,923,288,100,118,TUM,0.6459
1402,4,"TUM,STR,LYM,NEC",1427,692,545,71,119,TUM,0.4849
3671,4,"TUM,STR,LYM,NEC",1427,910,315,86,116,TUM,0.6377
907,4,"TUM,STR,LYM,NEC",1425,760,421,64,180,TUM,0.5333
6947,4,"TUM,STR,LYM,NEC",1425,947,265,101,112,TUM,0.6646
7451,4,"TUM,STR,LYM,NEC",1425,671,542,45,167,TUM,0.4709
2011,4,"TUM,STR,LYM,NEC",1422,950,294,58,120,TUM,0.6681
5269,4,"TUM,STR,LYM,NEC",1419,895,318,69,137,TUM,0.6307
2047,4,"TUM,STR,LYM,NEC",1418,919,267,131,101,TUM,0.6481
3582,4,"TUM,STR,LYM,NEC",1418,782,320,171,145,TUM,0.5515
7766,4,"TUM,STR,LYM,NEC",1418,738,323,245,112,TUM,0.5205
4126,4,"TUM,STR,LYM,NEC",1417,700,439,83,195,TUM,0.494
5417,4,"TUM,STR,LYM,NEC",1416,658,525,86,147,TUM,0.4647
4190,4,"TUM,STR,LYM,NEC",1415,749,256,239,171,TUM,0.5293
2495,4,"TUM,STR,LYM,NEC",1411,583,497,106,225,TUM,0.4132
1177,4,"TUM,STR,LYM,NEC",1410,867,300,119,124,TUM,0.6149
2199,4,"TUM,STR,LYM,NEC",1410,773,336,109,192,TUM,0.5482
5975,4,"TUM,STR,LYM,NEC",1409,880,298,86,145,TUM,0.6246
6291,4,"TUM,STR,LYM,NEC",1408,661,264,369,114,TUM,0.4695
4924,4,"TUM,STR,LYM,NEC",1407,800,355,136,116,TUM,0.5686
2424,4,"TUM,STR,LYM,NEC",1406,817,284,130,175,TUM,0.5811
2709,4,"TUM,STR,LYM,NEC",1405,759,284,273,89,TUM,0.5402
4045,4,"TUM,STR,LYM,NEC",1404,764,295,201,144,TUM,0.5442
5335,4,"TUM,STR,LYM,NEC",1402,914,277,93,118,TUM,0.6519
1678,4,"TUM,STR,LYM,NEC",1394,519,529,91,255,STR,0.3795
4401,4,"TUM,STR,LYM,NEC",1391,864,261,144,122,TUM,0.6211
7878,4,"TUM,STR,LYM,NEC",1391,686,453,96,156,TUM,0.4932
52,4,"TUM,STR,LYM,NEC",1388,579,438,123,248,TUM,0.4171
1611,4,"TUM,STR,LYM,NEC",1385,753,316,131,185,TUM,0.5437
182,4,"TUM,STR,LYM,NEC",1384,726,293,233,132,TUM,0.5246
1649,4,"TUM,STR,LYM,NEC",1384,633,467,109,175,TUM,0.4574
5229,4,"TUM,STR,LYM,NEC",1384,783,350,136,115,TUM,0.5658
1396,4,"TUM,STR,LYM,NEC",1383,876,310,86,111,TUM,0.6334
336,4,"TUM,STR,LYM,NEC",1382,751,310,152,169,TUM,0.5434
5657,4,"TUM,STR,LYM,NEC",1382,781,334,137,130,TUM,0.5651
5956,4,"TUM,STR,LYM,NEC",1382,705,489,52,136,TUM,0.5101
859,4,"TUM,STR,LYM,NEC",1381,845,253,164,119,TUM,0.6119
3697,4,"TUM,STR,LYM,NEC",1381,629,527,85,140,TUM,0.4555
1416,4,"TUM,STR,LYM,NEC",1380,701,402,82,195,TUM,0.508
6482,4,"TUM,STR,LYM,NEC",1380,707,415,89,169,TUM,0.5123
1539,4,"TUM,STR,LYM,NEC",1379,846,269,157,107,TUM,0.6135
2846,4,"TUM,STR,LYM,NEC",1379,740,320,206,113,TUM,0.5366
3679,4,"TUM,STR,LYM,NEC",1378,674,441,59,204,TUM,0.4891
4992,4,"TUM,STR,LYM,NEC",1378,745,427,57,149,TUM,0.5406
1769,4,"TUM,STR,LYM,NEC",1376,939,261,78,98,TUM,0.6824
7192,4,"TUM,STR,LYM,NEC",1375,777,343,80,175,TUM,0.5651
6012,4,"TUM,STR,LYM,NEC",1373,914,295,59,105,TUM,0.6657
2784,4,"TUM,STR,LYM,NEC",1370,888,285,81,116,TUM,0.6482
3251,4,"TUM,STR,LYM,NEC",1370,904,294,68,104,TUM,0.6599
5869,4,"TUM,STR,LYM,NEC",1370,662,497,47,164,TUM,0.4832
3686,4,"TUM,STR,LYM,NEC",1369,536,514,71,248,TUM,0.3915
1980,4,"TUM,STR,LYM,NEC",1368,732,438,65,133,TUM,0.5351
2289,4,"TUM,STR,LYM,NEC",1368,817,344,84,123,TUM,0.5972
6424,4,"TUM,STR,LYM,NEC",1368,706,327,215,120,TUM,0.5161
5632,4,"TUM,STR,LYM,NEC",1367,779,287,197,104,TUM,0.5699
1949,4,"TUM,STR,LYM,NEC",1366,801,316,158,91,TUM,0.5864
8134,4,"TUM,STR,LYM,NEC",1366,763,355,90,158,TUM,0.5586
1866,4,"TUM,STR,LYM,NEC",1365,961,261,54,89,TUM,0.704
1732,4,"TUM,STR,LYM,NEC",1364,906,276,97,85,TUM,0.6642
5267,4,"TUM,STR,LYM,NEC",1363,625,421,117,200,TUM,0.4585
7117,4,"TUM,STR,LYM,NEC",1359,818,328,70,143,TUM,0.6019
1635,4,"TUM,STR,LYM,NEC",1358,860,287,132,79,TUM,0.6333
1765,4,"TUM,STR,LYM,NEC",1357,865,256,128,108,TUM,0.6374
1260,4,"TUM,STR,LYM,NEC",1354,897,276,74,107,TUM,0.6625
4023,4,"TUM,STR,LYM,NEC",1354,628,457,98,171,TUM,0.4638
1364,4,"TUM,STR,LYM,NEC",1352,599,500,95,158,TUM,0.443
3154,4,"TUM,STR,LYM,NEC",1350,872,290,92,96,TUM,0.6459
6745,4,"TUM,STR,LYM,NEC",1350,744,364,84,158,TUM,0.5511
460,4,"TUM,STR,LYM,NEC",1349,730,379,71,169,TUM,0.5411
302,4,"TUM,STR,LYM,NEC",1348,851,291,104,102,TUM,0.6313
3451,4,"TUM,STR,LYM,NEC",1348,794,384,39,131,TUM,0.589
684,4,"TUM,STR,LYM,NEC",1347,824,312,74,137,TUM,0.6117
1049,4,"TUM,STR,LYM,NEC",1347,512,509,112,214,TUM,0.3801
4496,4,"TUM,STR,LYM,NEC",1347,814,308,62,163,TUM,0.6043
5167,4,"TUM,STR,LYM,NEC",1347,630,385,120,212,TUM,0.4677
2786,4,"TUM,STR,LYM,NEC",1344,715,400,68,161,TUM,0.532
2236,4,"TUM,STR,LYM,NEC",1343,682,473,68,120,TUM,0.5078
5732,4,"TUM,STR,LYM,NEC",1343,504,384,273,182,TUM,0.3753
1824,4,"TUM,STR,LYM,NEC",1342,599,368,230,145,TUM,0.4463
3755,4,"TUM,STR,LYM,NEC",1338,638,507,69,124,TUM,0.4768
1162,4,"TUM,STR,LYM,NEC",1337,627,417,111,182,TUM,0.469
2627,4,"TUM,STR,LYM,NEC",1336,800,273,136,127,TUM,0.5988
596,4,"TUM,STR,LYM,NEC",1334,701,423,55,155,TUM,0.5255
5187,4,"TUM,STR,LYM,NEC",1331,782,320,96,133,TUM,0.5875
2877,4,"TUM,STR,LYM,NEC",1328,728,344,95,161,TUM,0.5482
2836,4,"TUM,STR,LYM,NEC",1327,668,479,64,116,TUM,0.5034
903,4,"TUM,STR,LYM,NEC",1326,667,393,113,153,TUM,0.503
3516,4,"TUM,STR,LYM,NEC",1326,844,279,106,97,TUM,0.6365
6770,4,"TUM,STR,LYM,NEC",1325,657,384,121,163,TUM,0.4958
339,4,"TUM,STR,LYM,NEC",1324,771,268,163,122,TUM,0.5823
2129,4,"TUM,STR,LYM,NEC",1323,623,498,97,105,TUM,0.4709
6573,4,"TUM,STR,LYM,NEC",1323,823,273,109,118,TUM,0.6221
7335,4,"TUM,STR,LYM,NEC",1321,663,286,194,178,TUM,0.5019
8178,4,"TUM,STR,LYM,NEC",1321,659,468,65,129,TUM,0.4989
814,4,"TUM,STR,LYM,NEC",1320,708,405,64,143,TUM,0.5364
1547,4,"TUM,STR,LYM,NEC",1320,812,315,80,113,TUM,0.6152
5876,4,"TUM,STR,LYM,NEC",1317,608,551,50,108,TUM,0.4617
5405,4,"TUM,STR,LYM,NEC",1309,492,369,242,206,TUM,0.3759
1695,4,"TUM,STR,LYM,NEC",1307,632,522,46,107,TUM,0.4836
756,4,"TUM,STR,LYM,NEC",1302,751,315,81,155,TUM,0.5768
7883,4,"TUM,STR,LYM,NEC",1302,675,394,83,150,TUM,0.5184
3108,4,"TUM,STR,LYM,NEC",1296,679,456,44,117,TUM,0.5239
7492,4,"TUM,STR,LYM,NEC",1295,589,416,98,192,TUM,0.4548
1011,4,"TUM,STR,LYM,NEC",1294,730,351,94,119,TUM,0.5641
2527,4,"TUM,STR,LYM,NEC",1292,703,246,242,101,TUM,0.5441
5985,4,"TUM,STR,LYM,NEC",1292,565,518,68,141,TUM,0.4373
7388,4,"TUM,STR,LYM,NEC",1289,795,266,111,117,TUM,0.6168
7572,4,"TUM,STR,LYM,NEC",1288,686,397,68,137,TUM,0.5326
4366,4,"TUM,STR,LYM,NEC",1287,714,323,104,146,TUM,0.5548
2220,4,"TUM,STR,LYM,NEC",1284,776,319,74,115,TUM,0.6044
851,4,"TUM,STR,LYM,NEC",1279,508,339,242,190,TUM,0.3972
3623,4,"TUM,STR,LYM,NEC",1278,808,266,90,114,TUM,0.6322
6028,4,"TUM,STR,LYM,NEC",1278,764,295,69,150,TUM,0.5978
3025,4,"TUM,STR,LYM,NEC",1277,760,241,169,107,TUM,0.5951
4721,4,"TUM,STR,LYM,NEC",1275,640,487,43,105,TUM,0.502
6248,4,"TUM,STR,LYM,NEC",1275,816,268,80,111,TUM,0.64
1829,4,"TUM,STR,LYM,NEC",1274,616,425,100,133,TUM,0.4835
4237,4,"TUM,STR,LYM,NEC",1274,802,274,79,119,TUM,0.6295
6798,4,"TUM,STR,LYM,NEC",1274,719,267,156,132,TUM,0.5644
2462,4,"TUM,STR,LYM,NEC",1270,823,235,122,90,TUM,0.648
1119,4,"TUM,STR,LYM,NEC",1268,486,529,52,201,STR,0.4172
2039,4,"TUM,STR,LYM,NEC",1267,640,367,75,185,TUM,0.5051
2538,4,"TUM,STR,LYM,NEC",1267,693,338,63,173,TUM,0.547
3310,4,"TUM,STR,LYM,NEC",1267,851,236,107,73,TUM,0.6717
3920,4,"TUM,STR,LYM,NEC",1266,831,276,69,90,TUM,0.6564
3674,4,"TUM,STR,LYM,NEC",1263,723,286,152,102,TUM,0.5724
7735,4,"TUM,STR,LYM,NEC",1263,684,373,52,154,TUM,0.5416
2883,4,"TUM,STR,LYM,NEC",1261,776,285,85,115,TUM,0.6154
8017,4,"TUM,STR,LYM,NEC",1261,613,445,42,161,TUM,0.4861
8047,4,"TUM,STR,LYM,NEC",1261,709,307,92,153,TUM,0.5623
969,4,"TUM,STR,LYM,NEC",1259,824,262,62,111,TUM,0.6545
2239,4,"TUM,STR,LYM,NEC",1259,551,460,49,199,TUM,0.4376
2689,4,"TUM,STR,LYM,NEC",1254,550,429,67,208,TUM,0.4386
6969,4,"TUM,STR,LYM,NEC",1250,355,274,503,118,LYM,0.4024
4731,4,"TUM,STR,LYM,NEC",1247,787,248,116,96,TUM,0.6311
1718,4,"TUM,STR,LYM,NEC",1246,761,252,126,107,TUM,0.6108
4007,4,"TUM,STR,LYM,NEC",1243,573,495,58,117,TUM,0.461
3809,4,"TUM,STR,LYM,NEC",1242,397,492,118,235,STR,0.3961
7578,4,"TUM,STR,LYM,NEC",1240,640,370,74,156,TUM,0.5161
6953,4,"TUM,STR,LYM,NEC",1239,486,553,90,110,STR,0.4463
3754,4,"TUM,STR,LYM,NEC",1237,841,257,70,69,TUM,0.6799
4900,4,"TUM,STR,LYM,NEC",1237,677,418,44,98,TUM,0.5473
5257,4,"TUM,STR,LYM,NEC",1237,619,411,73,134,TUM,0.5004
6890,4,"TUM,STR,LYM,NEC",1237,634,425,61,117,TUM,0.5125
6149,4,"TUM,STR,LYM,NEC",1235,778,270,34,153,TUM,0.63
6639,4,"TUM,STR,LYM,NEC",1235,536,506,75,118,TUM,0.434
7997,4,"TUM,STR,LYM,NEC",1235,682,328,84,141,TUM,0.5522
7977,4,"TUM,STR,LYM,NEC",1231,601,370,69,191,TUM,0.4882
20,4,"TUM,STR,LYM,NEC",1229,465,555,27,182,STR,0.4516
1124,4,"TUM,STR,LYM,NEC",1228,583,327,192,126,TUM,0.4748
1165,4,"TUM,STR,LYM,NEC",1226,647,309,115,155,TUM,0.5277
4213,4,"TUM,STR,LYM,NEC",1226,723,266,120,117,TUM,0.5897
5415,4,"TUM,STR,LYM,NEC",1226,720,330,65,111,TUM,0.5873
2587,4,"TUM,STR,LYM,NEC",1225,738,292,100,95,TUM,0.6024
3449,4,"TUM,STR,LYM,NEC",1223,605,430,66,122,TUM,0.4947
3978,4,"TUM,STR,LYM,NEC",1223,621,285,230,87,TUM,0.5078
4328,4,"TUM,STR,LYM,NEC",1223,731,268,100,124,TUM,0.5977
2788,4,"TUM,STR,LYM,NEC",1221,774,238,120,89,TUM,0.6339
3138,4,"TUM,STR,LYM,NEC",1221,683,339,75,124,TUM,0.5594
1374,4,"TUM,STR,LYM,NEC",1218,663,302,101,152,TUM,0.5443
4789,4,"TUM,STR,LYM,NEC",1218,745,287,80,106,TUM,0.6117
5896,4,"TUM,STR,LYM,NEC",1216,640,272,174,130,TUM,0.5263
1032,4,"TUM,STR,LYM,NEC",1215,537,438,106,134,TUM,0.442
4819,4,"TUM,STR,LYM,NEC",1213,655,412,49,97,TUM,0.54
1895,4,"TUM,STR,LYM,NEC",1212,502,367,108,235,TUM,0.4142
2027,4,"TUM,STR,LYM,NEC",1211,713,307,59,132,TUM,0.5888
5200,4,"TUM,STR,LYM,NEC",1211,769,253,83,106,TUM,0.635
5838,4,"TUM,STR,LYM,NEC",1211,666,302,128,115,TUM,0.55
5034,4,"TUM,STR,LYM,NEC",1210,738,297,83,92,TUM,0.6099
1733,4,"TUM,STR,LYM,NEC",1209,642,324,116,127,TUM,0.531
6274,4,"TUM,STR,LYM,NEC",1208,700,236,150,122,TUM,0.5795
6168,4,"TUM,STR,LYM,NEC",1206,579,473,58,96,TUM,0.4801
5205,4,"TUM,STR,LYM,NEC",1205,621,369,75,140,TUM,0.5154
5918,4,"TUM,STR,LYM,NEC",1204,490,448,55,211,TUM,0.407
1186,4,"TUM,STR,LYM,NEC",1203,609,418,44,132,TUM,0.5062
1848,4,"TUM,STR,LYM,NEC",1201,506,313,276,106,TUM,0.4213
5821,4,"TUM,STR,LYM,NEC",1201,475,487,98,141,STR,0.4055
4649,4,"TUM,STR,LYM,NEC",1200,537,413,79,171,TUM,0.4475
1118,4,"TUM,STR,LYM,NEC",1198,507,456,74,161,TUM,0.4232
3325,4,"TUM,STR,LYM,NEC",1198,632,345,92,129,TUM,0.5275
1757,4,"TUM,STR,LYM,NEC",1197,664,254,131,148,TUM,0.5547
3515,4,"TUM,STR,LYM,NEC",1196,656,349,74,117,TUM,0.5485
2974,4,"TUM,STR,LYM,NEC",1195,810,235,77,73,TUM,0.6778
4594,4,"TUM,STR,LYM,NEC",1194,481,421,84,208,TUM,0.4028
8163,4,"TUM,STR,LYM,NEC",1193,614,394,63,122,TUM,0.5147
5553,4,"TUM,STR,LYM,NEC",1190,778,227,79,106,TUM,0.6538
5191,4,"TUM,STR,LYM,NEC",1188,729,309,46,104,TUM,0.6136
349,4,"TUM,STR,LYM,NEC",1184,700,290,70,124,TUM,0.5912
1422,4,"TUM,STR,LYM,NEC",1182,665,303,63,151,TUM,0.5626
1800,4,"TUM,STR,LYM,NEC",1180,637,368,45,130,TUM,0.5398
4561,4,"TUM,STR,LYM,NEC",1180,464,475,34,207,STR,0.4025
5923,4,"TUM,STR,LYM,NEC",1180,698,277,83,122,TUM,0.5915
1641,4,"TUM,STR,LYM,NEC",1179,587,411,76,105,TUM,0.4979
1912,4,"TUM,STR,LYM,NEC",1178,676,271,125,106,TUM,0.5739
3784,4,"TUM,STR,LYM,NEC",1177,533,420,75,149,TUM,0.4528
6171,4,"TUM,STR,LYM,NEC",1176,456,467,111,142,STR,0.3971
277,4,"TUM,STR,LYM,NEC",1173,707,239,126,101,TUM,0.6027
7258,4,"TUM,STR,LYM,NEC",1173,672,261,110,130,TUM,0.5729
5495,4,"TUM,STR,LYM,NEC",1172,568,369,70,165,TUM,0.4846
7066,4,"TUM,STR,LYM,NEC",1172,548,449,44,131,TUM,0.4676
1310,4,"TUM,STR,LYM,NEC",1171,482,472,69,148,TUM,0.4116
3091,4,"TUM,STR,LYM,NEC",1171,700,241,110,120,TUM,0.5978
2827,4,"TUM,STR,LYM,NEC",1170,545,396,67,162,TUM,0.4658
4783,4,"TUM,STR,LYM,NEC",1168,725,235,129,79,TUM,0.6207
1233,4,"TUM,STR,LYM,NEC",1166,700,245,103,118,TUM,0.6003
5188,4,"TUM,STR,LYM,NEC",1165,760,224,70,111,TUM,0.6524
205,4,"TUM,STR,LYM,NEC",1160,672,286,70,132,TUM,0.5793
5103,4,"TUM,STR,LYM,NEC",1160,700,286,66,108,TUM,0.6034
866,4,"TUM,STR,LYM,NEC",1159,681,307,67,104,TUM,0.5876
6335,4,"TUM,STR,LYM,NEC",1158,578,348,61,171,TUM,0.4991
2403,4,"TUM,STR,LYM,NEC",1156,648,339,49,120,TUM,0.5606
4516,4,"TUM,STR,LYM,NEC",1155,623,334,54,144,TUM,0.5394
3345,4,"TUM,STR,LYM,NEC",1148,657,284,91,116,TUM,0.5723
530,4,"TUM,STR,LYM,NEC",1147,583,412,52,100,TUM,0.5083
6832,4,"TUM,STR,LYM,NEC",1147,572,391,41,143,TUM,0.4987
7132,4,"TUM,STR,LYM,NEC",1146,672,276,76,122,TUM,0.5864
2566,4,"TUM,STR,LYM,NEC",1142,629,303,58,152,TUM,0.5508
6071,4,"TUM,STR,LYM,NEC",1142,615,278,130,119,TUM,0.5385
5393,4,"TUM,STR,LYM,NEC",1141,710,235,88,108,TUM,0.6223
3330,4,"TUM,STR,LYM,NEC",1138,735,237,64,102,TUM,0.6459
2491,4,"TUM,STR,LYM,NEC",1136,513,371,82,170,TUM,0.4516
3752,4,"TUM,STR,LYM,NEC",1133,687,264,68,114,TUM,0.6064
4959,4,"TUM,STR,LYM,NEC",1133,700,250,66,117,TUM,0.6178
5453,4,"TUM,STR,LYM,NEC",1133,536,433,70,94,TUM,0.4731
3939,4,"TUM,STR,LYM,NEC",1131,600,355,52,124,TUM,0.5305
411,4,"TUM,STR,LYM,NEC",1127,721,213,124,69,TUM,0.6398
7003,4,"TUM,STR,LYM,NEC",1122,655,235,132,100,TUM,0.5838
2914,4,"TUM,STR,LYM,NEC",1119,686,240,103,90,TUM,0.613
2979,4,"TUM,STR,LYM,NEC",1118,593,298,74,153,TUM,0.5304
3387,4,"TUM,STR,LYM,NEC",1118,408,487,88,135,STR,0.4356
4689,4,"TUM,STR,LYM,NEC",1117,672,272,64,109,TUM,0.6016
5631,4,"TUM,STR,LYM,NEC",1117,678,238,102,99,TUM,0.607
4208,4,"TUM,STR,LYM,NEC",1116,663,243,79,131,TUM,0.5941
4195,4,"TUM,STR,LYM,NEC",1113,457,378,110,168,TUM,0.4106
3381,4,"TUM,STR,LYM,NEC",1111,645,279,60,127,TUM,0.5806
3812,4,"TUM,STR,LYM,NEC",1111,755,192,102,62,TUM,0.6796
6419,4,"TUM,STR,LYM,NEC",1111,660,283,63,105,TUM,0.5941
1251,4,"TUM,STR,LYM,NEC",1109,734,215,77,83,TUM,0.6619
6865,4,"TUM,STR,LYM,NEC",1109,544,335,78,152,TUM,0.4905
4148,4,"TUM,STR,LYM,NEC",1108,770,218,50,70,TUM,0.6949
6138,4,"TUM,STR,LYM,NEC",1108,698,220,71,119,TUM,0.63
261,4,"TUM,STR,LYM,NEC",1107,620,295,79,113,TUM,0.5601
1535,4,"TUM,STR,LYM,NEC",1100,642,273,75,110,TUM,0.5836
1913,4,"TUM,STR,LYM,NEC",1093,655,273,44,121,TUM,0.5993
4708,4,"TUM,STR,LYM,NEC",1093,712,229,84,68,TUM,0.6514
5271,4,"TUM,STR,LYM,NEC",1093,749,175,76,93,TUM,0.6853
221,4,"TUM,STR,LYM,NEC",1092,654,232,93,113,TUM,0.5989
1294,4,"TUM,STR,LYM,NEC",1092,643,216,123,110,TUM,0.5888
2924,4,"TUM,STR,LYM,NEC",1092,620,311,46,115,TUM,0.5678
4118,4,"TUM,STR,LYM,NEC",1092,565,373,28,126,TUM,0.5174
2522,4,"TUM,STR,LYM,NEC",1091,762,201,60,68,TUM,0.6984
2533,4,"TUM,STR,LYM,NEC",1091,574,370,42,105,TUM,0.5261
5175,4,"TUM,STR,LYM,NEC",1089,730,212,74,73,TUM,0.6703
3248,4,"TUM,STR,LYM,NEC",1088,520,301,125,142,TUM,0.4779
4042,4,"TUM,STR,LYM,NEC",1088,665,227,95,101,TUM,0.6112
3701,4,"TUM,STR,LYM,NEC",1086,709,222,47,108,TUM,0.6529
1244,4,"TUM,STR,LYM,NEC",1084,383,421,67,213,STR,0.3884
388,4,"TUM,STR,LYM,NEC",1083,478,224,294,87,TUM,0.4414
732,4,"TUM,STR,LYM,NEC",1082,524,277,187,94,TUM,0.4843
3407,4,"TUM,STR,LYM,NEC",1082,711,194,92,85,TUM,0.6571
6350,4,"TUM,STR,LYM,NEC",1081,611,268,64,138,TUM,0.5652
6543,4,"TUM,STR,LYM,NEC",1081,539,316,74,152,TUM,0.4986
2380,4,"TUM,STR,LYM,NEC",1077,425,392,73,187,TUM,0.3946
7666,4,"TUM,STR,LYM,NEC",1076,582,208,205,81,TUM,0.5409
4645,4,"TUM,STR,LYM,NEC",1074,613,321,35,105,TUM,0.5708
4234,4,"TUM,STR,LYM,NEC",1073,623,244,87,119,TUM,0.5806
7184,4,"TUM,STR,LYM,NEC",1072,455,363,87,167,TUM,0.4244
3658,4,"TUM,STR,LYM,NEC",1069,726,212,59,72,TUM,0.6791
450,4,"TUM,STR,LYM,NEC",1068,666,227,76,99,TUM,0.6236
4285,4,"TUM,STR,LYM,NEC",1068,578,257,86,147,TUM,0.5412
1343,4,"TUM,STR,LYM,NEC",1066,595,253,119,99,TUM,0.5582
3086,4,"TUM,STR,LYM,NEC",1065,451,439,59,116,TUM,0.4235
5423,4,"TUM,STR,LYM,NEC",1064,546,263,105,150,TUM,0.5132
1890,4,"TUM,STR,LYM,NEC",1063,363,401,104,195,STR,0.3772
2795,4,"TUM,STR,LYM,NEC",1060,610,276,65,109,TUM,0.5755
3087,4,"TUM,STR,LYM,NEC",1060,495,339,73,153,TUM,0.467
4915,4,"TUM,STR,LYM,NEC",1060,603,257,69,131,TUM,0.5689
6118,4,"TUM,STR,LYM,NEC",1060,624,299,45,92,TUM,0.5887
2459,4,"TUM,STR,LYM,NEC",1059,532,334,76,117,TUM,0.5024
454,4,"TUM,STR,LYM,NEC",1057,632,293,53,79,TUM,0.5979
2460,4,"TUM,STR,LYM,NEC",1057,554,327,58,118,TUM,0.5241
5792,4,"TUM,STR,LYM,NEC",1055,653,236,75,91,TUM,0.619
7378,4,"TUM,STR,LYM,NEC",1052,487,351,57,157,TUM,0.4629
2173,4,"TUM,STR,LYM,NEC",1050,598,261,54,137,TUM,0.5695
3758,4,"TUM,STR,LYM,NEC",1049,621,280,53,95,TUM,0.592
6342,4,"TUM,STR,LYM,NEC",1049,523,302,81,143,TUM,0.4986
174,4,"TUM,STR,LYM,NEC",1047,614,232,91,110,TUM,0.5864
96,4,"TUM,STR,LYM,NEC",1046,537,334,67,108,TUM,0.5134
4949,4,"TUM,STR,LYM,NEC",1046,654,218,77,97,TUM,0.6252
4181,4,"TUM,STR,LYM,NEC",1045,519,292,82,152,TUM,0.4967
4495,4,"TUM,STR,LYM,NEC",1045,553,307,64,121,TUM,0.5292
7699,4,"TUM,STR,LYM,NEC",1044,652,189,116,87,TUM,0.6245
6767,4,"TUM,STR,LYM,NEC",1038,498,324,70,146,TUM,0.4798
7747,4,"TUM,STR,LYM,NEC",1035,523,377,46,89,TUM,0.5053
2749,4,"TUM,STR,LYM,NEC",1032,368,429,84,151,STR,0.4157
4912,4,"TUM,STR,LYM,NEC",1031,488,263,134,146,TUM,0.4733
5911,4,"TUM,STR,LYM,NEC",1030,591,272,61,106,TUM,0.5738
3529,4,"TUM,STR,LYM,NEC",1027,591,262,70,104,TUM,0.5755
5481,4,"TUM,STR,LYM,NEC",1027,524,306,64,133,TUM,0.5102
4646,4,"TUM,STR,LYM,NEC",1026,607,267,47,105,TUM,0.5916
5407,4,"TUM,STR,LYM,NEC",1023,645,214,81,83,TUM,0.6305
1686,4,"TUM,STR,LYM,NEC",1022,417,353,68,184,TUM,0.408
1545,4,"TUM,STR,LYM,NEC",1015,568,247,72,128,TUM,0.5596
3929,4,"TUM,STR,LYM,NEC",1015,557,249,71,138,TUM,0.5488
2206,4,"TUM,STR,LYM,NEC",1014,438,419,50,107,TUM,0.432
2724,4,"TUM,STR,LYM,NEC",1014,433,448,35,98,STR,0.4418
6030,4,"TUM,STR,LYM,NEC",1014,669,199,85,61,TUM,0.6598
865,4,"TUM,STR,LYM,NEC",1012,580,272,55,105,TUM,0.5731
1969,4,"TUM,STR,LYM,NEC",1009,605,232,97,75,TUM,0.5996
4330,4,"TUM,STR,LYM,NEC",1009,601,221,99,88,TUM,0.5956
7332,4,"TUM,STR,LYM,NEC",1009,577,211,88,133,TUM,0.5719
5143,4,"TUM,STR,LYM,NEC",1006,631,194,96,85,TUM,0.6272
160,4,"TUM,STR,LYM,NEC",1005,633,214,87,71,TUM,0.6299
5042,4,"TUM,STR,LYM,NEC",1003,557,261,85,100,TUM,0.5553
6200,4,"TUM,STR,LYM,NEC",1003,582,245,64,112,TUM,0.5803
7902,4,"TUM,STR,LYM,NEC",1003,631,227,74,71,TUM,0.6291
7015,4,"TUM,STR,LYM,NEC",1002,472,402,35,93,TUM,0.4711
2736,4,"TUM,STR,LYM,NEC",1000,597,216,88,99,TUM,0.597
3667,4,"TUM,STR,LYM,NEC",1000,525,316,52,107,TUM,0.525
6079,4,"TUM,STR,LYM,NEC",999,553,273,41,132,TUM,0.5536
2045,4,"TUM,STR,LYM,NEC",992,466,390,37,99,TUM,0.4698
6820,4,"TUM,STR,LYM,NEC",992,434,431,42,85,TUM,0.4375
6728,4,"TUM,STR,LYM,NEC",989,567,191,149,82,TUM,0.5733
8169,4,"TUM,STR,LYM,NEC",989,647,196,83,63,TUM,0.6542
891,4,"TUM,STR,LYM,NEC",986,725,164,36,61,TUM,0.7353
4730,4,"TUM,STR,LYM,NEC",986,594,210,59,123,TUM,0.6024
5199,4,"TUM,STR,LYM,NEC",983,733,165,45,40,TUM,0.7457
6959,4,"TUM,STR,LYM,NEC",982,635,203,69,75,TUM,0.6466
4636,4,"TUM,STR,LYM,NEC",981,699,165,56,61,TUM,0.7125
7963,4,"TUM,STR,LYM,NEC",980,406,218,259,97,TUM,0.4143
6140,4,"TUM,STR,LYM,NEC",978,548,294,49,87,TUM,0.5603
2369,4,"TUM,STR,LYM,NEC",977,514,293,37,133,TUM,0.5261
4984,4,"TUM,STR,LYM,NEC",975,564,207,95,109,TUM,0.5785
2636,4,"TUM,STR,LYM,NEC",973,373,444,66,90,STR,0.4563
3791,4,"TUM,STR,LYM,NEC",973,570,232,67,104,TUM,0.5858
5289,4,"TUM,STR,LYM,NEC",973,591,195,86,101,TUM,0.6074
1516,4,"TUM,STR,LYM,NEC",971,467,240,193,71,TUM,0.4809
3803,4,"TUM,STR,LYM,NEC",971,489,301,51,130,TUM,0.5036
7799,4,"TUM,STR,LYM,NEC",971,545,223,77,126,TUM,0.5613
4867,4,"TUM,STR,LYM,NEC",970,510,256,85,119,TUM,0.5258
5525,4,"TUM,STR,LYM,NEC",970,518,222,134,96,TUM,0.534
2279,4,"TUM,STR,LYM,NEC",967,419,421,44,83,STR,0.4354
4383,4,"TUM,STR,LYM,NEC",967,472,361,45,89,TUM,0.4881
6240,4,"TUM,STR,LYM,NEC",963,481,260,120,102,TUM,0.4995
2704,4,"TUM,STR,LYM,NEC",961,611,226,48,76,TUM,0.6358
5237,4,"TUM,STR,LYM,NEC",960,406,297,81,176,TUM,0.4229
2847,4,"TUM,STR,LYM,NEC",956,460,315,57,124,TUM,0.4812
1553,4,"TUM,STR,LYM,NEC",955,411,321,70,153,TUM,0.4304
4672,4,"TUM,STR,LYM,NEC",954,427,320,57,150,TUM,0.4476
6924,4,"TUM,STR,LYM,NEC",953,554,215,94,90,TUM,0.5813
7130,4,"TUM,STR,LYM,NEC",952,611,194,64,83,TUM,0.6418
3988,4,"TUM,STR,LYM,NEC",951,590,222,45,94,TUM,0.6204
5116,4,"TUM,STR,LYM,NEC",949,476,321,42,110,TUM,0.5016
1015,4,"TUM,STR,LYM,NEC",948,469,219,181,79,TUM,0.4947
7074,4,"TUM,STR,LYM,NEC",948,540,261,47,100,TUM,0.5696
7487,4,"TUM,STR,LYM,NEC",948,459,375,33,81,TUM,0.4842
8052,4,"TUM,STR,LYM,NEC",948,491,278,53,126,TUM,0.5179
1717,4,"TUM,STR,LYM,NEC",947,548,255,50,94,TUM,0.5787
7996,4,"TUM,STR,LYM,NEC",947,568,206,107,66,TUM,0.5998
4925,4,"TUM,STR,LYM,NEC",944,606,199,47,92,TUM,0.6419
7220,4,"TUM,STR,LYM,NEC",943,521,294,52,76,TUM,0.5525
1069,4,"TUM,STR,LYM,NEC",942,418,234,184,106,TUM,0.4437
4735,4,"TUM,STR,LYM,NEC",940,478,304,53,105,TUM,0.5085
19,4,"TUM,STR,LYM,NEC",935,478,324,29,104,TUM,0.5112
6396,4,"TUM,STR,LYM,NEC",933,501,255,88,89,TUM,0.537
2057,4,"TUM,STR,LYM,NEC",931,472,286,68,105,TUM,0.507
2117,4,"TUM,STR,LYM,NEC",931,532,239,52,108,TUM,0.5714
2352,4,"TUM,STR,LYM,NEC",931,556,201,69,105,TUM,0.5972
1455,4,"TUM,STR,LYM,NEC",928,420,301,39,168,TUM,0.4526
4515,4,"TUM,STR,LYM,NEC",928,535,276,38,79,TUM,0.5765
6245,4,"TUM,STR,LYM,NEC",928,439,361,45,83,TUM,0.4731
1113,4,"TUM,STR,LYM,NEC",923,453,254,74,142,TUM,0.4908
7141,4,"TUM,STR,LYM,NEC",923,493,259,59,112,TUM,0.5341
5242,4,"TUM,STR,LYM,NEC",921,536,235,51,99,TUM,0.582
58,4,"TUM,STR,LYM,NEC",920,472,252,58,138,TUM,0.513
7374,4,"TUM,STR,LYM,NEC",918,573,210,40,95,TUM,0.6242
7751,4,"TUM,STR,LYM,NEC",918,393,286,66,173,TUM,0.4281
4301,4,"TUM,STR,LYM,NEC",914,560,167,105,82,TUM,0.6127
5744,4,"TUM,STR,LYM,NEC",914,656,160,42,56,TUM,0.7177
4210,4,"TUM,STR,LYM,NEC",911,483,314,39,75,TUM,0.5302
3161,4,"TUM,STR,LYM,NEC",907,482,267,74,84,TUM,0.5314
3957,4,"TUM,STR,LYM,NEC",907,557,213,53,84,TUM,0.6141
1939,4,"TUM,STR,LYM,NEC",905,490,259,67,89,TUM,0.5414
1171,4,"TUM,STR,LYM,NEC",901,539,183,94,85,TUM,0.5982
4061,4,"TUM,STR,LYM,NEC",900,500,185,118,97,TUM,0.5556
4863,4,"TUM,STR,LYM,NEC",900,596,159,67,78,TUM,0.6622
6819,4,"TUM,STR,LYM,NEC",899,551,175,99,74,TUM,0.6129
4407,4,"TUM,STR,LYM,NEC",897,506,257,38,96,TUM,0.5641
8158,4,"TUM,STR,LYM,NEC",896,569,175,69,83,TUM,0.635
5442,4,"TUM,STR,LYM,NEC",895,549,238,27,81,TUM,0.6134
6046,4,"TUM,STR,LYM,NEC",894,460,317,43,74,TUM,0.5145
821,4,"TUM,STR,LYM,NEC",892,555,188,75,74,TUM,0.6222
5598,4,"TUM,STR,LYM,NEC",892,632,153,49,58,TUM,0.7085
372,4,"TUM,STR,LYM,NEC",891,372,405,27,87,STR,0.4545
5772,4,"TUM,STR,LYM,NEC",891,556,198,57,80,TUM,0.624
7743,4,"TUM,STR,LYM,NEC",891,420,181,209,81,TUM,0.4714
1693,4,"TUM,STR,LYM,NEC",890,476,205,113,96,TUM,0.5348
639,4,"TUM,STR,LYM,NEC",889,439,337,36,77,TUM,0.4938
1887,4,"TUM,STR,LYM,NEC",884,395,252,66,171,TUM,0.4468
6186,4,"TUM,STR,LYM,NEC",884,625,159,50,50,TUM,0.707
6338,4,"TUM,STR,LYM,NEC",884,513,244,45,82,TUM,0.5803
5004,4,"TUM,STR,LYM,NEC",882,541,208,50,83,TUM,0.6134
7053,4,"TUM,STR,LYM,NEC",880,490,237,62,91,TUM,0.5568
7282,4,"TUM,STR,LYM,NEC",879,444,274,62,99,TUM,0.5051
1639,4,"TUM,STR,LYM,NEC",878,508,212,91,67,TUM,0.5786
2078,4,"TUM,STR,LYM,NEC",878,503,216,56,103,TUM,0.5729
605,4,"TUM,STR,LYM,NEC",877,414,277,42,144,TUM,0.4721
7927,4,"TUM,STR,LYM,NEC",877,478,209,114,76,TUM,0.545
1340,4,"TUM,STR,LYM,NEC",876,472,210,100,94,TUM,0.5388
6407,4,"TUM,STR,LYM,NEC",876,482,251,49,94,TUM,0.5502
941,4,"TUM,STR,LYM,NEC",875,592,177,44,62,TUM,0.6766
3785,4,"TUM,STR,LYM,NEC",875,548,172,88,67,TUM,0.6263
6252,4,"TUM,STR,LYM,NEC",872,295,432,49,96,STR,0.4954
2926,4,"TUM,STR,LYM,NEC",869,473,246,50,100,TUM,0.5443
3648,4,"TUM,STR,LYM,NEC",869,429,273,42,125,TUM,0.4937
4296,4,"TUM,STR,LYM,NEC",869,537,188,76,68,TUM,0.618
3872,4,"TUM,STR,LYM,NEC",866,549,199,62,56,TUM,0.6339
7767,4,"TUM,STR,LYM,NEC",864,592,177,52,43,TUM,0.6852
4066,4,"TUM,STR,LYM,NEC",861,552,193,40,76,TUM,0.6411
1667,4,"TUM,STR,LYM,NEC",860,396,343,46,75,TUM,0.4605
3450,4,"TUM,STR,LYM,NEC",859,520,168,94,77,TUM,0.6054
1838,4,"TUM,STR,LYM,NEC",858,361,287,65,145,TUM,0.4207
1208,4,"TUM,STR,LYM,NEC",856,413,309,36,98,TUM,0.4825
3657,4,"TUM,STR,LYM,NEC",856,520,177,76,83,TUM,0.6075
4682,4,"TUM,STR,LYM,NEC",855,421,248,84,102,TUM,0.4924
5024,4,"TUM,STR,LYM,NEC",852,412,291,57,92,TUM,0.4836
1438,4,"TUM,STR,LYM,NEC",848,382,308,44,114,TUM,0.4505
4607,4,"TUM,STR,LYM,NEC",847,454,255,47,91,TUM,0.536
5550,4,"TUM,STR,LYM,NEC",846,429,267,46,104,TUM,0.5071
7402,4,"TUM,STR,LYM,NEC",845,476,256,29,84,TUM,0.5633
6069,4,"TUM,STR,LYM,NEC",844,432,298,39,75,TUM,0.5118
4519,4,"TUM,STR,LYM,NEC",843,535,174,45,89,TUM,0.6346
7460,4,"TUM,STR,LYM,NEC",843,441,221,68,113,TUM,0.5231
5950,4,"TUM,STR,LYM,NEC",841,457,167,98,119,TUM,0.5434
7439,4,"TUM,STR,LYM,NEC",840,436,255,38,111,TUM,0.519
2133,4,"TUM,STR,LYM,NEC",839,247,188,290,114,LYM,0.3456
4076,4,"TUM,STR,LYM,NEC",838,434,298,29,77,TUM,0.5179
1041,4,"TUM,STR,LYM,NEC",836,484,190,76,86,TUM,0.5789
6331,4,"TUM,STR,LYM,NEC",836,540,164,50,82,TUM,0.6459
4266,4,"TUM,STR,LYM,NEC",835,356,332,28,119,TUM,0.4263
598,4,"TUM,STR,LYM,NEC",832,371,246,109,106,TUM,0.4459
867,4,"TUM,STR,LYM,NEC",830,462,164,120,84,TUM,0.5566
1752,4,"TUM,STR,LYM,NEC",825,470,236,39,80,TUM,0.5697
3465,4,"TUM,STR,LYM,NEC",824,430,195,98,101,TUM,0.5218
4688,4,"TUM,STR,LYM,NEC",824,424,196,110,94,TUM,0.5146
1173,4,"TUM,STR,LYM,NEC",822,432,254,53,83,TUM,0.5255
3267,4,"TUM,STR,LYM,NEC",822,377,297,42,106,TUM,0.4586
5976,4,"TUM,STR,LYM,NEC",822,463,154,130,75,TUM,0.5633
4005,4,"TUM,STR,LYM,NEC",820,463,209,68,80,TUM,0.5646
3942,4,"TUM,STR,LYM,NEC",818,450,179,72,117,TUM,0.5501
3090,4,"TUM,STR,LYM,NEC",817,501,169,86,61,TUM,0.6132
4611,4,"TUM,STR,LYM,NEC",817,509,196,44,68,TUM,0.623
5931,4,"TUM,STR,LYM,NEC",816,479,189,63,85,TUM,0.587
7319,4,"TUM,STR,LYM,NEC",816,581,149,33,53,TUM,0.712
521,4,"TUM,STR,LYM,NEC",815,460,221,39,95,TUM,0.5644
5855,4,"TUM,STR,LYM,NEC",813,399,233,49,132,TUM,0.4908
5934,4,"TUM,STR,LYM,NEC",812,311,322,57,122,STR,0.3966
4844,4,"TUM,STR,LYM,NEC",810,555,150,46,59,TUM,0.6852
717,4,"TUM,STR,LYM,NEC",808,446,266,30,66,TUM,0.552
8167,4,"TUM,STR,LYM,NEC",808,428,235,39,106,TUM,0.5297
6039,4,"TUM,STR,LYM,NEC",807,403,278,23,103,TUM,0.4994
1136,4,"TUM,STR,LYM,NEC",804,416,233,59,96,TUM,0.5174
590,4,"TUM,STR,LYM,NEC",800,512,168,55,65,TUM,0.64
1931,4,"TUM,STR,LYM,NEC",800,488,152,102,58,TUM,0.61
8022,4,"TUM,STR,LYM,NEC",799,374,194,97,134,TUM,0.4681
1446,4,"TUM,STR,LYM,NEC",798,473,234,20,71,TUM,0.5927
4699,4,"TUM,STR,LYM,NEC",796,439,172,88,97,TUM,0.5515
4380,4,"TUM,STR,LYM,NEC",794,466,163,85,80,TUM,0.5869
6024,4,"TUM,STR,LYM,NEC",794,464,181,59,90,TUM,0.5844
6178,4,"TUM,STR,LYM,NEC",794,420,229,72,73,TUM,0.529
2673,4,"TUM,STR,LYM,NEC",793,351,331,32,79,TUM,0.4426
6253,4,"TUM,STR,LYM,NEC",792,464,195,58,75,TUM,0.5859
7681,4,"TUM,STR,LYM,NEC",792,311,274,65,142,TUM,0.3927
1715,4,"TUM,STR,LYM,NEC",791,529,169,42,51,TUM,0.6688
552,4,"TUM,STR,LYM,NEC",790,491,171,69,59,TUM,0.6215
2128,4,"TUM,STR,LYM,NEC",790,413,204,60,113,TUM,0.5228
610,4,"TUM,STR,LYM,NEC",788,472,200,32,84,TUM,0.599
2103,4,"TUM,STR,LYM,NEC",786,400,243,63,80,TUM,0.5089
4448,4,"TUM,STR,LYM,NEC",786,468,157,94,67,TUM,0.5954
7848,4,"TUM,STR,LYM,NEC",784,420,259,33,72,TUM,0.5357
713,4,"TUM,STR,LYM,NEC",782,372,184,105,121,TUM,0.4757
3106,4,"TUM,STR,LYM,NEC",782,441,153,110,78,TUM,0.5639
798,4,"TUM,STR,LYM,NEC",780,428,216,39,97,TUM,0.5487
771,4,"TUM,STR,LYM,NEC",779,317,223,102,137,TUM,0.4069
751,4,"TUM,STR,LYM,NEC",778,437,170,93,78,TUM,0.5617
1076,4,"TUM,STR,LYM,NEC",778,376,179,140,83,TUM,0.4833
6948,4,"TUM,STR,LYM,NEC",777,369,179,124,105,TUM,0.4749
923,4,"TUM,STR,LYM,NEC",774,452,226,23,73,TUM,0.584
7776,4,"TUM,STR,LYM,NEC",774,411,261,46,56,TUM,0.531
2769,4,"TUM,STR,LYM,NEC",772,527,154,38,53,TUM,0.6826
8147,4,"TUM,STR,LYM,NEC",772,555,145,21,51,TUM,0.7189
360,4,"TUM,STR,LYM,NEC",771,393,286,24,68,TUM,0.5097
3883,4,"TUM,STR,LYM,NEC",771,454,151,96,70,TUM,0.5888
7080,4,"TUM,STR,LYM,NEC",770,476,154,73,67,TUM,0.6182
7178,4,"TUM,STR,LYM,NEC",770,290,257,85,138,TUM,0.3766
7619,4,"TUM,STR,LYM,NEC",769,397,252,29,91,TUM,0.5163
239,4,"TUM,STR,LYM,NEC",764,469,163,62,70,TUM,0.6139
1754,4,"TUM,STR,LYM,NEC",764,452,209,24,79,TUM,0.5916
5638,4,"TUM,STR,LYM,NEC",763,332,320,37,74,TUM,0.4351
5586,4,"TUM,STR,LYM,NEC",754,438,185,56,75,TUM,0.5809
3573,4,"TUM,STR,LYM,NEC",745,512,140,39,54,TUM,0.6872
1783,4,"TUM,STR,LYM,NEC",744,458,170,48,68,TUM,0.6156
4971,4,"TUM,STR,LYM,NEC",744,479,148,63,54,TUM,0.6438
6838,4,"TUM,STR,LYM,NEC",744,420,210,44,70,TUM,0.5645
2905,4,"TUM,STR,LYM,NEC",743,340,246,53,104,TUM,0.4576
1933,4,"TUM,STR,LYM,NEC",742,502,133,47,60,TUM,0.6765
6614,4,"TUM,STR,LYM,NEC",742,435,204,36,67,TUM,0.5863
5355,4,"TUM,STR,LYM,NEC",741,452,159,60,70,TUM,0.61
1863,4,"TUM,STR,LYM,NEC",738,470,158,62,48,TUM,0.6369
119,4,"TUM,STR,LYM,NEC",733,500,142,40,51,TUM,0.6821
1579,4,"TUM,STR,LYM,NEC",729,438,194,33,64,TUM,0.6008
5290,4,"TUM,STR,LYM,NEC",729,445,156,50,78,TUM,0.6104
3719,4,"TUM,STR,LYM,NEC",726,254,365,22,85,STR,0.5028
5121,4,"TUM,STR,LYM,NEC",726,404,219,38,65,TUM,0.5565
5327,4,"TUM,STR,LYM,NEC",726,367,248,31,80,TUM,0.5055
1469,4,"TUM,STR,LYM,NEC",725,425,197,41,62,TUM,0.5862
4860,4,"TUM,STR,LYM,NEC",723,427,185,45,66,TUM,0.5906
1834,4,"TUM,STR,LYM,NEC",722,425,157,56,84,TUM,0.5886
4600,4,"TUM,STR,LYM,NEC",722,366,275,27,54,TUM,0.5069
6825,4,"TUM,STR,LYM,NEC",720,410,182,62,66,TUM,0.5694
3481,4,"TUM,STR,LYM,NEC",719,411,210,38,60,TUM,0.5716
4926,4,"TUM,STR,LYM,NEC",719,407,186,47,79,TUM,0.5661
4173,4,"TUM,STR,LYM,NEC",718,422,152,53,91,TUM,0.5877
7715,4,"TUM,STR,LYM,NEC",718,474,150,26,68,TUM,0.6602
1944,4,"TUM,STR,LYM,NEC",717,464,143,57,53,TUM,0.6471
2475,4,"TUM,STR,LYM,NEC",717,387,230,23,77,TUM,0.5397
8071,4,"TUM,STR,LYM,NEC",714,459,163,36,56,TUM,0.6429
6215,4,"TUM,STR,LYM,NEC",713,344,143,150,76,TUM,0.4825
7372,4,"TUM,STR,LYM,NEC",713,336,282,25,70,TUM,0.4712
4344,4,"TUM,STR,LYM,NEC",711,369,172,89,81,TUM,0.519
6776,4,"TUM,STR,LYM,NEC",711,388,170,69,84,TUM,0.5457
4737,4,"TUM,STR,LYM,NEC",710,442,163,35,70,TUM,0.6225
7831,4,"TUM,STR,LYM,NEC",709,510,111,43,45,TUM,0.7193
4879,4,"TUM,STR,LYM,NEC",707,434,155,47,71,TUM,0.6139
4797,4,"TUM,STR,LYM,NEC",706,415,212,23,56,TUM,0.5878
6935,4,"TUM,STR,LYM,NEC",704,399,187,54,64,TUM,0.5668
6025,4,"TUM,STR,LYM,NEC",703,362,236,23,82,TUM,0.5149
2659,4,"TUM,STR,LYM,NEC",702,376,161,96,69,TUM,0.5356
6295,4,"TUM,STR,LYM,NEC",701,346,268,29,58,TUM,0.4936
2050,4,"TUM,STR,LYM,NEC",699,414,153,73,59,TUM,0.5923
597,4,"TUM,STR,LYM,NEC",698,430,164,33,71,TUM,0.616
1643,4,"TUM,STR,LYM,NEC",697,374,208,31,84,TUM,0.5366
6621,4,"TUM,STR,LYM,NEC",697,472,134,46,45,TUM,0.6772
6418,4,"TUM,STR,LYM,NEC",696,340,214,39,103,TUM,0.4885
4157,4,"TUM,STR,LYM,NEC",695,315,230,28,122,TUM,0.4532
8063,4,"TUM,STR,LYM,NEC",693,395,173,48,77,TUM,0.57
7976,4,"TUM,STR,LYM,NEC",692,254,314,26,98,STR,0.4538
2959,4,"TUM,STR,LYM,NEC",688,320,171,131,66,TUM,0.4651
1749,4,"TUM,STR,LYM,NEC",686,346,242,22,76,TUM,0.5044
6508,4,"TUM,STR,LYM,NEC",683,378,156,96,53,TUM,0.5534
4502,4,"TUM,STR,LYM,NEC",682,436,126,60,60,TUM,0.6393
4576,4,"TUM,STR,LYM,NEC",682,357,242,24,59,TUM,0.5235
7838,4,"TUM,STR,LYM,NEC",682,402,177,40,63,TUM,0.5894
6957,4,"TUM,STR,LYM,NEC",679,422,165,29,63,TUM,0.6215
5785,4,"TUM,STR,LYM,NEC",678,340,260,18,60,TUM,0.5015
7679,4,"TUM,STR,LYM,NEC",677,303,236,28,110,TUM,0.4476
6499,4,"TUM,STR,LYM,NEC",676,411,157,36,72,TUM,0.608
7006,4,"TUM,STR,LYM,NEC",676,348,224,24,80,TUM,0.5148
6932,4,"TUM,STR,LYM,NEC",675,481,120,28,46,TUM,0.7126
6994,4,"TUM,STR,LYM,NEC",675,349,219,33,74,TUM,0.517
5562,4,"TUM,STR,LYM,NEC",673,358,233,18,64,TUM,0.5319
2970,4,"TUM,STR,LYM,NEC",672,305,119,202,46,TUM,0.4539
7458,4,"TUM,STR,LYM,NEC",672,403,129,83,57,TUM,0.5997
235,4,"TUM,STR,LYM,NEC",670,293,296,30,51,STR,0.4418
537,4,"TUM,STR,LYM,NEC",670,331,252,25,62,TUM,0.494
1920,4,"TUM,STR,LYM,NEC",670,362,180,38,90,TUM,0.5403
5330,4,"TUM,STR,LYM,NEC",670,250,240,48,132,TUM,0.3731
2366,4,"TUM,STR,LYM,NEC",667,263,201,90,113,TUM,0.3943
5214,4,"TUM,STR,LYM,NEC",667,281,283,40,63,STR,0.4243
6091,4,"TUM,STR,LYM,NEC",666,316,269,20,61,TUM,0.4745
3600,4,"TUM,STR,LYM,NEC",665,354,177,75,59,TUM,0.5323
7207,4,"TUM,STR,LYM,NEC",665,260,260,21,124,TUM,0.391
2465,4,"TUM,STR,LYM,NEC",663,227,272,42,122,STR,0.4103
7802,4,"TUM,STR,LYM,NEC",663,392,162,30,79,TUM,0.5913
2387,4,"TUM,STR,LYM,NEC",659,385,115,86,73,TUM,0.5842
6464,4,"TUM,STR,LYM,NEC",659,371,204,21,63,TUM,0.563
4451,4,"TUM,STR,LYM,NEC",658,333,196,54,75,TUM,0.5061
167,4,"TUM,STR,LYM,NEC",656,371,190,31,64,TUM,0.5655
5321,4,"TUM,STR,LYM,NEC",655,379,156,36,84,TUM,0.5786
7836,4,"TUM,STR,LYM,NEC",655,296,221,55,83,TUM,0.4519
2940,4,"TUM,STR,LYM,NEC",654,272,300,23,59,STR,0.4587
1660,4,"TUM,STR,LYM,NEC",649,301,257,15,76,TUM,0.4638
4084,4,"TUM,STR,LYM,NEC",649,396,144,44,65,TUM,0.6102
2872,4,"TUM,STR,LYM,NEC",648,386,163,30,69,TUM,0.5957
8141,4,"TUM,STR,LYM,NEC",648,450,104,41,53,TUM,0.6944
1348,4,"TUM,STR,LYM,NEC",647,384,155,30,78,TUM,0.5935
1714,4,"TUM,STR,LYM,NEC",646,233,304,18,91,STR,0.4706
4002,4,"TUM,STR,LYM,NEC",645,393,153,36,63,TUM,0.6093
4334,4,"TUM,STR,LYM,NEC",641,399,153,25,64,TUM,0.6225
2713,4,"TUM,STR,LYM,NEC",637,373,175,28,61,TUM,0.5856
3424,4,"TUM,STR,LYM,NEC",636,289,257,29,61,TUM,0.4544
7098,4,"TUM,STR,LYM,NEC",634,313,239,32,50,TUM,0.4937
1130,4,"TUM,STR,LYM,NEC",632,397,127,52,56,TUM,0.6282
2468,4,"TUM,STR,LYM,NEC",632,355,151,39,87,TUM,0.5617
2010,4,"TUM,STR,LYM,NEC",630,358,168,38,66,TUM,0.5683
4799,4,"TUM,STR,LYM,NEC",629,384,131,65,49,TUM,0.6105
7397,4,"TUM,STR,LYM,NEC",629,210,119,223,77,LYM,0.3545
6096,4,"TUM,STR,LYM,NEC",627,197,173,196,61,TUM,0.3142
6343,4,"TUM,STR,LYM,NEC",626,296,174,44,112,TUM,0.4728
7913,4,"TUM,STR,LYM,NEC",626,323,155,54,94,TUM,0.516
5279,4,"TUM,STR,LYM,NEC",625,351,178,32,64,TUM,0.5616
7843,4,"TUM,STR,LYM,NEC",624,354,149,74,47,TUM,0.5673
7554,4,"TUM,STR,LYM,NEC",622,335,192,22,73,TUM,0.5386
2111,4,"TUM,STR,LYM,NEC",621,278,187,62,94,TUM,0.4477
312,4,"TUM,STR,LYM,NEC",619,370,149,28,72,TUM,0.5977
1742,4,"TUM,STR,LYM,NEC",619,212,293,56,58,STR,0.4733
2597,4,"TUM,STR,LYM,NEC",619,377,144,35,63,TUM,0.609
3001,4,"TUM,STR,LYM,NEC",612,306,137,96,73,TUM,0.5
1308,4,"TUM,STR,LYM,NEC",611,333,208,21,49,TUM,0.545
4279,4,"TUM,STR,LYM,NEC",608,318,151,34,105,TUM,0.523
2675,4,"TUM,STR,LYM,NEC",607,255,269,31,52,STR,0.4432
5768,4,"TUM,STR,LYM,NEC",607,308,226,12,61,TUM,0.5074
1621,4,"TUM,STR,LYM,NEC",606,427,116,21,42,TUM,0.7046
6574,4,"TUM,STR,LYM,NEC",602,446,98,28,30,TUM,0.7409
7704,4,"TUM,STR,LYM,NEC",595,347,128,42,78,TUM,0.5832
1409,4,"TUM,STR,LYM,NEC",593,295,208,37,53,TUM,0.4975
5074,4,"TUM,STR,LYM,NEC",592,297,212,26,57,TUM,0.5017
4450,4,"TUM,STR,LYM,NEC",589,373,136,23,57,TUM,0.6333
6643,4,"TUM,STR,LYM,NEC",587,264,160,112,51,TUM,0.4497
1259,4,"TUM,STR,LYM,NEC",586,342,152,44,48,TUM,0.5836
5337,4,"TUM,STR,LYM,NEC",582,303,148,82,49,TUM,0.5206
6431,4,"TUM,STR,LYM,NEC",582,300,151,67,64,TUM,0.5155
1295,4,"TUM,STR,LYM,NEC",578,357,124,29,68,TUM,0.6176
4481,4,"TUM,STR,LYM,NEC",578,237,256,17,68,STR,0.4429
1816,4,"TUM,STR,LYM,NEC",575,372,115,32,56,TUM,0.647
5757,4,"TUM,STR,LYM,NEC",572,351,134,38,49,TUM,0.6136
405,4,"TUM,STR,LYM,NEC",571,339,111,36,85,TUM,0.5937
6332,4,"TUM,STR,LYM,NEC",569,304,161,37,67,TUM,0.5343
4618,4,"TUM,STR,LYM,NEC",567,327,155,26,59,TUM,0.5767
7064,4,"TUM,STR,LYM,NEC",566,268,227,23,48,TUM,0.4735
7200,4,"TUM,STR,LYM,NEC",566,374,121,30,41,TUM,0.6608
2401,4,"TUM,STR,LYM,NEC",565,373,123,22,47,TUM,0.6602
3331,4,"TUM,STR,LYM,NEC",564,306,145,26,87,TUM,0.5426
1053,4,"TUM,STR,LYM,NEC",563,371,121,30,41,TUM,0.659
3378,4,"TUM,STR,LYM,NEC",563,317,159,25,62,TUM,0.5631
2991,4,"TUM,STR,LYM,NEC",562,303,134,21,104,TUM,0.5391
3486,4,"TUM,STR,LYM,NEC",559,320,145,37,57,TUM,0.5725
4360,4,"TUM,STR,LYM,NEC",557,289,200,17,51,TUM,0.5189
2507,4,"TUM,STR,LYM,NEC",555,300,122,90,43,TUM,0.5405
5512,4,"TUM,STR,LYM,NEC",555,309,139,42,65,TUM,0.5568
2642,4,"TUM,STR,LYM,NEC",553,307,148,33,65,TUM,0.5552
432,4,"TUM,STR,LYM,NEC",552,231,234,13,74,STR,0.4239
6880,4,"TUM,STR,LYM,NEC",552,284,132,74,62,TUM,0.5145
3830,4,"TUM,STR,LYM,NEC",551,358,124,31,38,TUM,0.6497
447,4,"TUM,STR,LYM,NEC",549,328,130,43,48,TUM,0.5974
395,4,"TUM,STR,LYM,NEC",546,277,169,38,62,TUM,0.5073
4358,4,"TUM,STR,LYM,NEC",543,286,188,20,49,TUM,0.5267
7965,4,"TUM,STR,LYM,NEC",543,417,76,17,33,TUM,0.768
62,4,"TUM,STR,LYM,NEC",542,340,108,41,53,TUM,0.6273
1562,4,"TUM,STR,LYM,NEC",541,293,120,86,42,TUM,0.5416
1661,4,"TUM,STR,LYM,NEC",537,275,150,44,68,TUM,0.5121
6266,4,"TUM,STR,LYM,NEC",537,284,105,101,47,TUM,0.5289
4452,4,"TUM,STR,LYM,NEC",535,324,108,34,69,TUM,0.6056
4918,4,"TUM,STR,LYM,NEC",535,176,124,193,42,LYM,0.3607
7712,4,"TUM,STR,LYM,NEC",533,281,130,54,68,TUM,0.5272
258,4,"TUM,STR,LYM,NEC",532,326,136,25,45,TUM,0.6128
5298,4,"TUM,STR,LYM,NEC",525,188,115,164,58,TUM,0.3581
5329,4,"TUM,STR,LYM,NEC",519,376,93,21,29,TUM,0.7245
1423,4,"TUM,STR,LYM,NEC",518,279,171,23,45,TUM,0.5386
3695,4,"TUM,STR,LYM,NEC",509,317,133,19,40,TUM,0.6228
3916,4,"TUM,STR,LYM,NEC",507,232,120,90,65,TUM,0.4576
1704,4,"TUM,STR,LYM,NEC",503,307,131,25,40,TUM,0.6103
5145,4,"TUM,STR,LYM,NEC",502,185,227,41,49,STR,0.4522
338,4,"TUM,STR,LYM,NEC",499,205,224,18,52,STR,0.4489
2176,4,"TUM,STR,LYM,NEC",495,305,133,25,32,TUM,0.6162
4102,4,"TUM,STR,LYM,NEC",495,256,196,11,32,TUM,0.5172
4749,4,"TUM,STR,LYM,NEC",495,335,94,31,35,TUM,0.6768
7940,4,"TUM,STR,LYM,NEC",495,236,198,16,45,TUM,0.4768
5411,4,"TUM,STR,LYM,NEC",493,253,141,39,60,TUM,0.5132
1317,4,"TUM,STR,LYM,NEC",490,226,122,48,94,TUM,0.4612
3757,4,"TUM,STR,LYM,NEC",489,275,135,29,50,TUM,0.5624
4211,4,"TUM,STR,LYM,NEC",486,252,131,45,58,TUM,0.5185
1284,4,"TUM,STR,LYM,NEC",485,336,80,23,46,TUM,0.6928
3884,4,"TUM,STR,LYM,NEC",485,223,178,21,63,TUM,0.4598
5549,4,"TUM,STR,LYM,NEC",485,250,120,36,79,TUM,0.5155
801,4,"TUM,STR,LYM,NEC",483,354,75,23,31,TUM,0.7329
170,4,"TUM,STR,LYM,NEC",481,292,114,25,50,TUM,0.6071
426,4,"TUM,STR,LYM,NEC",480,288,99,50,43,TUM,0.6
4569,4,"TUM,STR,LYM,NEC",476,280,114,37,45,TUM,0.5882
6328,4,"TUM,STR,LYM,NEC",475,266,123,36,50,TUM,0.56
7351,4,"TUM,STR,LYM,NEC",474,290,121,23,40,TUM,0.6118
4768,4,"TUM,STR,LYM,NEC",471,244,171,14,42,TUM,0.518
7296,4,"TUM,STR,LYM,NEC",471,261,123,27,60,TUM,0.5541
2252,4,"TUM,STR,LYM,NEC",470,245,124,31,70,TUM,0.5213
5095,4,"TUM,STR,LYM,NEC",470,214,165,23,68,TUM,0.4553
7107,4,"TUM,STR,LYM,NEC",470,175,223,17,55,STR,0.4745
7558,4,"TUM,STR,LYM,NEC",469,242,138,34,55,TUM,0.516
2726,4,"TUM,STR,LYM,NEC",467,293,103,22,49,TUM,0.6274
178,4,"TUM,STR,LYM,NEC",464,302,92,46,24,TUM,0.6509
4761,4,"TUM,STR,LYM,NEC",463,260,93,48,62,TUM,0.5616
3203,4,"TUM,STR,LYM,NEC",458,220,182,26,30,TUM,0.4803
1744,4,"TUM,STR,LYM,NEC",457,226,118,38,75,TUM,0.4945
4140,4,"TUM,STR,LYM,NEC",457,257,109,36,55,TUM,0.5624
4874,4,"TUM,STR,LYM,NEC",456,293,97,35,31,TUM,0.6425
4326,4,"TUM,STR,LYM,NEC",453,233,163,11,46,TUM,0.5143
2122,4,"TUM,STR,LYM,NEC",452,246,118,19,69,TUM,0.5442
3084,4,"TUM,STR,LYM,NEC",448,205,110,73,60,TUM,0.4576
5030,4,"TUM,STR,LYM,NEC",446,250,114,11,71,TUM,0.5605
2634,4,"TUM,STR,LYM,NEC",444,262,104,26,52,TUM,0.5901
2410,4,"TUM,STR,LYM,NEC",442,202,187,25,28,TUM,0.457
2426,4,"TUM,STR,LYM,NEC",442,309,87,19,27,TUM,0.6991
7763,4,"TUM,STR,LYM,NEC",441,281,80,22,58,TUM,0.6372
5647,4,"TUM,STR,LYM,NEC",440,235,124,29,52,TUM,0.5341
2806,4,"TUM,STR,LYM,NEC",439,285,93,26,35,TUM,0.6492
2866,4,"TUM,STR,LYM,NEC",439,168,206,8,57,STR,0.4692
3430,4,"TUM,STR,LYM,NEC",438,210,140,39,49,TUM,0.4795
5700,4,"TUM,STR,LYM,NEC",436,209,160,18,49,TUM,0.4794
4634,4,"TUM,STR,LYM,NEC",435,230,135,23,47,TUM,0.5287
7301,4,"TUM,STR,LYM,NEC",432,233,134,22,43,TUM,0.5394
4187,4,"TUM,STR,LYM,NEC",430,192,136,38,64,TUM,0.4465
1325,4,"TUM,STR,LYM,NEC",429,290,87,25,27,TUM,0.676
3382,4,"TUM,STR,LYM,NEC",428,221,141,21,45,TUM,0.5164
1926,4,"TUM,STR,LYM,NEC",427,230,132,30,35,TUM,0.5386
5413,4,"TUM,STR,LYM,NEC",424,156,171,17,80,STR,0.4033
1201,4,"TUM,STR,LYM,NEC",423,268,92,21,42,TUM,0.6336
2760,4,"TUM,STR,LYM,NEC",419,195,141,22,61,TUM,0.4654
3124,4,"TUM,STR,LYM,NEC",416,277,93,22,24,TUM,0.6659
803,4,"TUM,STR,LYM,NEC",415,278,90,15,32,TUM,0.6699
4635,4,"TUM,STR,LYM,NEC",415,253,85,25,52,TUM,0.6096
3660,4,"TUM,STR,LYM,NEC",413,193,89,55,76,TUM,0.4673
4329,4,"TUM,STR,LYM,NEC",411,223,112,28,48,TUM,0.5426
7811,4,"TUM,STR,LYM,NEC",411,143,151,24,93,STR,0.3674
3132,4,"TUM,STR,LYM,NEC",409,241,108,14,46,TUM,0.5892
3109,4,"TUM,STR,LYM,NEC",407,236,88,37,46,TUM,0.5799
6020,4,"TUM,STR,LYM,NEC",407,220,122,22,43,TUM,0.5405
7124,4,"TUM,STR,LYM,NEC",407,204,147,14,42,TUM,0.5012
824,4,"TUM,STR,LYM,NEC",406,305,66,14,21,TUM,0.7512
7782,4,"TUM,STR,LYM,NEC",406,166,140,31,69,TUM,0.4089
198,4,"TUM,STR,LYM,NEC",402,311,57,11,23,TUM,0.7736
4490,4,"TUM,STR,LYM,NEC",402,246,95,20,41,TUM,0.6119
554,4,"TUM,STR,LYM,NEC",399,189,164,13,33,TUM,0.4737
7036,4,"TUM,STR,LYM,NEC",399,209,110,28,52,TUM,0.5238
2474,4,"TUM,STR,LYM,NEC",398,222,106,17,53,TUM,0.5578
5791,4,"TUM,STR,LYM,NEC",396,195,158,16,27,TUM,0.4924
3846,4,"TUM,STR,LYM,NEC",395,170,157,14,54,TUM,0.4304
5174,4,"TUM,STR,LYM,NEC",391,217,128,15,31,TUM,0.555
3940,4,"TUM,STR,LYM,NEC",389,108,195,9,77,STR,0.5013
27,4,"TUM,STR,LYM,NEC",386,180,124,24,58,TUM,0.4663
4836,4,"TUM,STR,LYM,NEC",385,198,130,19,38,TUM,0.5143
5579,4,"TUM,STR,LYM,NEC",381,219,90,37,35,TUM,0.5748
7884,4,"TUM,STR,LYM,NEC",376,180,154,13,29,TUM,0.4787
1594,4,"TUM,STR,LYM,NEC",374,184,99,62,29,TUM,0.492
2619,4,"TUM,STR,LYM,NEC",368,176,110,25,57,TUM,0.4783
179,4,"TUM,STR,LYM,NEC",366,255,71,15,25,TUM,0.6967
5826,4,"TUM,STR,LYM,NEC",366,209,72,7,78,TUM,0.571
6159,4,"TUM,STR,LYM,NEC",362,205,83,36,38,TUM,0.5663
3730,4,"TUM,STR,LYM,NEC",361,185,84,11,81,TUM,0.5125
298,4,"TUM,STR,LYM,NEC",360,239,66,27,28,TUM,0.6639
5846,4,"TUM,STR,LYM,NEC",360,154,115,48,43,TUM,0.4278
5817,4,"TUM,STR,LYM,NEC",357,195,102,20,40,TUM,0.5462
3072,4,"TUM,STR,LYM,NEC",354,144,85,88,37,TUM,0.4068
2447,4,"TUM,STR,LYM,NEC",353,170,103,22,58,TUM,0.4816
1666,4,"TUM,STR,LYM,NEC",351,205,102,14,30,TUM,0.584
4287,4,"TUM,STR,LYM,NEC",350,197,97,16,40,TUM,0.5629
2853,4,"TUM,STR,LYM,NEC",349,201,79,13,56,TUM,0.5759
6437,4,"TUM,STR,LYM,NEC",349,164,93,54,38,TUM,0.4699
1805,4,"TUM,STR,LYM,NEC",347,176,93,50,28,TUM,0.5072
2834,4,"TUM,STR,LYM,NEC",345,168,135,12,30,TUM,0.487
2305,4,"TUM,STR,LYM,NEC",344,167,115,18,44,TUM,0.4855
6719,4,"TUM,STR,LYM,NEC",344,202,87,17,38,TUM,0.5872
1568,4,"TUM,STR,LYM,NEC",338,165,145,9,19,TUM,0.4882
5324,4,"TUM,STR,LYM,NEC",337,162,96,8,71,TUM,0.4807
1924,4,"TUM,STR,LYM,NEC",334,142,153,7,32,STR,0.4581
3968,4,"TUM,STR,LYM,NEC",331,152,111,30,38,TUM,0.4592
7083,4,"TUM,STR,LYM,NEC",331,225,69,11,26,TUM,0.6798
813,4,"TUM,STR,LYM,NEC",329,207,65,23,34,TUM,0.6292
7915,4,"TUM,STR,LYM,NEC",328,157,61,57,53,TUM,0.4787
4981,4,"TUM,STR,LYM,NEC",327,121,69,76,61,TUM,0.37
7734,4,"TUM,STR,LYM,NEC",327,196,84,21,26,TUM,0.5994
6630,4,"TUM,STR,LYM,NEC",324,188,82,14,40,TUM,0.5802
4026,4,"TUM,STR,LYM,NEC",322,152,84,31,55,TUM,0.472
1993,4,"TUM,STR,LYM,NEC",319,162,81,36,40,TUM,0.5078
1172,4,"TUM,STR,LYM,NEC",318,107,79,92,40,TUM,0.3365
1424,4,"TUM,STR,LYM,NEC",316,148,135,10,23,TUM,0.4684
3547,4,"TUM,STR,LYM,NEC",313,126,137,9,41,STR,0.4377
1565,4,"TUM,STR,LYM,NEC",312,185,63,9,55,TUM,0.5929
1102,4,"TUM,STR,LYM,NEC",311,163,83,27,38,TUM,0.5241
4130,4,"TUM,STR,LYM,NEC",308,156,63,54,35,TUM,0.5065
5523,4,"TUM,STR,LYM,NEC",308,218,57,13,20,TUM,0.7078
6922,4,"TUM,STR,LYM,NEC",305,141,123,14,27,TUM,0.4623
5850,4,"TUM,STR,LYM,NEC",304,152,101,12,39,TUM,0.5
3145,4,"TUM,STR,LYM,NEC",298,179,74,23,22,TUM,0.6007
4075,4,"TUM,STR,LYM,NEC",298,219,60,7,12,TUM,0.7349
7206,4,"TUM,STR,LYM,NEC",298,208,56,13,21,TUM,0.698
1844,4,"TUM,STR,LYM,NEC",296,157,66,35,38,TUM,0.5304
5469,4,"TUM,STR,LYM,NEC",296,145,102,10,39,TUM,0.4899
6001,4,"TUM,STR,LYM,NEC",293,168,84,10,31,TUM,0.5734
2873,4,"TUM,STR,LYM,NEC",286,201,41,12,32,TUM,0.7028
5588,4,"TUM,STR,LYM,NEC",286,125,106,12,43,TUM,0.4371
156,4,"TUM,STR,LYM,NEC",283,125,124,13,21,TUM,0.4417
2698,4,"TUM,STR,LYM,NEC",282,104,112,8,58,STR,0.3972
5404,4,"TUM,STR,LYM,NEC",281,155,76,9,41,TUM,0.5516
1018,4,"TUM,STR,LYM,NEC",278,128,115,11,24,TUM,0.4604
5217,4,"TUM,STR,LYM,NEC",274,145,94,11,24,TUM,0.5292
4814,4,"TUM,STR,LYM,NEC",272,120,92,17,43,TUM,0.4412
4081,4,"TUM,STR,LYM,NEC",269,133,93,11,32,TUM,0.4944
7071,4,"TUM,STR,LYM,NEC",269,111,122,13,23,STR,0.4535
7233,4,"TUM,STR,LYM,NEC",269,165,71,11,22,TUM,0.6134
2412,4,"TUM,STR,LYM,NEC",267,147,65,27,28,TUM,0.5506
3066,4,"TUM,STR,LYM,NEC",265,143,90,7,25,TUM,0.5396
763,4,"TUM,STR,LYM,NEC",264,173,62,9,20,TUM,0.6553
2147,4,"TUM,STR,LYM,NEC",259,116,92,16,35,TUM,0.4479
3807,4,"TUM,STR,LYM,NEC",259,115,92,9,43,TUM,0.444
7307,4,"TUM,STR,LYM,NEC",259,103,85,11,60,TUM,0.3977
5149,4,"TUM,STR,LYM,NEC",253,140,70,9,34,TUM,0.5534
3250,4,"TUM,STR,LYM,NEC",252,147,72,7,26,TUM,0.5833
7406,4,"TUM,STR,LYM,NEC",252,166,54,8,24,TUM,0.6587
545,4,"TUM,STR,LYM,NEC",250,142,58,16,34,TUM,0.568
6627,4,"TUM,STR,LYM,NEC",248,134,75,20,19,TUM,0.5403
1134,4,"TUM,STR,LYM,NEC",247,132,70,13,32,TUM,0.5344
7361,4,"TUM,STR,LYM,NEC",245,112,75,11,47,TUM,0.4571
1128,4,"TUM,STR,LYM,NEC",244,150,44,17,33,TUM,0.6148
7077,4,"TUM,STR,LYM,NEC",242,113,41,60,28,TUM,0.4669
7193,4,"TUM,STR,LYM,NEC",237,108,70,17,42,TUM,0.4557
8120,4,"TUM,STR,LYM,NEC",237,168,45,11,13,TUM,0.7089
1111,4,"TUM,STR,LYM,NEC",236,128,52,33,23,TUM,0.5424
2710,4,"TUM,STR,LYM,NEC",235,99,48,24,64,TUM,0.4213
2799,4,"TUM,STR,LYM,NEC",235,137,60,21,17,TUM,0.583
2626,4,"TUM,STR,LYM,NEC",230,135,51,25,19,TUM,0.587
4274,4,"TUM,STR,LYM,NEC",227,128,57,14,28,TUM,0.5639
5062,4,"TUM,STR,LYM,NEC",226,114,87,6,19,TUM,0.5044
4159,4,"TUM,STR,LYM,NEC",225,142,50,15,18,TUM,0.6311
4175,4,"TUM,STR,LYM,NEC",220,120,68,10,22,TUM,0.5455
864,4,"TUM,STR,LYM,NEC",219,107,50,36,26,TUM,0.4886
311,4,"TUM,STR,LYM,NEC",218,128,56,20,14,TUM,0.5872
2487,4,"TUM,STR,LYM,NEC",218,116,47,31,24,TUM,0.5321
2528,4,"TUM,STR,LYM,NEC",214,114,50,23,27,TUM,0.5327
5020,4,"TUM,STR,LYM,NEC",210,97,76,9,28,TUM,0.4619
3765,4,"TUM,STR,LYM,NEC",209,120,49,14,26,TUM,0.5742
6862,4,"TUM,STR,LYM,NEC",209,120,63,7,19,TUM,0.5742
7707,4,"TUM,STR,LYM,NEC",208,75,85,9,39,STR,0.4087
4752,4,"TUM,STR,LYM,NEC",206,130,38,7,31,TUM,0.6311
6167,4,"TUM,STR,LYM,NEC",205,99,70,13,23,TUM,0.4829
437,4,"TUM,STR,LYM,NEC",201,102,48,18,33,TUM,0.5075
2966,4,"TUM,STR,LYM,NEC",196,90,38,39,29,TUM,0.4592
4235,4,"TUM,STR,LYM,NEC",196,77,75,16,28,TUM,0.3929
6439,4,"TUM,STR,LYM,NEC",196,123,38,9,26,TUM,0.6276
4995,4,"TUM,STR,LYM,NEC",195,86,81,5,23,TUM,0.441
5737,4,"TUM,STR,LYM,NEC",195,85,68,14,28,TUM,0.4359
729,4,"TUM,STR,LYM,NEC",193,84,50,25,34,TUM,0.4352
1495,4,"TUM,STR,LYM,NEC",193,76,84,8,25,STR,0.4352
1703,4,"TUM,STR,LYM,NEC",191,98,54,18,21,TUM,0.5131
3982,4,"TUM,STR,LYM,NEC",190,117,46,11,16,TUM,0.6158
6199,4,"TUM,STR,LYM,NEC",188,134,35,6,13,TUM,0.7128
5519,4,"TUM,STR,LYM,NEC",186,108,48,11,19,TUM,0.5806
4641,4,"TUM,STR,LYM,NEC",184,118,38,9,19,TUM,0.6413
5441,4,"TUM,STR,LYM,NEC",184,77,80,11,16,STR,0.4348
5511,4,"TUM,STR,LYM,NEC",183,93,56,11,23,TUM,0.5082
2333,4,"TUM,STR,LYM,NEC",181,89,72,5,15,TUM,0.4917
6646,4,"TUM,STR,LYM,NEC",178,102,44,14,18,TUM,0.573
6108,4,"TUM,STR,LYM,NEC",177,117,34,6,20,TUM,0.661
6606,4,"TUM,STR,LYM,NEC",176,103,31,16,26,TUM,0.5852
3257,4,"TUM,STR,LYM,NEC",174,62,56,6,50,TUM,0.3563
4440,4,"TUM,STR,LYM,NEC",174,56,54,11,53,TUM,0.3218
6625,4,"TUM,STR,LYM,NEC",170,79,36,24,31,TUM,0.4647
1596,4,"TUM,STR,LYM,NEC",169,69,64,8,28,TUM,0.4083
3699,4,"TUM,STR,LYM,NEC",169,52,31,64,22,LYM,0.3787
8050,4,"TUM,STR,LYM,NEC",169,59,69,20,21,STR,0.4083
4866,4,"TUM,STR,LYM,NEC",167,82,57,8,20,TUM,0.491
1170,4,"TUM,STR,LYM,NEC",165,90,61,3,11,TUM,0.5455
3027,4,"TUM,STR,LYM,NEC",165,97,49,5,14,TUM,0.5879
149,4,"TUM,STR,LYM,NEC",164,90,53,6,15,TUM,0.5488
989,4,"TUM,STR,LYM,NEC",164,123,23,5,13,TUM,0.75
1362,4,"TUM,STR,LYM,NEC",160,50,71,3,36,STR,0.4437
1276,4,"TUM,STR,LYM,NEC",158,87,40,16,15,TUM,0.5506
38,4,"TUM,STR,LYM,NEC",154,68,41,28,17,TUM,0.4416
633,4,"TUM,STR,LYM,NEC",151,59,41,21,30,TUM,0.3907
3608,4,"TUM,STR,LYM,NEC",146,63,63,6,14,TUM,0.4315
1792,4,"TUM,STR,LYM,NEC",145,41,41,10,53,NEC,0.3655
6687,4,"TUM,STR,LYM,NEC",143,84,36,6,17,TUM,0.5874
1868,4,"TUM,STR,LYM,NEC",139,61,43,10,25,TUM,0.4388
3935,4,"TUM,STR,LYM,NEC",139,95,18,9,17,TUM,0.6835
4219,4,"TUM,STR,LYM,NEC",139,71,26,30,12,TUM,0.5108
5508,4,"TUM,STR,LYM,NEC",136,73,35,16,12,TUM,0.5368
7231,4,"TUM,STR,LYM,NEC",136,60,49,6,21,TUM,0.4412
6366,4,"TUM,STR,LYM,NEC",135,99,20,7,9,TUM,0.7333
5434,4,"TUM,STR,LYM,NEC",134,76,35,8,15,TUM,0.5672
3569,4,"TUM,STR,LYM,NEC",133,30,38,18,47,NEC,0.3534
7286,4,"TUM,STR,LYM,NEC",133,78,46,2,7,TUM,0.5865
1306,4,"TUM,STR,LYM,NEC",132,79,31,1,21,TUM,0.5985
7689,4,"TUM,STR,LYM,NEC",132,60,54,2,16,TUM,0.4545
1051,4,"TUM,STR,LYM,NEC",130,74,40,2,14,TUM,0.5692
3909,4,"TUM,STR,LYM,NEC",125,72,26,9,18,TUM,0.576
1300,4,"TUM,STR,LYM,NEC",120,60,33,13,14,TUM,0.5
7057,4,"TUM,STR,LYM,NEC",118,52,51,3,12,TUM,0.4407
8094,4,"TUM,STR,LYM,NEC",118,51,23,24,20,TUM,0.4322
4428,4,"TUM,STR,LYM,NEC",117,19,51,8,39,STR,0.4359
7607,4,"TUM,STR,LYM,NEC",114,45,45,8,16,TUM,0.3947
1873,4,"TUM,STR,LYM,NEC",111,55,33,3,20,TUM,0.4955
8124,4,"TUM,STR,LYM,NEC",108,60,31,9,8,TUM,0.5556
1014,4,"TUM,STR,LYM,NEC",102,43,44,4,11,STR,0.4314
4663,4,"TUM,STR,LYM,NEC",102,27,16,26,33,NEC,0.3235
4556,4,"TUM,STR,LYM,NEC",98,36,37,2,23,STR,0.3776
4941,4,"TUM,STR,LYM,NEC",88,46,28,5,9,TUM,0.5227
4772,4,"TUM,STR,LYM,NEC",84,33,17,26,8,TUM,0.3929
3499,4,"TUM,STR,LYM,NEC",81,55,20,1,5,TUM,0.679
3143,4,"TUM,STR,LYM,NEC",78,45,25,2,6,TUM,0.5769
946,4,"TUM,STR,LYM,NEC",76,27,31,6,12,STR,0.4079
365,4,"TUM,STR,LYM,NEC",72,33,25,3,11,TUM,0.4583
4840,4,"TUM,STR,LYM,NEC",71,29,15,15,12,TUM,0.4085
5144,4,"TUM,STR,LYM,NEC",68,33,27,3,5,TUM,0.4853
540,4,"TUM,STR,LYM,NEC",66,35,23,2,6,TUM,0.5303
5617,4,"TUM,STR,LYM,NEC",66,29,16,7,14,TUM,0.4394
528,4,"TUM,STR,LYM,NEC",64,23,15,5,21,TUM,0.3594
2109,4,"TUM,STR,LYM,NEC",63,20,24,1,18,STR,0.381
3415,4,"TUM,STR,LYM,NEC",56,34,16,4,2,TUM,0.6071
2048,4,"TUM,STR,LYM,NEC",51,19,13,1,18,TUM,0.3725
7795,4,"TUM,STR,LYM,NEC",48,16,20,6,6,STR,0.4167
6214,4,"TUM,STR,LYM,NEC",47,25,7,7,8,TUM,0.5319
4566,4,"TUM,STR,LYM,NEC",43,15,15,6,7,TUM,0.3488
1934,4,"TUM,STR,LYM,NEC",42,19,13,5,5,TUM,0.4524
5776,4,"TUM,STR,LYM,NEC",42,13,16,4,9,STR,0.381
6209,4,"TUM,STR,LYM,NEC",40,19,17,1,3,TUM,0.475
4960,4,"TUM,STR,LYM,NEC",31,16,10,1,4,TUM,0.5161
7862,4,"TUM,STR,LYM,NEC",31,13,8,3,7,TUM,0.4194
702,4,"TUM,STR,LYM,NEC",24,14,5,1,4,TUM,0.5833
6753,4,"TUM,STR,LYM,NEC",17,4,9,3,1,STR,0.5294
4809,4,"TUM,STR,LYM,NEC",13,3,3,3,4,NEC,0.3077
4722,3,"TUM,STR,NEC",79,36,31,0,12,TUM,0.4557
6561,3,"TUM,STR,NEC",72,35,32,0,5,TUM,0.4861
5875,3,"TUM,STR,NEC",39,21,13,0,5,TUM,0.5385
2880,3,"TUM,STR,NEC",25,12,3,0,10,TUM,0.48
2244,3,"TUM,STR,NEC",12,5,5,0,2,TUM,0.4167
6992,3,"TUM,STR,LYM",12,5,6,1,0,STR,0.5
